ISO-10303-21;
HEADER;
FILE_DESCRIPTION((''),'2;1');
FILE_NAME('PIPE2','2026-09-09T00:14:17',('acer'),(''),
'CREO PARAMETRIC BY PTC INC, 2025102','CREO PARAMETRIC BY PTC INC, 2025102','');
FILE_SCHEMA(('CONFIG_CONTROL_DESIGN'));
ENDSEC;
DATA;
#1=CARTESIAN_POINT('',(4.5E1,0.E0,3.E1));
#2=DIRECTION('',(0.E0,1.E0,0.E0));
#3=DIRECTION('',(1.E0,0.E0,0.E0));
#4=AXIS2_PLACEMENT_3D('',#1,#2,#3);
#6=CARTESIAN_POINT('',(4.5E1,0.E0,3.E1));
#7=DIRECTION('',(0.E0,1.E0,0.E0));
#8=DIRECTION('',(-1.E0,0.E0,0.E0));
#9=AXIS2_PLACEMENT_3D('',#6,#7,#8);
#11=CARTESIAN_POINT('',(4.5E1,0.E0,-3.E1));
#12=DIRECTION('',(0.E0,-1.E0,0.E0));
#13=DIRECTION('',(1.E0,0.E0,0.E0));
#14=AXIS2_PLACEMENT_3D('',#11,#12,#13);
#16=CARTESIAN_POINT('',(4.5E1,0.E0,-3.E1));
#17=DIRECTION('',(0.E0,-1.E0,0.E0));
#18=DIRECTION('',(-1.E0,0.E0,0.E0));
#19=AXIS2_PLACEMENT_3D('',#16,#17,#18);
#21=CARTESIAN_POINT('',(-4.5E1,0.E0,3.E1));
#22=DIRECTION('',(0.E0,-1.E0,0.E0));
#23=DIRECTION('',(-1.E0,0.E0,0.E0));
#24=AXIS2_PLACEMENT_3D('',#21,#22,#23);
#26=CARTESIAN_POINT('',(-4.5E1,0.E0,3.E1));
#27=DIRECTION('',(0.E0,-1.E0,0.E0));
#28=DIRECTION('',(1.E0,0.E0,0.E0));
#29=AXIS2_PLACEMENT_3D('',#26,#27,#28);
#31=CARTESIAN_POINT('',(-4.5E1,0.E0,-3.E1));
#32=DIRECTION('',(0.E0,1.E0,0.E0));
#33=DIRECTION('',(-1.E0,0.E0,0.E0));
#34=AXIS2_PLACEMENT_3D('',#31,#32,#33);
#36=CARTESIAN_POINT('',(-4.5E1,0.E0,-3.E1));
#37=DIRECTION('',(0.E0,1.E0,0.E0));
#38=DIRECTION('',(1.E0,0.E0,0.E0));
#39=AXIS2_PLACEMENT_3D('',#36,#37,#38);
#41=DIRECTION('',(0.E0,0.E0,1.E0));
#42=VECTOR('',#41,9.E1);
#43=CARTESIAN_POINT('',(3.5E1,0.E0,-4.5E1));
#44=LINE('',#43,#42);
#45=DIRECTION('',(1.E0,0.E0,0.E0));
#46=VECTOR('',#45,1.E1);
#47=CARTESIAN_POINT('',(3.5E1,0.E0,4.5E1));
#48=LINE('',#47,#46);
#49=CARTESIAN_POINT('',(4.5E1,5.684341886081E-14,3.E1));
#50=DIRECTION('',(0.E0,-1.E0,0.E0));
#51=DIRECTION('',(1.E0,0.E0,0.E0));
#52=AXIS2_PLACEMENT_3D('',#49,#50,#51);
#54=DIRECTION('',(0.E0,0.E0,-1.E0));
#55=VECTOR('',#54,6.E1);
#56=CARTESIAN_POINT('',(6.E1,0.E0,3.E1));
#57=LINE('',#56,#55);
#58=CARTESIAN_POINT('',(4.5E1,5.684341886081E-14,-3.E1));
#59=DIRECTION('',(0.E0,-1.E0,0.E0));
#60=DIRECTION('',(0.E0,0.E0,-1.E0));
#61=AXIS2_PLACEMENT_3D('',#58,#59,#60);
#63=DIRECTION('',(-1.E0,0.E0,0.E0));
#64=VECTOR('',#63,1.E1);
#65=CARTESIAN_POINT('',(4.5E1,0.E0,-4.5E1));
#66=LINE('',#65,#64);
#67=DIRECTION('',(0.E0,0.E0,1.E0));
#68=VECTOR('',#67,9.E1);
#69=CARTESIAN_POINT('',(-3.5E1,0.E0,-4.5E1));
#70=LINE('',#69,#68);
#71=DIRECTION('',(-1.E0,0.E0,0.E0));
#72=VECTOR('',#71,1.E1);
#73=CARTESIAN_POINT('',(-3.5E1,0.E0,-4.5E1));
#74=LINE('',#73,#72);
#75=CARTESIAN_POINT('',(-4.5E1,5.684341886081E-14,-3.E1));
#76=DIRECTION('',(0.E0,-1.E0,0.E0));
#77=DIRECTION('',(-1.E0,0.E0,0.E0));
#78=AXIS2_PLACEMENT_3D('',#75,#76,#77);
#80=DIRECTION('',(0.E0,0.E0,1.E0));
#81=VECTOR('',#80,6.E1);
#82=CARTESIAN_POINT('',(-6.E1,0.E0,-3.E1));
#83=LINE('',#82,#81);
#84=CARTESIAN_POINT('',(-4.5E1,5.684341886081E-14,3.E1));
#85=DIRECTION('',(0.E0,-1.E0,0.E0));
#86=DIRECTION('',(0.E0,0.E0,1.E0));
#87=AXIS2_PLACEMENT_3D('',#84,#85,#86);
#89=DIRECTION('',(1.E0,0.E0,0.E0));
#90=VECTOR('',#89,1.E1);
#91=CARTESIAN_POINT('',(-4.5E1,0.E0,4.5E1));
#92=LINE('',#91,#90);
#93=DIRECTION('',(0.E0,1.E0,0.E0));
#94=VECTOR('',#93,7.E0);
#95=CARTESIAN_POINT('',(5.05E1,0.E0,3.E1));
#96=LINE('',#95,#94);
#97=DIRECTION('',(0.E0,1.E0,0.E0));
#98=VECTOR('',#97,7.E0);
#99=CARTESIAN_POINT('',(3.95E1,0.E0,3.E1));
#100=LINE('',#99,#98);
#101=CARTESIAN_POINT('',(4.5E1,7.E0,3.E1));
#102=DIRECTION('',(0.E0,-1.E0,0.E0));
#103=DIRECTION('',(1.E0,0.E0,0.E0));
#104=AXIS2_PLACEMENT_3D('',#101,#102,#103);
#106=CARTESIAN_POINT('',(4.5E1,7.E0,3.E1));
#107=DIRECTION('',(0.E0,1.E0,0.E0));
#108=DIRECTION('',(1.E0,0.E0,0.E0));
#109=AXIS2_PLACEMENT_3D('',#106,#107,#108);
#111=CARTESIAN_POINT('',(4.5E1,7.E0,3.E1));
#112=DIRECTION('',(0.E0,1.E0,0.E0));
#113=DIRECTION('',(1.E0,0.E0,0.E0));
#114=AXIS2_PLACEMENT_3D('',#111,#112,#113);
#116=CARTESIAN_POINT('',(-4.5E1,1.5E1,3.E1));
#117=DIRECTION('',(0.E0,1.E0,0.E0));
#118=DIRECTION('',(-1.E0,0.E0,0.E0));
#119=AXIS2_PLACEMENT_3D('',#116,#117,#118);
#121=DIRECTION('',(0.E0,0.E0,1.E0));
#122=VECTOR('',#121,6.E1);
#123=CARTESIAN_POINT('',(-6.E1,1.5E1,-3.E1));
#124=LINE('',#123,#122);
#125=CARTESIAN_POINT('',(-4.5E1,1.5E1,-3.E1));
#126=DIRECTION('',(0.E0,1.E0,0.E0));
#127=DIRECTION('',(0.E0,0.E0,-1.E0));
#128=AXIS2_PLACEMENT_3D('',#125,#126,#127);
#130=DIRECTION('',(-1.E0,0.E0,0.E0));
#131=VECTOR('',#130,9.E1);
#132=CARTESIAN_POINT('',(4.5E1,1.5E1,-4.5E1));
#133=LINE('',#132,#131);
#134=CARTESIAN_POINT('',(4.5E1,1.5E1,-3.E1));
#135=DIRECTION('',(0.E0,1.E0,0.E0));
#136=DIRECTION('',(1.E0,0.E0,0.E0));
#137=AXIS2_PLACEMENT_3D('',#134,#135,#136);
#139=DIRECTION('',(0.E0,0.E0,-1.E0));
#140=VECTOR('',#139,6.E1);
#141=CARTESIAN_POINT('',(6.E1,1.5E1,3.E1));
#142=LINE('',#141,#140);
#143=CARTESIAN_POINT('',(4.5E1,1.5E1,3.E1));
#144=DIRECTION('',(0.E0,1.E0,0.E0));
#145=DIRECTION('',(0.E0,0.E0,1.E0));
#146=AXIS2_PLACEMENT_3D('',#143,#144,#145);
#148=DIRECTION('',(1.E0,0.E0,0.E0));
#149=VECTOR('',#148,3.9E1);
#150=CARTESIAN_POINT('',(6.E0,1.5E1,4.5E1));
#151=LINE('',#150,#149);
#152=DIRECTION('',(0.E0,0.E0,-1.E0));
#153=VECTOR('',#152,1.560612308660E1);
#154=CARTESIAN_POINT('',(6.E0,1.5E1,4.5E1));
#155=LINE('',#154,#153);
#156=DIRECTION('',(0.E0,0.E0,-1.E0));
#157=VECTOR('',#156,1.560612308660E1);
#158=CARTESIAN_POINT('',(-6.E0,1.5E1,4.5E1));
#159=LINE('',#158,#157);
#160=DIRECTION('',(1.E0,0.E0,0.E0));
#161=VECTOR('',#160,3.9E1);
#162=CARTESIAN_POINT('',(-4.5E1,1.5E1,4.5E1));
#163=LINE('',#162,#161);
#164=CARTESIAN_POINT('',(4.5E1,1.5E1,3.E1));
#165=DIRECTION('',(0.E0,1.E0,0.E0));
#166=DIRECTION('',(1.E0,0.E0,0.E0));
#167=AXIS2_PLACEMENT_3D('',#164,#165,#166);
#169=CARTESIAN_POINT('',(4.5E1,1.5E1,3.E1));
#170=DIRECTION('',(0.E0,1.E0,0.E0));
#171=DIRECTION('',(-1.E0,0.E0,0.E0));
#172=AXIS2_PLACEMENT_3D('',#169,#170,#171);
#174=CARTESIAN_POINT('',(4.5E1,1.5E1,-3.E1));
#175=DIRECTION('',(0.E0,-1.E0,0.E0));
#176=DIRECTION('',(1.E0,0.E0,0.E0));
#177=AXIS2_PLACEMENT_3D('',#174,#175,#176);
#179=CARTESIAN_POINT('',(4.5E1,1.5E1,-3.E1));
#180=DIRECTION('',(0.E0,-1.E0,0.E0));
#181=DIRECTION('',(-1.E0,0.E0,0.E0));
#182=AXIS2_PLACEMENT_3D('',#179,#180,#181);
#184=CARTESIAN_POINT('',(-4.5E1,1.5E1,3.E1));
#185=DIRECTION('',(0.E0,-1.E0,0.E0));
#186=DIRECTION('',(-1.E0,0.E0,0.E0));
#187=AXIS2_PLACEMENT_3D('',#184,#185,#186);
#189=CARTESIAN_POINT('',(-4.5E1,1.5E1,3.E1));
#190=DIRECTION('',(0.E0,-1.E0,0.E0));
#191=DIRECTION('',(1.E0,0.E0,0.E0));
#192=AXIS2_PLACEMENT_3D('',#189,#190,#191);
#194=CARTESIAN_POINT('',(-4.5E1,1.5E1,-3.E1));
#195=DIRECTION('',(0.E0,1.E0,0.E0));
#196=DIRECTION('',(-1.E0,0.E0,0.E0));
#197=AXIS2_PLACEMENT_3D('',#194,#195,#196);
#199=CARTESIAN_POINT('',(-4.5E1,1.5E1,-3.E1));
#200=DIRECTION('',(0.E0,1.E0,0.E0));
#201=DIRECTION('',(1.E0,0.E0,0.E0));
#202=AXIS2_PLACEMENT_3D('',#199,#200,#201);
#204=DIRECTION('',(0.E0,-1.E0,0.E0));
#205=VECTOR('',#204,1.5E1);
#206=CARTESIAN_POINT('',(-6.E1,1.5E1,3.E1));
#207=LINE('',#206,#205);
#208=DIRECTION('',(0.E0,-1.E0,0.E0));
#209=VECTOR('',#208,1.5E1);
#210=CARTESIAN_POINT('',(-6.E1,1.5E1,-3.E1));
#211=LINE('',#210,#209);
#212=DIRECTION('',(-7.071067811865E-1,7.071067811865E-1,0.E0));
#213=VECTOR('',#212,4.242640687119E0);
#214=CARTESIAN_POINT('',(3.5E1,0.E0,-4.5E1));
#215=LINE('',#214,#213);
#216=DIRECTION('',(0.E0,-1.E0,0.E0));
#217=VECTOR('',#216,1.5E1);
#218=CARTESIAN_POINT('',(4.5E1,1.5E1,-4.5E1));
#219=LINE('',#218,#217);
#220=DIRECTION('',(0.E0,-1.E0,0.E0));
#221=VECTOR('',#220,1.5E1);
#222=CARTESIAN_POINT('',(-4.5E1,1.5E1,-4.5E1));
#223=LINE('',#222,#221);
#224=DIRECTION('',(-7.071067811865E-1,-7.071067811865E-1,0.E0));
#225=VECTOR('',#224,4.242640687119E0);
#226=CARTESIAN_POINT('',(-3.2E1,3.E0,-4.5E1));
#227=LINE('',#226,#225);
#228=DIRECTION('',(-1.E0,0.E0,0.E0));
#229=VECTOR('',#228,6.4E1);
#230=CARTESIAN_POINT('',(3.2E1,3.E0,-4.5E1));
#231=LINE('',#230,#229);
#232=DIRECTION('',(0.E0,0.E0,-1.E0));
#233=VECTOR('',#232,9.E1);
#234=CARTESIAN_POINT('',(3.2E1,3.E0,4.5E1));
#235=LINE('',#234,#233);
#236=CARTESIAN_POINT('',(0.E0,5.E1,4.5E1));
#237=DIRECTION('',(0.E0,0.E0,-1.E0));
#238=DIRECTION('',(1.E0,0.E0,0.E0));
#239=AXIS2_PLACEMENT_3D('',#236,#237,#238);
#241=CARTESIAN_POINT('',(0.E0,5.E1,4.5E1));
#242=DIRECTION('',(0.E0,0.E0,-1.E0));
#243=DIRECTION('',(-1.E0,0.E0,0.E0));
#244=AXIS2_PLACEMENT_3D('',#241,#242,#243);
#246=DIRECTION('',(-7.071067811865E-1,7.071067811865E-1,0.E0));
#247=VECTOR('',#246,4.242640687119E0);
#248=CARTESIAN_POINT('',(3.5E1,0.E0,4.5E1));
#249=LINE('',#248,#247);
#250=DIRECTION('',(-1.E0,0.E0,0.E0));
#251=VECTOR('',#250,6.4E1);
#252=CARTESIAN_POINT('',(3.2E1,3.E0,4.5E1));
#253=LINE('',#252,#251);
#254=DIRECTION('',(-7.071067811865E-1,-7.071067811865E-1,0.E0));
#255=VECTOR('',#254,4.242640687119E0);
#256=CARTESIAN_POINT('',(-3.2E1,3.E0,4.5E1));
#257=LINE('',#256,#255);
#258=DIRECTION('',(0.E0,-1.E0,0.E0));
#259=VECTOR('',#258,1.5E1);
#260=CARTESIAN_POINT('',(-4.5E1,1.5E1,4.5E1));
#261=LINE('',#260,#259);
#262=DIRECTION('',(0.E0,-1.E0,0.E0));
#263=VECTOR('',#262,1.592121597166E1);
#264=CARTESIAN_POINT('',(-6.E0,3.092121597166E1,4.5E1));
#265=LINE('',#264,#263);
#266=CARTESIAN_POINT('',(0.E0,5.E1,4.5E1));
#267=DIRECTION('',(0.E0,0.E0,1.E0));
#268=DIRECTION('',(3.E-1,-9.539392014169E-1,0.E0));
#269=AXIS2_PLACEMENT_3D('',#266,#267,#268);
#271=DIRECTION('',(0.E0,1.E0,0.E0));
#272=VECTOR('',#271,1.592121597166E1);
#273=CARTESIAN_POINT('',(6.E0,1.5E1,4.5E1));
#274=LINE('',#273,#272);
#275=DIRECTION('',(0.E0,-1.E0,0.E0));
#276=VECTOR('',#275,1.5E1);
#277=CARTESIAN_POINT('',(4.5E1,1.5E1,4.5E1));
#278=LINE('',#277,#276);
#279=DIRECTION('',(-7.071067811865E-1,-7.391754147415E-9,-7.071067811865E-1));
#280=VECTOR('',#279,2.828427117807E0);
#281=CARTESIAN_POINT('',(1.449999998612E1,5.000000005915E1,4.499999998612E1));
#282=LINE('',#281,#280);
#283=DIRECTION('',(7.071067811865E-1,7.391754147415E-9,-7.071067811865E-1));
#284=VECTOR('',#283,2.828427117807E0);
#285=CARTESIAN_POINT('',(-1.449999998612E1,4.999999994085E1,4.499999998612E1));
#286=LINE('',#285,#284);
#287=CARTESIAN_POINT('',(0.E0,5.E1,4.3E1));
#288=DIRECTION('',(0.E0,0.E0,-1.E0));
#289=DIRECTION('',(-1.E0,0.E0,0.E0));
#290=AXIS2_PLACEMENT_3D('',#287,#288,#289);
#292=DIRECTION('',(-3.486700211487E-10,1.485718190276E-9,-1.E0));
#293=VECTOR('',#292,2.574147594714E1);
#294=CARTESIAN_POINT('',(-1.249999999102E1,4.999999996176E1,4.299999999102E1));
#295=LINE('',#294,#293);
#296=CARTESIAN_POINT('',(0.E0,5.E1,4.3E1));
#297=DIRECTION('',(0.E0,0.E0,-1.E0));
#298=DIRECTION('',(1.E0,0.E0,0.E0));
#299=AXIS2_PLACEMENT_3D('',#296,#297,#298);
#301=DIRECTION('',(3.486700901563E-10,-1.485717914246E-9,-1.E0));
#302=VECTOR('',#301,2.574147594714E1);
#303=CARTESIAN_POINT('',(1.249999999102E1,5.000000003824E1,4.299999999102E1));
#304=LINE('',#303,#302);
#305=CARTESIAN_POINT('',(0.E0,6.25E1,1.699908758820E1));
#306=CARTESIAN_POINT('',(-7.768745277640E-1,6.25E1,1.699908758820E1));
#307=CARTESIAN_POINT('',(-2.360666220500E0,6.235888718555E1,1.697277254960E1));
#308=CARTESIAN_POINT('',(-4.807585152030E0,6.163055870372E1,1.684645682396E1));
#309=CARTESIAN_POINT('',(-6.988767125106E0,6.046003836450E1,1.667417219203E1));
#310=CARTESIAN_POINT('',(-8.874495336239E0,5.890995651130E1,1.650978123619E1));
#311=CARTESIAN_POINT('',(-1.037837943034E1,5.710049510107E1,1.641523667817E1));
#312=CARTESIAN_POINT('',(-1.157578508999E1,5.494309496379E1,1.644809447771E1));
#313=CARTESIAN_POINT('',(-1.234351444475E1,5.246216635700E1,1.671001749991E1));
#314=CARTESIAN_POINT('',(-1.25E1,5.081676519590E1,1.705025441506E1));
#315=CARTESIAN_POINT('',(-1.25E1,5.E1,1.725852404389E1));
#317=CARTESIAN_POINT('',(0.E0,1.119789964131E2,-1.220355175281E1));
#318=CARTESIAN_POINT('',(-3.946150033084E-1,1.119789964131E2,
-1.220355175281E1));
#319=CARTESIAN_POINT('',(-1.193836090229E0,1.118985277801E2,-1.215627961404E1));
#320=CARTESIAN_POINT('',(-2.374384997739E0,1.115087527123E2,-1.192215483063E1));
#321=CARTESIAN_POINT('',(-3.383355920198E0,1.109018865212E2,-1.154236644841E1));
#322=CARTESIAN_POINT('',(-4.192148474866E0,1.101162957E2,-1.102019392080E1));
#323=CARTESIAN_POINT('',(-4.727732180231E0,1.092598316515E2,-1.040894813655E1));
#324=CARTESIAN_POINT('',(-5.020618087480E0,1.083191889006E2,-9.683912497541E0));
#325=CARTESIAN_POINT('',(-5.001455943390E0,1.073321383433E2,-8.851347433882E0));
#326=CARTESIAN_POINT('',(-4.685354284993E0,1.064828286551E2,-8.069844270168E0));
#327=CARTESIAN_POINT('',(-4.140773509658E0,1.057572064804E2,-7.353066405550E0));
#328=CARTESIAN_POINT('',(-3.336364532345E0,1.051299294921E2,-6.692321097001E0));
#329=CARTESIAN_POINT('',(-2.335083061749E0,1.046644045494E2,-6.175182477762E0));
#330=CARTESIAN_POINT('',(-1.166654353721E0,1.043759278619E2,-5.843004450157E0));
#331=CARTESIAN_POINT('',(-3.848269302715E-1,1.043185519819E2,
-5.775675655948E0));
#332=CARTESIAN_POINT('',(0.E0,1.043185519819E2,-5.775675655948E0));
#334=CARTESIAN_POINT('',(0.E0,1.5E1,-1.2E2));
#335=DIRECTION('',(-1.E0,0.E0,0.E0));
#336=DIRECTION('',(0.E0,0.E0,1.E0));
#337=AXIS2_PLACEMENT_3D('',#334,#335,#336);
#339=CARTESIAN_POINT('',(0.E0,1.5E1,0.E0));
#340=DIRECTION('',(0.E0,1.E0,0.E0));
#341=DIRECTION('',(0.E0,0.E0,-1.E0));
#342=AXIS2_PLACEMENT_3D('',#339,#340,#341);
#344=CARTESIAN_POINT('',(-1.25E1,5.E1,1.725852404389E1));
#345=CARTESIAN_POINT('',(-1.25E1,4.925765190086E1,1.744781781381E1));
#346=CARTESIAN_POINT('',(-1.236967465747E1,4.776769411979E1,1.789358065962E1));
#347=CARTESIAN_POINT('',(-1.175106708461E1,4.553597868294E1,1.875844158790E1));
#348=CARTESIAN_POINT('',(-1.076132141649E1,4.351688976438E1,1.970085118467E1));
#349=CARTESIAN_POINT('',(-9.506275162826E0,4.179371568070E1,2.061134928517E1));
#350=CARTESIAN_POINT('',(-8.009944864933E0,4.032689694711E1,2.145582696286E1));
#351=CARTESIAN_POINT('',(-6.267695107702E0,3.911595397971E1,2.219737902022E1));
#352=CARTESIAN_POINT('',(-4.321461307077E0,3.820100737423E1,2.278214494151E1));
#353=CARTESIAN_POINT('',(-2.136527857301E0,3.761711567316E1,2.316568659812E1));
#354=CARTESIAN_POINT('',(-7.077264184010E-1,3.75E1,2.324367350777E1));
#355=CARTESIAN_POINT('',(0.E0,3.75E1,2.324367350777E1));
#357=CARTESIAN_POINT('',(1.25E1,5.E1,1.725852404389E1));
#358=CARTESIAN_POINT('',(1.25E1,5.081478315987E1,1.705075982091E1));
#359=CARTESIAN_POINT('',(1.234390162948E1,5.245588536458E1,1.671138972486E1));
#360=CARTESIAN_POINT('',(1.158328782325E1,5.492393387481E1,1.644945326907E1));
#361=CARTESIAN_POINT('',(1.039071383132E1,5.708266714951E1,1.641478529103E1));
#362=CARTESIAN_POINT('',(8.887784675182E0,5.889740576834E1,1.650865871102E1));
#363=CARTESIAN_POINT('',(6.995172937718E0,6.045652808147E1,1.667363643515E1));
#364=CARTESIAN_POINT('',(4.809832679357E0,6.162965784827E1,1.684631551804E1));
#365=CARTESIAN_POINT('',(2.364020862218E0,6.235826965911E1,1.697265848543E1));
#366=CARTESIAN_POINT('',(7.781027789269E-1,6.25E1,1.699908758820E1));
#367=CARTESIAN_POINT('',(0.E0,6.25E1,1.699908758820E1));
#369=CARTESIAN_POINT('',(0.E0,3.75E1,2.324367350777E1));
#370=CARTESIAN_POINT('',(7.117121789954E-1,3.75E1,2.324367350777E1));
#371=CARTESIAN_POINT('',(2.145819311237E0,3.761845750899E1,2.316479105821E1));
#372=CARTESIAN_POINT('',(4.330480916554E0,3.820459758333E1,2.277981782406E1));
#373=CARTESIAN_POINT('',(6.268771507544E0,3.911720250715E1,2.219663310416E1));
#374=CARTESIAN_POINT('',(8.003514779226E0,4.032228018939E1,2.145866235352E1));
#375=CARTESIAN_POINT('',(9.495290829524E0,4.178147118723E1,2.061820574563E1));
#376=CARTESIAN_POINT('',(1.075187694168E1,4.350121506248E1,1.970870373973E1));
#377=CARTESIAN_POINT('',(1.174584636454E1,4.552114188519E1,1.876465959460E1));
#378=CARTESIAN_POINT('',(1.236901679440E1,4.776107426777E1,1.789561510592E1));
#379=CARTESIAN_POINT('',(1.25E1,4.925539337567E1,1.744839372253E1));
#380=CARTESIAN_POINT('',(1.25E1,5.E1,1.725852404389E1));
#382=CARTESIAN_POINT('',(0.E0,1.5E1,-1.2E2));
#383=DIRECTION('',(-1.E0,0.E0,0.E0));
#384=DIRECTION('',(0.E0,0.E0,1.E0));
#385=AXIS2_PLACEMENT_3D('',#382,#383,#384);
#387=CARTESIAN_POINT('',(0.E0,1.5E1,0.E0));
#388=DIRECTION('',(0.E0,1.E0,0.E0));
#389=DIRECTION('',(0.E0,0.E0,1.E0));
#390=AXIS2_PLACEMENT_3D('',#387,#388,#389);
#392=CARTESIAN_POINT('',(0.E0,1.5E1,-1.2E2));
#393=DIRECTION('',(-1.E0,0.E0,0.E0));
#394=DIRECTION('',(0.E0,6.688206649179E-1,7.434237810151E-1));
#395=AXIS2_PLACEMENT_3D('',#392,#393,#394);
#397=CARTESIAN_POINT('',(0.E0,1.043185519819E2,-5.775675655948E0));
#398=CARTESIAN_POINT('',(3.945762049891E-1,1.043185519819E2,-5.775675655948E0));
#399=CARTESIAN_POINT('',(1.193708242661E0,1.043790655839E2,-5.846696475115E0));
#400=CARTESIAN_POINT('',(2.374185898451E0,1.046772639195E2,-6.189836913503E0));
#401=CARTESIAN_POINT('',(3.382950327437E0,1.051565373312E2,-6.721388446033E0));
#402=CARTESIAN_POINT('',(4.191778812089E0,1.058068695282E2,-7.404083992490E0));
#403=CARTESIAN_POINT('',(4.727843239483E0,1.065584740482E2,-8.142262633054E0));
#404=CARTESIAN_POINT('',(5.020301399679E0,1.074338553427E2,-8.940960709128E0));
#405=CARTESIAN_POINT('',(5.001716894638E0,1.084266621353E2,-9.769817489122E0));
#406=CARTESIAN_POINT('',(4.684765295568E0,1.093450019906E2,-1.047136966604E1));
#407=CARTESIAN_POINT('',(4.140614741089E0,1.101758376151E2,-1.106071334365E1));
#408=CARTESIAN_POINT('',(3.336167087548E0,1.109355719942E2,-1.156380025336E1));
#409=CARTESIAN_POINT('',(2.334789909798E0,1.115255827885E2,-1.193237357277E1));
#410=CARTESIAN_POINT('',(1.167200128332E0,1.119025852023E2,-1.215865468168E1));
#411=CARTESIAN_POINT('',(3.850810733028E-1,1.119789964131E2,-1.220355175281E1));
#412=CARTESIAN_POINT('',(0.E0,1.119789964131E2,-1.220355175281E1));
#414=CARTESIAN_POINT('',(0.E0,1.5E1,-1.2E2));
#415=DIRECTION('',(-1.E0,0.E0,0.E0));
#416=DIRECTION('',(0.E0,3.275862068966E-1,9.448212937117E-1));
#417=AXIS2_PLACEMENT_3D('',#414,#415,#416);
#419=CARTESIAN_POINT('',(0.E0,3.E0,0.E0));
#420=DIRECTION('',(0.E0,1.E0,0.E0));
#421=DIRECTION('',(0.E0,0.E0,1.E0));
#422=AXIS2_PLACEMENT_3D('',#419,#420,#421);
#424=DIRECTION('',(0.E0,1.E0,0.E0));
#425=VECTOR('',#424,1.2E1);
#426=CARTESIAN_POINT('',(0.E0,3.E0,2.5E1));
#427=LINE('',#426,#425);
#428=CARTESIAN_POINT('',(0.E0,3.E0,0.E0));
#429=DIRECTION('',(0.E0,1.E0,0.E0));
#430=DIRECTION('',(0.E0,0.E0,-1.E0));
#431=AXIS2_PLACEMENT_3D('',#428,#429,#430);
#433=DIRECTION('',(0.E0,1.E0,0.E0));
#434=VECTOR('',#433,1.2E1);
#435=CARTESIAN_POINT('',(0.E0,3.E0,-2.5E1));
#436=LINE('',#435,#434);
#437=CARTESIAN_POINT('',(0.E0,1.189230484541E2,-6.E1));
#438=DIRECTION('',(0.E0,5.E-1,-8.660254037844E-1));
#439=DIRECTION('',(-1.E0,0.E0,0.E0));
#440=AXIS2_PLACEMENT_3D('',#437,#438,#439);
#442=CARTESIAN_POINT('',(0.E0,1.189230484541E2,-6.E1));
#443=DIRECTION('',(0.E0,5.E-1,-8.660254037844E-1));
#444=DIRECTION('',(1.E0,0.E0,0.E0));
#445=AXIS2_PLACEMENT_3D('',#442,#443,#444);
#447=CARTESIAN_POINT('',(0.E0,1.189230484541E2,-6.E1));
#448=DIRECTION('',(0.E0,-5.E-1,8.660254037844E-1));
#449=DIRECTION('',(0.E0,-8.660254037844E-1,-5.E-1));
#450=AXIS2_PLACEMENT_3D('',#447,#448,#449);
#452=CARTESIAN_POINT('',(0.E0,1.189230484541E2,-6.E1));
#453=DIRECTION('',(0.E0,-5.E-1,8.660254037844E-1));
#454=DIRECTION('',(0.E0,8.660254037844E-1,5.E-1));
#455=AXIS2_PLACEMENT_3D('',#452,#453,#454);
#457=CARTESIAN_POINT('',(0.E0,1.189230484541E2,-6.E1));
#458=DIRECTION('',(0.E0,5.E-1,-8.660254037844E-1));
#459=DIRECTION('',(-1.E0,0.E0,0.E0));
#460=AXIS2_PLACEMENT_3D('',#457,#458,#459);
#462=CARTESIAN_POINT('',(0.E0,1.189230484541E2,-6.E1));
#463=DIRECTION('',(0.E0,5.E-1,-8.660254037844E-1));
#464=DIRECTION('',(1.E0,0.E0,0.E0));
#465=AXIS2_PLACEMENT_3D('',#462,#463,#464);
#467=CARTESIAN_POINT('',(0.E0,1.189230484541E2,-6.E1));
#468=DIRECTION('',(0.E0,5.E-1,-8.660254037844E-1));
#469=DIRECTION('',(1.E0,0.E0,0.E0));
#470=AXIS2_PLACEMENT_3D('',#467,#468,#469);
#472=CARTESIAN_POINT('',(0.E0,1.189230484541E2,-6.E1));
#473=DIRECTION('',(0.E0,5.E-1,-8.660254037844E-1));
#474=DIRECTION('',(-1.E0,0.E0,0.E0));
#475=AXIS2_PLACEMENT_3D('',#472,#473,#474);
#477=CARTESIAN_POINT('',(0.E0,1.578941916244E2,-3.75E1));
#478=DIRECTION('',(0.E0,-5.E-1,8.660254037844E-1));
#479=DIRECTION('',(0.E0,-8.660254037844E-1,-5.E-1));
#480=AXIS2_PLACEMENT_3D('',#477,#478,#479);
#482=CARTESIAN_POINT('',(0.E0,1.578941916244E2,-3.75E1));
#483=DIRECTION('',(0.E0,-5.E-1,8.660254037844E-1));
#484=DIRECTION('',(0.E0,8.660254037844E-1,5.E-1));
#485=AXIS2_PLACEMENT_3D('',#482,#483,#484);
#487=CARTESIAN_POINT('',(3.897114317030E1,1.384086200393E2,-4.875E1));
#488=DIRECTION('',(0.E0,-5.E-1,8.660254037844E-1));
#489=DIRECTION('',(-8.660254037844E-1,-4.330127018922E-1,-2.5E-1));
#490=AXIS2_PLACEMENT_3D('',#487,#488,#489);
#492=CARTESIAN_POINT('',(3.897114317030E1,1.384086200393E2,-4.875E1));
#493=DIRECTION('',(0.E0,-5.E-1,8.660254037844E-1));
#494=DIRECTION('',(8.660254037844E-1,4.330127018922E-1,2.5E-1));
#495=AXIS2_PLACEMENT_3D('',#492,#493,#494);
#497=CARTESIAN_POINT('',(3.897114317030E1,9.943747686898E1,-7.125E1));
#498=DIRECTION('',(0.E0,-5.E-1,8.660254037844E-1));
#499=DIRECTION('',(-8.660254037844E-1,4.330127018922E-1,2.5E-1));
#500=AXIS2_PLACEMENT_3D('',#497,#498,#499);
#502=CARTESIAN_POINT('',(3.897114317030E1,9.943747686898E1,-7.125E1));
#503=DIRECTION('',(0.E0,-5.E-1,8.660254037844E-1));
#504=DIRECTION('',(8.660254037844E-1,-4.330127018922E-1,-2.5E-1));
#505=AXIS2_PLACEMENT_3D('',#502,#503,#504);
#507=CARTESIAN_POINT('',(0.E0,7.995190528383E1,-8.25E1));
#508=DIRECTION('',(0.E0,-5.E-1,8.660254037844E-1));
#509=DIRECTION('',(0.E0,8.660254037844E-1,5.E-1));
#510=AXIS2_PLACEMENT_3D('',#507,#508,#509);
#512=CARTESIAN_POINT('',(0.E0,7.995190528383E1,-8.25E1));
#513=DIRECTION('',(0.E0,-5.E-1,8.660254037844E-1));
#514=DIRECTION('',(0.E0,-8.660254037844E-1,-5.E-1));
#515=AXIS2_PLACEMENT_3D('',#512,#513,#514);
#517=CARTESIAN_POINT('',(-3.897114317030E1,9.943747686898E1,-7.125E1));
#518=DIRECTION('',(0.E0,-5.E-1,8.660254037844E-1));
#519=DIRECTION('',(8.660254037844E-1,4.330127018922E-1,2.5E-1));
#520=AXIS2_PLACEMENT_3D('',#517,#518,#519);
#522=CARTESIAN_POINT('',(-3.897114317030E1,9.943747686898E1,-7.125E1));
#523=DIRECTION('',(0.E0,-5.E-1,8.660254037844E-1));
#524=DIRECTION('',(-8.660254037844E-1,-4.330127018922E-1,-2.5E-1));
#525=AXIS2_PLACEMENT_3D('',#522,#523,#524);
#527=CARTESIAN_POINT('',(-3.897114317030E1,1.384086200393E2,-4.875E1));
#528=DIRECTION('',(0.E0,-5.E-1,8.660254037844E-1));
#529=DIRECTION('',(8.660254037844E-1,-4.330127018922E-1,-2.5E-1));
#530=AXIS2_PLACEMENT_3D('',#527,#528,#529);
#532=CARTESIAN_POINT('',(-3.897114317030E1,1.384086200393E2,-4.875E1));
#533=DIRECTION('',(0.E0,-5.E-1,8.660254037844E-1));
#534=DIRECTION('',(-8.660254037844E-1,4.330127018922E-1,2.5E-1));
#535=AXIS2_PLACEMENT_3D('',#532,#533,#534);
#537=DIRECTION('',(0.E0,-5.E-1,8.660254037844E-1));
#538=VECTOR('',#537,1.2E1);
#539=CARTESIAN_POINT('',(-5.5E1,1.189230484541E2,-6.E1));
#540=LINE('',#539,#538);
#541=DIRECTION('',(0.E0,-5.E-1,8.660254037844E-1));
#542=VECTOR('',#541,1.2E1);
#543=CARTESIAN_POINT('',(5.5E1,1.189230484541E2,-6.E1));
#544=LINE('',#543,#542);
#545=CARTESIAN_POINT('',(0.E0,1.129230484541E2,-4.960769515459E1));
#546=DIRECTION('',(0.E0,5.E-1,-8.660254037844E-1));
#547=DIRECTION('',(-1.E0,0.E0,0.E0));
#548=AXIS2_PLACEMENT_3D('',#545,#546,#547);
#550=CARTESIAN_POINT('',(0.E0,1.129230484541E2,-4.960769515459E1));
#551=DIRECTION('',(0.E0,5.E-1,-8.660254037844E-1));
#552=DIRECTION('',(1.E0,0.E0,0.E0));
#553=AXIS2_PLACEMENT_3D('',#550,#551,#552);
#555=CARTESIAN_POINT('',(0.E0,1.518941916244E2,-2.710769515459E1));
#556=DIRECTION('',(0.E0,-5.E-1,8.660254037844E-1));
#557=DIRECTION('',(0.E0,-8.660254037844E-1,-5.E-1));
#558=AXIS2_PLACEMENT_3D('',#555,#556,#557);
#560=CARTESIAN_POINT('',(0.E0,1.518941916244E2,-2.710769515459E1));
#561=DIRECTION('',(0.E0,-5.E-1,8.660254037844E-1));
#562=DIRECTION('',(0.E0,8.660254037844E-1,5.E-1));
#563=AXIS2_PLACEMENT_3D('',#560,#561,#562);
#565=CARTESIAN_POINT('',(3.897114317030E1,1.324086200393E2,-3.835769515459E1));
#566=DIRECTION('',(0.E0,-5.E-1,8.660254037844E-1));
#567=DIRECTION('',(-8.660254037844E-1,-4.330127018922E-1,-2.5E-1));
#568=AXIS2_PLACEMENT_3D('',#565,#566,#567);
#570=CARTESIAN_POINT('',(3.897114317030E1,1.324086200393E2,-3.835769515459E1));
#571=DIRECTION('',(0.E0,-5.E-1,8.660254037844E-1));
#572=DIRECTION('',(8.660254037844E-1,4.330127018922E-1,2.5E-1));
#573=AXIS2_PLACEMENT_3D('',#570,#571,#572);
#575=CARTESIAN_POINT('',(3.897114317030E1,9.343747686898E1,-6.085769515459E1));
#576=DIRECTION('',(0.E0,-5.E-1,8.660254037844E-1));
#577=DIRECTION('',(-8.660254037844E-1,4.330127018922E-1,2.5E-1));
#578=AXIS2_PLACEMENT_3D('',#575,#576,#577);
#580=CARTESIAN_POINT('',(3.897114317030E1,9.343747686898E1,-6.085769515459E1));
#581=DIRECTION('',(0.E0,-5.E-1,8.660254037844E-1));
#582=DIRECTION('',(8.660254037844E-1,-4.330127018922E-1,-2.5E-1));
#583=AXIS2_PLACEMENT_3D('',#580,#581,#582);
#585=CARTESIAN_POINT('',(0.E0,7.395190528383E1,-7.210769515459E1));
#586=DIRECTION('',(0.E0,-5.E-1,8.660254037844E-1));
#587=DIRECTION('',(0.E0,8.660254037844E-1,5.E-1));
#588=AXIS2_PLACEMENT_3D('',#585,#586,#587);
#590=CARTESIAN_POINT('',(0.E0,7.395190528383E1,-7.210769515459E1));
#591=DIRECTION('',(0.E0,-5.E-1,8.660254037844E-1));
#592=DIRECTION('',(0.E0,-8.660254037844E-1,-5.E-1));
#593=AXIS2_PLACEMENT_3D('',#590,#591,#592);
#595=CARTESIAN_POINT('',(-3.897114317030E1,9.343747686898E1,-6.085769515459E1));
#596=DIRECTION('',(0.E0,-5.E-1,8.660254037844E-1));
#597=DIRECTION('',(8.660254037844E-1,4.330127018922E-1,2.5E-1));
#598=AXIS2_PLACEMENT_3D('',#595,#596,#597);
#600=CARTESIAN_POINT('',(-3.897114317030E1,9.343747686898E1,-6.085769515459E1));
#601=DIRECTION('',(0.E0,-5.E-1,8.660254037844E-1));
#602=DIRECTION('',(-8.660254037844E-1,-4.330127018922E-1,-2.5E-1));
#603=AXIS2_PLACEMENT_3D('',#600,#601,#602);
#605=CARTESIAN_POINT('',(-3.897114317030E1,1.324086200393E2,-3.835769515459E1));
#606=DIRECTION('',(0.E0,-5.E-1,8.660254037844E-1));
#607=DIRECTION('',(8.660254037844E-1,-4.330127018922E-1,-2.5E-1));
#608=AXIS2_PLACEMENT_3D('',#605,#606,#607);
#610=CARTESIAN_POINT('',(-3.897114317030E1,1.324086200393E2,-3.835769515459E1));
#611=DIRECTION('',(0.E0,-5.E-1,8.660254037844E-1));
#612=DIRECTION('',(-8.660254037844E-1,4.330127018922E-1,2.5E-1));
#613=AXIS2_PLACEMENT_3D('',#610,#611,#612);
#615=CARTESIAN_POINT('',(-1.199123540721E-11,9.640234526664E1,
5.990706740978E0));
#616=CARTESIAN_POINT('',(1.090257970632E0,9.640234604394E1,5.990707425676E0));
#617=CARTESIAN_POINT('',(3.295491888422E0,9.631998345126E1,5.894453061150E0));
#618=CARTESIAN_POINT('',(6.411759008905E0,9.598976772858E1,5.508569215712E0));
#619=CARTESIAN_POINT('',(8.789988458418E0,9.555725727854E1,5.003249347168E0));
#620=CARTESIAN_POINT('',(9.999998623230E0,9.527645332229E1,4.675243275267E0));
#622=CARTESIAN_POINT('',(9.999998623230E0,9.527645332229E1,4.675243275267E0));
#623=CARTESIAN_POINT('',(1.051609950322E1,9.515670037454E1,4.535325242409E0));
#624=CARTESIAN_POINT('',(1.151581242762E1,9.500329377806E1,4.175994638843E0));
#625=CARTESIAN_POINT('',(1.292082738636E1,9.500206573457E1,3.429829817818E0));
#626=CARTESIAN_POINT('',(1.421812600904E1,9.523425647399E1,2.491034698918E0));
#627=CARTESIAN_POINT('',(1.530964469789E1,9.569146532494E1,1.445799643740E0));
#628=CARTESIAN_POINT('',(1.615034780503E1,9.632127243865E1,3.976026721159E-1));
#629=CARTESIAN_POINT('',(1.679746130970E1,9.716154273548E1,-6.923102056935E-1));
#630=CARTESIAN_POINT('',(1.719175604430E1,9.820380488353E1,-1.750488790996E0));
#631=CARTESIAN_POINT('',(1.727270848595E1,9.895689275470E1,-2.356451828908E0));
#632=CARTESIAN_POINT('',(1.727272741214E1,9.935480015966E1,-2.642478491873E0));
#634=CARTESIAN_POINT('',(1.727272727273E1,1.5E1,-1.2E2));
#635=DIRECTION('',(-1.E0,0.E0,0.E0));
#636=DIRECTION('',(0.E0,5.836546994414E-1,8.120019654040E-1));
#637=AXIS2_PLACEMENT_3D('',#634,#635,#636);
#639=CARTESIAN_POINT('',(1.727272753959E1,1.159265427074E2,-1.654782208341E1));
#640=CARTESIAN_POINT('',(1.727270699407E1,1.163034122172E2,-1.691547305481E1));
#641=CARTESIAN_POINT('',(1.717688618821E1,1.170915646816E2,-1.759759907257E1));
#642=CARTESIAN_POINT('',(1.673300376480E1,1.183939862622E2,-1.847417648461E1));
#643=CARTESIAN_POINT('',(1.593611849237E1,1.197976109209E2,-1.916985644075E1));
#644=CARTESIAN_POINT('',(1.482982738220E1,1.211341733611E2,-1.960777257024E1));
#645=CARTESIAN_POINT('',(1.344292224201E1,1.223309750084E2,-1.979180446690E1));
#646=CARTESIAN_POINT('',(1.178091165146E1,1.233007995568E2,-1.970014285371E1));
#647=CARTESIAN_POINT('',(1.061055392975E1,1.237028621875E2,-1.946174763470E1));
#648=CARTESIAN_POINT('',(9.999999114970E0,1.238412862428E2,-1.929349772136E1));
#650=CARTESIAN_POINT('',(9.999999114970E0,1.238412862428E2,-1.929349772136E1));
#651=CARTESIAN_POINT('',(8.972467358917E0,1.240741888244E2,-1.901029313422E1));
#652=CARTESIAN_POINT('',(6.852043721616E0,1.244694856727E2,-1.852970582948E1));
#653=CARTESIAN_POINT('',(3.747333466426E0,1.248312270758E2,-1.809000818144E1));
#654=CARTESIAN_POINT('',(1.284397980611E0,1.249412548433E2,-1.795628435980E1));
#655=CARTESIAN_POINT('',(5.990831015987E-12,1.249412558926E2,
-1.795628263950E1));
#657=CARTESIAN_POINT('',(0.E0,1.5E1,-1.2E2));
#658=DIRECTION('',(-1.E0,0.E0,0.E0));
#659=DIRECTION('',(0.E0,7.329417059509E-1,6.802914490700E-1));
#660=AXIS2_PLACEMENT_3D('',#657,#658,#659);
#662=CARTESIAN_POINT('',(-2.877544213132E-14,1.384874511294E2,
-3.484808038832E1));
#663=CARTESIAN_POINT('',(1.583124398381E0,1.384874511294E2,-3.484808038832E1));
#664=CARTESIAN_POINT('',(4.704853307435E0,1.382728099699E2,-3.497200351957E1));
#665=CARTESIAN_POINT('',(9.307591027725E0,1.373145409952E2,-3.552526037006E1));
#666=CARTESIAN_POINT('',(1.366938745491E1,1.357446316104E2,-3.643164797597E1));
#667=CARTESIAN_POINT('',(1.769940967812E1,1.336003168703E2,-3.766966866843E1));
#668=CARTESIAN_POINT('',(2.129582704841E1,1.309322514315E2,-3.921007696770E1));
#669=CARTESIAN_POINT('',(2.436797547251E1,1.278066473794E2,-4.101464530860E1));
#670=CARTESIAN_POINT('',(2.683779040670E1,1.243036462042E2,-4.303710398002E1));
#671=CARTESIAN_POINT('',(2.864779640760E1,1.205058943884E2,-4.522973701324E1));
#672=CARTESIAN_POINT('',(2.975304667095E1,1.165034901013E2,-4.754052620575E1));
#673=CARTESIAN_POINT('',(3.012403945944E1,1.123961585318E2,-4.991189519306E1));
#674=CARTESIAN_POINT('',(2.975079034103E1,1.082871633557E2,-5.228422466412E1));
#675=CARTESIAN_POINT('',(2.864298947971E1,1.042790824505E2,-5.459829125367E1));
#676=CARTESIAN_POINT('',(2.682837040100E1,1.004705397670E2,-5.679715439721E1));
#677=CARTESIAN_POINT('',(2.435270883008E1,9.695581072323E1,-5.882638415674E1));
#678=CARTESIAN_POINT('',(2.127414339182E1,9.381893308469E1,-6.063746130577E1));
#679=CARTESIAN_POINT('',(1.767544953549E1,9.114383240404E1,-6.218193140385E1));
#680=CARTESIAN_POINT('',(1.365000202128E1,8.899605806283E1,-6.342194949790E1));
#681=CARTESIAN_POINT('',(9.297987470104E0,8.742374744427E1,-6.432972345678E1));
#682=CARTESIAN_POINT('',(4.704002900206E0,8.646239028701E1,-6.488476327031E1));
#683=CARTESIAN_POINT('',(1.583402532946E0,8.624635913750E1,-6.500948891263E1));
#684=CARTESIAN_POINT('',(-7.829863803491E-14,8.624635913750E1,
-6.500948891263E1));
#686=CARTESIAN_POINT('',(0.E0,1.5E1,0.E0));
#687=DIRECTION('',(0.E0,1.E0,0.E0));
#688=DIRECTION('',(2.E-1,0.E0,9.797958971133E-1));
#689=AXIS2_PLACEMENT_3D('',#686,#687,#688);
#691=CARTESIAN_POINT('',(6.E0,1.5E1,-1.2E2));
#692=DIRECTION('',(-1.E0,0.E0,0.E0));
#693=DIRECTION('',(0.E0,0.E0,1.E0));
#694=AXIS2_PLACEMENT_3D('',#691,#692,#693);
#696=CARTESIAN_POINT('',(6.E0,3.092121597166E1,2.854307570937E1));
#697=CARTESIAN_POINT('',(7.041637706327E0,3.124879587553E1,2.829412364457E1));
#698=CARTESIAN_POINT('',(9.144914609035E0,3.209381836073E1,2.765482309107E1));
#699=CARTESIAN_POINT('',(1.228400610908E1,3.406946006967E1,2.620313175347E1));
#700=CARTESIAN_POINT('',(1.503151843501E1,3.662684885553E1,2.441778083257E1));
#701=CARTESIAN_POINT('',(1.730797381631E1,3.973204810159E1,2.242705617470E1));
#702=CARTESIAN_POINT('',(1.891228289055E1,4.316873469480E1,2.052527836527E1));
#703=CARTESIAN_POINT('',(1.977549304043E1,4.646685047647E1,1.906077050204E1));
#704=CARTESIAN_POINT('',(2.008055820554E1,4.966562211977E1,1.801349250404E1));
#705=CARTESIAN_POINT('',(1.988480393213E1,5.282309076207E1,1.736504258882E1));
#706=CARTESIAN_POINT('',(1.918321085036E1,5.594913777800E1,1.710093992131E1));
#707=CARTESIAN_POINT('',(1.798670386886E1,5.895904114639E1,1.717168280297E1));
#708=CARTESIAN_POINT('',(1.614713704853E1,6.198839211950E1,1.752979204142E1));
#709=CARTESIAN_POINT('',(1.366872516384E1,6.476093394336E1,1.807805451380E1));
#710=CARTESIAN_POINT('',(1.065823335547E1,6.706421384775E1,1.866432412398E1));
#711=CARTESIAN_POINT('',(7.275781355668E0,6.875602424505E1,1.915900253867E1));
#712=CARTESIAN_POINT('',(3.665992741126E0,6.977797158111E1,1.948067269299E1));
#713=CARTESIAN_POINT('',(1.216231810890E0,7.E1,1.955285736953E1));
#714=CARTESIAN_POINT('',(-3.223962942869E-13,7.E1,1.955285736953E1));
#716=CARTESIAN_POINT('',(0.E0,1.5E1,-1.2E2));
#717=DIRECTION('',(-1.E0,0.E0,0.E0));
#718=DIRECTION('',(0.E0,3.666666666667E-1,9.303523824635E-1));
#719=AXIS2_PLACEMENT_3D('',#716,#717,#718);
#721=CARTESIAN_POINT('',(4.366975993688E-10,9.803039217197E1,8.510520875798E0));
#722=DIRECTION('',(1.E0,-8.572265741292E-12,-1.021653526649E-11));
#723=DIRECTION('',(-1.323327356173E-11,-5.426823017776E-1,-8.399380449399E-1));
#724=AXIS2_PLACEMENT_3D('',#721,#722,#723);
#726=CARTESIAN_POINT('',(-1.099999999950E1,9.680767473942E1,7.053342982829E0));
#727=DIRECTION('',(9.419688152790E-1,2.157840504890E-1,2.571614173947E-1));
#728=DIRECTION('',(3.333333333182E-1,-5.104072407309E-1,-7.927000299662E-1));
#729=AXIS2_PLACEMENT_3D('',#726,#727,#728);
#731=CARTESIAN_POINT('',(5.990831015987E-12,1.249412558926E2,
-1.795628263950E1));
#732=CARTESIAN_POINT('',(-1.090750001096E0,1.249412564296E2,-1.795628175902E1));
#733=CARTESIAN_POINT('',(-3.296628142488E0,1.248606867361E2,-1.805420441597E1));
#734=CARTESIAN_POINT('',(-6.412257136010E0,1.245379998374E2,-1.844641979805E1));
#735=CARTESIAN_POINT('',(-8.790192964392E0,1.241155018368E2,-1.896005837435E1));
#736=CARTESIAN_POINT('',(-9.999998635024E0,1.238412863544E2,-1.929349759210E1));
#738=CARTESIAN_POINT('',(-9.999998635024E0,1.238412863544E2,-1.929349759210E1));
#739=CARTESIAN_POINT('',(-1.051616959075E1,1.237242729238E2,-1.943574700681E1));
#740=CARTESIAN_POINT('',(-1.151617260592E1,1.233970260327E2,-1.964933257607E1));
#741=CARTESIAN_POINT('',(-1.292347608745E1,1.226608754228E2,-1.978011347455E1));
#742=CARTESIAN_POINT('',(-1.422054528988E1,1.216954733576E2,-1.971399921191E1));
#743=CARTESIAN_POINT('',(-1.531192108080E1,1.205861843643E2,-1.944475187871E1));
#744=CARTESIAN_POINT('',(-1.615179376303E1,1.194447960086E2,-1.900622340538E1));
#745=CARTESIAN_POINT('',(-1.679768740974E1,1.182270849853E2,-1.836849030748E1));
#746=CARTESIAN_POINT('',(-1.719151885237E1,1.170057043833E2,-1.752705936642E1));
#747=CARTESIAN_POINT('',(-1.727270862522E1,1.162777002262E2,-1.689038758280E1));
#748=CARTESIAN_POINT('',(-1.727272741067E1,1.159265396883E2,-1.654781901119E1));
#750=CARTESIAN_POINT('',(-1.727272727273E1,1.5E1,-1.2E2));
#751=DIRECTION('',(1.E0,0.E0,0.E0));
#752=DIRECTION('',(0.E0,6.983152560463E-1,7.157903346462E-1));
#753=AXIS2_PLACEMENT_3D('',#750,#751,#752);
#755=CARTESIAN_POINT('',(-1.727272754399E1,9.935479649471E1,-2.642475971980E0));
#756=CARTESIAN_POINT('',(-1.727270691036E1,9.892971777236E1,-2.336919619306E0));
#757=CARTESIAN_POINT('',(-1.717796133900E1,9.812414429164E1,-1.682249472688E0));
#758=CARTESIAN_POINT('',(-1.673643353341E1,9.703464589508E1,
-5.535382112060E-1));
#759=CARTESIAN_POINT('',(-1.593945812518E1,9.610295017619E1,7.102410913890E-1));
#760=CARTESIAN_POINT('',(-1.483368597993E1,9.543865285476E1,1.950987284051E0));
#761=CARTESIAN_POINT('',(-1.344686343922E1,9.504855667958E1,3.098616147846E0));
#762=CARTESIAN_POINT('',(-1.178471035760E1,9.496954429393E1,4.070663429585E0));
#763=CARTESIAN_POINT('',(-1.061208515535E1,9.513444129557E1,4.509290542972E0));
#764=CARTESIAN_POINT('',(-9.999999112017E0,9.527645321239E1,4.675243140502E0));
#766=CARTESIAN_POINT('',(-9.999999112017E0,9.527645321239E1,4.675243140502E0));
#767=CARTESIAN_POINT('',(-8.972697222322E0,9.551485883378E1,4.953723058731E0));
#768=CARTESIAN_POINT('',(-6.852595463684E0,9.591947059788E1,5.426430438189E0));
#769=CARTESIAN_POINT('',(-3.747589274780E0,9.628974497752E1,5.859113535309E0));
#770=CARTESIAN_POINT('',(-1.284505839256E0,9.640234375068E1,5.990705405379E0));
#771=CARTESIAN_POINT('',(-1.199123540721E-11,9.640234526664E1,
5.990706740978E0));
#773=CARTESIAN_POINT('',(-3.223962942869E-13,7.E1,1.955285736953E1));
#774=CARTESIAN_POINT('',(-1.216569589270E0,7.E1,1.955285736953E1));
#775=CARTESIAN_POINT('',(-3.667208878820E0,6.977795902890E1,1.948066449383E1));
#776=CARTESIAN_POINT('',(-7.280669085519E0,6.875427376733E1,1.915846191133E1));
#777=CARTESIAN_POINT('',(-1.066273236624E1,6.706141654529E1,1.866354378135E1));
#778=CARTESIAN_POINT('',(-1.367363086309E1,6.475650845280E1,1.807701730875E1));
#779=CARTESIAN_POINT('',(-1.615136447370E1,6.198266272422E1,1.752885968651E1));
#780=CARTESIAN_POINT('',(-1.798944452092E1,5.895339829992E1,1.717128582159E1));
#781=CARTESIAN_POINT('',(-1.918433679238E1,5.594487626570E1,1.710117438469E1));
#782=CARTESIAN_POINT('',(-1.988435224058E1,5.282389186436E1,1.736517986045E1));
#783=CARTESIAN_POINT('',(-2.008063304810E1,4.967093678819E1,1.801208951909E1));
#784=CARTESIAN_POINT('',(-1.977606819667E1,4.646971957297E1,1.905959767511E1));
#785=CARTESIAN_POINT('',(-1.891352047249E1,4.317198706992E1,2.052362127895E1));
#786=CARTESIAN_POINT('',(-1.730858707149E1,3.973300055468E1,2.242645812431E1));
#787=CARTESIAN_POINT('',(-1.503378854170E1,3.662982430484E1,2.441585085368E1));
#788=CARTESIAN_POINT('',(-1.229031128303E1,3.407462133849E1,2.619943660085E1));
#789=CARTESIAN_POINT('',(-9.153355562167E0,3.209793714335E1,2.765172934815E1));
#790=CARTESIAN_POINT('',(-7.045455625787E0,3.124999655565E1,2.829321115943E1));
#791=CARTESIAN_POINT('',(-6.E0,3.092121597166E1,2.854307570937E1));
#793=CARTESIAN_POINT('',(-6.E0,1.5E1,-1.2E2));
#794=DIRECTION('',(-1.E0,0.E0,0.E0));
#795=DIRECTION('',(0.E0,0.E0,1.E0));
#796=AXIS2_PLACEMENT_3D('',#793,#794,#795);
#798=CARTESIAN_POINT('',(0.E0,1.5E1,0.E0));
#799=DIRECTION('',(0.E0,1.E0,0.E0));
#800=DIRECTION('',(0.E0,0.E0,-1.E0));
#801=AXIS2_PLACEMENT_3D('',#798,#799,#800);
#803=CARTESIAN_POINT('',(0.E0,1.5E1,-1.2E2));
#804=DIRECTION('',(-1.E0,0.E0,0.E0));
#805=DIRECTION('',(0.E0,0.E0,1.E0));
#806=AXIS2_PLACEMENT_3D('',#803,#804,#805);
#808=CARTESIAN_POINT('',(-7.829863803491E-14,8.624635913750E1,
-6.500948891263E1));
#809=CARTESIAN_POINT('',(-1.583329077534E0,8.624635913750E1,-6.500948891263E1));
#810=CARTESIAN_POINT('',(-4.703820052480E0,8.646236796556E1,-6.488477615761E1));
#811=CARTESIAN_POINT('',(-9.297814066828E0,8.742369785868E1,-6.432975208503E1));
#812=CARTESIAN_POINT('',(-1.364982837278E1,8.899598112108E1,-6.342199392024E1));
#813=CARTESIAN_POINT('',(-1.767530940279E1,9.114374218234E1,-6.218198349337E1));
#814=CARTESIAN_POINT('',(-2.127403426841E1,9.381883743921E1,-6.063751652671E1));
#815=CARTESIAN_POINT('',(-2.435261721494E1,9.695570190873E1,-5.882644698082E1));
#816=CARTESIAN_POINT('',(-2.682829476857E1,1.004704105100E2,-5.679722902376E1));
#817=CARTESIAN_POINT('',(-2.864293282773E1,1.042789388432E2,-5.459837416537E1));
#818=CARTESIAN_POINT('',(-2.975077196709E1,1.082870094825E2,-5.228431350281E1));
#819=CARTESIAN_POINT('',(-3.012403953476E1,1.123962047824E2,-4.991186849026E1));
#820=CARTESIAN_POINT('',(-2.975306471017E1,1.165033374979E2,-4.754061431139E1));
#821=CARTESIAN_POINT('',(-2.864785328295E1,1.205057492861E2,-4.522982078805E1));
#822=CARTESIAN_POINT('',(-2.683786950214E1,1.243035106194E2,-4.303718225994E1));
#823=CARTESIAN_POINT('',(-2.436807241018E1,1.278065327422E2,-4.101471149441E1));
#824=CARTESIAN_POINT('',(-2.129593463394E1,1.309321584714E2,-3.921013063827E1));
#825=CARTESIAN_POINT('',(-1.769953094196E1,1.336002399036E2,-3.766971310514E1));
#826=CARTESIAN_POINT('',(-1.366952665192E1,1.357445706148E2,-3.643168319181E1));
#827=CARTESIAN_POINT('',(-9.307727200348E0,1.373145016357E2,-3.552528309430E1));
#828=CARTESIAN_POINT('',(-4.705015084011E0,1.382727897485E2,-3.497201519440E1));
#829=CARTESIAN_POINT('',(-1.583189869123E0,1.384874511294E2,-3.484808038832E1));
#830=CARTESIAN_POINT('',(-2.877544213132E-14,1.384874511294E2,
-3.484808038832E1));
#832=CARTESIAN_POINT('',(-4.287194502717E-10,1.271400810105E2,
-1.591540829229E1));
#833=DIRECTION('',(-1.E0,-8.413343269856E-12,-1.002621766666E-11));
#834=DIRECTION('',(1.298724031410E-11,-7.329417059509E-1,-6.802914490700E-1));
#835=AXIS2_PLACEMENT_3D('',#832,#833,#834);
#837=CARTESIAN_POINT('',(1.099999999950E1,1.259173635779E2,-1.737258618526E1));
#838=DIRECTION('',(-9.419688152790E-1,2.157840504889E-1,2.571614173947E-1));
#839=DIRECTION('',(-3.333333333182E-1,-6.920258481028E-1,-6.403039235056E-1));
#840=AXIS2_PLACEMENT_3D('',#837,#838,#839);
#842=CARTESIAN_POINT('',(1.9E1,1.176394064369E2,-1.479208073237E1));
#843=DIRECTION('',(1.054908624078E-11,7.157903346415E-1,-6.983152560512E-1));
#844=DIRECTION('',(-5.757575757577E-1,-5.709568397403E-1,-5.852448215161E-1));
#845=AXIS2_PLACEMENT_3D('',#842,#843,#844);
#847=CARTESIAN_POINT('',(1.9E1,1.007864286884E2,-6.507533193218E-1));
#848=DIRECTION('',(0.E0,8.120019654041E-1,-5.836546994413E-1));
#849=DIRECTION('',(-5.757575757632E-1,-4.772080228892E-1,-6.639094191541E-1));
#850=AXIS2_PLACEMENT_3D('',#847,#848,#849);
#852=CARTESIAN_POINT('',(1.099999999903E1,9.680767473953E1,7.053342982959E0));
#853=DIRECTION('',(9.419688152796E-1,-2.157840505758E-1,-2.571614173198E-1));
#854=DIRECTION('',(-3.333333337875E-1,-5.104072508510E-1,-7.927000232527E-1));
#855=AXIS2_PLACEMENT_3D('',#852,#853,#854);
#857=CARTESIAN_POINT('',(1.100000070951E1,9.910580780863E1,5.124979843689E0));
#858=CARTESIAN_POINT('',(1.135191446600E1,9.897692010506E1,4.971365239555E0));
#859=CARTESIAN_POINT('',(1.204346876775E1,9.876769473156E1,4.605758312994E0));
#860=CARTESIAN_POINT('',(1.300770770865E1,9.859752447082E1,3.922663533917E0));
#861=CARTESIAN_POINT('',(1.390005838534E1,9.857389858005E1,3.114626918607E0));
#862=CARTESIAN_POINT('',(1.465035483275E1,9.871073776326E1,2.260348110585E0));
#863=CARTESIAN_POINT('',(1.522837095001E1,9.898823194042E1,1.442872513830E0));
#864=CARTESIAN_POINT('',(1.567325321126E1,9.942981464864E1,6.350290166796E-1));
#865=CARTESIAN_POINT('',(1.594433120305E1,1.000421877616E2,-9.548637390317E-2));
#866=CARTESIAN_POINT('',(1.599999055749E1,1.005281473344E2,-4.819187310618E-1));
#867=CARTESIAN_POINT('',(1.600000000016E1,1.007864308674E2,-6.507547428737E-1));
#869=CARTESIAN_POINT('',(-3.193627072954E-13,1.003285255013E2,
6.582158046738E0));
#870=CARTESIAN_POINT('',(1.204006279980E0,1.003285274093E2,6.582159544026E0));
#871=CARTESIAN_POINT('',(3.622242950207E0,1.002392008624E2,6.475705392494E0));
#872=CARTESIAN_POINT('',(7.055644586065E0,9.987993304516E1,6.047546472600E0));
#873=CARTESIAN_POINT('',(9.664530144335E0,9.941173176148E1,5.489565383622E0));
#874=CARTESIAN_POINT('',(1.100000070951E1,9.910580780863E1,5.124979843689E0));
#876=CARTESIAN_POINT('',(-1.100000045690E1,9.910580790122E1,5.124979954028E0));
#877=CARTESIAN_POINT('',(-9.865521928077E0,9.936569368483E1,5.434698987679E0));
#878=CARTESIAN_POINT('',(-7.540557972989E0,9.980358691001E1,5.956560902367E0));
#879=CARTESIAN_POINT('',(-4.119555356695E0,1.002063568630E2,6.436563230073E0));
#880=CARTESIAN_POINT('',(-1.417671087537E0,1.003285230693E2,6.582154716853E0));
#881=CARTESIAN_POINT('',(-3.193627072954E-13,1.003285255013E2,
6.582158046738E0));
#883=DIRECTION('',(-5.028343999001E-8,-6.427876096838E-1,-7.660444431213E-1));
#884=VECTOR('',#883,9.086533189265E0);
#885=CARTESIAN_POINT('',(-1.1E1,1.049465188503E2,1.208566821090E1));
#886=LINE('',#885,#884);
#887=DIRECTION('',(7.808385915848E-8,-6.427876096839E-1,-7.660444431212E-1));
#888=VECTOR('',#887,9.086533333304E0);
#889=CARTESIAN_POINT('',(1.1E1,1.049465188503E2,1.208566821090E1));
#890=LINE('',#889,#888);
#891=CARTESIAN_POINT('',(-1.600000000031E1,1.007864326401E2,
-6.507559009943E-1));
#892=CARTESIAN_POINT('',(-1.599998956157E1,1.005111472256E2,
-4.707857844554E-1));
#893=CARTESIAN_POINT('',(-1.593484343094E1,9.999189385450E1,
-5.090046402147E-2));
#894=CARTESIAN_POINT('',(-1.563131017684E1,9.935739397258E1,7.331836184308E-1));
#895=CARTESIAN_POINT('',(-1.508333396020E1,9.888038692328E1,1.679767683341E0));
#896=CARTESIAN_POINT('',(-1.432332099206E1,9.861848002246E1,2.665905542558E0));
#897=CARTESIAN_POINT('',(-1.336911459192E1,9.856031095638E1,3.629774954158E0));
#898=CARTESIAN_POINT('',(-1.222924258018E1,9.871570921059E1,4.501254391150E0));
#899=CARTESIAN_POINT('',(-1.141595140423E1,9.895350673453E1,4.943451147168E0));
#900=CARTESIAN_POINT('',(-1.100000045690E1,9.910580790122E1,5.124979954028E0));
#902=CARTESIAN_POINT('',(-1.9E1,1.007864286884E2,-6.507533193211E-1));
#903=DIRECTION('',(1.303425468975E-12,-8.120019654035E-1,5.836546994420E-1));
#904=DIRECTION('',(5.757575757629E-1,-4.772080228893E-1,-6.639094191543E-1));
#905=AXIS2_PLACEMENT_3D('',#902,#903,#904);
#907=CARTESIAN_POINT('',(-1.9E1,1.176394064370E2,-1.479208073240E1));
#908=DIRECTION('',(0.E0,-7.157903346465E-1,6.983152560461E-1));
#909=DIRECTION('',(5.757575757576E-1,-5.709568397405E-1,-5.852448215159E-1));
#910=AXIS2_PLACEMENT_3D('',#907,#908,#909);
#912=CARTESIAN_POINT('',(-1.099999999903E1,1.259173635780E2,-1.737258618513E1));
#913=DIRECTION('',(-9.419688152795E-1,-2.157840504004E-1,-2.571614174671E-1));
#914=DIRECTION('',(3.333333337838E-1,-6.920258398007E-1,-6.403039322359E-1));
#915=AXIS2_PLACEMENT_3D('',#912,#913,#914);
#917=CARTESIAN_POINT('',(-1.100000070345E1,1.236192299906E2,-1.544422366359E1));
#918=CARTESIAN_POINT('',(-1.135194841355E1,1.234903177195E2,-1.559784306984E1));
#919=CARTESIAN_POINT('',(-1.204372299805E1,1.231665518697E2,-1.586749022425E1));
#920=CARTESIAN_POINT('',(-1.300952692007E1,1.225221041606E2,-1.615404483064E1));
#921=CARTESIAN_POINT('',(-1.390172211550E1,1.217300933426E2,-1.631732968300E1));
#922=CARTESIAN_POINT('',(-1.465191971826E1,1.208646924926E2,-1.633059842217E1));
#923=CARTESIAN_POINT('',(-1.522936508255E1,1.200117291262E2,-1.619893852416E1));
#924=CARTESIAN_POINT('',(-1.567340863712E1,1.191406619711E2,-1.590444619946E1));
#925=CARTESIAN_POINT('',(-1.594416816883E1,1.183160442446E2,-1.542895639544E1));
#926=CARTESIAN_POINT('',(-1.599999058295E1,1.178507650314E2,-1.501737485826E1));
#927=CARTESIAN_POINT('',(-1.600000000016E1,1.176394046770E2,-1.479207885539E1));
#929=CARTESIAN_POINT('',(1.100000045539E1,1.236192300815E2,-1.544422355524E1));
#930=CARTESIAN_POINT('',(9.865269715074E0,1.238791728672E2,-1.513443502395E1));
#931=CARTESIAN_POINT('',(7.539950666103E0,1.243171018896E2,-1.461253262849E1));
#932=CARTESIAN_POINT('',(4.119274379532E0,1.247197928505E2,-1.413262401889E1));
#933=CARTESIAN_POINT('',(1.417551742041E0,1.248419448310E2,-1.398704842747E1));
#934=CARTESIAN_POINT('',(7.348499809717E-14,1.248419476811E2,
-1.398704546323E1));
#936=DIRECTION('',(5.011738168501E-8,-6.427876096893E-1,-7.660444431167E-1));
#937=VECTOR('',#936,9.086533188405E0);
#938=CARTESIAN_POINT('',(1.1E1,1.294599410301E2,-8.483535299068E0));
#939=LINE('',#938,#937);
#940=DIRECTION('',(-7.741718776642E-8,-6.427876096892E-1,-7.660444431168E-1));
#941=VECTOR('',#940,9.086533329850E0);
#942=CARTESIAN_POINT('',(-1.1E1,1.294599410301E2,-8.483535299068E0));
#943=LINE('',#942,#941);
#944=CARTESIAN_POINT('',(7.348499809717E-14,1.248419476811E2,
-1.398704546323E1));
#945=CARTESIAN_POINT('',(-1.204546086921E0,1.248419488182E2,-1.398704333155E1));
#946=CARTESIAN_POINT('',(-3.623493672816E0,1.247525346485E2,-1.409360407089E1));
#947=CARTESIAN_POINT('',(-7.056191714757E0,1.243932591749E2,-1.452177170046E1));
#948=CARTESIAN_POINT('',(-9.664756431438E0,1.239251016962E2,-1.507969952790E1));
#949=CARTESIAN_POINT('',(-1.100000070345E1,1.236192299906E2,-1.544422366359E1));
#951=CARTESIAN_POINT('',(1.600000000030E1,1.176394032740E2,-1.479207735902E1));
#952=CARTESIAN_POINT('',(1.599998941329E1,1.178657269902E2,-1.503329673722E1));
#953=CARTESIAN_POINT('',(1.593410435925E1,1.183718192841E2,-1.547320071922E1));
#954=CARTESIAN_POINT('',(1.562895218900E1,1.192556413095E2,-1.596116777806E1));
#955=CARTESIAN_POINT('',(1.508103795586E1,1.202689448534E2,-1.626501950264E1));
#956=CARTESIAN_POINT('',(1.432066825515E1,1.212851978644E2,-1.635111098574E1));
#957=CARTESIAN_POINT('',(1.336640482947E1,1.222437753994E2,-1.624051452170E1));
#958=CARTESIAN_POINT('',(1.222663167816E1,1.230742028342E2,-1.593580555912E1));
#959=CARTESIAN_POINT('',(1.141489715982E1,1.234672911620E2,-1.562527407846E1));
#960=CARTESIAN_POINT('',(1.100000045539E1,1.236192300815E2,-1.544422355524E1));
#962=CARTESIAN_POINT('',(1.6E1,1.5E1,-1.2E2));
#963=DIRECTION('',(-1.E0,0.E0,0.E0));
#964=DIRECTION('',(0.E0,5.836546994414E-1,8.120019654040E-1));
#965=AXIS2_PLACEMENT_3D('',#962,#963,#964);
#967=DIRECTION('',(1.303196040477E-11,-6.427874504301E-1,-7.660445767510E-1));
#968=VECTOR('',#967,1.243071903952E1);
#969=CARTESIAN_POINT('',(1.6E1,1.087767410659E2,8.871730162469E0));
#970=LINE('',#969,#968);
#971=DIRECTION('',(2.450030324460E-11,-6.427878926321E-1,-7.660442056993E-1));
#972=VECTOR('',#971,1.243071879865E1);
#973=CARTESIAN_POINT('',(1.6E1,1.256297188145E2,-5.269597250635E0));
#974=LINE('',#973,#972);
#975=CARTESIAN_POINT('',(1.1E1,1.256297188145E2,-5.269597250635E0));
#976=DIRECTION('',(0.E0,6.427876096865E-1,7.660444431190E-1));
#977=DIRECTION('',(1.E0,0.E0,0.E0));
#978=AXIS2_PLACEMENT_3D('',#975,#976,#977);
#980=DIRECTION('',(0.E0,7.660444431190E-1,-6.427876096865E-1));
#981=VECTOR('',#980,2.2E1);
#982=CARTESIAN_POINT('',(1.6E1,1.087767410659E2,8.871730162469E0));
#983=LINE('',#982,#981);
#984=CARTESIAN_POINT('',(1.1E1,1.087767410659E2,8.871730162469E0));
#985=DIRECTION('',(0.E0,6.427876096865E-1,7.660444431190E-1));
#986=DIRECTION('',(-2.096101070492E-14,-7.660444431190E-1,6.427876096865E-1));
#987=AXIS2_PLACEMENT_3D('',#984,#985,#986);
#989=DIRECTION('',(1.E0,0.E0,0.E0));
#990=VECTOR('',#989,2.2E1);
#991=CARTESIAN_POINT('',(-1.1E1,1.049465188503E2,1.208566821090E1));
#992=LINE('',#991,#990);
#993=CARTESIAN_POINT('',(-1.1E1,1.087767410659E2,8.871730162469E0));
#994=DIRECTION('',(0.E0,6.427876096865E-1,7.660444431190E-1));
#995=DIRECTION('',(-1.E0,0.E0,0.E0));
#996=AXIS2_PLACEMENT_3D('',#993,#994,#995);
#998=DIRECTION('',(0.E0,-7.660444431190E-1,6.427876096865E-1));
#999=VECTOR('',#998,2.2E1);
#1000=CARTESIAN_POINT('',(-1.6E1,1.256297188145E2,-5.269597250635E0));
#1001=LINE('',#1000,#999);
#1002=CARTESIAN_POINT('',(-1.1E1,1.256297188145E2,-5.269597250635E0));
#1003=DIRECTION('',(0.E0,6.427876096865E-1,7.660444431190E-1));
#1004=DIRECTION('',(0.E0,7.660444431190E-1,-6.427876096865E-1));
#1005=AXIS2_PLACEMENT_3D('',#1002,#1003,#1004);
#1007=DIRECTION('',(-1.E0,0.E0,0.E0));
#1008=VECTOR('',#1007,2.2E1);
#1009=CARTESIAN_POINT('',(1.1E1,1.294599410301E2,-8.483535299068E0));
#1010=LINE('',#1009,#1008);
#1011=CARTESIAN_POINT('',(0.E0,1.172032299402E2,1.801066455917E0));
#1012=DIRECTION('',(0.E0,6.427876096865E-1,7.660444431190E-1));
#1013=DIRECTION('',(0.E0,7.660444431190E-1,-6.427876096865E-1));
#1014=AXIS2_PLACEMENT_3D('',#1011,#1012,#1013);
#1016=CARTESIAN_POINT('',(0.E0,1.172032299402E2,1.801066455917E0));
#1017=DIRECTION('',(0.E0,6.427876096865E-1,7.660444431190E-1));
#1018=DIRECTION('',(0.E0,-7.660444431190E-1,6.427876096865E-1));
#1019=AXIS2_PLACEMENT_3D('',#1016,#1017,#1018);
#1021=CARTESIAN_POINT('',(-1.6E1,1.5E1,-1.2E2));
#1022=DIRECTION('',(1.E0,0.E0,0.E0));
#1023=DIRECTION('',(0.E0,6.983152560463E-1,7.157903346462E-1));
#1024=AXIS2_PLACEMENT_3D('',#1021,#1022,#1023);
#1026=DIRECTION('',(-1.283218540390E-11,-6.427877671228E-1,-7.660443110142E-1));
#1027=VECTOR('',#1026,1.243071904307E1);
#1028=CARTESIAN_POINT('',(-1.6E1,1.256297188145E2,-5.269597250635E0));
#1029=LINE('',#1028,#1027);
#1030=DIRECTION('',(-2.481954314756E-11,-6.427873208686E-1,-7.660446854659E-1));
#1031=VECTOR('',#1030,1.243071878721E1);
#1032=CARTESIAN_POINT('',(-1.6E1,1.087767410659E2,8.871730162469E0));
#1033=LINE('',#1032,#1031);
#1034=CARTESIAN_POINT('',(0.E0,1.133465042820E2,-2.795200202797E0));
#1035=DIRECTION('',(0.E0,6.427876096865E-1,7.660444431190E-1));
#1036=DIRECTION('',(0.E0,7.660444431190E-1,-6.427876096865E-1));
#1037=AXIS2_PLACEMENT_3D('',#1034,#1035,#1036);
#1039=DIRECTION('',(0.E0,6.427876096865E-1,7.660444431190E-1));
#1040=VECTOR('',#1039,6.E0);
#1041=CARTESIAN_POINT('',(0.E0,1.060690820724E2,3.311282089225E0));
#1042=LINE('',#1041,#1040);
#1043=CARTESIAN_POINT('',(0.E0,1.133465042820E2,-2.795200202797E0));
#1044=DIRECTION('',(0.E0,-6.427876096865E-1,-7.660444431190E-1));
#1045=DIRECTION('',(0.E0,7.660444431190E-1,-6.427876096865E-1));
#1046=AXIS2_PLACEMENT_3D('',#1043,#1044,#1045);
#1048=DIRECTION('',(0.E0,6.427876096865E-1,7.660444431190E-1));
#1049=VECTOR('',#1048,6.E0);
#1050=CARTESIAN_POINT('',(0.E0,1.206239264917E2,-8.901682494819E0));
#1051=LINE('',#1050,#1049);
#1052=CARTESIAN_POINT('',(0.E0,1.133465042820E2,-2.795200202797E0));
#1053=DIRECTION('',(0.E0,-6.427876096865E-1,-7.660444431190E-1));
#1054=DIRECTION('',(0.E0,7.660444431190E-1,-6.427876096865E-1));
#1055=AXIS2_PLACEMENT_3D('',#1052,#1053,#1054);
#1057=CARTESIAN_POINT('',(0.E0,1.133465042820E2,-2.795200202797E0));
#1058=DIRECTION('',(0.E0,6.427876096865E-1,7.660444431190E-1));
#1059=DIRECTION('',(0.E0,7.660444431190E-1,-6.427876096865E-1));
#1060=AXIS2_PLACEMENT_3D('',#1057,#1058,#1059);
#1062=DIRECTION('',(0.E0,6.427876096865E-1,7.660444431190E-1));
#1063=VECTOR('',#1062,8.086232538106E0);
#1064=CARTESIAN_POINT('',(0.E0,1.119789964131E2,-1.220355175281E1));
#1065=LINE('',#1064,#1063);
#1066=DIRECTION('',(0.E0,6.427876096865E-1,7.660444431190E-1));
#1067=VECTOR('',#1066,8.086232538106E0);
#1068=CARTESIAN_POINT('',(0.E0,1.043185519819E2,-5.775675655948E0));
#1069=LINE('',#1068,#1067);
#1070=DIRECTION('',(0.E0,0.E0,-1.E0));
#1071=VECTOR('',#1070,1.645692429063E1);
#1072=CARTESIAN_POINT('',(6.E0,3.092121597166E1,4.5E1));
#1073=LINE('',#1072,#1071);
#1074=DIRECTION('',(0.E0,0.E0,-1.E0));
#1075=VECTOR('',#1074,1.645692429063E1);
#1076=CARTESIAN_POINT('',(-6.E0,3.092121597166E1,4.5E1));
#1077=LINE('',#1076,#1075);
#1078=DIRECTION('',(0.E0,-5.E-1,8.660254037844E-1));
#1079=VECTOR('',#1078,1.2E1);
#1080=CARTESIAN_POINT('',(0.E0,1.544300900093E2,-3.95E1));
#1081=LINE('',#1080,#1079);
#1082=DIRECTION('',(0.E0,-5.E-1,8.660254037844E-1));
#1083=VECTOR('',#1082,1.2E1);
#1084=CARTESIAN_POINT('',(0.E0,1.613582932396E2,-3.55E1));
#1085=LINE('',#1084,#1083);
#1086=DIRECTION('',(0.E0,-5.E-1,8.660254037844E-1));
#1087=VECTOR('',#1086,1.2E1);
#1088=CARTESIAN_POINT('',(3.550704155516E1,1.366765692317E2,-4.975E1));
#1089=LINE('',#1088,#1087);
#1090=DIRECTION('',(0.E0,-5.E-1,8.660254037844E-1));
#1091=VECTOR('',#1090,1.2E1);
#1092=CARTESIAN_POINT('',(4.243524478544E1,1.401406708469E2,-4.775E1));
#1093=LINE('',#1092,#1091);
#1094=DIRECTION('',(0.E0,-5.E-1,8.660254037844E-1));
#1095=VECTOR('',#1094,1.2E1);
#1096=CARTESIAN_POINT('',(3.550704155516E1,1.011695276766E2,-7.025E1));
#1097=LINE('',#1096,#1095);
#1098=DIRECTION('',(0.E0,-5.E-1,8.660254037844E-1));
#1099=VECTOR('',#1098,1.2E1);
#1100=CARTESIAN_POINT('',(4.243524478544E1,9.770542606141E1,-7.225E1));
#1101=LINE('',#1100,#1099);
#1102=DIRECTION('',(0.E0,-5.E-1,8.660254037844E-1));
#1103=VECTOR('',#1102,1.2E1);
#1104=CARTESIAN_POINT('',(0.E0,8.341600689897E1,-8.05E1));
#1105=LINE('',#1104,#1103);
#1106=DIRECTION('',(0.E0,-5.E-1,8.660254037844E-1));
#1107=VECTOR('',#1106,1.2E1);
#1108=CARTESIAN_POINT('',(0.E0,7.648780366870E1,-8.45E1));
#1109=LINE('',#1108,#1107);
#1110=DIRECTION('',(0.E0,-5.E-1,8.660254037844E-1));
#1111=VECTOR('',#1110,1.2E1);
#1112=CARTESIAN_POINT('',(-3.550704155516E1,1.011695276766E2,-7.025E1));
#1113=LINE('',#1112,#1111);
#1114=DIRECTION('',(0.E0,-5.E-1,8.660254037844E-1));
#1115=VECTOR('',#1114,1.2E1);
#1116=CARTESIAN_POINT('',(-4.243524478544E1,9.770542606141E1,-7.225E1));
#1117=LINE('',#1116,#1115);
#1118=DIRECTION('',(0.E0,-5.E-1,8.660254037844E-1));
#1119=VECTOR('',#1118,1.2E1);
#1120=CARTESIAN_POINT('',(-3.550704155516E1,1.366765692317E2,-4.975E1));
#1121=LINE('',#1120,#1119);
#1122=DIRECTION('',(0.E0,-5.E-1,8.660254037844E-1));
#1123=VECTOR('',#1122,1.2E1);
#1124=CARTESIAN_POINT('',(-4.243524478544E1,1.401406708469E2,-4.775E1));
#1125=LINE('',#1124,#1123);
#1126=DIRECTION('',(0.E0,-5.E-1,8.660254037844E-1));
#1127=VECTOR('',#1126,2.E0);
#1128=CARTESIAN_POINT('',(-3.3E1,1.189230484541E2,-6.E1));
#1129=LINE('',#1128,#1127);
#1130=DIRECTION('',(0.E0,-5.E-1,8.660254037844E-1));
#1131=VECTOR('',#1130,2.E0);
#1132=CARTESIAN_POINT('',(3.3E1,1.189230484541E2,-6.E1));
#1133=LINE('',#1132,#1131);
#1134=CARTESIAN_POINT('',(0.E0,1.179230484541E2,-5.826794919243E1));
#1135=DIRECTION('',(0.E0,5.E-1,-8.660254037844E-1));
#1136=DIRECTION('',(-1.E0,0.E0,0.E0));
#1137=AXIS2_PLACEMENT_3D('',#1134,#1135,#1136);
#1139=CARTESIAN_POINT('',(0.E0,1.179230484541E2,-5.826794919243E1));
#1140=DIRECTION('',(0.E0,5.E-1,-8.660254037844E-1));
#1141=DIRECTION('',(1.E0,0.E0,0.E0));
#1142=AXIS2_PLACEMENT_3D('',#1139,#1140,#1141);
#1144=CARTESIAN_POINT('',(0.E0,1.179230484541E2,-5.826794919243E1));
#1145=DIRECTION('',(0.E0,-5.E-1,8.660254037844E-1));
#1146=DIRECTION('',(-1.E0,0.E0,0.E0));
#1147=AXIS2_PLACEMENT_3D('',#1144,#1145,#1146);
#1149=CARTESIAN_POINT('',(0.E0,1.179230484541E2,-5.826794919243E1));
#1150=DIRECTION('',(0.E0,-5.E-1,8.660254037844E-1));
#1151=DIRECTION('',(1.E0,0.E0,0.E0));
#1152=AXIS2_PLACEMENT_3D('',#1149,#1150,#1151);
#1154=DIRECTION('',(0.E0,-5.E-1,8.660254037844E-1));
#1155=VECTOR('',#1154,2.E0);
#1156=CARTESIAN_POINT('',(-3.E1,1.189230484541E2,-6.E1));
#1157=LINE('',#1156,#1155);
#1158=DIRECTION('',(0.E0,-5.E-1,8.660254037844E-1));
#1159=VECTOR('',#1158,2.E0);
#1160=CARTESIAN_POINT('',(3.E1,1.189230484541E2,-6.E1));
#1161=LINE('',#1160,#1159);
#1162=DIRECTION('',(0.E0,0.E0,-1.E0));
#1163=VECTOR('',#1162,9.E1);
#1164=CARTESIAN_POINT('',(-3.2E1,3.E0,4.5E1));
#1165=LINE('',#1164,#1163);
#1166=DIRECTION('',(0.E0,-1.E0,0.E0));
#1167=VECTOR('',#1166,1.5E1);
#1168=CARTESIAN_POINT('',(6.E1,1.5E1,3.E1));
#1169=LINE('',#1168,#1167);
#1170=DIRECTION('',(0.E0,-1.E0,0.E0));
#1171=VECTOR('',#1170,1.5E1);
#1172=CARTESIAN_POINT('',(6.E1,1.5E1,-3.E1));
#1173=LINE('',#1172,#1171);
#1174=DIRECTION('',(0.E0,1.E0,0.E0));
#1175=VECTOR('',#1174,8.E0);
#1176=CARTESIAN_POINT('',(3.6E1,7.E0,3.E1));
#1177=LINE('',#1176,#1175);
#1178=CARTESIAN_POINT('',(4.5E1,7.E0,3.E1));
#1179=DIRECTION('',(0.E0,-1.E0,0.E0));
#1180=DIRECTION('',(1.E0,0.E0,0.E0));
#1181=AXIS2_PLACEMENT_3D('',#1178,#1179,#1180);
#1183=DIRECTION('',(0.E0,1.E0,0.E0));
#1184=VECTOR('',#1183,8.E0);
#1185=CARTESIAN_POINT('',(5.4E1,7.E0,3.E1));
#1186=LINE('',#1185,#1184);
#1187=CARTESIAN_POINT('',(4.5E1,7.E0,-3.E1));
#1188=DIRECTION('',(0.E0,-1.E0,0.E0));
#1189=DIRECTION('',(1.E0,0.E0,0.E0));
#1190=AXIS2_PLACEMENT_3D('',#1187,#1188,#1189);
#1192=DIRECTION('',(0.E0,1.E0,0.E0));
#1193=VECTOR('',#1192,8.E0);
#1194=CARTESIAN_POINT('',(5.4E1,7.E0,-3.E1));
#1195=LINE('',#1194,#1193);
#1196=CARTESIAN_POINT('',(4.5E1,7.E0,-3.E1));
#1197=DIRECTION('',(0.E0,1.E0,0.E0));
#1198=DIRECTION('',(1.E0,0.E0,0.E0));
#1199=AXIS2_PLACEMENT_3D('',#1196,#1197,#1198);
#1201=DIRECTION('',(0.E0,1.E0,0.E0));
#1202=VECTOR('',#1201,8.E0);
#1203=CARTESIAN_POINT('',(3.6E1,7.E0,-3.E1));
#1204=LINE('',#1203,#1202);
#1205=CARTESIAN_POINT('',(4.5E1,7.E0,-3.E1));
#1206=DIRECTION('',(0.E0,1.E0,0.E0));
#1207=DIRECTION('',(1.E0,0.E0,0.E0));
#1208=AXIS2_PLACEMENT_3D('',#1205,#1206,#1207);
#1210=CARTESIAN_POINT('',(4.5E1,7.E0,-3.E1));
#1211=DIRECTION('',(0.E0,-1.E0,0.E0));
#1212=DIRECTION('',(1.E0,0.E0,0.E0));
#1213=AXIS2_PLACEMENT_3D('',#1210,#1211,#1212);
#1215=DIRECTION('',(0.E0,1.E0,0.E0));
#1216=VECTOR('',#1215,7.E0);
#1217=CARTESIAN_POINT('',(5.05E1,0.E0,-3.E1));
#1218=LINE('',#1217,#1216);
#1219=DIRECTION('',(0.E0,1.E0,0.E0));
#1220=VECTOR('',#1219,7.E0);
#1221=CARTESIAN_POINT('',(3.95E1,0.E0,-3.E1));
#1222=LINE('',#1221,#1220);
#1223=CARTESIAN_POINT('',(-4.5E1,7.E0,3.E1));
#1224=DIRECTION('',(0.E0,-1.E0,0.E0));
#1225=DIRECTION('',(-1.E0,0.E0,0.E0));
#1226=AXIS2_PLACEMENT_3D('',#1223,#1224,#1225);
#1228=DIRECTION('',(0.E0,1.E0,0.E0));
#1229=VECTOR('',#1228,8.E0);
#1230=CARTESIAN_POINT('',(-5.4E1,7.E0,3.E1));
#1231=LINE('',#1230,#1229);
#1232=CARTESIAN_POINT('',(-4.5E1,7.E0,3.E1));
#1233=DIRECTION('',(0.E0,1.E0,0.E0));
#1234=DIRECTION('',(-1.E0,0.E0,0.E0));
#1235=AXIS2_PLACEMENT_3D('',#1232,#1233,#1234);
#1237=DIRECTION('',(0.E0,1.E0,0.E0));
#1238=VECTOR('',#1237,8.E0);
#1239=CARTESIAN_POINT('',(-3.6E1,7.E0,3.E1));
#1240=LINE('',#1239,#1238);
#1241=CARTESIAN_POINT('',(-4.5E1,7.E0,3.E1));
#1242=DIRECTION('',(0.E0,1.E0,0.E0));
#1243=DIRECTION('',(-1.E0,0.E0,0.E0));
#1244=AXIS2_PLACEMENT_3D('',#1241,#1242,#1243);
#1246=CARTESIAN_POINT('',(-4.5E1,7.E0,3.E1));
#1247=DIRECTION('',(0.E0,-1.E0,0.E0));
#1248=DIRECTION('',(-1.E0,0.E0,0.E0));
#1249=AXIS2_PLACEMENT_3D('',#1246,#1247,#1248);
#1251=DIRECTION('',(0.E0,1.E0,0.E0));
#1252=VECTOR('',#1251,7.E0);
#1253=CARTESIAN_POINT('',(-5.05E1,0.E0,3.E1));
#1254=LINE('',#1253,#1252);
#1255=DIRECTION('',(0.E0,1.E0,0.E0));
#1256=VECTOR('',#1255,7.E0);
#1257=CARTESIAN_POINT('',(-3.95E1,0.E0,3.E1));
#1258=LINE('',#1257,#1256);
#1259=CARTESIAN_POINT('',(-4.5E1,7.E0,-3.E1));
#1260=DIRECTION('',(0.E0,1.E0,0.E0));
#1261=DIRECTION('',(-1.E0,0.E0,0.E0));
#1262=AXIS2_PLACEMENT_3D('',#1259,#1260,#1261);
#1264=DIRECTION('',(0.E0,1.E0,0.E0));
#1265=VECTOR('',#1264,8.E0);
#1266=CARTESIAN_POINT('',(-5.4E1,7.E0,-3.E1));
#1267=LINE('',#1266,#1265);
#1268=DIRECTION('',(0.E0,1.E0,0.E0));
#1269=VECTOR('',#1268,8.E0);
#1270=CARTESIAN_POINT('',(-3.6E1,7.E0,-3.E1));
#1271=LINE('',#1270,#1269);
#1272=CARTESIAN_POINT('',(-4.5E1,7.E0,-3.E1));
#1273=DIRECTION('',(0.E0,-1.E0,0.E0));
#1274=DIRECTION('',(-1.E0,0.E0,0.E0));
#1275=AXIS2_PLACEMENT_3D('',#1272,#1273,#1274);
#1277=CARTESIAN_POINT('',(-4.5E1,7.E0,-3.E1));
#1278=DIRECTION('',(0.E0,-1.E0,0.E0));
#1279=DIRECTION('',(-1.E0,0.E0,0.E0));
#1280=AXIS2_PLACEMENT_3D('',#1277,#1278,#1279);
#1282=CARTESIAN_POINT('',(-4.5E1,7.E0,-3.E1));
#1283=DIRECTION('',(0.E0,1.E0,0.E0));
#1284=DIRECTION('',(-1.E0,0.E0,0.E0));
#1285=AXIS2_PLACEMENT_3D('',#1282,#1283,#1284);
#1287=DIRECTION('',(0.E0,1.E0,0.E0));
#1288=VECTOR('',#1287,7.E0);
#1289=CARTESIAN_POINT('',(-5.05E1,0.E0,-3.E1));
#1290=LINE('',#1289,#1288);
#1291=DIRECTION('',(0.E0,1.E0,0.E0));
#1292=VECTOR('',#1291,7.E0);
#1293=CARTESIAN_POINT('',(-3.95E1,0.E0,-3.E1));
#1294=LINE('',#1293,#1292);
#1295=CARTESIAN_POINT('',(6.E0,3.092121597166E1,4.5E1));
#1296=CARTESIAN_POINT('',(-6.E0,3.092121597166E1,4.5E1));
#1297=VERTEX_POINT('',#1295);
#1298=VERTEX_POINT('',#1296);
#1299=VERTEX_POINT('',#696);
#1300=VERTEX_POINT('',#714);
#1301=CARTESIAN_POINT('',(6.E0,1.5E1,2.939387691340E1));
#1302=VERTEX_POINT('',#1301);
#1303=VERTEX_POINT('',#791);
#1304=CARTESIAN_POINT('',(-6.E0,1.5E1,2.939387691340E1));
#1305=VERTEX_POINT('',#1304);
#1306=CARTESIAN_POINT('',(-6.E0,1.5E1,4.5E1));
#1307=VERTEX_POINT('',#1306);
#1308=CARTESIAN_POINT('',(6.E0,1.5E1,4.5E1));
#1309=VERTEX_POINT('',#1308);
#1310=CARTESIAN_POINT('',(0.E0,1.5E1,-3.E1));
#1311=VERTEX_POINT('',#1310);
#1312=CARTESIAN_POINT('',(-5.5E1,1.189230484541E2,-6.E1));
#1313=CARTESIAN_POINT('',(5.5E1,1.189230484541E2,-6.E1));
#1314=VERTEX_POINT('',#1312);
#1315=VERTEX_POINT('',#1313);
#1316=CARTESIAN_POINT('',(-5.5E1,1.129230484541E2,-4.960769515459E1));
#1317=CARTESIAN_POINT('',(5.5E1,1.129230484541E2,-4.960769515459E1));
#1318=VERTEX_POINT('',#1316);
#1319=VERTEX_POINT('',#1317);
#1320=VERTEX_POINT('',#662);
#1321=VERTEX_POINT('',#684);
#1322=CARTESIAN_POINT('',(-4.5E1,5.684341886081E-14,4.5E1));
#1323=CARTESIAN_POINT('',(-6.E1,5.684341886081E-14,3.E1));
#1324=VERTEX_POINT('',#1322);
#1325=VERTEX_POINT('',#1323);
#1326=CARTESIAN_POINT('',(-6.E1,1.5E1,3.E1));
#1327=VERTEX_POINT('',#1326);
#1328=CARTESIAN_POINT('',(-4.5E1,1.5E1,4.5E1));
#1329=VERTEX_POINT('',#1328);
#1330=CARTESIAN_POINT('',(6.E1,5.684341886081E-14,3.E1));
#1331=CARTESIAN_POINT('',(4.5E1,5.684341886081E-14,4.5E1));
#1332=VERTEX_POINT('',#1330);
#1333=VERTEX_POINT('',#1331);
#1334=CARTESIAN_POINT('',(4.5E1,1.5E1,4.5E1));
#1335=VERTEX_POINT('',#1334);
#1336=CARTESIAN_POINT('',(6.E1,1.5E1,3.E1));
#1337=VERTEX_POINT('',#1336);
#1338=CARTESIAN_POINT('',(4.5E1,5.684341886081E-14,-4.5E1));
#1339=CARTESIAN_POINT('',(6.E1,5.684341886081E-14,-3.E1));
#1340=VERTEX_POINT('',#1338);
#1341=VERTEX_POINT('',#1339);
#1342=CARTESIAN_POINT('',(6.E1,1.5E1,-3.E1));
#1343=VERTEX_POINT('',#1342);
#1344=CARTESIAN_POINT('',(4.5E1,1.5E1,-4.5E1));
#1345=VERTEX_POINT('',#1344);
#1346=CARTESIAN_POINT('',(-6.E1,5.684341886081E-14,-3.E1));
#1347=CARTESIAN_POINT('',(-4.5E1,5.684341886081E-14,-4.5E1));
#1348=VERTEX_POINT('',#1346);
#1349=VERTEX_POINT('',#1347);
#1350=CARTESIAN_POINT('',(-4.5E1,1.5E1,-4.5E1));
#1351=VERTEX_POINT('',#1350);
#1352=CARTESIAN_POINT('',(-6.E1,1.5E1,-3.E1));
#1353=VERTEX_POINT('',#1352);
#1354=CARTESIAN_POINT('',(5.05E1,7.E0,3.E1));
#1355=CARTESIAN_POINT('',(3.95E1,7.E0,3.E1));
#1356=VERTEX_POINT('',#1354);
#1357=VERTEX_POINT('',#1355);
#1358=CARTESIAN_POINT('',(5.4E1,7.E0,3.E1));
#1359=CARTESIAN_POINT('',(3.6E1,7.E0,3.E1));
#1360=VERTEX_POINT('',#1358);
#1361=VERTEX_POINT('',#1359);
#1362=CARTESIAN_POINT('',(5.05E1,0.E0,3.E1));
#1363=CARTESIAN_POINT('',(3.95E1,0.E0,3.E1));
#1364=VERTEX_POINT('',#1362);
#1365=VERTEX_POINT('',#1363);
#1366=CARTESIAN_POINT('',(5.4E1,1.5E1,3.E1));
#1367=CARTESIAN_POINT('',(3.6E1,1.5E1,3.E1));
#1368=VERTEX_POINT('',#1366);
#1369=VERTEX_POINT('',#1367);
#1370=CARTESIAN_POINT('',(5.05E1,7.E0,-3.E1));
#1371=CARTESIAN_POINT('',(3.95E1,7.E0,-3.E1));
#1372=VERTEX_POINT('',#1370);
#1373=VERTEX_POINT('',#1371);
#1374=CARTESIAN_POINT('',(5.4E1,7.E0,-3.E1));
#1375=CARTESIAN_POINT('',(3.6E1,7.E0,-3.E1));
#1376=VERTEX_POINT('',#1374);
#1377=VERTEX_POINT('',#1375);
#1378=CARTESIAN_POINT('',(5.05E1,0.E0,-3.E1));
#1379=VERTEX_POINT('',#1378);
#1380=CARTESIAN_POINT('',(3.95E1,0.E0,-3.E1));
#1381=VERTEX_POINT('',#1380);
#1382=CARTESIAN_POINT('',(5.4E1,1.5E1,-3.E1));
#1383=VERTEX_POINT('',#1382);
#1384=CARTESIAN_POINT('',(3.6E1,1.5E1,-3.E1));
#1385=VERTEX_POINT('',#1384);
#1386=CARTESIAN_POINT('',(-5.05E1,7.E0,3.E1));
#1387=CARTESIAN_POINT('',(-3.95E1,7.E0,3.E1));
#1388=VERTEX_POINT('',#1386);
#1389=VERTEX_POINT('',#1387);
#1390=CARTESIAN_POINT('',(-5.4E1,7.E0,3.E1));
#1391=CARTESIAN_POINT('',(-3.6E1,7.E0,3.E1));
#1392=VERTEX_POINT('',#1390);
#1393=VERTEX_POINT('',#1391);
#1394=CARTESIAN_POINT('',(-5.05E1,0.E0,3.E1));
#1395=VERTEX_POINT('',#1394);
#1396=CARTESIAN_POINT('',(-3.95E1,0.E0,3.E1));
#1397=VERTEX_POINT('',#1396);
#1398=CARTESIAN_POINT('',(-5.4E1,1.5E1,3.E1));
#1399=VERTEX_POINT('',#1398);
#1400=CARTESIAN_POINT('',(-3.6E1,1.5E1,3.E1));
#1401=VERTEX_POINT('',#1400);
#1402=CARTESIAN_POINT('',(-5.05E1,7.E0,-3.E1));
#1403=CARTESIAN_POINT('',(-3.95E1,7.E0,-3.E1));
#1404=VERTEX_POINT('',#1402);
#1405=VERTEX_POINT('',#1403);
#1406=CARTESIAN_POINT('',(-5.4E1,7.E0,-3.E1));
#1407=CARTESIAN_POINT('',(-3.6E1,7.E0,-3.E1));
#1408=VERTEX_POINT('',#1406);
#1409=VERTEX_POINT('',#1407);
#1410=CARTESIAN_POINT('',(-5.05E1,0.E0,-3.E1));
#1411=VERTEX_POINT('',#1410);
#1412=CARTESIAN_POINT('',(-3.95E1,0.E0,-3.E1));
#1413=VERTEX_POINT('',#1412);
#1414=CARTESIAN_POINT('',(-5.4E1,1.5E1,-3.E1));
#1415=VERTEX_POINT('',#1414);
#1416=CARTESIAN_POINT('',(-3.6E1,1.5E1,-3.E1));
#1417=VERTEX_POINT('',#1416);
#1418=CARTESIAN_POINT('',(1.6E1,1.256297188145E2,-5.269597250635E0));
#1419=CARTESIAN_POINT('',(1.1E1,1.294599410301E2,-8.483535299068E0));
#1420=VERTEX_POINT('',#1418);
#1421=VERTEX_POINT('',#1419);
#1422=CARTESIAN_POINT('',(-1.1E1,1.294599410301E2,-8.483535299068E0));
#1423=CARTESIAN_POINT('',(-1.6E1,1.256297188145E2,-5.269597250635E0));
#1424=VERTEX_POINT('',#1422);
#1425=VERTEX_POINT('',#1423);
#1426=CARTESIAN_POINT('',(-1.6E1,1.087767410659E2,8.871730162469E0));
#1427=CARTESIAN_POINT('',(-1.1E1,1.049465188503E2,1.208566821090E1));
#1428=VERTEX_POINT('',#1426);
#1429=VERTEX_POINT('',#1427);
#1430=CARTESIAN_POINT('',(1.1E1,1.049465188503E2,1.208566821090E1));
#1431=CARTESIAN_POINT('',(1.6E1,1.087767410659E2,8.871730162469E0));
#1432=VERTEX_POINT('',#1430);
#1433=VERTEX_POINT('',#1431);
#1434=CARTESIAN_POINT('',(0.E0,1.171767264976E2,-6.009138251229E0));
#1435=CARTESIAN_POINT('',(0.E0,1.095162820664E2,4.187378456360E-1));
#1436=VERTEX_POINT('',#1434);
#1437=VERTEX_POINT('',#1435);
#1438=CARTESIAN_POINT('',(0.E0,1.206239264917E2,-8.901682494819E0));
#1439=CARTESIAN_POINT('',(0.E0,1.060690820724E2,3.311282089225E0));
#1440=VERTEX_POINT('',#1438);
#1441=VERTEX_POINT('',#1439);
#1442=CARTESIAN_POINT('',(0.E0,1.244806521498E2,-4.305415836105E0));
#1443=CARTESIAN_POINT('',(0.E0,1.099258077305E2,7.907548747939E0));
#1444=VERTEX_POINT('',#1442);
#1445=VERTEX_POINT('',#1443);
#1446=CARTESIAN_POINT('',(0.E0,1.119789964131E2,-1.220355175281E1));
#1447=VERTEX_POINT('',#1446);
#1448=CARTESIAN_POINT('',(0.E0,1.043185519819E2,-5.775675655948E0));
#1449=VERTEX_POINT('',#1448);
#1450=CARTESIAN_POINT('',(0.E0,1.5E1,2.5E1));
#1451=CARTESIAN_POINT('',(0.E0,1.5E1,-2.5E1));
#1452=VERTEX_POINT('',#1450);
#1453=VERTEX_POINT('',#1451);
#1454=CARTESIAN_POINT('',(0.E0,9.727241335952E1,-7.25E1));
#1455=CARTESIAN_POINT('',(0.E0,1.405736835487E2,-4.75E1));
#1456=VERTEX_POINT('',#1454);
#1457=VERTEX_POINT('',#1455);
#1458=VERTEX_POINT('',#357);
#1459=VERTEX_POINT('',#367);
#1460=VERTEX_POINT('',#369);
#1461=VERTEX_POINT('',#315);
#1462=CARTESIAN_POINT('',(1.45E1,5.E1,4.5E1));
#1463=CARTESIAN_POINT('',(-1.45E1,5.E1,4.5E1));
#1464=VERTEX_POINT('',#1462);
#1465=VERTEX_POINT('',#1463);
#1466=CARTESIAN_POINT('',(1.25E1,5.E1,4.3E1));
#1467=CARTESIAN_POINT('',(-1.25E1,5.E1,4.3E1));
#1468=VERTEX_POINT('',#1466);
#1469=VERTEX_POINT('',#1467);
#1470=CARTESIAN_POINT('',(-3.3E1,1.179230484541E2,-5.826794919243E1));
#1471=CARTESIAN_POINT('',(3.3E1,1.179230484541E2,-5.826794919243E1));
#1472=VERTEX_POINT('',#1470);
#1473=VERTEX_POINT('',#1471);
#1474=CARTESIAN_POINT('',(-3.E1,1.179230484541E2,-5.826794919243E1));
#1475=CARTESIAN_POINT('',(3.E1,1.179230484541E2,-5.826794919243E1));
#1476=VERTEX_POINT('',#1474);
#1477=VERTEX_POINT('',#1475);
#1478=CARTESIAN_POINT('',(-3.3E1,1.189230484541E2,-6.E1));
#1479=CARTESIAN_POINT('',(3.3E1,1.189230484541E2,-6.E1));
#1480=VERTEX_POINT('',#1478);
#1481=VERTEX_POINT('',#1479);
#1482=CARTESIAN_POINT('',(3.E1,1.189230484541E2,-6.E1));
#1483=CARTESIAN_POINT('',(-3.E1,1.189230484541E2,-6.E1));
#1484=VERTEX_POINT('',#1482);
#1485=VERTEX_POINT('',#1483);
#1486=CARTESIAN_POINT('',(0.E0,1.544300900093E2,-3.95E1));
#1487=CARTESIAN_POINT('',(0.E0,1.613582932396E2,-3.55E1));
#1488=VERTEX_POINT('',#1486);
#1489=VERTEX_POINT('',#1487);
#1490=CARTESIAN_POINT('',(0.E0,1.484300900093E2,-2.910769515459E1));
#1491=CARTESIAN_POINT('',(0.E0,1.553582932396E2,-2.510769515459E1));
#1492=VERTEX_POINT('',#1490);
#1493=VERTEX_POINT('',#1491);
#1494=CARTESIAN_POINT('',(3.550704155516E1,1.366765692317E2,-4.975E1));
#1495=CARTESIAN_POINT('',(4.243524478544E1,1.401406708469E2,-4.775E1));
#1496=VERTEX_POINT('',#1494);
#1497=VERTEX_POINT('',#1495);
#1498=CARTESIAN_POINT('',(3.550704155516E1,1.306765692317E2,-3.935769515459E1));
#1499=CARTESIAN_POINT('',(4.243524478544E1,1.341406708469E2,-3.735769515459E1));
#1500=VERTEX_POINT('',#1498);
#1501=VERTEX_POINT('',#1499);
#1502=CARTESIAN_POINT('',(3.550704155516E1,1.011695276766E2,-7.025E1));
#1503=CARTESIAN_POINT('',(4.243524478544E1,9.770542606141E1,-7.225E1));
#1504=VERTEX_POINT('',#1502);
#1505=VERTEX_POINT('',#1503);
#1506=CARTESIAN_POINT('',(3.550704155516E1,9.516952767655E1,-5.985769515459E1));
#1507=CARTESIAN_POINT('',(4.243524478544E1,9.170542606141E1,-6.185769515459E1));
#1508=VERTEX_POINT('',#1506);
#1509=VERTEX_POINT('',#1507);
#1510=CARTESIAN_POINT('',(0.E0,8.341600689897E1,-8.05E1));
#1511=CARTESIAN_POINT('',(0.E0,7.648780366870E1,-8.45E1));
#1512=VERTEX_POINT('',#1510);
#1513=VERTEX_POINT('',#1511);
#1514=CARTESIAN_POINT('',(0.E0,7.741600689897E1,-7.010769515459E1));
#1515=CARTESIAN_POINT('',(0.E0,7.048780366870E1,-7.410769515459E1));
#1516=VERTEX_POINT('',#1514);
#1517=VERTEX_POINT('',#1515);
#1518=CARTESIAN_POINT('',(-3.550704155516E1,1.011695276766E2,-7.025E1));
#1519=CARTESIAN_POINT('',(-4.243524478544E1,9.770542606141E1,-7.225E1));
#1520=VERTEX_POINT('',#1518);
#1521=VERTEX_POINT('',#1519);
#1522=CARTESIAN_POINT('',(-3.550704155516E1,9.516952767655E1,
-5.985769515459E1));
#1523=CARTESIAN_POINT('',(-4.243524478544E1,9.170542606141E1,
-6.185769515459E1));
#1524=VERTEX_POINT('',#1522);
#1525=VERTEX_POINT('',#1523);
#1526=CARTESIAN_POINT('',(-3.550704155516E1,1.366765692317E2,-4.975E1));
#1527=CARTESIAN_POINT('',(-4.243524478544E1,1.401406708469E2,-4.775E1));
#1528=VERTEX_POINT('',#1526);
#1529=VERTEX_POINT('',#1527);
#1530=CARTESIAN_POINT('',(-3.550704155516E1,1.306765692317E2,
-3.935769515459E1));
#1531=CARTESIAN_POINT('',(-4.243524478544E1,1.341406708469E2,
-3.735769515459E1));
#1532=VERTEX_POINT('',#1530);
#1533=VERTEX_POINT('',#1531);
#1534=CARTESIAN_POINT('',(3.5E1,0.E0,-4.5E1));
#1535=CARTESIAN_POINT('',(3.5E1,0.E0,4.5E1));
#1536=VERTEX_POINT('',#1534);
#1537=VERTEX_POINT('',#1535);
#1538=CARTESIAN_POINT('',(-3.5E1,0.E0,-4.5E1));
#1539=CARTESIAN_POINT('',(-3.5E1,0.E0,4.5E1));
#1540=VERTEX_POINT('',#1538);
#1541=VERTEX_POINT('',#1539);
#1542=CARTESIAN_POINT('',(3.2E1,3.E0,4.5E1));
#1543=VERTEX_POINT('',#1542);
#1544=CARTESIAN_POINT('',(-3.2E1,3.E0,4.5E1));
#1545=VERTEX_POINT('',#1544);
#1546=CARTESIAN_POINT('',(3.2E1,3.E0,-4.5E1));
#1547=VERTEX_POINT('',#1546);
#1548=CARTESIAN_POINT('',(-3.2E1,3.E0,-4.5E1));
#1549=VERTEX_POINT('',#1548);
#1550=CARTESIAN_POINT('',(0.E0,3.E0,2.5E1));
#1551=CARTESIAN_POINT('',(0.E0,3.E0,-2.5E1));
#1552=VERTEX_POINT('',#1550);
#1553=VERTEX_POINT('',#1551);
#1554=VERTEX_POINT('',#615);
#1555=VERTEX_POINT('',#620);
#1556=VERTEX_POINT('',#869);
#1557=VERTEX_POINT('',#874);
#1558=VERTEX_POINT('',#632);
#1559=VERTEX_POINT('',#867);
#1560=CARTESIAN_POINT('',(1.727272727273E1,1.159265359178E2,-1.654781519698E1));
#1561=VERTEX_POINT('',#1560);
#1562=CARTESIAN_POINT('',(1.6E1,1.176394064370E2,-1.479208073243E1));
#1563=VERTEX_POINT('',#1562);
#1564=VERTEX_POINT('',#648);
#1565=VERTEX_POINT('',#960);
#1566=VERTEX_POINT('',#655);
#1567=VERTEX_POINT('',#934);
#1568=VERTEX_POINT('',#736);
#1569=VERTEX_POINT('',#949);
#1570=VERTEX_POINT('',#748);
#1571=VERTEX_POINT('',#927);
#1572=CARTESIAN_POINT('',(-1.727272727273E1,9.935480461971E1,
-2.642481576799E0));
#1573=VERTEX_POINT('',#1572);
#1574=CARTESIAN_POINT('',(-1.6E1,1.007864286884E2,-6.507533193272E-1));
#1575=VERTEX_POINT('',#1574);
#1576=VERTEX_POINT('',#764);
#1577=VERTEX_POINT('',#900);
#1578=CARTESIAN_POINT('',(0.E0,0.E0,0.E0));
#1579=DIRECTION('',(0.E0,1.E0,0.E0));
#1580=DIRECTION('',(0.E0,0.E0,1.E0));
#1581=AXIS2_PLACEMENT_3D('',#1578,#1579,#1580);
#1582=PLANE('',#1581);
#1584=ORIENTED_EDGE('',*,*,#1583,.T.);
#1586=ORIENTED_EDGE('',*,*,#1585,.T.);
#1588=ORIENTED_EDGE('',*,*,#1587,.F.);
#1590=ORIENTED_EDGE('',*,*,#1589,.T.);
#1592=ORIENTED_EDGE('',*,*,#1591,.F.);
#1594=ORIENTED_EDGE('',*,*,#1593,.T.);
#1595=EDGE_LOOP('',(#1584,#1586,#1588,#1590,#1592,#1594));
#1596=FACE_OUTER_BOUND('',#1595,.F.);
#1598=ORIENTED_EDGE('',*,*,#1597,.F.);
#1600=ORIENTED_EDGE('',*,*,#1599,.F.);
#1601=EDGE_LOOP('',(#1598,#1600));
#1602=FACE_BOUND('',#1601,.F.);
#1604=ORIENTED_EDGE('',*,*,#1603,.T.);
#1606=ORIENTED_EDGE('',*,*,#1605,.T.);
#1607=EDGE_LOOP('',(#1604,#1606));
#1608=FACE_BOUND('',#1607,.F.);
#1609=ADVANCED_FACE('',(#1596,#1602,#1608),#1582,.F.);
#1610=CARTESIAN_POINT('',(0.E0,0.E0,0.E0));
#1611=DIRECTION('',(0.E0,1.E0,0.E0));
#1612=DIRECTION('',(0.E0,0.E0,1.E0));
#1613=AXIS2_PLACEMENT_3D('',#1610,#1611,#1612);
#1614=PLANE('',#1613);
#1616=ORIENTED_EDGE('',*,*,#1615,.F.);
#1618=ORIENTED_EDGE('',*,*,#1617,.T.);
#1620=ORIENTED_EDGE('',*,*,#1619,.F.);
#1622=ORIENTED_EDGE('',*,*,#1621,.T.);
#1624=ORIENTED_EDGE('',*,*,#1623,.F.);
#1626=ORIENTED_EDGE('',*,*,#1625,.T.);
#1627=EDGE_LOOP('',(#1616,#1618,#1620,#1622,#1624,#1626));
#1628=FACE_OUTER_BOUND('',#1627,.F.);
#1630=ORIENTED_EDGE('',*,*,#1629,.T.);
#1632=ORIENTED_EDGE('',*,*,#1631,.T.);
#1633=EDGE_LOOP('',(#1630,#1632));
#1634=FACE_BOUND('',#1633,.F.);
#1636=ORIENTED_EDGE('',*,*,#1635,.F.);
#1638=ORIENTED_EDGE('',*,*,#1637,.F.);
#1639=EDGE_LOOP('',(#1636,#1638));
#1640=FACE_BOUND('',#1639,.F.);
#1641=ADVANCED_FACE('',(#1628,#1634,#1640),#1614,.F.);
#1642=CARTESIAN_POINT('',(4.5E1,-1.823821679454E1,3.E1));
#1643=DIRECTION('',(0.E0,1.E0,0.E0));
#1644=DIRECTION('',(1.E0,0.E0,0.E0));
#1645=AXIS2_PLACEMENT_3D('',#1642,#1643,#1644);
#1646=CYLINDRICAL_SURFACE('',#1645,5.5E0);
#1647=ORIENTED_EDGE('',*,*,#1597,.T.);
#1649=ORIENTED_EDGE('',*,*,#1648,.T.);
#1651=ORIENTED_EDGE('',*,*,#1650,.F.);
#1653=ORIENTED_EDGE('',*,*,#1652,.F.);
#1654=EDGE_LOOP('',(#1647,#1649,#1651,#1653));
#1655=FACE_OUTER_BOUND('',#1654,.F.);
#1656=ADVANCED_FACE('',(#1655),#1646,.F.);
#1657=CARTESIAN_POINT('',(4.5E1,-1.823821679454E1,3.E1));
#1658=DIRECTION('',(0.E0,1.E0,0.E0));
#1659=DIRECTION('',(1.E0,0.E0,0.E0));
#1660=AXIS2_PLACEMENT_3D('',#1657,#1658,#1659);
#1661=CYLINDRICAL_SURFACE('',#1660,5.5E0);
#1662=ORIENTED_EDGE('',*,*,#1599,.T.);
#1663=ORIENTED_EDGE('',*,*,#1652,.T.);
#1665=ORIENTED_EDGE('',*,*,#1664,.T.);
#1666=ORIENTED_EDGE('',*,*,#1648,.F.);
#1667=EDGE_LOOP('',(#1662,#1663,#1665,#1666));
#1668=FACE_OUTER_BOUND('',#1667,.F.);
#1669=ADVANCED_FACE('',(#1668),#1661,.F.);
#1670=CARTESIAN_POINT('',(4.5E1,7.E0,3.E1));
#1671=DIRECTION('',(0.E0,1.E0,0.E0));
#1672=DIRECTION('',(1.E0,0.E0,0.E0));
#1673=AXIS2_PLACEMENT_3D('',#1670,#1671,#1672);
#1674=PLANE('',#1673);
#1676=ORIENTED_EDGE('',*,*,#1675,.F.);
#1678=ORIENTED_EDGE('',*,*,#1677,.T.);
#1679=EDGE_LOOP('',(#1676,#1678));
#1680=FACE_OUTER_BOUND('',#1679,.F.);
#1681=ORIENTED_EDGE('',*,*,#1664,.F.);
#1682=ORIENTED_EDGE('',*,*,#1650,.T.);
#1683=EDGE_LOOP('',(#1681,#1682));
#1684=FACE_BOUND('',#1683,.F.);
#1685=ADVANCED_FACE('',(#1680,#1684),#1674,.T.);
#1686=CARTESIAN_POINT('',(4.5E1,-1.823821679454E1,3.E1));
#1687=DIRECTION('',(0.E0,1.E0,0.E0));
#1688=DIRECTION('',(1.E0,0.E0,0.E0));
#1689=AXIS2_PLACEMENT_3D('',#1686,#1687,#1688);
#1690=CYLINDRICAL_SURFACE('',#1689,9.E0);
#1692=ORIENTED_EDGE('',*,*,#1691,.F.);
#1694=ORIENTED_EDGE('',*,*,#1693,.F.);
#1695=ORIENTED_EDGE('',*,*,#1675,.T.);
#1697=ORIENTED_EDGE('',*,*,#1696,.T.);
#1698=EDGE_LOOP('',(#1692,#1694,#1695,#1697));
#1699=FACE_OUTER_BOUND('',#1698,.F.);
#1700=ADVANCED_FACE('',(#1699),#1690,.F.);
#1701=CARTESIAN_POINT('',(0.E0,1.5E1,0.E0));
#1702=DIRECTION('',(0.E0,1.E0,0.E0));
#1703=DIRECTION('',(1.E0,0.E0,0.E0));
#1704=AXIS2_PLACEMENT_3D('',#1701,#1702,#1703);
#1705=PLANE('',#1704);
#1707=ORIENTED_EDGE('',*,*,#1706,.F.);
#1709=ORIENTED_EDGE('',*,*,#1708,.F.);
#1711=ORIENTED_EDGE('',*,*,#1710,.F.);
#1713=ORIENTED_EDGE('',*,*,#1712,.F.);
#1715=ORIENTED_EDGE('',*,*,#1714,.F.);
#1717=ORIENTED_EDGE('',*,*,#1716,.F.);
#1719=ORIENTED_EDGE('',*,*,#1718,.F.);
#1721=ORIENTED_EDGE('',*,*,#1720,.F.);
#1723=ORIENTED_EDGE('',*,*,#1722,.T.);
#1725=ORIENTED_EDGE('',*,*,#1724,.T.);
#1727=ORIENTED_EDGE('',*,*,#1726,.T.);
#1729=ORIENTED_EDGE('',*,*,#1728,.F.);
#1731=ORIENTED_EDGE('',*,*,#1730,.F.);
#1732=EDGE_LOOP('',(#1707,#1709,#1711,#1713,#1715,#1717,#1719,#1721,#1723,#1725,
#1727,#1729,#1731));
#1733=FACE_OUTER_BOUND('',#1732,.F.);
#1734=ORIENTED_EDGE('',*,*,#1691,.T.);
#1736=ORIENTED_EDGE('',*,*,#1735,.T.);
#1737=EDGE_LOOP('',(#1734,#1736));
#1738=FACE_BOUND('',#1737,.F.);
#1740=ORIENTED_EDGE('',*,*,#1739,.F.);
#1742=ORIENTED_EDGE('',*,*,#1741,.F.);
#1743=EDGE_LOOP('',(#1740,#1742));
#1744=FACE_BOUND('',#1743,.F.);
#1746=ORIENTED_EDGE('',*,*,#1745,.F.);
#1748=ORIENTED_EDGE('',*,*,#1747,.F.);
#1749=EDGE_LOOP('',(#1746,#1748));
#1750=FACE_BOUND('',#1749,.F.);
#1752=ORIENTED_EDGE('',*,*,#1751,.T.);
#1754=ORIENTED_EDGE('',*,*,#1753,.T.);
#1755=EDGE_LOOP('',(#1752,#1754));
#1756=FACE_BOUND('',#1755,.F.);
#1757=ADVANCED_FACE('',(#1733,#1738,#1744,#1750,#1756),#1705,.T.);
#1758=CARTESIAN_POINT('',(-4.5E1,3.836748210276E2,3.E1));
#1759=DIRECTION('',(0.E0,-1.E0,0.E0));
#1760=DIRECTION('',(0.E0,0.E0,1.E0));
#1761=AXIS2_PLACEMENT_3D('',#1758,#1759,#1760);
#1762=CYLINDRICAL_SURFACE('',#1761,1.5E1);
#1763=ORIENTED_EDGE('',*,*,#1623,.T.);
#1765=ORIENTED_EDGE('',*,*,#1764,.F.);
#1766=ORIENTED_EDGE('',*,*,#1706,.T.);
#1768=ORIENTED_EDGE('',*,*,#1767,.T.);
#1769=EDGE_LOOP('',(#1763,#1765,#1766,#1768));
#1770=FACE_OUTER_BOUND('',#1769,.F.);
#1771=ADVANCED_FACE('',(#1770),#1762,.T.);
#1772=CARTESIAN_POINT('',(-6.E1,0.E0,-4.5E1));
#1773=DIRECTION('',(-1.E0,0.E0,0.E0));
#1774=DIRECTION('',(0.E0,0.E0,1.E0));
#1775=AXIS2_PLACEMENT_3D('',#1772,#1773,#1774);
#1776=PLANE('',#1775);
#1777=ORIENTED_EDGE('',*,*,#1764,.T.);
#1778=ORIENTED_EDGE('',*,*,#1621,.F.);
#1780=ORIENTED_EDGE('',*,*,#1779,.F.);
#1781=ORIENTED_EDGE('',*,*,#1708,.T.);
#1782=EDGE_LOOP('',(#1777,#1778,#1780,#1781));
#1783=FACE_OUTER_BOUND('',#1782,.F.);
#1784=ADVANCED_FACE('',(#1783),#1776,.T.);
#1785=CARTESIAN_POINT('',(-4.5E1,3.836748210276E2,-3.E1));
#1786=DIRECTION('',(0.E0,-1.E0,0.E0));
#1787=DIRECTION('',(-1.E0,0.E0,0.E0));
#1788=AXIS2_PLACEMENT_3D('',#1785,#1786,#1787);
#1789=CYLINDRICAL_SURFACE('',#1788,1.5E1);
#1790=ORIENTED_EDGE('',*,*,#1619,.T.);
#1792=ORIENTED_EDGE('',*,*,#1791,.F.);
#1793=ORIENTED_EDGE('',*,*,#1710,.T.);
#1794=ORIENTED_EDGE('',*,*,#1779,.T.);
#1795=EDGE_LOOP('',(#1790,#1792,#1793,#1794));
#1796=FACE_OUTER_BOUND('',#1795,.F.);
#1797=ADVANCED_FACE('',(#1796),#1789,.T.);
#1798=CARTESIAN_POINT('',(6.E1,0.E0,-4.5E1));
#1799=DIRECTION('',(0.E0,0.E0,-1.E0));
#1800=DIRECTION('',(-1.E0,0.E0,0.E0));
#1801=AXIS2_PLACEMENT_3D('',#1798,#1799,#1800);
#1802=PLANE('',#1801);
#1804=ORIENTED_EDGE('',*,*,#1803,.F.);
#1805=ORIENTED_EDGE('',*,*,#1593,.F.);
#1807=ORIENTED_EDGE('',*,*,#1806,.F.);
#1808=ORIENTED_EDGE('',*,*,#1712,.T.);
#1809=ORIENTED_EDGE('',*,*,#1791,.T.);
#1810=ORIENTED_EDGE('',*,*,#1617,.F.);
#1812=ORIENTED_EDGE('',*,*,#1811,.F.);
#1814=ORIENTED_EDGE('',*,*,#1813,.F.);
#1815=EDGE_LOOP('',(#1804,#1805,#1807,#1808,#1809,#1810,#1812,#1814));
#1816=FACE_OUTER_BOUND('',#1815,.F.);
#1817=ADVANCED_FACE('',(#1816),#1802,.T.);
#1818=CARTESIAN_POINT('',(3.5E1,0.E0,4.5E1));
#1819=DIRECTION('',(7.071067811865E-1,7.071067811865E-1,0.E0));
#1820=DIRECTION('',(-7.071067811865E-1,7.071067811865E-1,0.E0));
#1821=AXIS2_PLACEMENT_3D('',#1818,#1819,#1820);
#1822=PLANE('',#1821);
#1823=ORIENTED_EDGE('',*,*,#1583,.F.);
#1824=ORIENTED_EDGE('',*,*,#1803,.T.);
#1826=ORIENTED_EDGE('',*,*,#1825,.F.);
#1828=ORIENTED_EDGE('',*,*,#1827,.F.);
#1829=EDGE_LOOP('',(#1823,#1824,#1826,#1828));
#1830=FACE_OUTER_BOUND('',#1829,.F.);
#1831=ADVANCED_FACE('',(#1830),#1822,.F.);
#1832=CARTESIAN_POINT('',(3.2E1,3.E0,4.5E1));
#1833=DIRECTION('',(0.E0,1.E0,0.E0));
#1834=DIRECTION('',(-1.E0,0.E0,0.E0));
#1835=AXIS2_PLACEMENT_3D('',#1832,#1833,#1834);
#1836=PLANE('',#1835);
#1838=ORIENTED_EDGE('',*,*,#1837,.F.);
#1839=ORIENTED_EDGE('',*,*,#1825,.T.);
#1840=ORIENTED_EDGE('',*,*,#1813,.T.);
#1842=ORIENTED_EDGE('',*,*,#1841,.F.);
#1843=EDGE_LOOP('',(#1838,#1839,#1840,#1842));
#1844=FACE_OUTER_BOUND('',#1843,.F.);
#1846=ORIENTED_EDGE('',*,*,#1845,.F.);
#1848=ORIENTED_EDGE('',*,*,#1847,.F.);
#1849=EDGE_LOOP('',(#1846,#1848));
#1850=FACE_BOUND('',#1849,.F.);
#1851=ADVANCED_FACE('',(#1844,#1850),#1836,.F.);
#1852=CARTESIAN_POINT('',(-6.E1,0.E0,4.5E1));
#1853=DIRECTION('',(0.E0,0.E0,1.E0));
#1854=DIRECTION('',(1.E0,0.E0,0.E0));
#1855=AXIS2_PLACEMENT_3D('',#1852,#1853,#1854);
#1856=PLANE('',#1855);
#1857=ORIENTED_EDGE('',*,*,#1827,.T.);
#1858=ORIENTED_EDGE('',*,*,#1837,.T.);
#1860=ORIENTED_EDGE('',*,*,#1859,.T.);
#1861=ORIENTED_EDGE('',*,*,#1625,.F.);
#1862=ORIENTED_EDGE('',*,*,#1767,.F.);
#1863=ORIENTED_EDGE('',*,*,#1730,.T.);
#1865=ORIENTED_EDGE('',*,*,#1864,.F.);
#1867=ORIENTED_EDGE('',*,*,#1866,.F.);
#1869=ORIENTED_EDGE('',*,*,#1868,.F.);
#1870=ORIENTED_EDGE('',*,*,#1720,.T.);
#1872=ORIENTED_EDGE('',*,*,#1871,.T.);
#1873=ORIENTED_EDGE('',*,*,#1585,.F.);
#1874=EDGE_LOOP('',(#1857,#1858,#1860,#1861,#1862,#1863,#1865,#1867,#1869,#1870,
#1872,#1873));
#1875=FACE_OUTER_BOUND('',#1874,.F.);
#1877=ORIENTED_EDGE('',*,*,#1876,.F.);
#1879=ORIENTED_EDGE('',*,*,#1878,.F.);
#1880=EDGE_LOOP('',(#1877,#1879));
#1881=FACE_BOUND('',#1880,.F.);
#1882=ADVANCED_FACE('',(#1875,#1881),#1856,.T.);
#1883=CARTESIAN_POINT('',(0.E0,5.E1,4.399999999048E1));
#1884=DIRECTION('',(0.E0,0.E0,1.E0));
#1885=DIRECTION('',(0.E0,-1.E0,0.E0));
#1886=AXIS2_PLACEMENT_3D('',#1883,#1884,#1885);
#1887=CONICAL_SURFACE('',#1886,1.349999999048E1,4.5E1);
#1888=ORIENTED_EDGE('',*,*,#1876,.T.);
#1890=ORIENTED_EDGE('',*,*,#1889,.T.);
#1892=ORIENTED_EDGE('',*,*,#1891,.F.);
#1894=ORIENTED_EDGE('',*,*,#1893,.F.);
#1895=EDGE_LOOP('',(#1888,#1890,#1892,#1894));
#1896=FACE_OUTER_BOUND('',#1895,.F.);
#1897=ADVANCED_FACE('',(#1896),#1887,.F.);
#1898=CARTESIAN_POINT('',(0.E0,5.E1,4.399999999048E1));
#1899=DIRECTION('',(0.E0,0.E0,1.E0));
#1900=DIRECTION('',(0.E0,-1.E0,0.E0));
#1901=AXIS2_PLACEMENT_3D('',#1898,#1899,#1900);
#1902=CONICAL_SURFACE('',#1901,1.349999999048E1,4.5E1);
#1903=ORIENTED_EDGE('',*,*,#1878,.T.);
#1904=ORIENTED_EDGE('',*,*,#1893,.T.);
#1906=ORIENTED_EDGE('',*,*,#1905,.F.);
#1907=ORIENTED_EDGE('',*,*,#1889,.F.);
#1908=EDGE_LOOP('',(#1903,#1904,#1906,#1907));
#1909=FACE_OUTER_BOUND('',#1908,.F.);
#1910=ADVANCED_FACE('',(#1909),#1902,.F.);
#1911=CARTESIAN_POINT('',(0.E0,5.E1,4.5E1));
#1912=DIRECTION('',(0.E0,0.E0,-1.E0));
#1913=DIRECTION('',(-1.E0,0.E0,0.E0));
#1914=AXIS2_PLACEMENT_3D('',#1911,#1912,#1913);
#1915=CYLINDRICAL_SURFACE('',#1914,1.25E1);
#1916=ORIENTED_EDGE('',*,*,#1905,.T.);
#1918=ORIENTED_EDGE('',*,*,#1917,.T.);
#1920=ORIENTED_EDGE('',*,*,#1919,.T.);
#1922=ORIENTED_EDGE('',*,*,#1921,.T.);
#1924=ORIENTED_EDGE('',*,*,#1923,.F.);
#1925=EDGE_LOOP('',(#1916,#1918,#1920,#1922,#1924));
#1926=FACE_OUTER_BOUND('',#1925,.F.);
#1927=ADVANCED_FACE('',(#1926),#1915,.F.);
#1928=CARTESIAN_POINT('',(0.E0,5.E1,4.5E1));
#1929=DIRECTION('',(0.E0,0.E0,-1.E0));
#1930=DIRECTION('',(-1.E0,0.E0,0.E0));
#1931=AXIS2_PLACEMENT_3D('',#1928,#1929,#1930);
#1932=CYLINDRICAL_SURFACE('',#1931,1.25E1);
#1933=ORIENTED_EDGE('',*,*,#1891,.T.);
#1934=ORIENTED_EDGE('',*,*,#1923,.T.);
#1936=ORIENTED_EDGE('',*,*,#1935,.T.);
#1938=ORIENTED_EDGE('',*,*,#1937,.T.);
#1939=ORIENTED_EDGE('',*,*,#1917,.F.);
#1940=EDGE_LOOP('',(#1933,#1934,#1936,#1938,#1939));
#1941=FACE_OUTER_BOUND('',#1940,.F.);
#1942=ADVANCED_FACE('',(#1941),#1932,.F.);
#1943=CARTESIAN_POINT('',(0.E0,1.5E1,-1.2E2));
#1944=DIRECTION('',(-1.E0,0.E0,0.E0));
#1945=DIRECTION('',(0.E0,0.E0,-1.E0));
#1946=AXIS2_PLACEMENT_3D('',#1943,#1944,#1945);
#1947=TOROIDAL_SURFACE('',#1946,1.2E2,2.5E1);
#1948=ORIENTED_EDGE('',*,*,#1921,.F.);
#1950=ORIENTED_EDGE('',*,*,#1949,.T.);
#1952=ORIENTED_EDGE('',*,*,#1951,.F.);
#1954=ORIENTED_EDGE('',*,*,#1953,.T.);
#1956=ORIENTED_EDGE('',*,*,#1955,.T.);
#1958=ORIENTED_EDGE('',*,*,#1957,.F.);
#1960=ORIENTED_EDGE('',*,*,#1959,.T.);
#1962=ORIENTED_EDGE('',*,*,#1961,.T.);
#1963=ORIENTED_EDGE('',*,*,#1935,.F.);
#1964=EDGE_LOOP('',(#1948,#1950,#1952,#1954,#1956,#1958,#1960,#1962,#1963));
#1965=FACE_OUTER_BOUND('',#1964,.F.);
#1966=ADVANCED_FACE('',(#1965),#1947,.F.);
#1967=CARTESIAN_POINT('',(0.E0,1.5E1,-1.2E2));
#1968=DIRECTION('',(-1.E0,0.E0,0.E0));
#1969=DIRECTION('',(0.E0,0.E0,-1.E0));
#1970=AXIS2_PLACEMENT_3D('',#1967,#1968,#1969);
#1971=TOROIDAL_SURFACE('',#1970,1.2E2,2.5E1);
#1972=ORIENTED_EDGE('',*,*,#1919,.F.);
#1973=ORIENTED_EDGE('',*,*,#1937,.F.);
#1974=ORIENTED_EDGE('',*,*,#1961,.F.);
#1976=ORIENTED_EDGE('',*,*,#1975,.T.);
#1977=ORIENTED_EDGE('',*,*,#1957,.T.);
#1979=ORIENTED_EDGE('',*,*,#1978,.T.);
#1980=ORIENTED_EDGE('',*,*,#1953,.F.);
#1982=ORIENTED_EDGE('',*,*,#1981,.F.);
#1983=ORIENTED_EDGE('',*,*,#1949,.F.);
#1984=EDGE_LOOP('',(#1972,#1973,#1974,#1976,#1977,#1979,#1980,#1982,#1983));
#1985=FACE_OUTER_BOUND('',#1984,.F.);
#1986=ADVANCED_FACE('',(#1985),#1971,.F.);
#1987=CARTESIAN_POINT('',(0.E0,0.E0,0.E0));
#1988=DIRECTION('',(0.E0,1.E0,0.E0));
#1989=DIRECTION('',(0.E0,0.E0,1.E0));
#1990=AXIS2_PLACEMENT_3D('',#1987,#1988,#1989);
#1991=CYLINDRICAL_SURFACE('',#1990,2.5E1);
#1992=ORIENTED_EDGE('',*,*,#1845,.T.);
#1994=ORIENTED_EDGE('',*,*,#1993,.T.);
#1995=ORIENTED_EDGE('',*,*,#1975,.F.);
#1997=ORIENTED_EDGE('',*,*,#1996,.F.);
#1998=EDGE_LOOP('',(#1992,#1994,#1995,#1997));
#1999=FACE_OUTER_BOUND('',#1998,.F.);
#2000=ADVANCED_FACE('',(#1999),#1991,.F.);
#2001=CARTESIAN_POINT('',(0.E0,0.E0,0.E0));
#2002=DIRECTION('',(0.E0,1.E0,0.E0));
#2003=DIRECTION('',(0.E0,0.E0,1.E0));
#2004=AXIS2_PLACEMENT_3D('',#2001,#2002,#2003);
#2005=CYLINDRICAL_SURFACE('',#2004,2.5E1);
#2006=ORIENTED_EDGE('',*,*,#1847,.T.);
#2007=ORIENTED_EDGE('',*,*,#1996,.T.);
#2008=ORIENTED_EDGE('',*,*,#1959,.F.);
#2009=ORIENTED_EDGE('',*,*,#1993,.F.);
#2010=EDGE_LOOP('',(#2006,#2007,#2008,#2009));
#2011=FACE_OUTER_BOUND('',#2010,.F.);
#2012=ADVANCED_FACE('',(#2011),#2005,.F.);
#2013=CARTESIAN_POINT('',(1.E0,1.5E1,-1.2E2));
#2014=DIRECTION('',(0.E0,5.E-1,-8.660254037844E-1));
#2015=DIRECTION('',(0.E0,-8.660254037844E-1,-5.E-1));
#2016=AXIS2_PLACEMENT_3D('',#2013,#2014,#2015);
#2017=PLANE('',#2016);
#2019=ORIENTED_EDGE('',*,*,#2018,.F.);
#2021=ORIENTED_EDGE('',*,*,#2020,.F.);
#2022=EDGE_LOOP('',(#2019,#2021));
#2023=FACE_OUTER_BOUND('',#2022,.F.);
#2025=ORIENTED_EDGE('',*,*,#2024,.T.);
#2027=ORIENTED_EDGE('',*,*,#2026,.T.);
#2028=EDGE_LOOP('',(#2025,#2027));
#2029=FACE_BOUND('',#2028,.F.);
#2031=ORIENTED_EDGE('',*,*,#2030,.F.);
#2033=ORIENTED_EDGE('',*,*,#2032,.F.);
#2034=EDGE_LOOP('',(#2031,#2033));
#2035=FACE_BOUND('',#2034,.F.);
#2037=ORIENTED_EDGE('',*,*,#2036,.F.);
#2039=ORIENTED_EDGE('',*,*,#2038,.F.);
#2040=EDGE_LOOP('',(#2037,#2039));
#2041=FACE_BOUND('',#2040,.F.);
#2043=ORIENTED_EDGE('',*,*,#2042,.F.);
#2045=ORIENTED_EDGE('',*,*,#2044,.F.);
#2046=EDGE_LOOP('',(#2043,#2045));
#2047=FACE_BOUND('',#2046,.F.);
#2049=ORIENTED_EDGE('',*,*,#2048,.F.);
#2051=ORIENTED_EDGE('',*,*,#2050,.F.);
#2052=EDGE_LOOP('',(#2049,#2051));
#2053=FACE_BOUND('',#2052,.F.);
#2055=ORIENTED_EDGE('',*,*,#2054,.F.);
#2057=ORIENTED_EDGE('',*,*,#2056,.F.);
#2058=EDGE_LOOP('',(#2055,#2057));
#2059=FACE_BOUND('',#2058,.F.);
#2061=ORIENTED_EDGE('',*,*,#2060,.F.);
#2063=ORIENTED_EDGE('',*,*,#2062,.F.);
#2064=EDGE_LOOP('',(#2061,#2063));
#2065=FACE_BOUND('',#2064,.F.);
#2066=ADVANCED_FACE('',(#2023,#2029,#2035,#2041,#2047,#2053,#2059,#2065),#2017,
.T.);
#2067=CARTESIAN_POINT('',(1.E0,1.5E1,-1.2E2));
#2068=DIRECTION('',(0.E0,5.E-1,-8.660254037844E-1));
#2069=DIRECTION('',(0.E0,-8.660254037844E-1,-5.E-1));
#2070=AXIS2_PLACEMENT_3D('',#2067,#2068,#2069);
#2071=PLANE('',#2070);
#2073=ORIENTED_EDGE('',*,*,#2072,.F.);
#2075=ORIENTED_EDGE('',*,*,#2074,.F.);
#2076=EDGE_LOOP('',(#2073,#2075));
#2077=FACE_OUTER_BOUND('',#2076,.F.);
#2078=ORIENTED_EDGE('',*,*,#1978,.F.);
#2079=ORIENTED_EDGE('',*,*,#1955,.F.);
#2080=EDGE_LOOP('',(#2078,#2079));
#2081=FACE_BOUND('',#2080,.F.);
#2082=ADVANCED_FACE('',(#2077,#2081),#2071,.T.);
#2083=CARTESIAN_POINT('',(0.E0,1.189230484541E2,-6.E1));
#2084=DIRECTION('',(0.E0,5.E-1,-8.660254037844E-1));
#2085=DIRECTION('',(-1.E0,0.E0,0.E0));
#2086=AXIS2_PLACEMENT_3D('',#2083,#2084,#2085);
#2087=CYLINDRICAL_SURFACE('',#2086,5.5E1);
#2088=ORIENTED_EDGE('',*,*,#2018,.T.);
#2090=ORIENTED_EDGE('',*,*,#2089,.T.);
#2092=ORIENTED_EDGE('',*,*,#2091,.F.);
#2094=ORIENTED_EDGE('',*,*,#2093,.F.);
#2095=EDGE_LOOP('',(#2088,#2090,#2092,#2094));
#2096=FACE_OUTER_BOUND('',#2095,.F.);
#2097=ADVANCED_FACE('',(#2096),#2087,.T.);
#2098=CARTESIAN_POINT('',(0.E0,1.189230484541E2,-6.E1));
#2099=DIRECTION('',(0.E0,5.E-1,-8.660254037844E-1));
#2100=DIRECTION('',(-1.E0,0.E0,0.E0));
#2101=AXIS2_PLACEMENT_3D('',#2098,#2099,#2100);
#2102=CYLINDRICAL_SURFACE('',#2101,5.5E1);
#2103=ORIENTED_EDGE('',*,*,#2020,.T.);
#2104=ORIENTED_EDGE('',*,*,#2093,.T.);
#2106=ORIENTED_EDGE('',*,*,#2105,.F.);
#2107=ORIENTED_EDGE('',*,*,#2089,.F.);
#2108=EDGE_LOOP('',(#2103,#2104,#2106,#2107));
#2109=FACE_OUTER_BOUND('',#2108,.F.);
#2110=ADVANCED_FACE('',(#2109),#2102,.T.);
#2111=CARTESIAN_POINT('',(0.E0,4.971152422707E1,-8.610288568297E1));
#2112=DIRECTION('',(0.E0,5.E-1,-8.660254037844E-1));
#2113=DIRECTION('',(-1.E0,0.E0,0.E0));
#2114=AXIS2_PLACEMENT_3D('',#2111,#2112,#2113);
#2115=PLANE('',#2114);
#2116=ORIENTED_EDGE('',*,*,#2091,.T.);
#2117=ORIENTED_EDGE('',*,*,#2105,.T.);
#2118=EDGE_LOOP('',(#2116,#2117));
#2119=FACE_OUTER_BOUND('',#2118,.F.);
#2121=ORIENTED_EDGE('',*,*,#2120,.F.);
#2123=ORIENTED_EDGE('',*,*,#2122,.F.);
#2124=EDGE_LOOP('',(#2121,#2123));
#2125=FACE_BOUND('',#2124,.F.);
#2127=ORIENTED_EDGE('',*,*,#2126,.T.);
#2129=ORIENTED_EDGE('',*,*,#2128,.T.);
#2130=EDGE_LOOP('',(#2127,#2129));
#2131=FACE_BOUND('',#2130,.F.);
#2133=ORIENTED_EDGE('',*,*,#2132,.T.);
#2135=ORIENTED_EDGE('',*,*,#2134,.T.);
#2136=EDGE_LOOP('',(#2133,#2135));
#2137=FACE_BOUND('',#2136,.F.);
#2139=ORIENTED_EDGE('',*,*,#2138,.T.);
#2141=ORIENTED_EDGE('',*,*,#2140,.T.);
#2142=EDGE_LOOP('',(#2139,#2141));
#2143=FACE_BOUND('',#2142,.F.);
#2145=ORIENTED_EDGE('',*,*,#2144,.T.);
#2147=ORIENTED_EDGE('',*,*,#2146,.T.);
#2148=EDGE_LOOP('',(#2145,#2147));
#2149=FACE_BOUND('',#2148,.F.);
#2151=ORIENTED_EDGE('',*,*,#2150,.T.);
#2153=ORIENTED_EDGE('',*,*,#2152,.T.);
#2154=EDGE_LOOP('',(#2151,#2153));
#2155=FACE_BOUND('',#2154,.F.);
#2157=ORIENTED_EDGE('',*,*,#2156,.T.);
#2159=ORIENTED_EDGE('',*,*,#2158,.T.);
#2160=EDGE_LOOP('',(#2157,#2159));
#2161=FACE_BOUND('',#2160,.F.);
#2162=ADVANCED_FACE('',(#2119,#2125,#2131,#2137,#2143,#2149,#2155,#2161),#2115,
.F.);
#2163=CARTESIAN_POINT('',(0.E0,1.5E1,-1.2E2));
#2164=DIRECTION('',(-1.E0,0.E0,0.E0));
#2165=DIRECTION('',(0.E0,0.E0,-1.E0));
#2166=AXIS2_PLACEMENT_3D('',#2163,#2164,#2165);
#2167=TOROIDAL_SURFACE('',#2166,1.2E2,3.E1);
#2169=ORIENTED_EDGE('',*,*,#2168,.T.);
#2171=ORIENTED_EDGE('',*,*,#2170,.T.);
#2173=ORIENTED_EDGE('',*,*,#2172,.T.);
#2175=ORIENTED_EDGE('',*,*,#2174,.T.);
#2177=ORIENTED_EDGE('',*,*,#2176,.T.);
#2179=ORIENTED_EDGE('',*,*,#2178,.T.);
#2180=ORIENTED_EDGE('',*,*,#2120,.T.);
#2182=ORIENTED_EDGE('',*,*,#2181,.F.);
#2183=ORIENTED_EDGE('',*,*,#1724,.F.);
#2185=ORIENTED_EDGE('',*,*,#2184,.T.);
#2187=ORIENTED_EDGE('',*,*,#2186,.T.);
#2189=ORIENTED_EDGE('',*,*,#2188,.T.);
#2190=EDGE_LOOP('',(#2169,#2171,#2173,#2175,#2177,#2179,#2180,#2182,#2183,#2185,
#2187,#2189));
#2191=FACE_OUTER_BOUND('',#2190,.F.);
#2192=ADVANCED_FACE('',(#2191),#2167,.T.);
#2193=CARTESIAN_POINT('',(-1.465504542571E-1,9.616400511144E1,
6.161314298143E0));
#2194=CARTESIAN_POINT('',(-9.770237334111E-2,9.616416207503E1,
6.161497733145E0));
#2195=CARTESIAN_POINT('',(1.039913401036E0,9.616599013781E1,6.163634053481E0));
#2196=CARTESIAN_POINT('',(3.267721449841E0,9.608631936992E1,6.070540270388E0));
#2197=CARTESIAN_POINT('',(6.622890451643E0,9.572352180058E1,5.646661366188E0));
#2198=CARTESIAN_POINT('',(8.892630643977E0,9.529731184016E1,5.148794661298E0));
#2199=CARTESIAN_POINT('',(1.008511535848E1,9.501867557818E1,4.823380011824E0));
#2200=CARTESIAN_POINT('',(1.013104776399E1,9.500785972274E1,4.810748422838E0));
#2201=CARTESIAN_POINT('',(-1.467965584433E-1,9.762509821618E1,
5.000518526395E0));
#2202=CARTESIAN_POINT('',(-9.786645346019E-2,9.762525643194E1,
5.000703349765E0));
#2203=CARTESIAN_POINT('',(1.041659822255E0,9.762709901624E1,5.002855989963E0));
#2204=CARTESIAN_POINT('',(3.273208873653E0,9.754683082184E1,4.909021109293E0));
#2205=CARTESIAN_POINT('',(6.633267447462E0,9.718135734247E1,4.481816213221E0));
#2206=CARTESIAN_POINT('',(8.905225315498E0,9.675210034195E1,3.980169348584E0));
#2207=CARTESIAN_POINT('',(1.009837901421E1,9.647153525982E1,3.652370508225E0));
#2208=CARTESIAN_POINT('',(1.014433642818E1,9.646064456470E1,3.639646533856E0));
#2209=CARTESIAN_POINT('',(-1.537066261420E-1,9.946954656440E1,
5.283719325160E0));
#2210=CARTESIAN_POINT('',(-1.024732683373E-1,9.946971193567E1,
5.283914260721E0));
#2211=CARTESIAN_POINT('',(1.090693317079E0,9.947163780786E1,5.286184784621E0));
#2212=CARTESIAN_POINT('',(3.427286626688E0,9.938776668823E1,5.187190156048E0));
#2213=CARTESIAN_POINT('',(6.944981255083E0,9.900593255364E1,4.736521415387E0));
#2214=CARTESIAN_POINT('',(9.322751430594E0,9.855755801656E1,4.207394166031E0));
#2215=CARTESIAN_POINT('',(1.057112079348E1,9.826456263215E1,3.861688018360E0));
#2216=CARTESIAN_POINT('',(1.061920444103E1,9.825318947781E1,3.848269045988E0));
#2217=CARTESIAN_POINT('',(-1.628512728666E-1,1.005150504658E2,
6.829383708168E0));
#2218=CARTESIAN_POINT('',(-1.085698289078E-1,1.005152243092E2,
6.829590997784E0));
#2219=CARTESIAN_POINT('',(1.155583194700E0,1.005172488477E2,6.832005405243E0));
#2220=CARTESIAN_POINT('',(3.631190175978E0,1.004290787955E2,6.726739800064E0));
#2221=CARTESIAN_POINT('',(7.358221921266E0,1.000276865141E2,6.247509792053E0));
#2222=CARTESIAN_POINT('',(9.877572870833E0,9.955637837093E1,5.684816983258E0));
#2223=CARTESIAN_POINT('',(1.120031108867E1,9.924841908180E1,5.317159076409E0));
#2224=CARTESIAN_POINT('',(1.125125926963E1,9.923646510721E1,5.302887990261E0));
#2225=(BOUNDED_SURFACE()B_SPLINE_SURFACE(3,3,((#2193,#2194,#2195,#2196,#2197,
#2198,#2199,#2200),(#2201,#2202,#2203,#2204,#2205,#2206,#2207,#2208),(#2209,
#2210,#2211,#2212,#2213,#2214,#2215,#2216),(#2217,#2218,#2219,#2220,#2221,#2222,
#2223,#2224)),.UNSPECIFIED.,.F.,.F.,.F.)B_SPLINE_SURFACE_WITH_KNOTS((4,4),(4,1,
1,1,1,4),(0.E0,1.E0),(-1.438769951277E-2,0.E0,3.206695372838E-1,
6.412561574368E-1,1.E0,1.014385682710E0),.UNSPECIFIED.)GEOMETRIC_REPRESENTATION_ITEM()RATIONAL_B_SPLINE_SURFACE(((1.190832199507E0,1.190832199507E0,
1.190832199507E0,1.190832199507E0,1.190832199507E0,1.190832199507E0,
1.190832199507E0,1.190832199507E0),(9.363892668309E-1,9.363892668309E-1,
9.363892668309E-1,9.363892668309E-1,9.363892668309E-1,9.363892668309E-1,
9.363892668309E-1,9.363892668309E-1),(9.363892668309E-1,9.363892668309E-1,
9.363892668309E-1,9.363892668309E-1,9.363892668309E-1,9.363892668309E-1,
9.363892668309E-1,9.363892668309E-1),(1.190832199507E0,1.190832199507E0,
1.190832199507E0,1.190832199507E0,1.190832199507E0,1.190832199507E0,
1.190832199507E0,1.190832199507E0)))REPRESENTATION_ITEM('')SURFACE());
#2226=ORIENTED_EDGE('',*,*,#2168,.F.);
#2228=ORIENTED_EDGE('',*,*,#2227,.T.);
#2230=ORIENTED_EDGE('',*,*,#2229,.T.);
#2232=ORIENTED_EDGE('',*,*,#2231,.F.);
#2233=EDGE_LOOP('',(#2226,#2228,#2230,#2232));
#2234=FACE_OUTER_BOUND('',#2233,.F.);
#2235=ADVANCED_FACE('',(#2234),#2225,.F.);
#2236=CARTESIAN_POINT('',(-1.013105593348E1,9.500785741687E1,4.810745727968E0));
#2237=CARTESIAN_POINT('',(-1.008512049729E1,9.501867408387E1,4.823378262608E0));
#2238=CARTESIAN_POINT('',(-9.014116294703E0,9.526892827263E1,5.115646004300E0));
#2239=CARTESIAN_POINT('',(-6.874253514759E0,9.568057558193E1,5.596490091757E0));
#2240=CARTESIAN_POINT('',(-3.526644620821E0,9.607185402048E1,6.053637092889E0));
#2241=CARTESIAN_POINT('',(-1.169085112627E0,9.616619470997E1,6.163873085661E0));
#2242=CARTESIAN_POINT('',(9.769357225633E-2,9.616416236312E1,6.161498073295E0));
#2243=CARTESIAN_POINT('',(1.465367855011E-1,9.616400551071E1,6.161314765640E0));
#2244=CARTESIAN_POINT('',(-1.014434460239E1,9.646064223020E1,3.639643835491E0));
#2245=CARTESIAN_POINT('',(-1.009838415600E1,9.647153374019E1,3.652368762646E0));
#2246=CARTESIAN_POINT('',(-9.026779110241E0,9.672352045532E1,3.946777630969E0));
#2247=CARTESIAN_POINT('',(-6.884915075464E0,9.713809948187E1,4.431258328079E0));
#2248=CARTESIAN_POINT('',(-3.532566687907E0,9.753225655282E1,4.891982107853E0));
#2249=CARTESIAN_POINT('',(-1.171048465595E0,9.762730504111E1,5.003097062177E0));
#2250=CARTESIAN_POINT('',(9.785763764606E-2,9.762525673656E1,5.000703676364E0));
#2251=CARTESIAN_POINT('',(1.467828668300E-1,9.762509863013E1,5.000518981820E0));
#2252=CARTESIAN_POINT('',(-1.061921299362E1,9.825318703170E1,3.848266211178E0));
#2253=CARTESIAN_POINT('',(-1.057112617328E1,9.826456103489E1,3.861686188803E0));
#2254=CARTESIAN_POINT('',(-9.449930372772E0,9.852771202114E1,4.172178161423E0));
#2255=CARTESIAN_POINT('',(-7.208376662346E0,9.896074349217E1,4.683190733153E0));
#2256=CARTESIAN_POINT('',(-3.698852917220E0,9.937253768606E1,5.169213466057E0));
#2257=CARTESIAN_POINT('',(-1.226172604096E0,9.947185303103E1,5.286439204427E0));
#2258=CARTESIAN_POINT('',(1.024640375774E-1,9.946971226372E1,5.283914594107E0));
#2259=CARTESIAN_POINT('',(1.536922901005E-1,9.946954700420E1,5.283719795113E0));
#2260=CARTESIAN_POINT('',(-1.125126833171E1,9.923646253808E1,5.302884973518E0));
#2261=CARTESIAN_POINT('',(-1.120031678896E1,9.924841740435E1,5.317157129091E0));
#2262=CARTESIAN_POINT('',(-1.001232821905E1,9.952500805844E1,5.647364841453E0));
#2263=CARTESIAN_POINT('',(-7.637297942802E0,9.998018460126E1,6.190797501756E0));
#2264=CARTESIAN_POINT('',(-3.918913087565E0,1.004130689335E2,6.707624619491E0));
#2265=CARTESIAN_POINT('',(-1.299122707320E0,1.005174751186E2,6.832275924334E0));
#2266=CARTESIAN_POINT('',(1.085600489679E-1,1.005152246526E2,6.829591353945E0));
#2267=CARTESIAN_POINT('',(1.628360839072E-1,1.005150509261E2,6.829384209936E0));
#2268=(BOUNDED_SURFACE()B_SPLINE_SURFACE(3,3,((#2236,#2237,#2238,#2239,#2240,
#2241,#2242,#2243),(#2244,#2245,#2246,#2247,#2248,#2249,#2250,#2251),(#2252,
#2253,#2254,#2255,#2256,#2257,#2258,#2259),(#2260,#2261,#2262,#2263,#2264,#2265,
#2266,#2267)),.UNSPECIFIED.,.F.,.F.,.F.)B_SPLINE_SURFACE_WITH_KNOTS((4,4),(4,1,
1,1,1,4),(0.E0,1.E0),(-1.438668213061E-2,0.E0,3.207349441806E-1,
6.412903925928E-1,1.E0,1.014386234920E0),.UNSPECIFIED.)GEOMETRIC_REPRESENTATION_ITEM()RATIONAL_B_SPLINE_SURFACE(((1.190832199507E0,1.190832199507E0,
1.190832199507E0,1.190832199507E0,1.190832199507E0,1.190832199507E0,
1.190832199507E0,1.190832199507E0),(9.363892668309E-1,9.363892668309E-1,
9.363892668309E-1,9.363892668309E-1,9.363892668309E-1,9.363892668309E-1,
9.363892668309E-1,9.363892668309E-1),(9.363892668309E-1,9.363892668309E-1,
9.363892668309E-1,9.363892668309E-1,9.363892668309E-1,9.363892668309E-1,
9.363892668309E-1,9.363892668309E-1),(1.190832199507E0,1.190832199507E0,
1.190832199507E0,1.190832199507E0,1.190832199507E0,1.190832199507E0,
1.190832199507E0,1.190832199507E0)))REPRESENTATION_ITEM('')SURFACE());
#2270=ORIENTED_EDGE('',*,*,#2269,.F.);
#2272=ORIENTED_EDGE('',*,*,#2271,.T.);
#2274=ORIENTED_EDGE('',*,*,#2273,.T.);
#2275=ORIENTED_EDGE('',*,*,#2227,.F.);
#2276=EDGE_LOOP('',(#2270,#2272,#2274,#2275));
#2277=FACE_OUTER_BOUND('',#2276,.F.);
#2278=ADVANCED_FACE('',(#2277),#2268,.F.);
#2279=CARTESIAN_POINT('',(0.E0,1.5E1,-1.2E2));
#2280=DIRECTION('',(-1.E0,0.E0,0.E0));
#2281=DIRECTION('',(0.E0,0.E0,-1.E0));
#2282=AXIS2_PLACEMENT_3D('',#2279,#2280,#2281);
#2283=TOROIDAL_SURFACE('',#2282,1.2E2,3.E1);
#2285=ORIENTED_EDGE('',*,*,#2284,.T.);
#2287=ORIENTED_EDGE('',*,*,#2286,.T.);
#2289=ORIENTED_EDGE('',*,*,#2288,.T.);
#2291=ORIENTED_EDGE('',*,*,#2290,.T.);
#2292=ORIENTED_EDGE('',*,*,#2269,.T.);
#2293=ORIENTED_EDGE('',*,*,#2188,.F.);
#2295=ORIENTED_EDGE('',*,*,#2294,.T.);
#2297=ORIENTED_EDGE('',*,*,#2296,.F.);
#2298=ORIENTED_EDGE('',*,*,#1726,.F.);
#2299=ORIENTED_EDGE('',*,*,#2181,.T.);
#2300=ORIENTED_EDGE('',*,*,#2122,.T.);
#2301=ORIENTED_EDGE('',*,*,#2178,.F.);
#2302=EDGE_LOOP('',(#2285,#2287,#2289,#2291,#2292,#2293,#2295,#2297,#2298,#2299,
#2300,#2301));
#2303=FACE_OUTER_BOUND('',#2302,.F.);
#2304=ADVANCED_FACE('',(#2303),#2283,.T.);
#2305=CARTESIAN_POINT('',(1.465504436978E-1,1.251506588718E2,
-1.816137618011E1));
#2306=CARTESIAN_POINT('',(9.770236710924E-2,1.251508122635E2,
-1.816118974811E1));
#2307=CARTESIAN_POINT('',(-1.040204182021E0,1.251525991409E2,
-1.815901793984E1));
#2308=CARTESIAN_POINT('',(-3.268194700373E0,1.250747271048E2,
-1.825367700667E1));
#2309=CARTESIAN_POINT('',(-6.623348740178E0,1.247202363241E2,
-1.868463030034E1));
#2310=CARTESIAN_POINT('',(-8.892801016543E0,1.243039825290E2,
-1.919077188664E1));
#2311=CARTESIAN_POINT('',(-1.008511535169E1,1.240319351999E2,
-1.952163543493E1));
#2312=CARTESIAN_POINT('',(-1.013104775396E1,1.240213736669E2,
-1.953448042534E1));
#2313=CARTESIAN_POINT('',(1.467965478674E-1,1.237537820411E2,
-1.692405043313E1));
#2314=CARTESIAN_POINT('',(9.786644721851E-2,1.237539365826E2,
-1.692386252686E1));
#2315=CARTESIAN_POINT('',(-1.041951091586E0,1.237557370139E2,
-1.692167357935E1));
#2316=CARTESIAN_POINT('',(-3.273682918458E0,1.236772386599E2,
-1.701704993926E1));
#2317=CARTESIAN_POINT('',(-6.633726245685E0,1.233199366994E2,
-1.745121648378E1));
#2318=CARTESIAN_POINT('',(-8.905395783629E0,1.229004895998E2,
-1.796101487666E1));
#2319=CARTESIAN_POINT('',(-1.009837900742E1,1.226264295258E2,
-1.829419162280E1));
#2320=CARTESIAN_POINT('',(-1.014433641814E1,1.226157900069E2,
-1.830712635849E1));
#2321=CARTESIAN_POINT('',(1.537066150690E-1,1.237123952890E2,
-1.505844609715E1));
#2322=CARTESIAN_POINT('',(1.024732618023E-1,1.237125585465E2,
-1.505824938810E1));
#2323=CARTESIAN_POINT('',(-1.090998297184E0,1.237144606335E2,
-1.505595792169E1));
#2324=CARTESIAN_POINT('',(-3.427782985594E0,1.236315050007E2,
-1.515578000792E1));
#2325=CARTESIAN_POINT('',(-6.945461465086E0,1.232539337741E2,
-1.561013597604E1));
#2326=CARTESIAN_POINT('',(-9.322929787483E0,1.228107457153E2,
-1.614353117744E1));
#2327=CARTESIAN_POINT('',(-1.057112078637E1,1.225212110970E2,
-1.649205676100E1));
#2328=CARTESIAN_POINT('',(-1.061920443052E1,1.225099709169E2,
-1.650558731142E1));
#2329=CARTESIAN_POINT('',(1.628512611348E-1,1.250530277097E2,
-1.376042394581E1));
#2330=CARTESIAN_POINT('',(1.085698219839E-1,1.250532016624E2,
-1.376021674809E1));
#2331=CARTESIAN_POINT('',(-1.155906319338E0,1.250552283454E2,
-1.375780309822E1));
#2332=CARTESIAN_POINT('',(-3.631716065375E0,1.249668416086E2,
-1.386294961341E1));
#2333=CARTESIAN_POINT('',(-7.358730720093E0,1.245645357202E2,
-1.434152966650E1));
#2334=CARTESIAN_POINT('',(-9.877761852941E0,1.240922771093E2,
-1.490333601793E1));
#2335=CARTESIAN_POINT('',(-1.120031108113E1,1.237837253998E2,
-1.527040740463E1));
#2336=CARTESIAN_POINT('',(-1.125125925850E1,1.237717469097E2,
-1.528465791931E1));
#2337=(BOUNDED_SURFACE()B_SPLINE_SURFACE(3,3,((#2305,#2306,#2307,#2308,#2309,
#2310,#2311,#2312),(#2313,#2314,#2315,#2316,#2317,#2318,#2319,#2320),(#2321,
#2322,#2323,#2324,#2325,#2326,#2327,#2328),(#2329,#2330,#2331,#2332,#2333,#2334,
#2335,#2336)),.UNSPECIFIED.,.F.,.F.,.F.)B_SPLINE_SURFACE_WITH_KNOTS((4,4),(4,1,
1,1,1,4),(0.E0,1.E0),(-1.438769764892E-2,0.E0,3.207551604511E-1,
6.413094508434E-1,1.E0,1.014385682362E0),.UNSPECIFIED.)GEOMETRIC_REPRESENTATION_ITEM()RATIONAL_B_SPLINE_SURFACE(((1.190832199507E0,1.190832199507E0,
1.190832199507E0,1.190832199507E0,1.190832199507E0,1.190832199507E0,
1.190832199507E0,1.190832199507E0),(9.363892668309E-1,9.363892668309E-1,
9.363892668309E-1,9.363892668309E-1,9.363892668309E-1,9.363892668309E-1,
9.363892668309E-1,9.363892668309E-1),(9.363892668309E-1,9.363892668309E-1,
9.363892668309E-1,9.363892668309E-1,9.363892668309E-1,9.363892668309E-1,
9.363892668309E-1,9.363892668309E-1),(1.190832199507E0,1.190832199507E0,
1.190832199507E0,1.190832199507E0,1.190832199507E0,1.190832199507E0,
1.190832199507E0,1.190832199507E0)))REPRESENTATION_ITEM('')SURFACE());
#2338=ORIENTED_EDGE('',*,*,#2284,.F.);
#2340=ORIENTED_EDGE('',*,*,#2339,.T.);
#2342=ORIENTED_EDGE('',*,*,#2341,.T.);
#2344=ORIENTED_EDGE('',*,*,#2343,.F.);
#2345=EDGE_LOOP('',(#2338,#2340,#2342,#2344));
#2346=FACE_OUTER_BOUND('',#2345,.F.);
#2347=ADVANCED_FACE('',(#2346),#2337,.F.);
#2348=CARTESIAN_POINT('',(1.013105593679E1,1.240213714122E2,-1.953448316564E1));
#2349=CARTESIAN_POINT('',(1.008512049990E1,1.240319337358E2,-1.952163721134E1));
#2350=CARTESIAN_POINT('',(9.013980515509E0,1.242763360692E2,-1.922439550845E1));
#2351=CARTESIAN_POINT('',(6.874025270417E0,1.246783998765E2,-1.873549630175E1));
#2352=CARTESIAN_POINT('',(3.526410095434E0,1.250606317182E2,-1.827081025928E1));
#2353=CARTESIAN_POINT('',(1.168995242517E0,1.251527984303E2,-1.815877568262E1));
#2354=CARTESIAN_POINT('',(-9.769357469548E-2,1.251508125475E2,
-1.816118940649E1));
#2355=CARTESIAN_POINT('',(-1.465367892363E-1,1.251506592616E2,
-1.816137570730E1));
#2356=CARTESIAN_POINT('',(1.014434460571E1,1.226157877535E2,-1.830712912753E1));
#2357=CARTESIAN_POINT('',(1.009838415862E1,1.226264280697E2,-1.829419342347E1));
#2358=CARTESIAN_POINT('',(9.026643254889E0,1.228726383804E2,-1.799487344896E1));
#2359=CARTESIAN_POINT('',(6.884686568214E0,1.232777745259E2,-1.750245550126E1));
#2360=CARTESIAN_POINT('',(3.532331768735E0,1.236630287444E2,-1.703431368023E1));
#2361=CARTESIAN_POINT('',(1.170958444560E0,1.237559380549E2,-1.692142954256E1));
#2362=CARTESIAN_POINT('',(-9.785764008944E-2,1.237539368504E2,
-1.692386217135E1));
#2363=CARTESIAN_POINT('',(-1.467828705717E-1,1.237537824165E2,
-1.692404994798E1));
#2364=CARTESIAN_POINT('',(1.061921299709E1,1.225099685484E2,-1.650559021407E1));
#2365=CARTESIAN_POINT('',(1.057112617602E1,1.225212095716E2,-1.649205865270E1));
#2366=CARTESIAN_POINT('',(9.449788230441E0,1.227813217549E2,-1.617894946781E1));
#2367=CARTESIAN_POINT('',(7.208137484377E0,1.232093828483E2,-1.566375180880E1));
#2368=CARTESIAN_POINT('',(3.698606939875E0,1.236164875762E2,-1.517384912830E1));
#2369=CARTESIAN_POINT('',(1.226078345549E0,1.237146731881E2,-1.505570254208E1));
#2370=CARTESIAN_POINT('',(-1.024640401359E-1,1.237125588169E2,
-1.505824900841E1));
#2371=CARTESIAN_POINT('',(-1.536922940184E-1,1.237123956741E2,
-1.505844558410E1));
#2372=CARTESIAN_POINT('',(1.125126833538E1,1.237717443833E2,-1.528466097480E1));
#2373=CARTESIAN_POINT('',(1.120031679186E1,1.237837237722E2,-1.527040939580E1));
#2374=CARTESIAN_POINT('',(1.001217760890E1,1.240609205605E2,-1.494063900764E1));
#2375=CARTESIAN_POINT('',(7.637044526277E0,1.245170642168E2,-1.439800256446E1));
#2376=CARTESIAN_POINT('',(3.918652476001E0,1.249508413119E2,-1.388198275243E1));
#2377=CARTESIAN_POINT('',(1.299022840941E0,1.250554547953E2,-1.375753408333E1));
#2378=CARTESIAN_POINT('',(-1.085600516786E-1,1.250532019526E2,
-1.376021634942E1));
#2379=CARTESIAN_POINT('',(-1.628360880582E-1,1.250530281226E2,
-1.376042340717E1));
#2380=(BOUNDED_SURFACE()B_SPLINE_SURFACE(3,3,((#2348,#2349,#2350,#2351,#2352,
#2353,#2354,#2355),(#2356,#2357,#2358,#2359,#2360,#2361,#2362,#2363),(#2364,
#2365,#2366,#2367,#2368,#2369,#2370,#2371),(#2372,#2373,#2374,#2375,#2376,#2377,
#2378,#2379)),.UNSPECIFIED.,.F.,.F.,.F.)B_SPLINE_SURFACE_WITH_KNOTS((4,4),(4,1,
1,1,1,4),(0.E0,1.E0),(-1.438668204879E-2,0.E0,3.207774209357E-1,
6.413168535445E-1,1.E0,1.014386235590E0),.UNSPECIFIED.)GEOMETRIC_REPRESENTATION_ITEM()RATIONAL_B_SPLINE_SURFACE(((1.190832199507E0,1.190832199507E0,
1.190832199507E0,1.190832199507E0,1.190832199507E0,1.190832199507E0,
1.190832199507E0,1.190832199507E0),(9.363892668309E-1,9.363892668309E-1,
9.363892668309E-1,9.363892668309E-1,9.363892668309E-1,9.363892668309E-1,
9.363892668309E-1,9.363892668309E-1),(9.363892668309E-1,9.363892668309E-1,
9.363892668309E-1,9.363892668309E-1,9.363892668309E-1,9.363892668309E-1,
9.363892668309E-1,9.363892668309E-1),(1.190832199507E0,1.190832199507E0,
1.190832199507E0,1.190832199507E0,1.190832199507E0,1.190832199507E0,
1.190832199507E0,1.190832199507E0)))REPRESENTATION_ITEM('')SURFACE());
#2381=ORIENTED_EDGE('',*,*,#2176,.F.);
#2383=ORIENTED_EDGE('',*,*,#2382,.T.);
#2385=ORIENTED_EDGE('',*,*,#2384,.T.);
#2386=ORIENTED_EDGE('',*,*,#2339,.F.);
#2387=EDGE_LOOP('',(#2381,#2383,#2385,#2386));
#2388=FACE_OUTER_BOUND('',#2387,.F.);
#2389=ADVANCED_FACE('',(#2388),#2380,.F.);
#2390=CARTESIAN_POINT('',(1.892503133076E1,1.153392580874E2,-1.673402739544E1));
#2391=CARTESIAN_POINT('',(1.893063404811E1,1.154069416799E2,-1.680287599832E1));
#2392=CARTESIAN_POINT('',(1.896115151533E1,1.159415009744E2,-1.733537867991E1));
#2393=CARTESIAN_POINT('',(1.881846284353E1,1.170534880207E2,-1.828597452717E1));
#2394=CARTESIAN_POINT('',(1.811924309312E1,1.187044716413E2,-1.933984039829E1));
#2395=CARTESIAN_POINT('',(1.696902834679E1,1.203087510500E2,-2.004700862389E1));
#2396=CARTESIAN_POINT('',(1.547073079797E1,1.217301733528E2,-2.038963406122E1));
#2397=CARTESIAN_POINT('',(1.373701029447E1,1.228768627786E2,-2.039311226555E1));
#2398=CARTESIAN_POINT('',(1.187237288278E1,1.236857621862E2,-2.009374402335E1));
#2399=CARTESIAN_POINT('',(1.054156548426E1,1.239892860518E2,-1.969886805351E1));
#2400=CARTESIAN_POINT('',(9.857302506371E0,1.240695384862E2,-1.944663789320E1));
#2401=CARTESIAN_POINT('',(9.789680940452E0,1.240767035438E2,-1.942121028712E1));
#2402=CARTESIAN_POINT('',(1.706029044173E1,1.154091963807E2,-1.674156727626E1));
#2403=CARTESIAN_POINT('',(1.706530688221E1,1.154627574358E2,-1.679853407651E1));
#2404=CARTESIAN_POINT('',(1.709343326265E1,1.158870005540E2,-1.723825438052E1));
#2405=CARTESIAN_POINT('',(1.697855454493E1,1.167859161217E2,-1.801002182050E1));
#2406=CARTESIAN_POINT('',(1.640101842705E1,1.181442733596E2,-1.881916738718E1));
#2407=CARTESIAN_POINT('',(1.545805118428E1,1.194744340901E2,-1.929755360128E1));
#2408=CARTESIAN_POINT('',(1.424867199688E1,1.206575586084E2,-1.944127262369E1));
#2409=CARTESIAN_POINT('',(1.287573409812E1,1.216176432942E2,-1.928870445326E1));
#2410=CARTESIAN_POINT('',(1.142952231787E1,1.223064954367E2,-1.888855575187E1));
#2411=CARTESIAN_POINT('',(1.041869339382E1,1.225815173534E2,-1.846940633725E1));
#2412=CARTESIAN_POINT('',(9.904148961695E0,1.226645662514E2,-1.821928820039E1));
#2413=CARTESIAN_POINT('',(9.853349242203E0,1.226721849647E2,-1.819421772986E1));
#2414=CARTESIAN_POINT('',(1.582582671021E1,1.164302128782E2,-1.578464199299E1));
#2415=CARTESIAN_POINT('',(1.582895063893E1,1.164684216578E2,-1.582760660963E1));
#2416=CARTESIAN_POINT('',(1.584565099400E1,1.167717860995E2,-1.615823403274E1));
#2417=CARTESIAN_POINT('',(1.576102887150E1,1.174263743818E2,-1.672356071919E1));
#2418=CARTESIAN_POINT('',(1.535209051248E1,1.184580409778E2,-1.728774282958E1));
#2419=CARTESIAN_POINT('',(1.467660548098E1,1.195241194037E2,-1.758818547037E1));
#2420=CARTESIAN_POINT('',(1.378925202119E1,1.205352456091E2,-1.762478523613E1));
#2421=CARTESIAN_POINT('',(1.275206708386E1,1.214193875536E2,-1.742741526619E1));
#2422=CARTESIAN_POINT('',(1.162461205480E1,1.221181081935E2,-1.703381518937E1));
#2423=CARTESIAN_POINT('',(1.081154737257E1,1.224472165233E2,-1.664737344728E1));
#2424=CARTESIAN_POINT('',(1.039145077076E1,1.225679099080E2,-1.642052762328E1));
#2425=CARTESIAN_POINT('',(1.034991567391E1,1.225793448778E2,-1.639782509055E1));
#2426=CARTESIAN_POINT('',(1.601293706221E1,1.177478313121E2,-1.447664505065E1));
#2427=CARTESIAN_POINT('',(1.601407535301E1,1.177792989572E2,-1.451246256675E1));
#2428=CARTESIAN_POINT('',(1.601763887890E1,1.180287060092E2,-1.478761564373E1));
#2429=CARTESIAN_POINT('',(1.594632537615E1,1.185643261123E2,-1.525121870229E1));
#2430=CARTESIAN_POINT('',(1.564482696397E1,1.194446480104E2,-1.572721690598E1));
#2431=CARTESIAN_POINT('',(1.512560152456E1,1.204259584765E2,-1.601461706004E1));
#2432=CARTESIAN_POINT('',(1.438696118702E1,1.214416375495E2,-1.610454866331E1));
#2433=CARTESIAN_POINT('',(1.344528037627E1,1.224091783978E2,-1.600233962852E1));
#2434=CARTESIAN_POINT('',(1.233258867550E1,1.232413575454E2,-1.571841956156E1));
#2435=CARTESIAN_POINT('',(1.146830621442E1,1.236724710108E2,-1.540070084089E1));
#2436=CARTESIAN_POINT('',(1.100684523413E1,1.238415266163E2,-1.520336995964E1));
#2437=CARTESIAN_POINT('',(1.096107887042E1,1.238576942057E2,-1.518352830796E1));
#2438=(BOUNDED_SURFACE()B_SPLINE_SURFACE(3,3,((#2390,#2391,#2392,#2393,#2394,
#2395,#2396,#2397,#2398,#2399,#2400,#2401),(#2402,#2403,#2404,#2405,#2406,#2407,
#2408,#2409,#2410,#2411,#2412,#2413),(#2414,#2415,#2416,#2417,#2418,#2419,#2420,
#2421,#2422,#2423,#2424,#2425),(#2426,#2427,#2428,#2429,#2430,#2431,#2432,#2433,
#2434,#2435,#2436,#2437)),.UNSPECIFIED.,.F.,.F.,.F.)B_SPLINE_SURFACE_WITH_KNOTS(
(4,4),(4,1,1,1,1,1,1,1,1,4),(0.E0,1.E0),(-1.812879956893E-2,0.E0,
1.231477978144E-1,2.514321937989E-1,3.894049521956E-1,5.337831941824E-1,
6.845891395935E-1,8.416034649305E-1,1.E0,1.017425974588E0),.UNSPECIFIED.)GEOMETRIC_REPRESENTATION_ITEM()RATIONAL_B_SPLINE_SURFACE(((1.190832233867E0,
1.190832233867E0,1.190832233867E0,1.190832233867E0,1.190832233867E0,
1.190832233867E0,1.190832233867E0,1.190832233867E0,1.190832233867E0,
1.190832233867E0,1.190832233867E0,1.190832233867E0),(9.363892553778E-1,
9.363892553778E-1,9.363892553778E-1,9.363892553778E-1,9.363892553778E-1,
9.363892553778E-1,9.363892553778E-1,9.363892553778E-1,9.363892553778E-1,
9.363892553778E-1,9.363892553778E-1,9.363892553778E-1),(9.363892553778E-1,
9.363892553778E-1,9.363892553778E-1,9.363892553778E-1,9.363892553778E-1,
9.363892553778E-1,9.363892553778E-1,9.363892553778E-1,9.363892553778E-1,
9.363892553778E-1,9.363892553778E-1,9.363892553778E-1),(1.190832233867E0,
1.190832233867E0,1.190832233867E0,1.190832233867E0,1.190832233867E0,
1.190832233867E0,1.190832233867E0,1.190832233867E0,1.190832233867E0,
1.190832233867E0,1.190832233867E0,1.190832233867E0)))REPRESENTATION_ITEM('')SURFACE());
#2439=ORIENTED_EDGE('',*,*,#2174,.F.);
#2441=ORIENTED_EDGE('',*,*,#2440,.T.);
#2443=ORIENTED_EDGE('',*,*,#2442,.T.);
#2444=ORIENTED_EDGE('',*,*,#2382,.F.);
#2445=EDGE_LOOP('',(#2439,#2441,#2443,#2444));
#2446=FACE_OUTER_BOUND('',#2445,.F.);
#2447=ADVANCED_FACE('',(#2446),#2438,.F.);
#2448=CARTESIAN_POINT('',(1.9E1,1.5E1,-1.2E2));
#2449=DIRECTION('',(-1.E0,0.E0,0.E0));
#2450=DIRECTION('',(0.E0,4.961494944398E-1,8.682371099919E-1));
#2451=AXIS2_PLACEMENT_3D('',#2448,#2449,#2450);
#2452=TOROIDAL_SURFACE('',#2451,1.469814751265E2,3.E0);
#2453=ORIENTED_EDGE('',*,*,#2172,.F.);
#2455=ORIENTED_EDGE('',*,*,#2454,.T.);
#2457=ORIENTED_EDGE('',*,*,#2456,.T.);
#2458=ORIENTED_EDGE('',*,*,#2440,.F.);
#2459=EDGE_LOOP('',(#2453,#2455,#2457,#2458));
#2460=FACE_OUTER_BOUND('',#2459,.F.);
#2461=ADVANCED_FACE('',(#2460),#2452,.F.);
#2462=CARTESIAN_POINT('',(9.789360919711E0,9.510991409386E1,4.884960217781E0));
#2463=CARTESIAN_POINT('',(9.857090574285E0,9.508607783036E1,4.873471220921E0));
#2464=CARTESIAN_POINT('',(1.044711650217E1,9.488389130109E1,4.767569863127E0));
#2465=CARTESIAN_POINT('',(1.157708575601E1,9.458476650561E1,4.470352482342E0));
#2466=CARTESIAN_POINT('',(1.317236950112E1,9.438796612057E1,3.811881386713E0));
#2467=CARTESIAN_POINT('',(1.470566419449E1,9.444237285861E1,2.933821145402E0));
#2468=CARTESIAN_POINT('',(1.610457966851E1,9.477212315191E1,1.871707395490E0));
#2469=CARTESIAN_POINT('',(1.730695919277E1,9.539272311044E1,6.700393503490E-1));
#2470=CARTESIAN_POINT('',(1.824822142279E1,9.632215421714E1,
-6.240990458906E-1));
#2471=CARTESIAN_POINT('',(1.883791130697E1,9.755708956805E1,-1.928711187146E0));
#2472=CARTESIAN_POINT('',(1.895927957117E1,9.861352489017E1,-2.790400265942E0));
#2473=CARTESIAN_POINT('',(1.893064951769E1,9.919356591365E1,-3.198285628385E0));
#2474=CARTESIAN_POINT('',(1.892506731665E1,9.927297774650E1,-3.252910272196E0));
#2475=CARTESIAN_POINT('',(9.853108451213E0,9.656215573229E1,3.714846325570E0));
#2476=CARTESIAN_POINT('',(9.903989424150E0,9.653875095666E1,3.702971673544E0));
#2477=CARTESIAN_POINT('',(1.034767181742E1,9.633877980754E1,3.595009126601E0));
#2478=CARTESIAN_POINT('',(1.120475605326E1,9.601905525755E1,3.314762045364E0));
#2479=CARTESIAN_POINT('',(1.243595978515E1,9.573527928528E1,2.729131056381E0));
#2480=CARTESIAN_POINT('',(1.364055498283E1,9.565105003995E1,1.967663215562E0));
#2481=CARTESIAN_POINT('',(1.475865467757E1,9.579880700720E1,1.058945475397E0));
#2482=CARTESIAN_POINT('',(1.573441936957E1,9.620254878861E1,4.023652719996E-2));
#2483=CARTESIAN_POINT('',(1.650755488637E1,9.688620351113E1,-1.046624757500E0));
#2484=CARTESIAN_POINT('',(1.699442742547E1,9.785428784441E1,-2.126649721754E0));
#2485=CARTESIAN_POINT('',(1.709171097724E1,9.871203136841E1,-2.821677511870E0));
#2486=CARTESIAN_POINT('',(1.706532078866E1,9.918819888585E1,-3.142605230924E0));
#2487=CARTESIAN_POINT('',(1.706032166515E1,9.925348073137E1,-3.185404741274E0));
#2488=CARTESIAN_POINT('',(1.034971921200E1,9.834736524356E1,3.935373773075E0));
#2489=CARTESIAN_POINT('',(1.039132067734E1,9.832695948776E1,3.920145981772E0));
#2490=CARTESIAN_POINT('',(1.075356083892E1,9.815238917441E1,3.783697094921E0));
#2491=CARTESIAN_POINT('',(1.144439236172E1,9.786975832920E1,3.461156357823E0));
#2492=CARTESIAN_POINT('',(1.241137929662E1,9.760364626102E1,2.855700874081E0));
#2493=CARTESIAN_POINT('',(1.333244458694E1,9.749281223278E1,2.125883277090E0));
#2494=CARTESIAN_POINT('',(1.416528810138E1,9.756007495447E1,1.309015952896E0));
#2495=CARTESIAN_POINT('',(1.487532635848E1,9.782172023066E1,4.447699774236E-1));
#2496=CARTESIAN_POINT('',(1.542752172533E1,9.829486845372E1,
-4.283546899804E-1));
#2497=CARTESIAN_POINT('',(1.577247822420E1,9.898583934917E1,-1.252003255858E0));
#2498=CARTESIAN_POINT('',(1.584462525786E1,9.961432094165E1,-1.756817936861E0));
#2499=CARTESIAN_POINT('',(1.582895908187E1,9.996980260664E1,-1.983661799722E0));
#2500=CARTESIAN_POINT('',(1.582584700612E1,1.000186594934E2,-2.013790258646E0));
#2501=CARTESIAN_POINT('',(1.096086339606E1,9.932121503295E1,5.405183441392E0));
#2502=CARTESIAN_POINT('',(1.100670273534E1,9.930445344332E1,5.385784404565E0));
#2503=CARTESIAN_POINT('',(1.140460681724E1,9.916218736754E1,5.212683903336E0));
#2504=CARTESIAN_POINT('',(1.214238669379E1,9.895056644922E1,4.815695984964E0));
#2505=CARTESIAN_POINT('',(1.311438424293E1,9.879543513181E1,4.110458998346E0));
#2506=CARTESIAN_POINT('',(1.397883320272E1,9.878708131066E1,3.307061535109E0));
#2507=CARTESIAN_POINT('',(1.470483067335E1,9.892694605281E1,2.461622489535E0));
#2508=CARTESIAN_POINT('',(1.528036277283E1,9.921234101604E1,1.624331879080E0));
#2509=CARTESIAN_POINT('',(1.570042821608E1,9.964518826897E1,8.343971695547E-1));
#2510=CARTESIAN_POINT('',(1.595533882101E1,1.002264143081E2,1.345757603849E-1));
#2511=CARTESIAN_POINT('',(1.601741015584E1,1.007420217994E2,
-2.784014781598E-1));
#2512=CARTESIAN_POINT('',(1.601407799821E1,1.010373654579E2,
-4.643434611616E-1));
#2513=CARTESIAN_POINT('',(1.601294733405E1,1.010780308895E2,
-4.890771535600E-1));
#2514=(BOUNDED_SURFACE()B_SPLINE_SURFACE(3,3,((#2462,#2463,#2464,#2465,#2466,
#2467,#2468,#2469,#2470,#2471,#2472,#2473,#2474),(#2475,#2476,#2477,#2478,#2479,
#2480,#2481,#2482,#2483,#2484,#2485,#2486,#2487),(#2488,#2489,#2490,#2491,#2492,
#2493,#2494,#2495,#2496,#2497,#2498,#2499,#2500),(#2501,#2502,#2503,#2504,#2505,
#2506,#2507,#2508,#2509,#2510,#2511,#2512,#2513)),.UNSPECIFIED.,.F.,.F.,.F.)B_SPLINE_SURFACE_WITH_KNOTS((4,4),(4,1,1,1,1,1,1,1,1,1,4),(0.E0,1.E0),(
-1.744678004609E-2,0.E0,1.341024902483E-1,2.662100517924E-1,3.982156220281E-1,
5.258459614396E-1,6.466892259486E-1,7.666603736242E-1,8.853862659342E-1,1.E0,
1.018088458368E0),.UNSPECIFIED.)GEOMETRIC_REPRESENTATION_ITEM()RATIONAL_B_SPLINE_SURFACE(((1.190832252221E0,1.190832252221E0,1.190832252221E0,1.190832252221E0,
1.190832252221E0,1.190832252221E0,1.190832252221E0,1.190832252221E0,
1.190832252221E0,1.190832252221E0,1.190832252221E0,1.190832252221E0,
1.190832252221E0),(9.363892492598E-1,9.363892492598E-1,9.363892492598E-1,
9.363892492598E-1,9.363892492598E-1,9.363892492598E-1,9.363892492598E-1,
9.363892492598E-1,9.363892492598E-1,9.363892492598E-1,9.363892492598E-1,
9.363892492598E-1,9.363892492598E-1),(9.363892492598E-1,9.363892492598E-1,
9.363892492598E-1,9.363892492598E-1,9.363892492598E-1,9.363892492598E-1,
9.363892492598E-1,9.363892492598E-1,9.363892492598E-1,9.363892492598E-1,
9.363892492598E-1,9.363892492598E-1,9.363892492598E-1),(1.190832252221E0,
1.190832252221E0,1.190832252221E0,1.190832252221E0,1.190832252221E0,
1.190832252221E0,1.190832252221E0,1.190832252221E0,1.190832252221E0,
1.190832252221E0,1.190832252221E0,1.190832252221E0,1.190832252221E0)))REPRESENTATION_ITEM('')SURFACE());
#2515=ORIENTED_EDGE('',*,*,#2170,.F.);
#2516=ORIENTED_EDGE('',*,*,#2231,.T.);
#2518=ORIENTED_EDGE('',*,*,#2517,.T.);
#2519=ORIENTED_EDGE('',*,*,#2454,.F.);
#2520=EDGE_LOOP('',(#2515,#2516,#2518,#2519));
#2521=FACE_OUTER_BOUND('',#2520,.F.);
#2522=ADVANCED_FACE('',(#2521),#2514,.F.);
#2523=CARTESIAN_POINT('',(1.1E1,2.840271209560E2,2.17727E2));
#2524=DIRECTION('',(0.E0,-6.427876096865E-1,-7.660444431190E-1));
#2525=DIRECTION('',(1.E0,0.E0,0.E0));
#2526=AXIS2_PLACEMENT_3D('',#2523,#2524,#2525);
#2527=CYLINDRICAL_SURFACE('',#2526,5.E0);
#2528=ORIENTED_EDGE('',*,*,#2517,.F.);
#2530=ORIENTED_EDGE('',*,*,#2529,.F.);
#2532=ORIENTED_EDGE('',*,*,#2531,.T.);
#2534=ORIENTED_EDGE('',*,*,#2533,.T.);
#2535=EDGE_LOOP('',(#2528,#2530,#2532,#2534));
#2536=FACE_OUTER_BOUND('',#2535,.F.);
#2537=ADVANCED_FACE('',(#2536),#2527,.T.);
#2538=CARTESIAN_POINT('',(-1.6E1,-8.572036191941E-1,-1.140062981519E2));
#2539=DIRECTION('',(0.E0,-7.660444431190E-1,6.427876096865E-1));
#2540=DIRECTION('',(1.E0,0.E0,0.E0));
#2541=AXIS2_PLACEMENT_3D('',#2538,#2539,#2540);
#2542=PLANE('',#2541);
#2543=ORIENTED_EDGE('',*,*,#2229,.F.);
#2544=ORIENTED_EDGE('',*,*,#2273,.F.);
#2546=ORIENTED_EDGE('',*,*,#2545,.F.);
#2548=ORIENTED_EDGE('',*,*,#2547,.T.);
#2549=ORIENTED_EDGE('',*,*,#2529,.T.);
#2550=EDGE_LOOP('',(#2543,#2544,#2546,#2548,#2549));
#2551=FACE_OUTER_BOUND('',#2550,.F.);
#2552=ADVANCED_FACE('',(#2551),#2542,.T.);
#2553=CARTESIAN_POINT('',(-1.1E1,2.840271209560E2,2.17727E2));
#2554=DIRECTION('',(0.E0,-6.427876096865E-1,-7.660444431190E-1));
#2555=DIRECTION('',(0.E0,-7.660444431190E-1,6.427876096865E-1));
#2556=AXIS2_PLACEMENT_3D('',#2553,#2554,#2555);
#2557=CYLINDRICAL_SURFACE('',#2556,5.E0);
#2559=ORIENTED_EDGE('',*,*,#2558,.F.);
#2561=ORIENTED_EDGE('',*,*,#2560,.F.);
#2563=ORIENTED_EDGE('',*,*,#2562,.T.);
#2564=ORIENTED_EDGE('',*,*,#2545,.T.);
#2565=EDGE_LOOP('',(#2559,#2561,#2563,#2564));
#2566=FACE_OUTER_BOUND('',#2565,.F.);
#2567=ADVANCED_FACE('',(#2566),#2557,.T.);
#2568=CARTESIAN_POINT('',(-1.892503166288E1,9.927340167672E1,
-3.253175466510E0));
#2569=CARTESIAN_POINT('',(-1.893063409802E1,9.919384586155E1,
-3.198474055557E0));
#2570=CARTESIAN_POINT('',(-1.896104032186E1,9.857882208371E1,
-2.766056096618E0));
#2571=CARTESIAN_POINT('',(-1.881945625228E1,9.745211948681E1,
-1.838671451797E0));
#2572=CARTESIAN_POINT('',(-1.812322991756E1,9.612765262483E1,
-3.977684138127E-1));
#2573=CARTESIAN_POINT('',(-1.697422608464E1,9.515065548163E1,1.060188157622E0));
#2574=CARTESIAN_POINT('',(-1.547575315040E1,9.456468628282E1,2.402091304727E0));
#2575=CARTESIAN_POINT('',(-1.374154059543E1,9.436099460600E1,3.532101959102E0));
#2576=CARTESIAN_POINT('',(-1.187518836554E1,9.451475345384E1,4.382239884417E0));
#2577=CARTESIAN_POINT('',(-1.054272706788E1,9.485114336048E1,4.750394335906E0));
#2578=CARTESIAN_POINT('',(-9.857302090468E0,9.508600414567E1,4.873435274385E0));
#2579=CARTESIAN_POINT('',(-9.789680422744E0,9.510980133397E1,4.884906900581E0));
#2580=CARTESIAN_POINT('',(-1.706029067903E1,9.925383137834E1,
-3.185608698835E0));
#2581=CARTESIAN_POINT('',(-1.706530691306E1,9.918842935234E1,
-3.142752154851E0));
#2582=CARTESIAN_POINT('',(-1.709333085702E1,9.868353851801E1,
-2.802531414227E0));
#2583=CARTESIAN_POINT('',(-1.697936967443E1,9.776942188377E1,
-2.053485910468E0));
#2584=CARTESIAN_POINT('',(-1.640430765008E1,9.673649926647E1,
-8.580357118396E-1));
#2585=CARTESIAN_POINT('',(-1.546227875224E1,9.603263467665E1,
3.695042702357E-1));
#2586=CARTESIAN_POINT('',(-1.425268550749E1,9.568425298559E1,1.510996513058E0));
#2587=CARTESIAN_POINT('',(-1.287928000346E1,9.566691177246E1,2.484105023648E0));
#2588=CARTESIAN_POINT('',(-1.143166965687E1,9.594105118512E1,3.233279360596E0));
#2589=CARTESIAN_POINT('',(-1.041956682207E1,9.630638765811E1,3.577502505354E0));
#2590=CARTESIAN_POINT('',(-9.904148652162E0,9.653867850373E1,3.702934763851E0));
#2591=CARTESIAN_POINT('',(-9.853348861261E0,9.656204519230E1,3.714791148442E0));
#2592=CARTESIAN_POINT('',(-1.582582691795E1,1.000189212113E2,
-2.013934617181E0));
#2593=CARTESIAN_POINT('',(-1.582895067114E1,9.996997444931E1,
-1.983766096327E0));
#2594=CARTESIAN_POINT('',(-1.584559011378E1,9.959304847383E1,
-1.743286099927E0));
#2595=CARTESIAN_POINT('',(-1.576161198730E1,9.892407020229E1,
-1.198458739739E0));
#2596=CARTESIAN_POINT('',(-1.535442369118E1,9.818907674430E1,
-2.820138906012E-1));
#2597=CARTESIAN_POINT('',(-1.467967116957E1,9.770675682035E1,
7.159698172540E-1));
#2598=CARTESIAN_POINT('',(-1.379224233585E1,9.749410812228E1,1.706287989185E0));
#2599=CARTESIAN_POINT('',(-1.275479367413E1,9.753430790052E1,2.612123189956E0));
#2600=CARTESIAN_POINT('',(-1.162632872725E1,9.780040332642E1,3.369738689821E0));
#2601=CARTESIAN_POINT('',(-1.081226053337E1,9.812411090187E1,3.761578644059E0));
#2602=CARTESIAN_POINT('',(-1.039145051385E1,9.832689603912E1,3.920098357979E0));
#2603=CARTESIAN_POINT('',(-1.034991535248E1,9.834726805434E1,3.935301833547E0));
#2604=CARTESIAN_POINT('',(-1.601293732501E1,1.010782450757E2,
-4.892016937851E-1));
#2605=CARTESIAN_POINT('',(-1.601407540656E1,1.010375071527E2,
-4.644312710706E-1));
#2606=CARTESIAN_POINT('',(-1.601762564413E1,1.007243518887E2,
-2.673012692703E-1));
#2607=CARTESIAN_POINT('',(-1.594677146606E1,1.001759295625E2,
1.783337136042E-1));
#2608=CARTESIAN_POINT('',(-1.564655848460E1,9.955427621789E1,
9.610644146594E-1));
#2609=CARTESIAN_POINT('',(-1.512805839457E1,9.909990192309E1,1.877498790422E0));
#2610=CARTESIAN_POINT('',(-1.438956982506E1,9.883412623081E1,2.862782999206E0));
#2611=CARTESIAN_POINT('',(-1.344787791677E1,9.876617348815E1,3.834096224953E0));
#2612=CARTESIAN_POINT('',(-1.233438821776E1,9.890095660818E1,4.704146814789E0));
#2613=CARTESIAN_POINT('',(-1.146908972773E1,9.913914413689E1,5.184629100960E0));
#2614=CARTESIAN_POINT('',(-1.100684494219E1,9.930440109166E1,5.385723194686E0));
#2615=CARTESIAN_POINT('',(-1.096107849294E1,9.932113385931E1,5.405090593113E0));
#2616=(BOUNDED_SURFACE()B_SPLINE_SURFACE(3,3,((#2568,#2569,#2570,#2571,#2572,
#2573,#2574,#2575,#2576,#2577,#2578,#2579),(#2580,#2581,#2582,#2583,#2584,#2585,
#2586,#2587,#2588,#2589,#2590,#2591),(#2592,#2593,#2594,#2595,#2596,#2597,#2598,
#2599,#2600,#2601,#2602,#2603),(#2604,#2605,#2606,#2607,#2608,#2609,#2610,#2611,
#2612,#2613,#2614,#2615)),.UNSPECIFIED.,.F.,.F.,.F.)B_SPLINE_SURFACE_WITH_KNOTS(
(4,4),(4,1,1,1,1,1,1,1,1,4),(0.E0,1.E0),(-1.812895965196E-2,0.E0,
1.226416292510E-1,2.507842294377E-1,3.888953543645E-1,5.333375889968E-1,
6.841945281344E-1,8.413048354754E-1,1.E0,1.017426027377E0),.UNSPECIFIED.)GEOMETRIC_REPRESENTATION_ITEM()RATIONAL_B_SPLINE_SURFACE(((1.190832233986E0,
1.190832233986E0,1.190832233986E0,1.190832233986E0,1.190832233986E0,
1.190832233986E0,1.190832233986E0,1.190832233986E0,1.190832233986E0,
1.190832233986E0,1.190832233986E0,1.190832233986E0),(9.363892553379E-1,
9.363892553379E-1,9.363892553379E-1,9.363892553379E-1,9.363892553379E-1,
9.363892553379E-1,9.363892553379E-1,9.363892553379E-1,9.363892553379E-1,
9.363892553379E-1,9.363892553379E-1,9.363892553379E-1),(9.363892553379E-1,
9.363892553379E-1,9.363892553379E-1,9.363892553379E-1,9.363892553379E-1,
9.363892553379E-1,9.363892553379E-1,9.363892553379E-1,9.363892553379E-1,
9.363892553379E-1,9.363892553379E-1,9.363892553379E-1),(1.190832233986E0,
1.190832233986E0,1.190832233986E0,1.190832233986E0,1.190832233986E0,
1.190832233986E0,1.190832233986E0,1.190832233986E0,1.190832233986E0,
1.190832233986E0,1.190832233986E0,1.190832233986E0)))REPRESENTATION_ITEM('')SURFACE());
#2617=ORIENTED_EDGE('',*,*,#2290,.F.);
#2619=ORIENTED_EDGE('',*,*,#2618,.T.);
#2620=ORIENTED_EDGE('',*,*,#2558,.T.);
#2621=ORIENTED_EDGE('',*,*,#2271,.F.);
#2622=EDGE_LOOP('',(#2617,#2619,#2620,#2621));
#2623=FACE_OUTER_BOUND('',#2622,.F.);
#2624=ADVANCED_FACE('',(#2623),#2616,.F.);
#2625=CARTESIAN_POINT('',(-1.9E1,1.5E1,-1.2E2));
#2626=DIRECTION('',(-1.E0,0.E0,0.E0));
#2627=DIRECTION('',(0.E0,7.001478437614E-1,7.139978969691E-1));
#2628=AXIS2_PLACEMENT_3D('',#2625,#2626,#2627);
#2629=TOROIDAL_SURFACE('',#2628,1.469814751265E2,3.E0);
#2630=ORIENTED_EDGE('',*,*,#2288,.F.);
#2632=ORIENTED_EDGE('',*,*,#2631,.T.);
#2634=ORIENTED_EDGE('',*,*,#2633,.T.);
#2635=ORIENTED_EDGE('',*,*,#2618,.F.);
#2636=EDGE_LOOP('',(#2630,#2632,#2634,#2635));
#2637=FACE_OUTER_BOUND('',#2636,.F.);
#2638=ADVANCED_FACE('',(#2637),#2629,.F.);
#2639=CARTESIAN_POINT('',(-9.789360783082E0,1.240767365068E2,
-1.942108971120E1));
#2640=CARTESIAN_POINT('',(-9.857090497094E0,1.240695611583E2,
-1.944655890468E1));
#2641=CARTESIAN_POINT('',(-1.044735369081E1,1.240003500790E2,
-1.966415076152E1));
#2642=CARTESIAN_POINT('',(-1.157819942340E1,1.237593614500E2,
-2.001058351579E1));
#2643=CARTESIAN_POINT('',(-1.317455614804E1,1.231443645954E2,
-2.031875162558E1));
#2644=CARTESIAN_POINT('',(-1.470858487358E1,1.222692207719E2,
-2.041729248918E1));
#2645=CARTESIAN_POINT('',(-1.610725987904E1,1.211654464719E2,
-2.027644054474E1));
#2646=CARTESIAN_POINT('',(-1.730863677638E1,1.198744964061E2,
-1.987354627223E1));
#2647=CARTESIAN_POINT('',(-1.824865824512E1,1.184397599730E2,
-1.918317567258E1));
#2648=CARTESIAN_POINT('',(-1.883789501114E1,1.169415058147E2,
-1.819414044413E1));
#2649=CARTESIAN_POINT('',(-1.895928978713E1,1.159097576649E2,
-1.730369060810E1));
#2650=CARTESIAN_POINT('',(-1.893064944509E1,1.154071748433E2,
-1.680311869924E1));
#2651=CARTESIAN_POINT('',(-1.892506715397E1,1.153395906664E2,
-1.673439876925E1));
#2652=CARTESIAN_POINT('',(-9.853108349001E0,1.226722201578E2,
-1.819409902577E1));
#2653=CARTESIAN_POINT('',(-9.903989366848E0,1.226645900883E2,
-1.821921025702E1));
#2654=CARTESIAN_POINT('',(-1.034785017797E1,1.225929634845E2,
-1.843497759396E1));
#2655=CARTESIAN_POINT('',(-1.120560214835E1,1.223722899698E2,
-1.879877191626E1));
#2656=CARTESIAN_POINT('',(-1.243765678253E1,1.218442485751E2,
-1.918004514362E1));
#2657=CARTESIAN_POINT('',(-1.364286824503E1,1.211081715765E2,
-1.939501298060E1));
#2658=CARTESIAN_POINT('',(-1.476081518286E1,1.201871642668E2,
-1.940683438395E1));
#2659=CARTESIAN_POINT('',(-1.573579352747E1,1.191140193560E2,
-1.918570688944E1));
#2660=CARTESIAN_POINT('',(-1.650791663689E1,1.179259040328E2,
-1.870123095502E1));
#2661=CARTESIAN_POINT('',(-1.699441292837E1,1.166949931095E2,
-1.793585137082E1));
#2662=CARTESIAN_POINT('',(-1.709172035143E1,1.158618147120E2,
-1.721208211042E1));
#2663=CARTESIAN_POINT('',(-1.706532073586E1,1.154629412691E2,
-1.679873535780E1));
#2664=CARTESIAN_POINT('',(-1.706032154549E1,1.154094561792E2,
-1.674187730265E1));
#2665=CARTESIAN_POINT('',(-1.034971912902E1,1.225793989254E2,
-1.639771667082E1));
#2666=CARTESIAN_POINT('',(-1.039132063081E1,1.225679458818E2,
-1.642045671110E1));
#2667=CARTESIAN_POINT('',(-1.075370645926E1,1.224638418594E2,
-1.661614765353E1));
#2668=CARTESIAN_POINT('',(-1.144507268801E1,1.221950441065E2,
-1.695073695375E1));
#2669=CARTESIAN_POINT('',(-1.241270105090E1,1.216444471582E2,
-1.731807756089E1));
#2670=CARTESIAN_POINT('',(-1.333419171911E1,1.209442980838E2,
-1.755383263619E1));
#2671=CARTESIAN_POINT('',(-1.416687656704E1,1.201278841722E2,
-1.762907905825E1));
#2672=CARTESIAN_POINT('',(-1.487631200895E1,1.192316017298E2,
-1.752112813275E1));
#2673=CARTESIAN_POINT('',(-1.542777683212E1,1.182903929419E2,
-1.720677399003E1));
#2674=CARTESIAN_POINT('',(-1.577246910520E1,1.173598890500E2,
-1.666963724212E1));
#2675=CARTESIAN_POINT('',(-1.584463086860E1,1.167537769667E2,
-1.613855420096E1));
#2676=CARTESIAN_POINT('',(-1.582895904052E1,1.164685536274E2,
-1.582775755642E1));
#2677=CARTESIAN_POINT('',(-1.582584690914E1,1.164303991795E2,
-1.578487464919E1));
#2678=CARTESIAN_POINT('',(-1.096086330544E1,1.238577716508E2,
-1.518343208353E1));
#2679=CARTESIAN_POINT('',(-1.100670268418E1,1.238415779242E2,
-1.520330764851E1));
#2680=CARTESIAN_POINT('',(-1.140476677239E1,1.236957527655E2,
-1.537353938398E1));
#2681=CARTESIAN_POINT('',(-1.214310931368E1,1.233412392822E2,
-1.565107762690E1));
#2682=CARTESIAN_POINT('',(-1.311568569308E1,1.226730339813E2,
-1.592637875032E1));
#2683=CARTESIAN_POINT('',(-1.398041838333E1,1.218826439642E2,
-1.607395661254E1));
#2684=CARTESIAN_POINT('',(-1.470616144433E1,1.210256050042E2,
-1.608272399251E1));
#2685=CARTESIAN_POINT('',(-1.528112386814E1,1.201518726795E2,
-1.594681272037E1));
#2686=CARTESIAN_POINT('',(-1.570061346498E1,1.192995876156E2,
-1.565775863679E1));
#2687=CARTESIAN_POINT('',(-1.595533521054E1,1.185099922487E2,
-1.520714719853E1));
#2688=CARTESIAN_POINT('',(-1.601741149226E1,1.180138924789E2,
-1.477124325828E1));
#2689=CARTESIAN_POINT('',(-1.601407795107E1,1.177794097235E2,
-1.451258657785E1));
#2690=CARTESIAN_POINT('',(-1.601294722332E1,1.177479904598E2,
-1.447683395685E1));
#2691=(BOUNDED_SURFACE()B_SPLINE_SURFACE(3,3,((#2639,#2640,#2641,#2642,#2643,
#2644,#2645,#2646,#2647,#2648,#2649,#2650,#2651),(#2652,#2653,#2654,#2655,#2656,
#2657,#2658,#2659,#2660,#2661,#2662,#2663,#2664),(#2665,#2666,#2667,#2668,#2669,
#2670,#2671,#2672,#2673,#2674,#2675,#2676,#2677),(#2678,#2679,#2680,#2681,#2682,
#2683,#2684,#2685,#2686,#2687,#2688,#2689,#2690)),.UNSPECIFIED.,.F.,.F.,.F.)B_SPLINE_SURFACE_WITH_KNOTS((4,4),(4,1,1,1,1,1,1,1,1,1,4),(0.E0,1.E0),(
-1.744677498431E-2,0.E0,1.341632970917E-1,2.664275630182E-1,3.984810670301E-1,
5.261223485560E-1,6.469103344655E-1,7.667411115983E-1,8.853407604134E-1,1.E0,
1.018088456656E0),.UNSPECIFIED.)GEOMETRIC_REPRESENTATION_ITEM()RATIONAL_B_SPLINE_SURFACE(((1.190832251771E0,1.190832251771E0,1.190832251771E0,1.190832251771E0,
1.190832251771E0,1.190832251771E0,1.190832251771E0,1.190832251771E0,
1.190832251771E0,1.190832251771E0,1.190832251771E0,1.190832251771E0,
1.190832251771E0),(9.363892494097E-1,9.363892494097E-1,9.363892494097E-1,
9.363892494097E-1,9.363892494097E-1,9.363892494097E-1,9.363892494097E-1,
9.363892494097E-1,9.363892494097E-1,9.363892494097E-1,9.363892494097E-1,
9.363892494097E-1,9.363892494097E-1),(9.363892494097E-1,9.363892494097E-1,
9.363892494097E-1,9.363892494097E-1,9.363892494097E-1,9.363892494097E-1,
9.363892494097E-1,9.363892494097E-1,9.363892494097E-1,9.363892494097E-1,
9.363892494097E-1,9.363892494097E-1,9.363892494097E-1),(1.190832251771E0,
1.190832251771E0,1.190832251771E0,1.190832251771E0,1.190832251771E0,
1.190832251771E0,1.190832251771E0,1.190832251771E0,1.190832251771E0,
1.190832251771E0,1.190832251771E0,1.190832251771E0,1.190832251771E0)))REPRESENTATION_ITEM('')SURFACE());
#2692=ORIENTED_EDGE('',*,*,#2286,.F.);
#2693=ORIENTED_EDGE('',*,*,#2343,.T.);
#2695=ORIENTED_EDGE('',*,*,#2694,.T.);
#2696=ORIENTED_EDGE('',*,*,#2631,.F.);
#2697=EDGE_LOOP('',(#2692,#2693,#2695,#2696));
#2698=FACE_OUTER_BOUND('',#2697,.F.);
#2699=ADVANCED_FACE('',(#2698),#2691,.F.);
#2700=CARTESIAN_POINT('',(-1.1E1,3.127460813213E2,2.17727E2));
#2701=DIRECTION('',(0.E0,-6.427876096865E-1,-7.660444431190E-1));
#2702=DIRECTION('',(-1.E0,0.E0,0.E0));
#2703=AXIS2_PLACEMENT_3D('',#2700,#2701,#2702);
#2704=CYLINDRICAL_SURFACE('',#2703,5.E0);
#2705=ORIENTED_EDGE('',*,*,#2694,.F.);
#2707=ORIENTED_EDGE('',*,*,#2706,.F.);
#2709=ORIENTED_EDGE('',*,*,#2708,.T.);
#2711=ORIENTED_EDGE('',*,*,#2710,.T.);
#2712=EDGE_LOOP('',(#2705,#2707,#2709,#2711));
#2713=FACE_OUTER_BOUND('',#2712,.F.);
#2714=ADVANCED_FACE('',(#2713),#2704,.T.);
#2715=CARTESIAN_POINT('',(1.6E1,2.365621856061E1,-1.345755016619E2));
#2716=DIRECTION('',(0.E0,7.660444431190E-1,-6.427876096865E-1));
#2717=DIRECTION('',(-1.E0,0.E0,0.E0));
#2718=AXIS2_PLACEMENT_3D('',#2715,#2716,#2717);
#2719=PLANE('',#2718);
#2720=ORIENTED_EDGE('',*,*,#2384,.F.);
#2722=ORIENTED_EDGE('',*,*,#2721,.F.);
#2724=ORIENTED_EDGE('',*,*,#2723,.T.);
#2725=ORIENTED_EDGE('',*,*,#2706,.T.);
#2726=ORIENTED_EDGE('',*,*,#2341,.F.);
#2727=EDGE_LOOP('',(#2720,#2722,#2724,#2725,#2726));
#2728=FACE_OUTER_BOUND('',#2727,.F.);
#2729=ADVANCED_FACE('',(#2728),#2719,.T.);
#2730=CARTESIAN_POINT('',(1.1E1,3.127460813213E2,2.17727E2));
#2731=DIRECTION('',(0.E0,-6.427876096865E-1,-7.660444431190E-1));
#2732=DIRECTION('',(0.E0,7.660444431190E-1,-6.427876096865E-1));
#2733=AXIS2_PLACEMENT_3D('',#2730,#2731,#2732);
#2734=CYLINDRICAL_SURFACE('',#2733,5.E0);
#2735=ORIENTED_EDGE('',*,*,#2442,.F.);
#2737=ORIENTED_EDGE('',*,*,#2736,.F.);
#2739=ORIENTED_EDGE('',*,*,#2738,.T.);
#2740=ORIENTED_EDGE('',*,*,#2721,.T.);
#2741=EDGE_LOOP('',(#2735,#2737,#2739,#2740));
#2742=FACE_OUTER_BOUND('',#2741,.F.);
#2743=ADVANCED_FACE('',(#2742),#2734,.T.);
#2744=CARTESIAN_POINT('',(1.6E1,-8.572036191941E-1,-1.140062981519E2));
#2745=DIRECTION('',(1.E0,0.E0,0.E0));
#2746=DIRECTION('',(0.E0,7.660444431190E-1,-6.427876096865E-1));
#2747=AXIS2_PLACEMENT_3D('',#2744,#2745,#2746);
#2748=PLANE('',#2747);
#2749=ORIENTED_EDGE('',*,*,#2456,.F.);
#2750=ORIENTED_EDGE('',*,*,#2533,.F.);
#2752=ORIENTED_EDGE('',*,*,#2751,.T.);
#2753=ORIENTED_EDGE('',*,*,#2736,.T.);
#2754=EDGE_LOOP('',(#2749,#2750,#2752,#2753));
#2755=FACE_OUTER_BOUND('',#2754,.F.);
#2756=ADVANCED_FACE('',(#2755),#2748,.T.);
#2757=CARTESIAN_POINT('',(0.E0,4.931240342693E1,5.876823394349E1));
#2758=DIRECTION('',(0.E0,6.427876096865E-1,7.660444431190E-1));
#2759=DIRECTION('',(-1.E0,0.E0,0.E0));
#2760=AXIS2_PLACEMENT_3D('',#2757,#2758,#2759);
#2761=PLANE('',#2760);
#2762=ORIENTED_EDGE('',*,*,#2738,.F.);
#2763=ORIENTED_EDGE('',*,*,#2751,.F.);
#2764=ORIENTED_EDGE('',*,*,#2531,.F.);
#2765=ORIENTED_EDGE('',*,*,#2547,.F.);
#2766=ORIENTED_EDGE('',*,*,#2562,.F.);
#2768=ORIENTED_EDGE('',*,*,#2767,.F.);
#2769=ORIENTED_EDGE('',*,*,#2708,.F.);
#2770=ORIENTED_EDGE('',*,*,#2723,.F.);
#2771=EDGE_LOOP('',(#2762,#2763,#2764,#2765,#2766,#2768,#2769,#2770));
#2772=FACE_OUTER_BOUND('',#2771,.F.);
#2774=ORIENTED_EDGE('',*,*,#2773,.T.);
#2776=ORIENTED_EDGE('',*,*,#2775,.T.);
#2777=EDGE_LOOP('',(#2774,#2776));
#2778=FACE_BOUND('',#2777,.F.);
#2779=ADVANCED_FACE('',(#2772,#2778),#2761,.T.);
#2780=CARTESIAN_POINT('',(-1.6E1,2.365621856061E1,-1.345755016619E2));
#2781=DIRECTION('',(-1.E0,0.E0,0.E0));
#2782=DIRECTION('',(0.E0,-7.660444431190E-1,6.427876096865E-1));
#2783=AXIS2_PLACEMENT_3D('',#2780,#2781,#2782);
#2784=PLANE('',#2783);
#2785=ORIENTED_EDGE('',*,*,#2633,.F.);
#2786=ORIENTED_EDGE('',*,*,#2710,.F.);
#2787=ORIENTED_EDGE('',*,*,#2767,.T.);
#2788=ORIENTED_EDGE('',*,*,#2560,.T.);
#2789=EDGE_LOOP('',(#2785,#2786,#2787,#2788));
#2790=FACE_OUTER_BOUND('',#2789,.F.);
#2791=ADVANCED_FACE('',(#2790),#2784,.T.);
#2792=CARTESIAN_POINT('',(0.E0,6.109321347237E0,-1.305954982250E2));
#2793=DIRECTION('',(0.E0,6.427876096865E-1,7.660444431190E-1));
#2794=DIRECTION('',(0.E0,7.660444431190E-1,-6.427876096865E-1));
#2795=AXIS2_PLACEMENT_3D('',#2792,#2793,#2794);
#2796=CYLINDRICAL_SURFACE('',#2795,9.5E0);
#2797=ORIENTED_EDGE('',*,*,#2773,.F.);
#2799=ORIENTED_EDGE('',*,*,#2798,.F.);
#2801=ORIENTED_EDGE('',*,*,#2800,.T.);
#2803=ORIENTED_EDGE('',*,*,#2802,.T.);
#2804=EDGE_LOOP('',(#2797,#2799,#2801,#2803));
#2805=FACE_OUTER_BOUND('',#2804,.F.);
#2806=ADVANCED_FACE('',(#2805),#2796,.F.);
#2807=CARTESIAN_POINT('',(0.E0,6.109321347237E0,-1.305954982250E2));
#2808=DIRECTION('',(0.E0,6.427876096865E-1,7.660444431190E-1));
#2809=DIRECTION('',(0.E0,7.660444431190E-1,-6.427876096865E-1));
#2810=AXIS2_PLACEMENT_3D('',#2807,#2808,#2809);
#2811=CYLINDRICAL_SURFACE('',#2810,9.5E0);
#2812=ORIENTED_EDGE('',*,*,#2775,.F.);
#2813=ORIENTED_EDGE('',*,*,#2802,.F.);
#2815=ORIENTED_EDGE('',*,*,#2814,.F.);
#2816=ORIENTED_EDGE('',*,*,#2798,.T.);
#2817=EDGE_LOOP('',(#2812,#2813,#2815,#2816));
#2818=FACE_OUTER_BOUND('',#2817,.F.);
#2819=ADVANCED_FACE('',(#2818),#2811,.F.);
#2820=CARTESIAN_POINT('',(0.E0,1.133465042820E2,-2.795200202797E0));
#2821=DIRECTION('',(0.E0,6.427876096865E-1,7.660444431190E-1));
#2822=DIRECTION('',(0.E0,7.660444431190E-1,-6.427876096865E-1));
#2823=AXIS2_PLACEMENT_3D('',#2820,#2821,#2822);
#2824=PLANE('',#2823);
#2825=ORIENTED_EDGE('',*,*,#2800,.F.);
#2826=ORIENTED_EDGE('',*,*,#2814,.T.);
#2827=EDGE_LOOP('',(#2825,#2826));
#2828=FACE_OUTER_BOUND('',#2827,.F.);
#2830=ORIENTED_EDGE('',*,*,#2829,.F.);
#2832=ORIENTED_EDGE('',*,*,#2831,.T.);
#2833=EDGE_LOOP('',(#2830,#2832));
#2834=FACE_BOUND('',#2833,.F.);
#2835=ADVANCED_FACE('',(#2828,#2834),#2824,.T.);
#2836=CARTESIAN_POINT('',(0.E0,6.109321347237E0,-1.305954982250E2));
#2837=DIRECTION('',(0.E0,6.427876096865E-1,7.660444431190E-1));
#2838=DIRECTION('',(0.E0,7.660444431190E-1,-6.427876096865E-1));
#2839=AXIS2_PLACEMENT_3D('',#2836,#2837,#2838);
#2840=CYLINDRICAL_SURFACE('',#2839,5.E0);
#2842=ORIENTED_EDGE('',*,*,#2841,.T.);
#2843=ORIENTED_EDGE('',*,*,#2829,.T.);
#2845=ORIENTED_EDGE('',*,*,#2844,.F.);
#2846=ORIENTED_EDGE('',*,*,#1981,.T.);
#2847=EDGE_LOOP('',(#2842,#2843,#2845,#2846));
#2848=FACE_OUTER_BOUND('',#2847,.F.);
#2849=ADVANCED_FACE('',(#2848),#2840,.F.);
#2850=CARTESIAN_POINT('',(0.E0,6.109321347237E0,-1.305954982250E2));
#2851=DIRECTION('',(0.E0,6.427876096865E-1,7.660444431190E-1));
#2852=DIRECTION('',(0.E0,7.660444431190E-1,-6.427876096865E-1));
#2853=AXIS2_PLACEMENT_3D('',#2850,#2851,#2852);
#2854=CYLINDRICAL_SURFACE('',#2853,5.E0);
#2855=ORIENTED_EDGE('',*,*,#2841,.F.);
#2856=ORIENTED_EDGE('',*,*,#1951,.T.);
#2857=ORIENTED_EDGE('',*,*,#2844,.T.);
#2858=ORIENTED_EDGE('',*,*,#2831,.F.);
#2859=EDGE_LOOP('',(#2855,#2856,#2857,#2858));
#2860=FACE_OUTER_BOUND('',#2859,.F.);
#2861=ADVANCED_FACE('',(#2860),#2854,.F.);
#2862=CARTESIAN_POINT('',(0.E0,5.E1,4.5E1));
#2863=DIRECTION('',(0.E0,0.E0,1.E0));
#2864=DIRECTION('',(1.E0,0.E0,0.E0));
#2865=AXIS2_PLACEMENT_3D('',#2862,#2863,#2864);
#2866=CYLINDRICAL_SURFACE('',#2865,2.E1);
#2867=ORIENTED_EDGE('',*,*,#2186,.F.);
#2869=ORIENTED_EDGE('',*,*,#2868,.F.);
#2870=ORIENTED_EDGE('',*,*,#1866,.T.);
#2872=ORIENTED_EDGE('',*,*,#2871,.T.);
#2873=ORIENTED_EDGE('',*,*,#2294,.F.);
#2874=EDGE_LOOP('',(#2867,#2869,#2870,#2872,#2873));
#2875=FACE_OUTER_BOUND('',#2874,.F.);
#2876=ADVANCED_FACE('',(#2875),#2866,.T.);
#2877=CARTESIAN_POINT('',(6.E0,1.5E1,4.5E1));
#2878=DIRECTION('',(1.E0,0.E0,0.E0));
#2879=DIRECTION('',(0.E0,1.E0,0.E0));
#2880=AXIS2_PLACEMENT_3D('',#2877,#2878,#2879);
#2881=PLANE('',#2880);
#2882=ORIENTED_EDGE('',*,*,#2184,.F.);
#2883=ORIENTED_EDGE('',*,*,#1722,.F.);
#2884=ORIENTED_EDGE('',*,*,#1868,.T.);
#2885=ORIENTED_EDGE('',*,*,#2868,.T.);
#2886=EDGE_LOOP('',(#2882,#2883,#2884,#2885));
#2887=FACE_OUTER_BOUND('',#2886,.F.);
#2888=ADVANCED_FACE('',(#2887),#2881,.T.);
#2889=CARTESIAN_POINT('',(-6.E0,3.092121597166E1,4.5E1));
#2890=DIRECTION('',(-1.E0,0.E0,0.E0));
#2891=DIRECTION('',(0.E0,-1.E0,0.E0));
#2892=AXIS2_PLACEMENT_3D('',#2889,#2890,#2891);
#2893=PLANE('',#2892);
#2894=ORIENTED_EDGE('',*,*,#2296,.T.);
#2895=ORIENTED_EDGE('',*,*,#2871,.F.);
#2896=ORIENTED_EDGE('',*,*,#1864,.T.);
#2897=ORIENTED_EDGE('',*,*,#1728,.T.);
#2898=EDGE_LOOP('',(#2894,#2895,#2896,#2897));
#2899=FACE_OUTER_BOUND('',#2898,.F.);
#2900=ADVANCED_FACE('',(#2899),#2893,.T.);
#2901=CARTESIAN_POINT('',(0.E0,1.578941916244E2,-3.75E1));
#2902=DIRECTION('',(0.E0,-5.E-1,8.660254037844E-1));
#2903=DIRECTION('',(0.E0,-8.660254037844E-1,-5.E-1));
#2904=AXIS2_PLACEMENT_3D('',#2901,#2902,#2903);
#2905=CYLINDRICAL_SURFACE('',#2904,4.E0);
#2906=ORIENTED_EDGE('',*,*,#2030,.T.);
#2908=ORIENTED_EDGE('',*,*,#2907,.T.);
#2909=ORIENTED_EDGE('',*,*,#2126,.F.);
#2911=ORIENTED_EDGE('',*,*,#2910,.F.);
#2912=EDGE_LOOP('',(#2906,#2908,#2909,#2911));
#2913=FACE_OUTER_BOUND('',#2912,.F.);
#2914=ADVANCED_FACE('',(#2913),#2905,.F.);
#2915=CARTESIAN_POINT('',(0.E0,1.578941916244E2,-3.75E1));
#2916=DIRECTION('',(0.E0,-5.E-1,8.660254037844E-1));
#2917=DIRECTION('',(0.E0,-8.660254037844E-1,-5.E-1));
#2918=AXIS2_PLACEMENT_3D('',#2915,#2916,#2917);
#2919=CYLINDRICAL_SURFACE('',#2918,4.E0);
#2920=ORIENTED_EDGE('',*,*,#2032,.T.);
#2921=ORIENTED_EDGE('',*,*,#2910,.T.);
#2922=ORIENTED_EDGE('',*,*,#2128,.F.);
#2923=ORIENTED_EDGE('',*,*,#2907,.F.);
#2924=EDGE_LOOP('',(#2920,#2921,#2922,#2923));
#2925=FACE_OUTER_BOUND('',#2924,.F.);
#2926=ADVANCED_FACE('',(#2925),#2919,.F.);
#2927=CARTESIAN_POINT('',(3.897114317030E1,1.384086200393E2,-4.875E1));
#2928=DIRECTION('',(0.E0,-5.E-1,8.660254037844E-1));
#2929=DIRECTION('',(-8.660254037844E-1,-4.330127018922E-1,-2.5E-1));
#2930=AXIS2_PLACEMENT_3D('',#2927,#2928,#2929);
#2931=CYLINDRICAL_SURFACE('',#2930,4.E0);
#2932=ORIENTED_EDGE('',*,*,#2036,.T.);
#2934=ORIENTED_EDGE('',*,*,#2933,.T.);
#2935=ORIENTED_EDGE('',*,*,#2132,.F.);
#2937=ORIENTED_EDGE('',*,*,#2936,.F.);
#2938=EDGE_LOOP('',(#2932,#2934,#2935,#2937));
#2939=FACE_OUTER_BOUND('',#2938,.F.);
#2940=ADVANCED_FACE('',(#2939),#2931,.F.);
#2941=CARTESIAN_POINT('',(3.897114317030E1,1.384086200393E2,-4.875E1));
#2942=DIRECTION('',(0.E0,-5.E-1,8.660254037844E-1));
#2943=DIRECTION('',(-8.660254037844E-1,-4.330127018922E-1,-2.5E-1));
#2944=AXIS2_PLACEMENT_3D('',#2941,#2942,#2943);
#2945=CYLINDRICAL_SURFACE('',#2944,4.E0);
#2946=ORIENTED_EDGE('',*,*,#2038,.T.);
#2947=ORIENTED_EDGE('',*,*,#2936,.T.);
#2948=ORIENTED_EDGE('',*,*,#2134,.F.);
#2949=ORIENTED_EDGE('',*,*,#2933,.F.);
#2950=EDGE_LOOP('',(#2946,#2947,#2948,#2949));
#2951=FACE_OUTER_BOUND('',#2950,.F.);
#2952=ADVANCED_FACE('',(#2951),#2945,.F.);
#2953=CARTESIAN_POINT('',(3.897114317030E1,9.943747686898E1,-7.125E1));
#2954=DIRECTION('',(0.E0,-5.E-1,8.660254037844E-1));
#2955=DIRECTION('',(-8.660254037844E-1,4.330127018922E-1,2.5E-1));
#2956=AXIS2_PLACEMENT_3D('',#2953,#2954,#2955);
#2957=CYLINDRICAL_SURFACE('',#2956,4.E0);
#2958=ORIENTED_EDGE('',*,*,#2042,.T.);
#2960=ORIENTED_EDGE('',*,*,#2959,.T.);
#2961=ORIENTED_EDGE('',*,*,#2138,.F.);
#2963=ORIENTED_EDGE('',*,*,#2962,.F.);
#2964=EDGE_LOOP('',(#2958,#2960,#2961,#2963));
#2965=FACE_OUTER_BOUND('',#2964,.F.);
#2966=ADVANCED_FACE('',(#2965),#2957,.F.);
#2967=CARTESIAN_POINT('',(3.897114317030E1,9.943747686898E1,-7.125E1));
#2968=DIRECTION('',(0.E0,-5.E-1,8.660254037844E-1));
#2969=DIRECTION('',(-8.660254037844E-1,4.330127018922E-1,2.5E-1));
#2970=AXIS2_PLACEMENT_3D('',#2967,#2968,#2969);
#2971=CYLINDRICAL_SURFACE('',#2970,4.E0);
#2972=ORIENTED_EDGE('',*,*,#2044,.T.);
#2973=ORIENTED_EDGE('',*,*,#2962,.T.);
#2974=ORIENTED_EDGE('',*,*,#2140,.F.);
#2975=ORIENTED_EDGE('',*,*,#2959,.F.);
#2976=EDGE_LOOP('',(#2972,#2973,#2974,#2975));
#2977=FACE_OUTER_BOUND('',#2976,.F.);
#2978=ADVANCED_FACE('',(#2977),#2971,.F.);
#2979=CARTESIAN_POINT('',(0.E0,7.995190528383E1,-8.25E1));
#2980=DIRECTION('',(0.E0,-5.E-1,8.660254037844E-1));
#2981=DIRECTION('',(0.E0,8.660254037844E-1,5.E-1));
#2982=AXIS2_PLACEMENT_3D('',#2979,#2980,#2981);
#2983=CYLINDRICAL_SURFACE('',#2982,4.E0);
#2984=ORIENTED_EDGE('',*,*,#2048,.T.);
#2986=ORIENTED_EDGE('',*,*,#2985,.T.);
#2987=ORIENTED_EDGE('',*,*,#2144,.F.);
#2989=ORIENTED_EDGE('',*,*,#2988,.F.);
#2990=EDGE_LOOP('',(#2984,#2986,#2987,#2989));
#2991=FACE_OUTER_BOUND('',#2990,.F.);
#2992=ADVANCED_FACE('',(#2991),#2983,.F.);
#2993=CARTESIAN_POINT('',(0.E0,7.995190528383E1,-8.25E1));
#2994=DIRECTION('',(0.E0,-5.E-1,8.660254037844E-1));
#2995=DIRECTION('',(0.E0,8.660254037844E-1,5.E-1));
#2996=AXIS2_PLACEMENT_3D('',#2993,#2994,#2995);
#2997=CYLINDRICAL_SURFACE('',#2996,4.E0);
#2998=ORIENTED_EDGE('',*,*,#2050,.T.);
#2999=ORIENTED_EDGE('',*,*,#2988,.T.);
#3000=ORIENTED_EDGE('',*,*,#2146,.F.);
#3001=ORIENTED_EDGE('',*,*,#2985,.F.);
#3002=EDGE_LOOP('',(#2998,#2999,#3000,#3001));
#3003=FACE_OUTER_BOUND('',#3002,.F.);
#3004=ADVANCED_FACE('',(#3003),#2997,.F.);
#3005=CARTESIAN_POINT('',(-3.897114317030E1,9.943747686898E1,-7.125E1));
#3006=DIRECTION('',(0.E0,-5.E-1,8.660254037844E-1));
#3007=DIRECTION('',(8.660254037844E-1,4.330127018922E-1,2.5E-1));
#3008=AXIS2_PLACEMENT_3D('',#3005,#3006,#3007);
#3009=CYLINDRICAL_SURFACE('',#3008,4.E0);
#3010=ORIENTED_EDGE('',*,*,#2054,.T.);
#3012=ORIENTED_EDGE('',*,*,#3011,.T.);
#3013=ORIENTED_EDGE('',*,*,#2150,.F.);
#3015=ORIENTED_EDGE('',*,*,#3014,.F.);
#3016=EDGE_LOOP('',(#3010,#3012,#3013,#3015));
#3017=FACE_OUTER_BOUND('',#3016,.F.);
#3018=ADVANCED_FACE('',(#3017),#3009,.F.);
#3019=CARTESIAN_POINT('',(-3.897114317030E1,9.943747686898E1,-7.125E1));
#3020=DIRECTION('',(0.E0,-5.E-1,8.660254037844E-1));
#3021=DIRECTION('',(8.660254037844E-1,4.330127018922E-1,2.5E-1));
#3022=AXIS2_PLACEMENT_3D('',#3019,#3020,#3021);
#3023=CYLINDRICAL_SURFACE('',#3022,4.E0);
#3024=ORIENTED_EDGE('',*,*,#2056,.T.);
#3025=ORIENTED_EDGE('',*,*,#3014,.T.);
#3026=ORIENTED_EDGE('',*,*,#2152,.F.);
#3027=ORIENTED_EDGE('',*,*,#3011,.F.);
#3028=EDGE_LOOP('',(#3024,#3025,#3026,#3027));
#3029=FACE_OUTER_BOUND('',#3028,.F.);
#3030=ADVANCED_FACE('',(#3029),#3023,.F.);
#3031=CARTESIAN_POINT('',(-3.897114317030E1,1.384086200393E2,-4.875E1));
#3032=DIRECTION('',(0.E0,-5.E-1,8.660254037844E-1));
#3033=DIRECTION('',(8.660254037844E-1,-4.330127018922E-1,-2.5E-1));
#3034=AXIS2_PLACEMENT_3D('',#3031,#3032,#3033);
#3035=CYLINDRICAL_SURFACE('',#3034,4.E0);
#3036=ORIENTED_EDGE('',*,*,#2060,.T.);
#3038=ORIENTED_EDGE('',*,*,#3037,.T.);
#3039=ORIENTED_EDGE('',*,*,#2156,.F.);
#3041=ORIENTED_EDGE('',*,*,#3040,.F.);
#3042=EDGE_LOOP('',(#3036,#3038,#3039,#3041));
#3043=FACE_OUTER_BOUND('',#3042,.F.);
#3044=ADVANCED_FACE('',(#3043),#3035,.F.);
#3045=CARTESIAN_POINT('',(-3.897114317030E1,1.384086200393E2,-4.875E1));
#3046=DIRECTION('',(0.E0,-5.E-1,8.660254037844E-1));
#3047=DIRECTION('',(8.660254037844E-1,-4.330127018922E-1,-2.5E-1));
#3048=AXIS2_PLACEMENT_3D('',#3045,#3046,#3047);
#3049=CYLINDRICAL_SURFACE('',#3048,4.E0);
#3050=ORIENTED_EDGE('',*,*,#2062,.T.);
#3051=ORIENTED_EDGE('',*,*,#3040,.T.);
#3052=ORIENTED_EDGE('',*,*,#2158,.F.);
#3053=ORIENTED_EDGE('',*,*,#3037,.F.);
#3054=EDGE_LOOP('',(#3050,#3051,#3052,#3053));
#3055=FACE_OUTER_BOUND('',#3054,.F.);
#3056=ADVANCED_FACE('',(#3055),#3049,.F.);
#3057=CARTESIAN_POINT('',(0.E0,1.189230484541E2,-6.E1));
#3058=DIRECTION('',(0.E0,5.E-1,-8.660254037844E-1));
#3059=DIRECTION('',(-1.E0,0.E0,0.E0));
#3060=AXIS2_PLACEMENT_3D('',#3057,#3058,#3059);
#3061=CYLINDRICAL_SURFACE('',#3060,3.3E1);
#3062=ORIENTED_EDGE('',*,*,#2024,.F.);
#3064=ORIENTED_EDGE('',*,*,#3063,.T.);
#3066=ORIENTED_EDGE('',*,*,#3065,.T.);
#3068=ORIENTED_EDGE('',*,*,#3067,.F.);
#3069=EDGE_LOOP('',(#3062,#3064,#3066,#3068));
#3070=FACE_OUTER_BOUND('',#3069,.F.);
#3071=ADVANCED_FACE('',(#3070),#3061,.F.);
#3072=CARTESIAN_POINT('',(0.E0,1.189230484541E2,-6.E1));
#3073=DIRECTION('',(0.E0,5.E-1,-8.660254037844E-1));
#3074=DIRECTION('',(-1.E0,0.E0,0.E0));
#3075=AXIS2_PLACEMENT_3D('',#3072,#3073,#3074);
#3076=CYLINDRICAL_SURFACE('',#3075,3.3E1);
#3077=ORIENTED_EDGE('',*,*,#2026,.F.);
#3078=ORIENTED_EDGE('',*,*,#3067,.T.);
#3080=ORIENTED_EDGE('',*,*,#3079,.T.);
#3081=ORIENTED_EDGE('',*,*,#3063,.F.);
#3082=EDGE_LOOP('',(#3077,#3078,#3080,#3081));
#3083=FACE_OUTER_BOUND('',#3082,.F.);
#3084=ADVANCED_FACE('',(#3083),#3076,.F.);
#3085=CARTESIAN_POINT('',(0.E0,5.471152422707E1,-9.476313972081E1));
#3086=DIRECTION('',(0.E0,5.E-1,-8.660254037844E-1));
#3087=DIRECTION('',(-1.E0,0.E0,0.E0));
#3088=AXIS2_PLACEMENT_3D('',#3085,#3086,#3087);
#3089=PLANE('',#3088);
#3090=ORIENTED_EDGE('',*,*,#3065,.F.);
#3091=ORIENTED_EDGE('',*,*,#3079,.F.);
#3092=EDGE_LOOP('',(#3090,#3091));
#3093=FACE_OUTER_BOUND('',#3092,.F.);
#3095=ORIENTED_EDGE('',*,*,#3094,.F.);
#3097=ORIENTED_EDGE('',*,*,#3096,.F.);
#3098=EDGE_LOOP('',(#3095,#3097));
#3099=FACE_BOUND('',#3098,.F.);
#3100=ADVANCED_FACE('',(#3093,#3099),#3089,.T.);
#3101=CARTESIAN_POINT('',(0.E0,1.189230484541E2,-6.E1));
#3102=DIRECTION('',(0.E0,5.E-1,-8.660254037844E-1));
#3103=DIRECTION('',(-1.E0,0.E0,0.E0));
#3104=AXIS2_PLACEMENT_3D('',#3101,#3102,#3103);
#3105=CYLINDRICAL_SURFACE('',#3104,3.E1);
#3106=ORIENTED_EDGE('',*,*,#2072,.T.);
#3108=ORIENTED_EDGE('',*,*,#3107,.T.);
#3109=ORIENTED_EDGE('',*,*,#3094,.T.);
#3111=ORIENTED_EDGE('',*,*,#3110,.F.);
#3112=EDGE_LOOP('',(#3106,#3108,#3109,#3111));
#3113=FACE_OUTER_BOUND('',#3112,.F.);
#3114=ADVANCED_FACE('',(#3113),#3105,.T.);
#3115=CARTESIAN_POINT('',(0.E0,1.189230484541E2,-6.E1));
#3116=DIRECTION('',(0.E0,5.E-1,-8.660254037844E-1));
#3117=DIRECTION('',(-1.E0,0.E0,0.E0));
#3118=AXIS2_PLACEMENT_3D('',#3115,#3116,#3117);
#3119=CYLINDRICAL_SURFACE('',#3118,3.E1);
#3120=ORIENTED_EDGE('',*,*,#2074,.T.);
#3121=ORIENTED_EDGE('',*,*,#3110,.T.);
#3122=ORIENTED_EDGE('',*,*,#3096,.T.);
#3123=ORIENTED_EDGE('',*,*,#3107,.F.);
#3124=EDGE_LOOP('',(#3120,#3121,#3122,#3123));
#3125=FACE_OUTER_BOUND('',#3124,.F.);
#3126=ADVANCED_FACE('',(#3125),#3119,.T.);
#3127=CARTESIAN_POINT('',(-3.2E1,3.E0,4.5E1));
#3128=DIRECTION('',(-7.071067811865E-1,7.071067811865E-1,0.E0));
#3129=DIRECTION('',(-7.071067811865E-1,-7.071067811865E-1,0.E0));
#3130=AXIS2_PLACEMENT_3D('',#3127,#3128,#3129);
#3131=PLANE('',#3130);
#3132=ORIENTED_EDGE('',*,*,#1615,.T.);
#3133=ORIENTED_EDGE('',*,*,#1859,.F.);
#3134=ORIENTED_EDGE('',*,*,#1841,.T.);
#3135=ORIENTED_EDGE('',*,*,#1811,.T.);
#3136=EDGE_LOOP('',(#3132,#3133,#3134,#3135));
#3137=FACE_OUTER_BOUND('',#3136,.F.);
#3138=ADVANCED_FACE('',(#3137),#3131,.F.);
#3139=CARTESIAN_POINT('',(4.5E1,3.836748210276E2,3.E1));
#3140=DIRECTION('',(0.E0,-1.E0,0.E0));
#3141=DIRECTION('',(1.E0,0.E0,0.E0));
#3142=AXIS2_PLACEMENT_3D('',#3139,#3140,#3141);
#3143=CYLINDRICAL_SURFACE('',#3142,1.5E1);
#3144=ORIENTED_EDGE('',*,*,#1587,.T.);
#3145=ORIENTED_EDGE('',*,*,#1871,.F.);
#3146=ORIENTED_EDGE('',*,*,#1718,.T.);
#3148=ORIENTED_EDGE('',*,*,#3147,.T.);
#3149=EDGE_LOOP('',(#3144,#3145,#3146,#3148));
#3150=FACE_OUTER_BOUND('',#3149,.F.);
#3151=ADVANCED_FACE('',(#3150),#3143,.T.);
#3152=CARTESIAN_POINT('',(6.E1,0.E0,4.5E1));
#3153=DIRECTION('',(1.E0,0.E0,0.E0));
#3154=DIRECTION('',(0.E0,0.E0,-1.E0));
#3155=AXIS2_PLACEMENT_3D('',#3152,#3153,#3154);
#3156=PLANE('',#3155);
#3157=ORIENTED_EDGE('',*,*,#3147,.F.);
#3158=ORIENTED_EDGE('',*,*,#1716,.T.);
#3160=ORIENTED_EDGE('',*,*,#3159,.T.);
#3161=ORIENTED_EDGE('',*,*,#1589,.F.);
#3162=EDGE_LOOP('',(#3157,#3158,#3160,#3161));
#3163=FACE_OUTER_BOUND('',#3162,.F.);
#3164=ADVANCED_FACE('',(#3163),#3156,.T.);
#3165=CARTESIAN_POINT('',(4.5E1,3.836748210276E2,-3.E1));
#3166=DIRECTION('',(0.E0,-1.E0,0.E0));
#3167=DIRECTION('',(0.E0,0.E0,-1.E0));
#3168=AXIS2_PLACEMENT_3D('',#3165,#3166,#3167);
#3169=CYLINDRICAL_SURFACE('',#3168,1.5E1);
#3170=ORIENTED_EDGE('',*,*,#1591,.T.);
#3171=ORIENTED_EDGE('',*,*,#3159,.F.);
#3172=ORIENTED_EDGE('',*,*,#1714,.T.);
#3173=ORIENTED_EDGE('',*,*,#1806,.T.);
#3174=EDGE_LOOP('',(#3170,#3171,#3172,#3173));
#3175=FACE_OUTER_BOUND('',#3174,.F.);
#3176=ADVANCED_FACE('',(#3175),#3169,.T.);
#3177=CARTESIAN_POINT('',(4.5E1,-1.823821679454E1,3.E1));
#3178=DIRECTION('',(0.E0,1.E0,0.E0));
#3179=DIRECTION('',(1.E0,0.E0,0.E0));
#3180=AXIS2_PLACEMENT_3D('',#3177,#3178,#3179);
#3181=CYLINDRICAL_SURFACE('',#3180,9.E0);
#3182=ORIENTED_EDGE('',*,*,#1735,.F.);
#3183=ORIENTED_EDGE('',*,*,#1696,.F.);
#3184=ORIENTED_EDGE('',*,*,#1677,.F.);
#3185=ORIENTED_EDGE('',*,*,#1693,.T.);
#3186=EDGE_LOOP('',(#3182,#3183,#3184,#3185));
#3187=FACE_OUTER_BOUND('',#3186,.F.);
#3188=ADVANCED_FACE('',(#3187),#3181,.F.);
#3189=CARTESIAN_POINT('',(4.5E1,-1.823821679454E1,-3.E1));
#3190=DIRECTION('',(0.E0,-1.E0,0.E0));
#3191=DIRECTION('',(1.E0,0.E0,0.E0));
#3192=AXIS2_PLACEMENT_3D('',#3189,#3190,#3191);
#3193=CYLINDRICAL_SURFACE('',#3192,9.E0);
#3195=ORIENTED_EDGE('',*,*,#3194,.T.);
#3196=ORIENTED_EDGE('',*,*,#1739,.T.);
#3198=ORIENTED_EDGE('',*,*,#3197,.F.);
#3200=ORIENTED_EDGE('',*,*,#3199,.F.);
#3201=EDGE_LOOP('',(#3195,#3196,#3198,#3200));
#3202=FACE_OUTER_BOUND('',#3201,.F.);
#3203=ADVANCED_FACE('',(#3202),#3193,.F.);
#3204=CARTESIAN_POINT('',(4.5E1,-1.823821679454E1,-3.E1));
#3205=DIRECTION('',(0.E0,-1.E0,0.E0));
#3206=DIRECTION('',(1.E0,0.E0,0.E0));
#3207=AXIS2_PLACEMENT_3D('',#3204,#3205,#3206);
#3208=CYLINDRICAL_SURFACE('',#3207,9.E0);
#3209=ORIENTED_EDGE('',*,*,#3194,.F.);
#3211=ORIENTED_EDGE('',*,*,#3210,.T.);
#3212=ORIENTED_EDGE('',*,*,#3197,.T.);
#3213=ORIENTED_EDGE('',*,*,#1741,.T.);
#3214=EDGE_LOOP('',(#3209,#3211,#3212,#3213));
#3215=FACE_OUTER_BOUND('',#3214,.F.);
#3216=ADVANCED_FACE('',(#3215),#3208,.F.);
#3217=CARTESIAN_POINT('',(4.5E1,7.E0,-3.E1));
#3218=DIRECTION('',(0.E0,-1.E0,0.E0));
#3219=DIRECTION('',(1.E0,0.E0,0.E0));
#3220=AXIS2_PLACEMENT_3D('',#3217,#3218,#3219);
#3221=PLANE('',#3220);
#3222=ORIENTED_EDGE('',*,*,#3199,.T.);
#3223=ORIENTED_EDGE('',*,*,#3210,.F.);
#3224=EDGE_LOOP('',(#3222,#3223));
#3225=FACE_OUTER_BOUND('',#3224,.F.);
#3227=ORIENTED_EDGE('',*,*,#3226,.T.);
#3229=ORIENTED_EDGE('',*,*,#3228,.F.);
#3230=EDGE_LOOP('',(#3227,#3229));
#3231=FACE_BOUND('',#3230,.F.);
#3232=ADVANCED_FACE('',(#3225,#3231),#3221,.F.);
#3233=CARTESIAN_POINT('',(4.5E1,-1.823821679454E1,-3.E1));
#3234=DIRECTION('',(0.E0,-1.E0,0.E0));
#3235=DIRECTION('',(1.E0,0.E0,0.E0));
#3236=AXIS2_PLACEMENT_3D('',#3233,#3234,#3235);
#3237=CYLINDRICAL_SURFACE('',#3236,5.5E0);
#3239=ORIENTED_EDGE('',*,*,#3238,.F.);
#3240=ORIENTED_EDGE('',*,*,#1605,.F.);
#3242=ORIENTED_EDGE('',*,*,#3241,.T.);
#3243=ORIENTED_EDGE('',*,*,#3226,.F.);
#3244=EDGE_LOOP('',(#3239,#3240,#3242,#3243));
#3245=FACE_OUTER_BOUND('',#3244,.F.);
#3246=ADVANCED_FACE('',(#3245),#3237,.F.);
#3247=CARTESIAN_POINT('',(4.5E1,-1.823821679454E1,-3.E1));
#3248=DIRECTION('',(0.E0,-1.E0,0.E0));
#3249=DIRECTION('',(1.E0,0.E0,0.E0));
#3250=AXIS2_PLACEMENT_3D('',#3247,#3248,#3249);
#3251=CYLINDRICAL_SURFACE('',#3250,5.5E0);
#3252=ORIENTED_EDGE('',*,*,#3238,.T.);
#3253=ORIENTED_EDGE('',*,*,#3228,.T.);
#3254=ORIENTED_EDGE('',*,*,#3241,.F.);
#3255=ORIENTED_EDGE('',*,*,#1603,.F.);
#3256=EDGE_LOOP('',(#3252,#3253,#3254,#3255));
#3257=FACE_OUTER_BOUND('',#3256,.F.);
#3258=ADVANCED_FACE('',(#3257),#3251,.F.);
#3259=CARTESIAN_POINT('',(-4.5E1,-1.823821679454E1,3.E1));
#3260=DIRECTION('',(0.E0,-1.E0,0.E0));
#3261=DIRECTION('',(-1.E0,0.E0,0.E0));
#3262=AXIS2_PLACEMENT_3D('',#3259,#3260,#3261);
#3263=CYLINDRICAL_SURFACE('',#3262,9.E0);
#3265=ORIENTED_EDGE('',*,*,#3264,.T.);
#3266=ORIENTED_EDGE('',*,*,#1745,.T.);
#3268=ORIENTED_EDGE('',*,*,#3267,.F.);
#3270=ORIENTED_EDGE('',*,*,#3269,.F.);
#3271=EDGE_LOOP('',(#3265,#3266,#3268,#3270));
#3272=FACE_OUTER_BOUND('',#3271,.F.);
#3273=ADVANCED_FACE('',(#3272),#3263,.F.);
#3274=CARTESIAN_POINT('',(-4.5E1,-1.823821679454E1,3.E1));
#3275=DIRECTION('',(0.E0,-1.E0,0.E0));
#3276=DIRECTION('',(-1.E0,0.E0,0.E0));
#3277=AXIS2_PLACEMENT_3D('',#3274,#3275,#3276);
#3278=CYLINDRICAL_SURFACE('',#3277,9.E0);
#3279=ORIENTED_EDGE('',*,*,#3264,.F.);
#3281=ORIENTED_EDGE('',*,*,#3280,.T.);
#3282=ORIENTED_EDGE('',*,*,#3267,.T.);
#3283=ORIENTED_EDGE('',*,*,#1747,.T.);
#3284=EDGE_LOOP('',(#3279,#3281,#3282,#3283));
#3285=FACE_OUTER_BOUND('',#3284,.F.);
#3286=ADVANCED_FACE('',(#3285),#3278,.F.);
#3287=CARTESIAN_POINT('',(-4.5E1,7.E0,3.E1));
#3288=DIRECTION('',(0.E0,-1.E0,0.E0));
#3289=DIRECTION('',(-1.E0,0.E0,0.E0));
#3290=AXIS2_PLACEMENT_3D('',#3287,#3288,#3289);
#3291=PLANE('',#3290);
#3292=ORIENTED_EDGE('',*,*,#3269,.T.);
#3293=ORIENTED_EDGE('',*,*,#3280,.F.);
#3294=EDGE_LOOP('',(#3292,#3293));
#3295=FACE_OUTER_BOUND('',#3294,.F.);
#3297=ORIENTED_EDGE('',*,*,#3296,.T.);
#3299=ORIENTED_EDGE('',*,*,#3298,.F.);
#3300=EDGE_LOOP('',(#3297,#3299));
#3301=FACE_BOUND('',#3300,.F.);
#3302=ADVANCED_FACE('',(#3295,#3301),#3291,.F.);
#3303=CARTESIAN_POINT('',(-4.5E1,-1.823821679454E1,3.E1));
#3304=DIRECTION('',(0.E0,-1.E0,0.E0));
#3305=DIRECTION('',(-1.E0,0.E0,0.E0));
#3306=AXIS2_PLACEMENT_3D('',#3303,#3304,#3305);
#3307=CYLINDRICAL_SURFACE('',#3306,5.5E0);
#3309=ORIENTED_EDGE('',*,*,#3308,.F.);
#3310=ORIENTED_EDGE('',*,*,#1631,.F.);
#3312=ORIENTED_EDGE('',*,*,#3311,.T.);
#3313=ORIENTED_EDGE('',*,*,#3296,.F.);
#3314=EDGE_LOOP('',(#3309,#3310,#3312,#3313));
#3315=FACE_OUTER_BOUND('',#3314,.F.);
#3316=ADVANCED_FACE('',(#3315),#3307,.F.);
#3317=CARTESIAN_POINT('',(-4.5E1,-1.823821679454E1,3.E1));
#3318=DIRECTION('',(0.E0,-1.E0,0.E0));
#3319=DIRECTION('',(-1.E0,0.E0,0.E0));
#3320=AXIS2_PLACEMENT_3D('',#3317,#3318,#3319);
#3321=CYLINDRICAL_SURFACE('',#3320,5.5E0);
#3322=ORIENTED_EDGE('',*,*,#3308,.T.);
#3323=ORIENTED_EDGE('',*,*,#3298,.T.);
#3324=ORIENTED_EDGE('',*,*,#3311,.F.);
#3325=ORIENTED_EDGE('',*,*,#1629,.F.);
#3326=EDGE_LOOP('',(#3322,#3323,#3324,#3325));
#3327=FACE_OUTER_BOUND('',#3326,.F.);
#3328=ADVANCED_FACE('',(#3327),#3321,.F.);
#3329=CARTESIAN_POINT('',(-4.5E1,-1.823821679454E1,-3.E1));
#3330=DIRECTION('',(0.E0,1.E0,0.E0));
#3331=DIRECTION('',(-1.E0,0.E0,0.E0));
#3332=AXIS2_PLACEMENT_3D('',#3329,#3330,#3331);
#3333=CYLINDRICAL_SURFACE('',#3332,9.E0);
#3335=ORIENTED_EDGE('',*,*,#3334,.F.);
#3337=ORIENTED_EDGE('',*,*,#3336,.T.);
#3339=ORIENTED_EDGE('',*,*,#3338,.T.);
#3340=ORIENTED_EDGE('',*,*,#1751,.F.);
#3341=EDGE_LOOP('',(#3335,#3337,#3339,#3340));
#3342=FACE_OUTER_BOUND('',#3341,.F.);
#3343=ADVANCED_FACE('',(#3342),#3333,.F.);
#3344=CARTESIAN_POINT('',(-4.5E1,-1.823821679454E1,-3.E1));
#3345=DIRECTION('',(0.E0,1.E0,0.E0));
#3346=DIRECTION('',(-1.E0,0.E0,0.E0));
#3347=AXIS2_PLACEMENT_3D('',#3344,#3345,#3346);
#3348=CYLINDRICAL_SURFACE('',#3347,9.E0);
#3349=ORIENTED_EDGE('',*,*,#3334,.T.);
#3350=ORIENTED_EDGE('',*,*,#1753,.F.);
#3351=ORIENTED_EDGE('',*,*,#3338,.F.);
#3353=ORIENTED_EDGE('',*,*,#3352,.F.);
#3354=EDGE_LOOP('',(#3349,#3350,#3351,#3353));
#3355=FACE_OUTER_BOUND('',#3354,.F.);
#3356=ADVANCED_FACE('',(#3355),#3348,.F.);
#3357=CARTESIAN_POINT('',(-4.5E1,7.E0,-3.E1));
#3358=DIRECTION('',(0.E0,1.E0,0.E0));
#3359=DIRECTION('',(-1.E0,0.E0,0.E0));
#3360=AXIS2_PLACEMENT_3D('',#3357,#3358,#3359);
#3361=PLANE('',#3360);
#3362=ORIENTED_EDGE('',*,*,#3336,.F.);
#3363=ORIENTED_EDGE('',*,*,#3352,.T.);
#3364=EDGE_LOOP('',(#3362,#3363));
#3365=FACE_OUTER_BOUND('',#3364,.F.);
#3367=ORIENTED_EDGE('',*,*,#3366,.F.);
#3369=ORIENTED_EDGE('',*,*,#3368,.T.);
#3370=EDGE_LOOP('',(#3367,#3369));
#3371=FACE_BOUND('',#3370,.F.);
#3372=ADVANCED_FACE('',(#3365,#3371),#3361,.T.);
#3373=CARTESIAN_POINT('',(-4.5E1,-1.823821679454E1,-3.E1));
#3374=DIRECTION('',(0.E0,1.E0,0.E0));
#3375=DIRECTION('',(-1.E0,0.E0,0.E0));
#3376=AXIS2_PLACEMENT_3D('',#3373,#3374,#3375);
#3377=CYLINDRICAL_SURFACE('',#3376,5.5E0);
#3379=ORIENTED_EDGE('',*,*,#3378,.T.);
#3380=ORIENTED_EDGE('',*,*,#3366,.T.);
#3382=ORIENTED_EDGE('',*,*,#3381,.F.);
#3383=ORIENTED_EDGE('',*,*,#1637,.T.);
#3384=EDGE_LOOP('',(#3379,#3380,#3382,#3383));
#3385=FACE_OUTER_BOUND('',#3384,.F.);
#3386=ADVANCED_FACE('',(#3385),#3377,.F.);
#3387=CARTESIAN_POINT('',(-4.5E1,-1.823821679454E1,-3.E1));
#3388=DIRECTION('',(0.E0,1.E0,0.E0));
#3389=DIRECTION('',(-1.E0,0.E0,0.E0));
#3390=AXIS2_PLACEMENT_3D('',#3387,#3388,#3389);
#3391=CYLINDRICAL_SURFACE('',#3390,5.5E0);
#3392=ORIENTED_EDGE('',*,*,#3378,.F.);
#3393=ORIENTED_EDGE('',*,*,#1635,.T.);
#3394=ORIENTED_EDGE('',*,*,#3381,.T.);
#3395=ORIENTED_EDGE('',*,*,#3368,.F.);
#3396=EDGE_LOOP('',(#3392,#3393,#3394,#3395));
#3397=FACE_OUTER_BOUND('',#3396,.F.);
#3398=ADVANCED_FACE('',(#3397),#3391,.F.);
#3402=DIMENSIONAL_EXPONENTS(0.E0,0.E0,0.E0,0.E0,0.E0,0.E0,0.E0);
#3404=PLANE_ANGLE_MEASURE_WITH_UNIT(PLANE_ANGLE_MEASURE(1.745329251994E-2),
#3403);
#3405=(CONVERSION_BASED_UNIT('DEGREE',#3404)NAMED_UNIT(*)PLANE_ANGLE_UNIT());
#3407=UNCERTAINTY_MEASURE_WITH_UNIT(LENGTH_MEASURE(2.443191718538E-2),#3401,
'closure',
'Maximum model space distance between geometric entities at asserted connectivities');
#3408=(GEOMETRIC_REPRESENTATION_CONTEXT(3)GLOBAL_UNCERTAINTY_ASSIGNED_CONTEXT((
#3407))GLOBAL_UNIT_ASSIGNED_CONTEXT((#3401,#3405,#3406))REPRESENTATION_CONTEXT(
'ID1','3'));
#3410=APPLICATION_CONTEXT(
'CONFIGURATION CONTROLLED 3D DESIGNS OF MECHANICAL PARTS AND ASSEMBLIES');
#3411=APPLICATION_PROTOCOL_DEFINITION('international standard',
'config_control_design',1994,#3410);
#3412=DESIGN_CONTEXT('',#3410,'design');
#3413=MECHANICAL_CONTEXT('',#3410,'mechanical');
#3414=PRODUCT('PIPE2','PIPE2','NOT SPECIFIED',(#3413));
#3415=PRODUCT_DEFINITION_FORMATION_WITH_SPECIFIED_SOURCE('1','LAST_VERSION',
#3414,.MADE.);
#3419=PRODUCT_CATEGORY('part','');
#3420=PRODUCT_RELATED_PRODUCT_CATEGORY('detail','',(#3414));
#3421=PRODUCT_CATEGORY_RELATIONSHIP('','',#3419,#3420);
#3422=SECURITY_CLASSIFICATION_LEVEL('unclassified');
#3423=SECURITY_CLASSIFICATION('','',#3422);
#3424=CC_DESIGN_SECURITY_CLASSIFICATION(#3423,(#3415));
#3425=APPROVAL_STATUS('approved');
#3426=APPROVAL(#3425,'');
#3427=CC_DESIGN_APPROVAL(#3426,(#3423,#3415,#3416));
#3428=CALENDAR_DATE(126,9,9);
#3429=COORDINATED_UNIVERSAL_TIME_OFFSET(5,30,.AHEAD.);
#3430=LOCAL_TIME(0,14,1.7E1,#3429);
#3431=DATE_AND_TIME(#3428,#3430);
#3432=APPROVAL_DATE_TIME(#3431,#3426);
#3433=DATE_TIME_ROLE('creation_date');
#3434=CC_DESIGN_DATE_AND_TIME_ASSIGNMENT(#3431,#3433,(#3416));
#3435=DATE_TIME_ROLE('classification_date');
#3436=CC_DESIGN_DATE_AND_TIME_ASSIGNMENT(#3431,#3435,(#3423));
#3437=PERSON('UNSPECIFIED','UNSPECIFIED',$,$,$,$);
#3438=ORGANIZATION('UNSPECIFIED','UNSPECIFIED','UNSPECIFIED');
#3439=PERSON_AND_ORGANIZATION(#3437,#3438);
#3440=APPROVAL_ROLE('approver');
#3441=APPROVAL_PERSON_ORGANIZATION(#3439,#3426,#3440);
#3442=PERSON_AND_ORGANIZATION_ROLE('creator');
#3443=CC_DESIGN_PERSON_AND_ORGANIZATION_ASSIGNMENT(#3439,#3442,(#3415,#3416));
#3444=PERSON_AND_ORGANIZATION_ROLE('design_supplier');
#3445=CC_DESIGN_PERSON_AND_ORGANIZATION_ASSIGNMENT(#3439,#3444,(#3415));
#3446=PERSON_AND_ORGANIZATION_ROLE('classification_officer');
#3447=CC_DESIGN_PERSON_AND_ORGANIZATION_ASSIGNMENT(#3439,#3446,(#3423));
#3448=PERSON_AND_ORGANIZATION_ROLE('design_owner');
#3449=CC_DESIGN_PERSON_AND_ORGANIZATION_ASSIGNMENT(#3439,#3448,(#3414));
#5=CIRCLE('',#4,5.5E0);
#10=CIRCLE('',#9,5.5E0);
#15=CIRCLE('',#14,5.5E0);
#20=CIRCLE('',#19,5.5E0);
#25=CIRCLE('',#24,5.5E0);
#30=CIRCLE('',#29,5.5E0);
#35=CIRCLE('',#34,5.5E0);
#40=CIRCLE('',#39,5.5E0);
#53=CIRCLE('',#52,1.5E1);
#62=CIRCLE('',#61,1.5E1);
#79=CIRCLE('',#78,1.5E1);
#88=CIRCLE('',#87,1.5E1);
#105=CIRCLE('',#104,5.5E0);
#110=CIRCLE('',#109,5.5E0);
#115=CIRCLE('',#114,9.E0);
#120=CIRCLE('',#119,1.5E1);
#129=CIRCLE('',#128,1.5E1);
#138=CIRCLE('',#137,1.5E1);
#147=CIRCLE('',#146,1.5E1);
#168=CIRCLE('',#167,9.E0);
#173=CIRCLE('',#172,9.E0);
#178=CIRCLE('',#177,9.E0);
#183=CIRCLE('',#182,9.E0);
#188=CIRCLE('',#187,9.E0);
#193=CIRCLE('',#192,9.E0);
#198=CIRCLE('',#197,9.E0);
#203=CIRCLE('',#202,9.E0);
#240=CIRCLE('',#239,1.45E1);
#245=CIRCLE('',#244,1.45E1);
#270=CIRCLE('',#269,2.E1);
#291=CIRCLE('',#290,1.25E1);
#300=CIRCLE('',#299,1.25E1);
#316=B_SPLINE_CURVE_WITH_KNOTS('',3,(#305,#306,#307,#308,#309,#310,#311,#312,
#313,#314,#315),.UNSPECIFIED.,.F.,.F.,(4,1,1,1,1,1,1,1,4),(0.E0,1.25E-1,2.5E-1,
3.75E-1,5.E-1,6.25E-1,7.5E-1,8.75E-1,1.E0),.UNSPECIFIED.);
#333=B_SPLINE_CURVE_WITH_KNOTS('',3,(#317,#318,#319,#320,#321,#322,#323,#324,
#325,#326,#327,#328,#329,#330,#331,#332),.UNSPECIFIED.,.F.,.F.,(4,1,1,1,1,1,1,1,
1,1,1,1,1,4),(0.E0,7.692307692308E-2,1.538461538462E-1,2.307692307692E-1,
3.076923076923E-1,3.846153846154E-1,4.615384615385E-1,5.384615384615E-1,
6.153846153846E-1,6.923076923077E-1,7.692307692308E-1,8.461538461538E-1,
9.230769230769E-1,1.E0),.UNSPECIFIED.);
#338=CIRCLE('',#337,9.5E1);
#343=CIRCLE('',#342,2.5E1);
#356=B_SPLINE_CURVE_WITH_KNOTS('',3,(#344,#345,#346,#347,#348,#349,#350,#351,
#352,#353,#354,#355),.UNSPECIFIED.,.F.,.F.,(4,1,1,1,1,1,1,1,1,4),(0.E0,
1.111111111111E-1,2.222222222222E-1,3.333333333333E-1,4.444444444444E-1,
5.555555555556E-1,6.666666666667E-1,7.777777777778E-1,8.888888888889E-1,1.E0),
.UNSPECIFIED.);
#368=B_SPLINE_CURVE_WITH_KNOTS('',3,(#357,#358,#359,#360,#361,#362,#363,#364,
#365,#366,#367),.UNSPECIFIED.,.F.,.F.,(4,1,1,1,1,1,1,1,4),(0.E0,1.25E-1,2.5E-1,
3.75E-1,5.E-1,6.25E-1,7.5E-1,8.75E-1,1.E0),.UNSPECIFIED.);
#381=B_SPLINE_CURVE_WITH_KNOTS('',3,(#369,#370,#371,#372,#373,#374,#375,#376,
#377,#378,#379,#380),.UNSPECIFIED.,.F.,.F.,(4,1,1,1,1,1,1,1,1,4),(0.E0,
1.111111111111E-1,2.222222222222E-1,3.333333333333E-1,4.444444444444E-1,
5.555555555556E-1,6.666666666667E-1,7.777777777778E-1,8.888888888889E-1,1.E0),
.UNSPECIFIED.);
#386=CIRCLE('',#385,1.45E2);
#391=CIRCLE('',#390,2.5E1);
#396=CIRCLE('',#395,1.45E2);
#413=B_SPLINE_CURVE_WITH_KNOTS('',3,(#397,#398,#399,#400,#401,#402,#403,#404,
#405,#406,#407,#408,#409,#410,#411,#412),.UNSPECIFIED.,.F.,.F.,(4,1,1,1,1,1,1,1,
1,1,1,1,1,4),(0.E0,7.692307692308E-2,1.538461538462E-1,2.307692307692E-1,
3.076923076923E-1,3.846153846154E-1,4.615384615385E-1,5.384615384615E-1,
6.153846153846E-1,6.923076923077E-1,7.692307692308E-1,8.461538461538E-1,
9.230769230769E-1,1.E0),.UNSPECIFIED.);
#418=CIRCLE('',#417,1.45E2);
#423=CIRCLE('',#422,2.5E1);
#432=CIRCLE('',#431,2.5E1);
#441=CIRCLE('',#440,5.5E1);
#446=CIRCLE('',#445,5.5E1);
#451=CIRCLE('',#450,2.5E1);
#456=CIRCLE('',#455,2.5E1);
#461=CIRCLE('',#460,3.3E1);
#466=CIRCLE('',#465,3.3E1);
#471=CIRCLE('',#470,3.E1);
#476=CIRCLE('',#475,3.E1);
#481=CIRCLE('',#480,4.E0);
#486=CIRCLE('',#485,4.E0);
#491=CIRCLE('',#490,4.E0);
#496=CIRCLE('',#495,4.E0);
#501=CIRCLE('',#500,4.E0);
#506=CIRCLE('',#505,4.E0);
#511=CIRCLE('',#510,4.E0);
#516=CIRCLE('',#515,4.E0);
#521=CIRCLE('',#520,4.E0);
#526=CIRCLE('',#525,4.E0);
#531=CIRCLE('',#530,4.E0);
#536=CIRCLE('',#535,4.E0);
#549=CIRCLE('',#548,5.5E1);
#554=CIRCLE('',#553,5.5E1);
#559=CIRCLE('',#558,4.E0);
#564=CIRCLE('',#563,4.E0);
#569=CIRCLE('',#568,4.E0);
#574=CIRCLE('',#573,4.E0);
#579=CIRCLE('',#578,4.E0);
#584=CIRCLE('',#583,4.E0);
#589=CIRCLE('',#588,4.E0);
#594=CIRCLE('',#593,4.E0);
#599=CIRCLE('',#598,4.E0);
#604=CIRCLE('',#603,4.E0);
#609=CIRCLE('',#608,4.E0);
#614=CIRCLE('',#613,4.E0);
#621=B_SPLINE_CURVE_WITH_KNOTS('',3,(#615,#616,#617,#618,#619,#620),
.UNSPECIFIED.,.F.,.F.,(4,1,1,4),(0.E0,3.333333333333E-1,6.666666666667E-1,1.E0),
.UNSPECIFIED.);
#633=B_SPLINE_CURVE_WITH_KNOTS('',3,(#622,#623,#624,#625,#626,#627,#628,#629,
#630,#631,#632),.UNSPECIFIED.,.F.,.F.,(4,1,1,1,1,1,1,1,4),(0.E0,1.25E-1,2.5E-1,
3.75E-1,5.E-1,6.25E-1,7.5E-1,8.75E-1,1.E0),.UNSPECIFIED.);
#638=CIRCLE('',#637,1.445286137513E2);
#649=B_SPLINE_CURVE_WITH_KNOTS('',3,(#639,#640,#641,#642,#643,#644,#645,#646,
#647,#648),.UNSPECIFIED.,.F.,.F.,(4,1,1,1,1,1,1,4),(0.E0,1.428571428571E-1,
2.857142857143E-1,4.285714285714E-1,5.714285714286E-1,7.142857142857E-1,
8.571428571429E-1,1.E0),.UNSPECIFIED.);
#656=B_SPLINE_CURVE_WITH_KNOTS('',3,(#650,#651,#652,#653,#654,#655),
.UNSPECIFIED.,.F.,.F.,(4,1,1,4),(0.E0,3.333333333333E-1,6.666666666667E-1,1.E0),
.UNSPECIFIED.);
#661=CIRCLE('',#660,1.5E2);
#685=B_SPLINE_CURVE_WITH_KNOTS('',3,(#662,#663,#664,#665,#666,#667,#668,#669,
#670,#671,#672,#673,#674,#675,#676,#677,#678,#679,#680,#681,#682,#683,#684),
.UNSPECIFIED.,.F.,.F.,(4,1,1,1,1,1,1,1,1,1,1,1,1,1,1,1,1,1,1,1,4),(0.E0,5.E-2,
1.E-1,1.5E-1,2.E-1,2.5E-1,3.E-1,3.5E-1,4.E-1,4.5E-1,5.E-1,5.5E-1,6.E-1,6.5E-1,
7.E-1,7.5E-1,8.E-1,8.5E-1,9.E-1,9.5E-1,1.E0),.UNSPECIFIED.);
#690=CIRCLE('',#689,3.E1);
#695=CIRCLE('',#694,1.493938769134E2);
#715=B_SPLINE_CURVE_WITH_KNOTS('',3,(#696,#697,#698,#699,#700,#701,#702,#703,
#704,#705,#706,#707,#708,#709,#710,#711,#712,#713,#714),.UNSPECIFIED.,.F.,.F.,
(4,1,1,1,1,1,1,1,1,1,1,1,1,1,1,1,4),(0.E0,6.25E-2,1.25E-1,1.875E-1,2.5E-1,
3.125E-1,3.75E-1,4.375E-1,5.E-1,5.625E-1,6.25E-1,6.875E-1,7.5E-1,8.125E-1,
8.75E-1,9.375E-1,1.E0),.UNSPECIFIED.);
#720=CIRCLE('',#719,1.5E2);
#725=CIRCLE('',#724,3.E0);
#730=CIRCLE('',#729,3.E0);
#737=B_SPLINE_CURVE_WITH_KNOTS('',3,(#731,#732,#733,#734,#735,#736),
.UNSPECIFIED.,.F.,.F.,(4,1,1,4),(0.E0,3.333333333333E-1,6.666666666667E-1,1.E0),
.UNSPECIFIED.);
#749=B_SPLINE_CURVE_WITH_KNOTS('',3,(#738,#739,#740,#741,#742,#743,#744,#745,
#746,#747,#748),.UNSPECIFIED.,.F.,.F.,(4,1,1,1,1,1,1,1,4),(0.E0,1.25E-1,2.5E-1,
3.75E-1,5.E-1,6.25E-1,7.5E-1,8.75E-1,1.E0),.UNSPECIFIED.);
#754=CIRCLE('',#753,1.445286137513E2);
#765=B_SPLINE_CURVE_WITH_KNOTS('',3,(#755,#756,#757,#758,#759,#760,#761,#762,
#763,#764),.UNSPECIFIED.,.F.,.F.,(4,1,1,1,1,1,1,4),(0.E0,1.428571428571E-1,
2.857142857143E-1,4.285714285714E-1,5.714285714286E-1,7.142857142857E-1,
8.571428571429E-1,1.E0),.UNSPECIFIED.);
#772=B_SPLINE_CURVE_WITH_KNOTS('',3,(#766,#767,#768,#769,#770,#771),
.UNSPECIFIED.,.F.,.F.,(4,1,1,4),(0.E0,3.333333333333E-1,6.666666666667E-1,1.E0),
.UNSPECIFIED.);
#792=B_SPLINE_CURVE_WITH_KNOTS('',3,(#773,#774,#775,#776,#777,#778,#779,#780,
#781,#782,#783,#784,#785,#786,#787,#788,#789,#790,#791),.UNSPECIFIED.,.F.,.F.,
(4,1,1,1,1,1,1,1,1,1,1,1,1,1,1,1,4),(0.E0,6.25E-2,1.25E-1,1.875E-1,2.5E-1,
3.125E-1,3.75E-1,4.375E-1,5.E-1,5.625E-1,6.25E-1,6.875E-1,7.5E-1,8.125E-1,
8.75E-1,9.375E-1,1.E0),.UNSPECIFIED.);
#797=CIRCLE('',#796,1.493938769134E2);
#802=CIRCLE('',#801,3.E1);
#807=CIRCLE('',#806,9.E1);
#831=B_SPLINE_CURVE_WITH_KNOTS('',3,(#808,#809,#810,#811,#812,#813,#814,#815,
#816,#817,#818,#819,#820,#821,#822,#823,#824,#825,#826,#827,#828,#829,#830),
.UNSPECIFIED.,.F.,.F.,(4,1,1,1,1,1,1,1,1,1,1,1,1,1,1,1,1,1,1,1,4),(0.E0,5.E-2,
1.E-1,1.5E-1,2.E-1,2.5E-1,3.E-1,3.5E-1,4.E-1,4.5E-1,5.E-1,5.5E-1,6.E-1,6.5E-1,
7.E-1,7.5E-1,8.E-1,8.5E-1,9.E-1,9.5E-1,1.E0),.UNSPECIFIED.);
#836=CIRCLE('',#835,3.E0);
#841=CIRCLE('',#840,3.E0);
#846=CIRCLE('',#845,3.E0);
#851=CIRCLE('',#850,3.E0);
#856=CIRCLE('',#855,3.E0);
#868=B_SPLINE_CURVE_WITH_KNOTS('',3,(#857,#858,#859,#860,#861,#862,#863,#864,
#865,#866,#867),.UNSPECIFIED.,.F.,.F.,(4,1,1,1,1,1,1,1,4),(0.E0,1.25E-1,2.5E-1,
3.75E-1,5.E-1,6.25E-1,7.5E-1,8.75E-1,1.E0),.UNSPECIFIED.);
#875=B_SPLINE_CURVE_WITH_KNOTS('',3,(#869,#870,#871,#872,#873,#874),
.UNSPECIFIED.,.F.,.F.,(4,1,1,4),(0.E0,3.333333333333E-1,6.666666666667E-1,1.E0),
.UNSPECIFIED.);
#882=B_SPLINE_CURVE_WITH_KNOTS('',3,(#876,#877,#878,#879,#880,#881),
.UNSPECIFIED.,.F.,.F.,(4,1,1,4),(0.E0,3.333333333333E-1,6.666666666667E-1,1.E0),
.UNSPECIFIED.);
#901=B_SPLINE_CURVE_WITH_KNOTS('',3,(#891,#892,#893,#894,#895,#896,#897,#898,
#899,#900),.UNSPECIFIED.,.F.,.F.,(4,1,1,1,1,1,1,4),(0.E0,1.428571428571E-1,
2.857142857143E-1,4.285714285714E-1,5.714285714286E-1,7.142857142857E-1,
8.571428571429E-1,1.E0),.UNSPECIFIED.);
#906=CIRCLE('',#905,3.E0);
#911=CIRCLE('',#910,3.E0);
#916=CIRCLE('',#915,3.E0);
#928=B_SPLINE_CURVE_WITH_KNOTS('',3,(#917,#918,#919,#920,#921,#922,#923,#924,
#925,#926,#927),.UNSPECIFIED.,.F.,.F.,(4,1,1,1,1,1,1,1,4),(0.E0,1.25E-1,2.5E-1,
3.75E-1,5.E-1,6.25E-1,7.5E-1,8.75E-1,1.E0),.UNSPECIFIED.);
#935=B_SPLINE_CURVE_WITH_KNOTS('',3,(#929,#930,#931,#932,#933,#934),
.UNSPECIFIED.,.F.,.F.,(4,1,1,4),(0.E0,3.333333333333E-1,6.666666666667E-1,1.E0),
.UNSPECIFIED.);
#950=B_SPLINE_CURVE_WITH_KNOTS('',3,(#944,#945,#946,#947,#948,#949),
.UNSPECIFIED.,.F.,.F.,(4,1,1,4),(0.E0,3.333333333333E-1,6.666666666667E-1,1.E0),
.UNSPECIFIED.);
#961=B_SPLINE_CURVE_WITH_KNOTS('',3,(#951,#952,#953,#954,#955,#956,#957,#958,
#959,#960),.UNSPECIFIED.,.F.,.F.,(4,1,1,1,1,1,1,4),(0.E0,1.428571428571E-1,
2.857142857143E-1,4.285714285714E-1,5.714285714286E-1,7.142857142857E-1,
8.571428571429E-1,1.E0),.UNSPECIFIED.);
#966=CIRCLE('',#965,1.469814751265E2);
#979=CIRCLE('',#978,5.E0);
#988=CIRCLE('',#987,5.E0);
#997=CIRCLE('',#996,5.E0);
#1006=CIRCLE('',#1005,5.E0);
#1015=CIRCLE('',#1014,9.5E0);
#1020=CIRCLE('',#1019,9.5E0);
#1025=CIRCLE('',#1024,1.469814751265E2);
#1038=CIRCLE('',#1037,9.5E0);
#1047=CIRCLE('',#1046,9.5E0);
#1056=CIRCLE('',#1055,5.E0);
#1061=CIRCLE('',#1060,5.E0);
#1138=CIRCLE('',#1137,3.3E1);
#1143=CIRCLE('',#1142,3.3E1);
#1148=CIRCLE('',#1147,3.E1);
#1153=CIRCLE('',#1152,3.E1);
#1182=CIRCLE('',#1181,9.E0);
#1191=CIRCLE('',#1190,9.E0);
#1200=CIRCLE('',#1199,9.E0);
#1209=CIRCLE('',#1208,5.5E0);
#1214=CIRCLE('',#1213,5.5E0);
#1227=CIRCLE('',#1226,9.E0);
#1236=CIRCLE('',#1235,9.E0);
#1245=CIRCLE('',#1244,5.5E0);
#1250=CIRCLE('',#1249,5.5E0);
#1263=CIRCLE('',#1262,9.E0);
#1276=CIRCLE('',#1275,9.E0);
#1281=CIRCLE('',#1280,5.5E0);
#1286=CIRCLE('',#1285,5.5E0);
#1583=EDGE_CURVE('',#1536,#1537,#44,.T.);
#1585=EDGE_CURVE('',#1537,#1333,#48,.T.);
#1587=EDGE_CURVE('',#1332,#1333,#53,.T.);
#1589=EDGE_CURVE('',#1332,#1341,#57,.T.);
#1591=EDGE_CURVE('',#1340,#1341,#62,.T.);
#1593=EDGE_CURVE('',#1340,#1536,#66,.T.);
#1597=EDGE_CURVE('',#1364,#1365,#5,.T.);
#1599=EDGE_CURVE('',#1365,#1364,#10,.T.);
#1603=EDGE_CURVE('',#1379,#1381,#15,.T.);
#1605=EDGE_CURVE('',#1381,#1379,#20,.T.);
#1615=EDGE_CURVE('',#1540,#1541,#70,.T.);
#1617=EDGE_CURVE('',#1540,#1349,#74,.T.);
#1619=EDGE_CURVE('',#1348,#1349,#79,.T.);
#1621=EDGE_CURVE('',#1348,#1325,#83,.T.);
#1623=EDGE_CURVE('',#1324,#1325,#88,.T.);
#1625=EDGE_CURVE('',#1324,#1541,#92,.T.);
#1629=EDGE_CURVE('',#1395,#1397,#25,.T.);
#1631=EDGE_CURVE('',#1397,#1395,#30,.T.);
#1635=EDGE_CURVE('',#1411,#1413,#35,.T.);
#1637=EDGE_CURVE('',#1413,#1411,#40,.T.);
#1648=EDGE_CURVE('',#1365,#1357,#100,.T.);
#1650=EDGE_CURVE('',#1356,#1357,#110,.T.);
#1652=EDGE_CURVE('',#1364,#1356,#96,.T.);
#1664=EDGE_CURVE('',#1356,#1357,#105,.T.);
#1675=EDGE_CURVE('',#1360,#1361,#115,.T.);
#1677=EDGE_CURVE('',#1360,#1361,#1182,.T.);
#1691=EDGE_CURVE('',#1368,#1369,#168,.T.);
#1693=EDGE_CURVE('',#1360,#1368,#1186,.T.);
#1696=EDGE_CURVE('',#1361,#1369,#1177,.T.);
#1706=EDGE_CURVE('',#1327,#1329,#120,.T.);
#1708=EDGE_CURVE('',#1353,#1327,#124,.T.);
#1710=EDGE_CURVE('',#1351,#1353,#129,.T.);
#1712=EDGE_CURVE('',#1345,#1351,#133,.T.);
#1714=EDGE_CURVE('',#1343,#1345,#138,.T.);
#1716=EDGE_CURVE('',#1337,#1343,#142,.T.);
#1718=EDGE_CURVE('',#1335,#1337,#147,.T.);
#1720=EDGE_CURVE('',#1309,#1335,#151,.T.);
#1722=EDGE_CURVE('',#1309,#1302,#155,.T.);
#1724=EDGE_CURVE('',#1302,#1311,#690,.T.);
#1726=EDGE_CURVE('',#1311,#1305,#802,.T.);
#1728=EDGE_CURVE('',#1307,#1305,#159,.T.);
#1730=EDGE_CURVE('',#1329,#1307,#163,.T.);
#1735=EDGE_CURVE('',#1369,#1368,#173,.T.);
#1739=EDGE_CURVE('',#1383,#1385,#178,.T.);
#1741=EDGE_CURVE('',#1385,#1383,#183,.T.);
#1745=EDGE_CURVE('',#1399,#1401,#188,.T.);
#1747=EDGE_CURVE('',#1401,#1399,#193,.T.);
#1751=EDGE_CURVE('',#1415,#1417,#198,.T.);
#1753=EDGE_CURVE('',#1417,#1415,#203,.T.);
#1764=EDGE_CURVE('',#1327,#1325,#207,.T.);
#1767=EDGE_CURVE('',#1329,#1324,#261,.T.);
#1779=EDGE_CURVE('',#1353,#1348,#211,.T.);
#1791=EDGE_CURVE('',#1351,#1349,#223,.T.);
#1803=EDGE_CURVE('',#1536,#1547,#215,.T.);
#1806=EDGE_CURVE('',#1345,#1340,#219,.T.);
#1811=EDGE_CURVE('',#1549,#1540,#227,.T.);
#1813=EDGE_CURVE('',#1547,#1549,#231,.T.);
#1825=EDGE_CURVE('',#1543,#1547,#235,.T.);
#1827=EDGE_CURVE('',#1537,#1543,#249,.T.);
#1837=EDGE_CURVE('',#1543,#1545,#253,.T.);
#1841=EDGE_CURVE('',#1545,#1549,#1165,.T.);
#1845=EDGE_CURVE('',#1552,#1553,#423,.T.);
#1847=EDGE_CURVE('',#1553,#1552,#432,.T.);
#1859=EDGE_CURVE('',#1545,#1541,#257,.T.);
#1864=EDGE_CURVE('',#1298,#1307,#265,.T.);
#1866=EDGE_CURVE('',#1297,#1298,#270,.T.);
#1868=EDGE_CURVE('',#1309,#1297,#274,.T.);
#1871=EDGE_CURVE('',#1335,#1333,#278,.T.);
#1876=EDGE_CURVE('',#1464,#1465,#240,.T.);
#1878=EDGE_CURVE('',#1465,#1464,#245,.T.);
#1889=EDGE_CURVE('',#1465,#1469,#286,.T.);
#1891=EDGE_CURVE('',#1468,#1469,#300,.T.);
#1893=EDGE_CURVE('',#1464,#1468,#282,.T.);
#1905=EDGE_CURVE('',#1469,#1468,#291,.T.);
#1917=EDGE_CURVE('',#1468,#1458,#304,.T.);
#1919=EDGE_CURVE('',#1458,#1459,#368,.T.);
#1921=EDGE_CURVE('',#1459,#1461,#316,.T.);
#1923=EDGE_CURVE('',#1469,#1461,#295,.T.);
#1935=EDGE_CURVE('',#1461,#1460,#356,.T.);
#1937=EDGE_CURVE('',#1460,#1458,#381,.T.);
#1949=EDGE_CURVE('',#1459,#1449,#418,.T.);
#1951=EDGE_CURVE('',#1447,#1449,#333,.T.);
#1953=EDGE_CURVE('',#1447,#1457,#396,.T.);
#1955=EDGE_CURVE('',#1457,#1456,#456,.T.);
#1957=EDGE_CURVE('',#1453,#1456,#338,.T.);
#1959=EDGE_CURVE('',#1453,#1452,#343,.T.);
#1961=EDGE_CURVE('',#1452,#1460,#386,.T.);
#1975=EDGE_CURVE('',#1452,#1453,#391,.T.);
#1978=EDGE_CURVE('',#1456,#1457,#451,.T.);
#1981=EDGE_CURVE('',#1449,#1447,#413,.T.);
#1993=EDGE_CURVE('',#1553,#1453,#436,.T.);
#1996=EDGE_CURVE('',#1552,#1452,#427,.T.);
#2018=EDGE_CURVE('',#1314,#1315,#441,.T.);
#2020=EDGE_CURVE('',#1315,#1314,#446,.T.);
#2024=EDGE_CURVE('',#1480,#1481,#461,.T.);
#2026=EDGE_CURVE('',#1481,#1480,#466,.T.);
#2030=EDGE_CURVE('',#1488,#1489,#481,.T.);
#2032=EDGE_CURVE('',#1489,#1488,#486,.T.);
#2036=EDGE_CURVE('',#1496,#1497,#491,.T.);
#2038=EDGE_CURVE('',#1497,#1496,#496,.T.);
#2042=EDGE_CURVE('',#1504,#1505,#501,.T.);
#2044=EDGE_CURVE('',#1505,#1504,#506,.T.);
#2048=EDGE_CURVE('',#1512,#1513,#511,.T.);
#2050=EDGE_CURVE('',#1513,#1512,#516,.T.);
#2054=EDGE_CURVE('',#1520,#1521,#521,.T.);
#2056=EDGE_CURVE('',#1521,#1520,#526,.T.);
#2060=EDGE_CURVE('',#1528,#1529,#531,.T.);
#2062=EDGE_CURVE('',#1529,#1528,#536,.T.);
#2072=EDGE_CURVE('',#1484,#1485,#471,.T.);
#2074=EDGE_CURVE('',#1485,#1484,#476,.T.);
#2089=EDGE_CURVE('',#1315,#1319,#544,.T.);
#2091=EDGE_CURVE('',#1318,#1319,#549,.T.);
#2093=EDGE_CURVE('',#1314,#1318,#540,.T.);
#2105=EDGE_CURVE('',#1319,#1318,#554,.T.);
#2120=EDGE_CURVE('',#1320,#1321,#685,.T.);
#2122=EDGE_CURVE('',#1321,#1320,#831,.T.);
#2126=EDGE_CURVE('',#1492,#1493,#559,.T.);
#2128=EDGE_CURVE('',#1493,#1492,#564,.T.);
#2132=EDGE_CURVE('',#1500,#1501,#569,.T.);
#2134=EDGE_CURVE('',#1501,#1500,#574,.T.);
#2138=EDGE_CURVE('',#1508,#1509,#579,.T.);
#2140=EDGE_CURVE('',#1509,#1508,#584,.T.);
#2144=EDGE_CURVE('',#1516,#1517,#589,.T.);
#2146=EDGE_CURVE('',#1517,#1516,#594,.T.);
#2150=EDGE_CURVE('',#1524,#1525,#599,.T.);
#2152=EDGE_CURVE('',#1525,#1524,#604,.T.);
#2156=EDGE_CURVE('',#1532,#1533,#609,.T.);
#2158=EDGE_CURVE('',#1533,#1532,#614,.T.);
#2168=EDGE_CURVE('',#1554,#1555,#621,.T.);
#2170=EDGE_CURVE('',#1555,#1558,#633,.T.);
#2172=EDGE_CURVE('',#1558,#1561,#638,.T.);
#2174=EDGE_CURVE('',#1561,#1564,#649,.T.);
#2176=EDGE_CURVE('',#1564,#1566,#656,.T.);
#2178=EDGE_CURVE('',#1566,#1320,#661,.T.);
#2181=EDGE_CURVE('',#1311,#1321,#807,.T.);
#2184=EDGE_CURVE('',#1302,#1299,#695,.T.);
#2186=EDGE_CURVE('',#1299,#1300,#715,.T.);
#2188=EDGE_CURVE('',#1300,#1554,#720,.T.);
#2227=EDGE_CURVE('',#1554,#1556,#725,.T.);
#2229=EDGE_CURVE('',#1556,#1557,#875,.T.);
#2231=EDGE_CURVE('',#1555,#1557,#856,.T.);
#2269=EDGE_CURVE('',#1576,#1554,#772,.T.);
#2271=EDGE_CURVE('',#1576,#1577,#730,.T.);
#2273=EDGE_CURVE('',#1577,#1556,#882,.T.);
#2284=EDGE_CURVE('',#1566,#1568,#737,.T.);
#2286=EDGE_CURVE('',#1568,#1570,#749,.T.);
#2288=EDGE_CURVE('',#1570,#1573,#754,.T.);
#2290=EDGE_CURVE('',#1573,#1576,#765,.T.);
#2294=EDGE_CURVE('',#1300,#1303,#792,.T.);
#2296=EDGE_CURVE('',#1305,#1303,#797,.T.);
#2339=EDGE_CURVE('',#1566,#1567,#836,.T.);
#2341=EDGE_CURVE('',#1567,#1569,#950,.T.);
#2343=EDGE_CURVE('',#1568,#1569,#916,.T.);
#2382=EDGE_CURVE('',#1564,#1565,#841,.T.);
#2384=EDGE_CURVE('',#1565,#1567,#935,.T.);
#2440=EDGE_CURVE('',#1561,#1563,#846,.T.);
#2442=EDGE_CURVE('',#1563,#1565,#961,.T.);
#2454=EDGE_CURVE('',#1558,#1559,#851,.T.);
#2456=EDGE_CURVE('',#1559,#1563,#966,.T.);
#2517=EDGE_CURVE('',#1557,#1559,#868,.T.);
#2529=EDGE_CURVE('',#1432,#1557,#890,.T.);
#2531=EDGE_CURVE('',#1432,#1433,#988,.T.);
#2533=EDGE_CURVE('',#1433,#1559,#970,.T.);
#2545=EDGE_CURVE('',#1429,#1577,#886,.T.);
#2547=EDGE_CURVE('',#1429,#1432,#992,.T.);
#2558=EDGE_CURVE('',#1575,#1577,#901,.T.);
#2560=EDGE_CURVE('',#1428,#1575,#1033,.T.);
#2562=EDGE_CURVE('',#1428,#1429,#997,.T.);
#2618=EDGE_CURVE('',#1573,#1575,#906,.T.);
#2631=EDGE_CURVE('',#1570,#1571,#911,.T.);
#2633=EDGE_CURVE('',#1571,#1575,#1025,.T.);
#2694=EDGE_CURVE('',#1569,#1571,#928,.T.);
#2706=EDGE_CURVE('',#1424,#1569,#943,.T.);
#2708=EDGE_CURVE('',#1424,#1425,#1006,.T.);
#2710=EDGE_CURVE('',#1425,#1571,#1029,.T.);
#2721=EDGE_CURVE('',#1421,#1565,#939,.T.);
#2723=EDGE_CURVE('',#1421,#1424,#1010,.T.);
#2736=EDGE_CURVE('',#1420,#1563,#974,.T.);
#2738=EDGE_CURVE('',#1420,#1421,#979,.T.);
#2751=EDGE_CURVE('',#1433,#1420,#983,.T.);
#2767=EDGE_CURVE('',#1425,#1428,#1001,.T.);
#2773=EDGE_CURVE('',#1444,#1445,#1015,.T.);
#2775=EDGE_CURVE('',#1445,#1444,#1020,.T.);
#2798=EDGE_CURVE('',#1440,#1444,#1051,.T.);
#2800=EDGE_CURVE('',#1440,#1441,#1038,.T.);
#2802=EDGE_CURVE('',#1441,#1445,#1042,.T.);
#2814=EDGE_CURVE('',#1440,#1441,#1047,.T.);
#2829=EDGE_CURVE('',#1436,#1437,#1056,.T.);
#2831=EDGE_CURVE('',#1436,#1437,#1061,.T.);
#2841=EDGE_CURVE('',#1447,#1436,#1065,.T.);
#2844=EDGE_CURVE('',#1449,#1437,#1069,.T.);
#2868=EDGE_CURVE('',#1297,#1299,#1073,.T.);
#2871=EDGE_CURVE('',#1298,#1303,#1077,.T.);
#2907=EDGE_CURVE('',#1489,#1493,#1085,.T.);
#2910=EDGE_CURVE('',#1488,#1492,#1081,.T.);
#2933=EDGE_CURVE('',#1497,#1501,#1093,.T.);
#2936=EDGE_CURVE('',#1496,#1500,#1089,.T.);
#2959=EDGE_CURVE('',#1505,#1509,#1101,.T.);
#2962=EDGE_CURVE('',#1504,#1508,#1097,.T.);
#2985=EDGE_CURVE('',#1513,#1517,#1109,.T.);
#2988=EDGE_CURVE('',#1512,#1516,#1105,.T.);
#3011=EDGE_CURVE('',#1521,#1525,#1117,.T.);
#3014=EDGE_CURVE('',#1520,#1524,#1113,.T.);
#3037=EDGE_CURVE('',#1529,#1533,#1125,.T.);
#3040=EDGE_CURVE('',#1528,#1532,#1121,.T.);
#3063=EDGE_CURVE('',#1480,#1472,#1129,.T.);
#3065=EDGE_CURVE('',#1472,#1473,#1138,.T.);
#3067=EDGE_CURVE('',#1481,#1473,#1133,.T.);
#3079=EDGE_CURVE('',#1473,#1472,#1143,.T.);
#3094=EDGE_CURVE('',#1476,#1477,#1148,.T.);
#3096=EDGE_CURVE('',#1477,#1476,#1153,.T.);
#3107=EDGE_CURVE('',#1485,#1476,#1157,.T.);
#3110=EDGE_CURVE('',#1484,#1477,#1161,.T.);
#3147=EDGE_CURVE('',#1337,#1332,#1169,.T.);
#3159=EDGE_CURVE('',#1343,#1341,#1173,.T.);
#3194=EDGE_CURVE('',#1376,#1383,#1195,.T.);
#3197=EDGE_CURVE('',#1377,#1385,#1204,.T.);
#3199=EDGE_CURVE('',#1376,#1377,#1191,.T.);
#3210=EDGE_CURVE('',#1376,#1377,#1200,.T.);
#3226=EDGE_CURVE('',#1372,#1373,#1209,.T.);
#3228=EDGE_CURVE('',#1372,#1373,#1214,.T.);
#3238=EDGE_CURVE('',#1379,#1372,#1218,.T.);
#3241=EDGE_CURVE('',#1381,#1373,#1222,.T.);
#3264=EDGE_CURVE('',#1392,#1399,#1231,.T.);
#3267=EDGE_CURVE('',#1393,#1401,#1240,.T.);
#3269=EDGE_CURVE('',#1392,#1393,#1227,.T.);
#3280=EDGE_CURVE('',#1392,#1393,#1236,.T.);
#3296=EDGE_CURVE('',#1388,#1389,#1245,.T.);
#3298=EDGE_CURVE('',#1388,#1389,#1250,.T.);
#3308=EDGE_CURVE('',#1395,#1388,#1254,.T.);
#3311=EDGE_CURVE('',#1397,#1389,#1258,.T.);
#3334=EDGE_CURVE('',#1408,#1415,#1267,.T.);
#3336=EDGE_CURVE('',#1408,#1409,#1263,.T.);
#3338=EDGE_CURVE('',#1409,#1417,#1271,.T.);
#3352=EDGE_CURVE('',#1408,#1409,#1276,.T.);
#3366=EDGE_CURVE('',#1404,#1405,#1281,.T.);
#3368=EDGE_CURVE('',#1404,#1405,#1286,.T.);
#3378=EDGE_CURVE('',#1411,#1404,#1290,.T.);
#3381=EDGE_CURVE('',#1413,#1405,#1294,.T.);
#3399=CLOSED_SHELL('',(#1609,#1641,#1656,#1669,#1685,#1700,#1757,#1771,#1784,
#1797,#1817,#1831,#1851,#1882,#1897,#1910,#1927,#1942,#1966,#1986,#2000,#2012,
#2066,#2082,#2097,#2110,#2162,#2192,#2235,#2278,#2304,#2347,#2389,#2447,#2461,
#2522,#2537,#2552,#2567,#2624,#2638,#2699,#2714,#2729,#2743,#2756,#2779,#2791,
#2806,#2819,#2835,#2849,#2861,#2876,#2888,#2900,#2914,#2926,#2940,#2952,#2966,
#2978,#2992,#3004,#3018,#3030,#3044,#3056,#3071,#3084,#3100,#3114,#3126,#3138,
#3151,#3164,#3176,#3188,#3203,#3216,#3232,#3246,#3258,#3273,#3286,#3302,#3316,
#3328,#3343,#3356,#3372,#3386,#3398));
#3400=MANIFOLD_SOLID_BREP('',#3399);
#3401=(LENGTH_UNIT()NAMED_UNIT(*)SI_UNIT(.MILLI.,.METRE.));
#3403=(NAMED_UNIT(*)PLANE_ANGLE_UNIT()SI_UNIT($,.RADIAN.));
#3406=(NAMED_UNIT(*)SI_UNIT($,.STERADIAN.)SOLID_ANGLE_UNIT());
#3409=ADVANCED_BREP_SHAPE_REPRESENTATION('',(#3400),#3408);
#3416=PRODUCT_DEFINITION('design','',#3415,#3412);
#3417=PRODUCT_DEFINITION_SHAPE('','SHAPE FOR PIPE2.',#3416);
#3418=SHAPE_DEFINITION_REPRESENTATION(#3417,#3409);
ENDSEC;
END-ISO-10303-21;
