ISO-10303-21;
HEADER;
FILE_DESCRIPTION((''),'2;1');
FILE_NAME('TAP','2026-09-09T00:12:42',('acer'),(''),
'CREO PARAMETRIC BY PTC INC, 2025102','CREO PARAMETRIC BY PTC INC, 2025102','');
FILE_SCHEMA(('CONFIG_CONTROL_DESIGN'));
ENDSEC;
DATA;
#2=CARTESIAN_POINT('',(0.E0,0.E0,1.15E2));
#3=DIRECTION('',(0.E0,0.E0,-1.E0));
#4=DIRECTION('',(0.E0,-1.E0,0.E0));
#5=AXIS2_PLACEMENT_3D('',#2,#3,#4);
#7=CARTESIAN_POINT('',(0.E0,0.E0,1.15E2));
#8=DIRECTION('',(0.E0,0.E0,-1.E0));
#9=DIRECTION('',(0.E0,1.E0,0.E0));
#10=AXIS2_PLACEMENT_3D('',#7,#8,#9);
#12=CARTESIAN_POINT('',(0.E0,0.E0,1.15E2));
#13=DIRECTION('',(0.E0,0.E0,1.E0));
#14=DIRECTION('',(2.652987069507E-8,-1.E0,0.E0));
#15=AXIS2_PLACEMENT_3D('',#12,#13,#14);
#17=CARTESIAN_POINT('',(-1.977667393172E-14,0.E0,1.15E2));
#18=DIRECTION('',(0.E0,0.E0,1.E0));
#19=DIRECTION('',(-2.652987136084E-8,1.E0,0.E0));
#20=AXIS2_PLACEMENT_3D('',#17,#18,#19);
#22=CARTESIAN_POINT('',(2.636823259738E-9,-1.51E1,1.149E2));
#23=DIRECTION('',(-1.E0,-1.746240582690E-10,0.E0));
#24=DIRECTION('',(0.E0,2.129372234094E-9,1.E0));
#25=AXIS2_PLACEMENT_3D('',#22,#23,#24);
#27=CARTESIAN_POINT('',(-2.636828699831E-9,1.51E1,1.149E2));
#28=DIRECTION('',(1.E0,1.746244190914E-10,0.E0));
#29=DIRECTION('',(0.E0,-2.129372234094E-9,1.E0));
#30=AXIS2_PLACEMENT_3D('',#27,#28,#29);
#32=CARTESIAN_POINT('',(0.E0,0.E0,8.51E1));
#33=DIRECTION('',(0.E0,0.E0,1.E0));
#34=DIRECTION('',(0.E0,-1.E0,0.E0));
#35=AXIS2_PLACEMENT_3D('',#32,#33,#34);
#37=DIRECTION('',(4.831756965073E-11,0.E0,-1.E0));
#38=VECTOR('',#37,2.98E1);
#39=CARTESIAN_POINT('',(-5.655215046252E-10,1.5E1,1.149E2));
#40=LINE('',#39,#38);
#41=CARTESIAN_POINT('',(0.E0,0.E0,1.149E2));
#42=DIRECTION('',(0.E0,0.E0,-1.E0));
#43=DIRECTION('',(0.E0,1.E0,0.E0));
#44=AXIS2_PLACEMENT_3D('',#41,#42,#43);
#46=DIRECTION('',(-4.831757523911E-11,0.E0,-1.E0));
#47=VECTOR('',#46,2.98E1);
#48=CARTESIAN_POINT('',(5.655183404896E-10,-1.5E1,1.149E2));
#49=LINE('',#48,#47);
#50=CARTESIAN_POINT('',(-3.871025611168E-9,-1.51E1,8.51E1));
#51=DIRECTION('',(1.E0,-2.563593157201E-10,0.E0));
#52=DIRECTION('',(0.E0,5.328377739034E-9,-1.E0));
#53=AXIS2_PLACEMENT_3D('',#50,#51,#52);
#55=CARTESIAN_POINT('',(0.E0,0.E0,8.5E1));
#56=DIRECTION('',(0.E0,0.E0,-1.E0));
#57=DIRECTION('',(0.E0,1.E0,0.E0));
#58=AXIS2_PLACEMENT_3D('',#55,#56,#57);
#60=CARTESIAN_POINT('',(0.E0,0.E0,8.5E1));
#61=DIRECTION('',(0.E0,0.E0,-1.E0));
#62=DIRECTION('',(0.E0,-1.E0,0.E0));
#63=AXIS2_PLACEMENT_3D('',#60,#61,#62);
#65=CARTESIAN_POINT('',(0.E0,0.E0,8.5E1));
#66=DIRECTION('',(0.E0,0.E0,1.E0));
#67=DIRECTION('',(0.E0,-1.E0,0.E0));
#68=AXIS2_PLACEMENT_3D('',#65,#66,#67);
#70=CARTESIAN_POINT('',(0.E0,0.E0,8.5E1));
#71=DIRECTION('',(0.E0,0.E0,1.E0));
#72=DIRECTION('',(0.E0,1.E0,0.E0));
#73=AXIS2_PLACEMENT_3D('',#70,#71,#72);
#75=CARTESIAN_POINT('',(-4.745596138278E-9,1.79E1,8.49E1));
#76=DIRECTION('',(1.E0,2.651171018830E-10,0.E0));
#77=DIRECTION('',(-2.651171018830E-10,1.E0,0.E0));
#78=AXIS2_PLACEMENT_3D('',#75,#76,#77);
#80=CARTESIAN_POINT('',(0.E0,0.E0,4.372184808537E1));
#81=DIRECTION('',(0.E0,0.E0,1.E0));
#82=DIRECTION('',(0.E0,-1.E0,0.E0));
#83=AXIS2_PLACEMENT_3D('',#80,#81,#82);
#85=DIRECTION('',(1.274055672828E-11,0.E0,-1.E0));
#86=VECTOR('',#85,4.117815191463E1);
#87=CARTESIAN_POINT('',(-5.220748833246E-10,1.8E1,8.49E1));
#88=LINE('',#87,#86);
#89=CARTESIAN_POINT('',(0.E0,0.E0,8.49E1));
#90=DIRECTION('',(0.E0,0.E0,-1.E0));
#91=DIRECTION('',(0.E0,1.E0,0.E0));
#92=AXIS2_PLACEMENT_3D('',#89,#90,#91);
#94=DIRECTION('',(-1.274031239007E-11,0.E0,-1.E0));
#95=VECTOR('',#94,4.117815191463E1);
#96=CARTESIAN_POINT('',(5.220723020560E-10,-1.8E1,8.49E1));
#97=LINE('',#96,#95);
#98=CARTESIAN_POINT('',(-1.200181620753E-11,-1.81E1,4.372184808537E1));
#99=DIRECTION('',(1.E0,-6.630841709043E-13,0.E0));
#100=DIRECTION('',(4.708858604277E-13,7.101449274312E-1,-7.040555248300E-1));
#101=AXIS2_PLACEMENT_3D('',#98,#99,#100);
#103=CARTESIAN_POINT('',(3.281007163114E1,-3.050222904104E0,1.920194597357E1));
#104=CARTESIAN_POINT('',(3.274398113061E1,-2.767492720610E0,1.948432661147E1));
#105=CARTESIAN_POINT('',(3.259304930303E1,-2.170928557730E0,2.008014793515E1));
#106=CARTESIAN_POINT('',(3.230132104822E1,-1.192873949841E0,2.105696216459E1));
#107=CARTESIAN_POINT('',(3.192601739952E1,-1.170270584715E-1,2.213141433925E1));
#108=CARTESIAN_POINT('',(3.144610744972E1,1.064495459756E0,2.331136364660E1));
#109=CARTESIAN_POINT('',(3.083641782706E1,2.357662292062E0,2.460275171754E1));
#110=CARTESIAN_POINT('',(3.006592674050E1,3.767980025981E0,2.601105135962E1));
#111=CARTESIAN_POINT('',(2.909228946234E1,5.304828813431E0,2.754559219475E1));
#112=CARTESIAN_POINT('',(2.787838696581E1,6.951473020367E0,2.918961232494E1));
#113=CARTESIAN_POINT('',(2.642937984159E1,8.636151049212E0,3.087140747691E1));
#114=CARTESIAN_POINT('',(2.481190399780E1,1.025112453264E1,3.248338583866E1));
#115=CARTESIAN_POINT('',(2.313154261175E1,1.170285624691E1,3.393218921633E1));
#116=CARTESIAN_POINT('',(2.148015822020E1,1.295113142075E1,3.517773252069E1));
#117=CARTESIAN_POINT('',(1.989970311603E1,1.400789737799E1,3.623200396120E1));
#118=CARTESIAN_POINT('',(1.839339945171E1,1.490598229202E1,3.712781693722E1));
#119=CARTESIAN_POINT('',(1.695573196775E1,1.567393281632E1,3.789369773915E1));
#120=CARTESIAN_POINT('',(1.558234571064E1,1.633316197063E1,3.855104510479E1));
#121=CARTESIAN_POINT('',(1.424042742134E1,1.691250430594E1,3.912864518001E1));
#122=CARTESIAN_POINT('',(1.286901536826E1,1.744225533389E1,3.965672294847E1));
#123=CARTESIAN_POINT('',(1.143072851585E1,1.793296963082E1,4.014581147753E1));
#124=CARTESIAN_POINT('',(9.925151627772E0,1.837811920061E1,4.058941669071E1));
#125=CARTESIAN_POINT('',(8.397649498898E0,1.876005126346E1,4.096996595733E1));
#126=CARTESIAN_POINT('',(6.946939214436E0,1.905971374821E1,4.126850365332E1));
#127=CARTESIAN_POINT('',(5.628629601681E0,1.928105038148E1,4.148898632232E1));
#128=CARTESIAN_POINT('',(4.424243248153E0,1.944171056678E1,4.164901388672E1));
#129=CARTESIAN_POINT('',(3.344271488194E0,1.955252225781E1,4.175938278715E1));
#130=CARTESIAN_POINT('',(2.327216809907E0,1.962911389337E1,4.183566533209E1));
#131=CARTESIAN_POINT('',(1.259031919986E0,1.968118908443E1,4.188752883534E1));
#132=CARTESIAN_POINT('',(4.342946104393E-1,1.969642643203E1,4.190270396274E1));
#133=CARTESIAN_POINT('',(-1.598445950701E-13,1.969642649769E1,
4.190270403377E1));
#135=CARTESIAN_POINT('',(0.E0,-2.6E1,0.E0));
#136=DIRECTION('',(-1.E0,0.E0,0.E0));
#137=DIRECTION('',(0.E0,7.101449275362E-1,7.040555247241E-1));
#138=AXIS2_PLACEMENT_3D('',#135,#136,#137);
#140=CARTESIAN_POINT('',(0.E0,0.E0,4.365144253290E1));
#141=DIRECTION('',(0.E0,0.E0,1.E0));
#142=DIRECTION('',(0.E0,-1.E0,0.E0));
#143=AXIS2_PLACEMENT_3D('',#140,#141,#142);
#145=CARTESIAN_POINT('',(0.E0,2.6E1,0.E0));
#146=DIRECTION('',(1.E0,0.E0,0.E0));
#147=DIRECTION('',(0.E0,-7.101449275362E-1,7.040555247241E-1));
#148=AXIS2_PLACEMENT_3D('',#145,#146,#147);
#150=CARTESIAN_POINT('',(-3.367163897940E-8,-2.511172669534E1,
-3.509403644811E1));
#151=CARTESIAN_POINT('',(9.483645831894E-1,-2.511172557763E1,
-3.509403516934E1));
#152=CARTESIAN_POINT('',(2.785155594071E0,-2.504478530527E1,-3.503284371840E1));
#153=CARTESIAN_POINT('',(5.295832986741E0,-2.479255269019E1,-3.480203375930E1));
#154=CARTESIAN_POINT('',(7.771726035996E0,-2.439177715562E1,-3.443461769540E1));
#155=CARTESIAN_POINT('',(1.022761066039E1,-2.383561641154E1,-3.392343161589E1));
#156=CARTESIAN_POINT('',(1.261932770331E1,-2.313436950919E1,-3.327681487322E1));
#157=CARTESIAN_POINT('',(1.489853620029E1,-2.230998639941E1,-3.251391897634E1));
#158=CARTESIAN_POINT('',(1.706769627235E1,-2.137358064553E1,-3.164411245037E1));
#159=CARTESIAN_POINT('',(1.919884563658E1,-2.029649209393E1,-3.063982930178E1));
#160=CARTESIAN_POINT('',(2.140384802599E1,-1.899817194999E1,-2.942447753388E1));
#161=CARTESIAN_POINT('',(2.375371947220E1,-1.737219620967E1,-2.789588946872E1));
#162=CARTESIAN_POINT('',(2.618589281310E1,-1.535694804828E1,-2.599256807346E1));
#163=CARTESIAN_POINT('',(2.847688041158E1,-1.303995940111E1,-2.379420264448E1));
#164=CARTESIAN_POINT('',(3.042483517457E1,-1.060833952014E1,-2.147783480654E1));
#165=CARTESIAN_POINT('',(3.197107042678E1,-8.206990658700E0,-1.918303074379E1));
#166=CARTESIAN_POINT('',(3.319156661340E1,-5.837193691837E0,-1.691300955745E1));
#167=CARTESIAN_POINT('',(3.389124650726E1,-4.040352620256E0,-1.518836431454E1));
#168=CARTESIAN_POINT('',(3.418885480555E1,-3.108811788755E0,-1.429343630560E1));
#170=CARTESIAN_POINT('',(3.418885480555E1,-3.108811788755E0,-1.429343630560E1));
#171=CARTESIAN_POINT('',(3.445604322775E1,-3.108782335734E0,-1.317032586620E1));
#172=CARTESIAN_POINT('',(3.494603619185E1,-3.108729542330E0,-1.082151303989E1));
#173=CARTESIAN_POINT('',(3.549617352854E1,-3.108672302804E0,-7.127111635114E0));
#174=CARTESIAN_POINT('',(3.585187787004E1,-3.108636586755E0,-2.870954130135E0));
#175=CARTESIAN_POINT('',(3.590041994732E1,-3.108631687336E0,1.633152676716E0));
#176=CARTESIAN_POINT('',(3.560693316528E1,-3.108661328682E0,6.255118281978E0));
#177=CARTESIAN_POINT('',(3.496207038318E1,-3.108727860712E0,1.085460294957E1));
#178=CARTESIAN_POINT('',(3.401258575658E1,-3.108830472911E0,1.521699788093E1));
#179=CARTESIAN_POINT('',(3.325265540684E1,-3.108917667339E0,1.782170496692E1));
#180=CARTESIAN_POINT('',(3.285071324586E1,-3.108965620937E0,1.906029529256E1));
#182=CARTESIAN_POINT('',(3.281007163114E1,-3.050222904104E0,1.920194597357E1));
#183=CARTESIAN_POINT('',(3.281347925876E1,-3.064795784444E0,1.918738842008E1));
#184=CARTESIAN_POINT('',(3.282155317265E1,-3.087157642098E0,1.915626168233E1));
#185=CARTESIAN_POINT('',(3.283547897090E1,-3.105176815956E0,1.910830476102E1));
#186=CARTESIAN_POINT('',(3.284550317256E1,-3.108966674057E0,1.907635164510E1));
#187=CARTESIAN_POINT('',(3.285071324586E1,-3.108965620937E0,1.906029529256E1));
#189=CARTESIAN_POINT('',(3.281007162966E1,3.050222903035E0,-1.920194597504E1));
#190=CARTESIAN_POINT('',(3.274423247337E1,2.768567962021E0,-1.948325270061E1));
#191=CARTESIAN_POINT('',(3.259388270152E1,2.174097732560E0,-2.007698272348E1));
#192=CARTESIAN_POINT('',(3.230310823342E1,1.198536915426E0,-2.105130643430E1));
#193=CARTESIAN_POINT('',(3.192930389533E1,1.259215677616E-1,-2.212253147036E1));
#194=CARTESIAN_POINT('',(3.145177355905E1,-1.051332155411E0,-2.329821807683E1));
#195=CARTESIAN_POINT('',(3.084578699919E1,-2.338926619460E0,-2.458404219750E1));
#196=CARTESIAN_POINT('',(3.008077062874E1,-3.742392306389E0,-2.598550092930E1));
#197=CARTESIAN_POINT('',(2.911493804351E1,-5.271276424418E0,-2.751209138228E1));
#198=CARTESIAN_POINT('',(2.791016665235E1,-6.911229632360E0,-2.914943503302E1));
#199=CARTESIAN_POINT('',(2.646879544374E1,-8.593543680486E0,-3.082887578367E1));
#200=CARTESIAN_POINT('',(2.485477157058E1,-1.021134607397E1,-3.244368430640E1));
#201=CARTESIAN_POINT('',(2.317361661864E1,-1.166894666500E1,-3.389835099328E1));
#202=CARTESIAN_POINT('',(2.151954340007E1,-1.292319905437E1,-3.514986375794E1));
#203=CARTESIAN_POINT('',(1.993618992522E1,-1.398489979993E1,-3.620906267383E1));
#204=CARTESIAN_POINT('',(1.842718988070E1,-1.488694216011E1,-3.710882660334E1));
#205=CARTESIAN_POINT('',(1.698667518566E1,-1.565829196699E1,-3.787810035170E1));
#206=CARTESIAN_POINT('',(1.561053139594E1,-1.632035424776E1,-3.853827497706E1));
#207=CARTESIAN_POINT('',(1.426601234244E1,-1.690208279842E1,-3.911825586371E1));
#208=CARTESIAN_POINT('',(1.289165850601E1,-1.743406802581E1,-3.964856220327E1));
#209=CARTESIAN_POINT('',(1.145038092157E1,-1.792676117219E1,-4.013962414025E1));
#210=CARTESIAN_POINT('',(9.941718702058E0,-1.837364549447E1,-4.058495890159E1));
#211=CARTESIAN_POINT('',(8.411465594578E0,-1.875692636973E1,-4.096685262051E1));
#212=CARTESIAN_POINT('',(6.959274244661E0,-1.905741270986E1,-4.126621138750E1));
#213=CARTESIAN_POINT('',(5.640139084106E0,-1.927932469658E1,-4.148726737437E1));
#214=CARTESIAN_POINT('',(4.434653334086E0,-1.944048243508E1,-4.164779063180E1));
#215=CARTESIAN_POINT('',(3.354869140260E0,-1.955158167209E1,-4.175844598188E1));
#216=CARTESIAN_POINT('',(2.336028285264E0,-1.962859019470E1,-4.183514375790E1));
#217=CARTESIAN_POINT('',(1.264798661074E0,-1.968103725245E1,-4.188737762414E1));
#218=CARTESIAN_POINT('',(4.364419663561E-1,-1.969642643155E1,
-4.190270396223E1));
#219=CARTESIAN_POINT('',(-5.752658445411E-14,-1.969642649769E1,
-4.190270403377E1));
#221=CARTESIAN_POINT('',(0.E0,2.6E1,0.E0));
#222=DIRECTION('',(1.E0,0.E0,0.E0));
#223=DIRECTION('',(0.E0,-7.370391370593E-1,-6.758500650610E-1));
#224=AXIS2_PLACEMENT_3D('',#221,#222,#223);
#226=CARTESIAN_POINT('',(0.E0,0.E0,-4.365144253290E1));
#227=DIRECTION('',(0.E0,0.E0,1.E0));
#228=DIRECTION('',(0.E0,-1.E0,0.E0));
#229=AXIS2_PLACEMENT_3D('',#226,#227,#228);
#231=CARTESIAN_POINT('',(0.E0,-2.6E1,0.E0));
#232=DIRECTION('',(-1.E0,0.E0,0.E0));
#233=DIRECTION('',(0.E0,9.345325686665E-1,-3.558776167472E-1));
#234=AXIS2_PLACEMENT_3D('',#231,#232,#233);
#236=CARTESIAN_POINT('',(4.154065178118E-10,3.194101925732E1,2.206441223833E1));
#237=CARTESIAN_POINT('',(6.331044836668E-1,3.194101924825E1,2.206440982128E1));
#238=CARTESIAN_POINT('',(1.901866591694E0,3.192404853122E1,2.200941855818E1));
#239=CARTESIAN_POINT('',(3.802368066735E0,3.184851166730E1,2.176311174623E1));
#240=CARTESIAN_POINT('',(5.748939789425E0,3.171786125981E1,2.133069735643E1));
#241=CARTESIAN_POINT('',(7.619123317827E0,3.154220433342E1,2.073644114475E1));
#242=CARTESIAN_POINT('',(9.543792172877E0,3.130967789654E1,1.992476991157E1));
#243=CARTESIAN_POINT('',(1.132028228804E1,3.104569753949E1,1.896192537214E1));
#244=CARTESIAN_POINT('',(1.278109885206E1,3.079438082616E1,1.799927234159E1));
#245=CARTESIAN_POINT('',(1.404254573510E1,3.055313734876E1,1.702791045873E1));
#246=CARTESIAN_POINT('',(1.518027719787E1,3.031571188845E1,1.601850252194E1));
#247=CARTESIAN_POINT('',(1.625676691362E1,3.007359306222E1,1.492403365230E1));
#248=CARTESIAN_POINT('',(1.730971840483E1,2.981999008197E1,1.369057124090E1));
#249=CARTESIAN_POINT('',(1.835771062280E1,2.955083193984E1,1.225542120988E1));
#250=CARTESIAN_POINT('',(1.940313590583E1,2.926531263969E1,1.053611636257E1));
#251=CARTESIAN_POINT('',(2.040132264717E1,2.897615447728E1,8.461196421992E0));
#252=CARTESIAN_POINT('',(2.123331953174E1,2.872243672697E1,6.094764929241E0));
#253=CARTESIAN_POINT('',(2.181693725466E1,2.853752635108E1,3.501517684384E0));
#254=CARTESIAN_POINT('',(2.208914789221E1,2.844927210895E1,6.976323586016E-1));
#255=CARTESIAN_POINT('',(2.199449067714E1,2.848009860618E1,-2.152773857673E0));
#256=CARTESIAN_POINT('',(2.154169632961E1,2.862555806855E1,-4.929709584519E0));
#257=CARTESIAN_POINT('',(2.076491036230E1,2.886691293607E1,-7.544740604466E0));
#258=CARTESIAN_POINT('',(1.978803639252E1,2.915583577066E1,-9.802260190215E0));
#259=CARTESIAN_POINT('',(1.874119507183E1,2.944819842459E1,-1.166636295292E1));
#260=CARTESIAN_POINT('',(1.765755404452E1,2.973280812398E1,-1.324421110953E1));
#261=CARTESIAN_POINT('',(1.653782902561E1,3.000802443245E1,-1.461731436860E1));
#262=CARTESIAN_POINT('',(1.534971194797E1,3.027965113422E1,-1.586338735555E1));
#263=CARTESIAN_POINT('',(1.402677188881E1,3.055762799879E1,-1.705023426741E1));
#264=CARTESIAN_POINT('',(1.246629913741E1,3.085401969576E1,-1.823686582729E1));
#265=CARTESIAN_POINT('',(1.051022859718E1,3.117442579829E1,-1.943970186802E1));
#266=CARTESIAN_POINT('',(8.522295687898E0,3.143922070496E1,-2.038017455400E1));
#267=CARTESIAN_POINT('',(6.817251208707E0,3.162142011563E1,-2.100559780614E1));
#268=CARTESIAN_POINT('',(5.134432389261E0,3.176336054280E1,-2.148199825914E1));
#269=CARTESIAN_POINT('',(3.337763953179E0,3.187089458698E1,-2.183628093225E1));
#270=CARTESIAN_POINT('',(1.534349586050E0,3.193128157166E1,-2.203286502549E1));
#271=CARTESIAN_POINT('',(4.942288695297E-1,3.194101917843E1,-2.206441078673E1));
#272=CARTESIAN_POINT('',(-4.238475014579E-10,3.194101925732E1,
-2.206441223833E1));
#274=CARTESIAN_POINT('',(0.E0,-2.6E1,0.E0));
#275=DIRECTION('',(-1.E0,0.E0,0.E0));
#276=DIRECTION('',(0.E0,8.243826884135E-1,5.660328462590E-1));
#277=AXIS2_PLACEMENT_3D('',#274,#275,#276);
#279=CARTESIAN_POINT('',(-3.725999169688E-8,2.511172669534E1,3.509403644810E1));
#280=CARTESIAN_POINT('',(9.467565484812E-1,2.511172557940E1,3.509403517101E1));
#281=CARTESIAN_POINT('',(2.780966306245E0,2.504501220167E1,3.503305108100E1));
#282=CARTESIAN_POINT('',(5.289967920847E0,2.479330155739E1,3.480271944046E1));
#283=CARTESIAN_POINT('',(7.765470565488E0,2.439298214817E1,3.443572351225E1));
#284=CARTESIAN_POINT('',(1.022083970348E1,2.383735220105E1,3.392502910667E1));
#285=CARTESIAN_POINT('',(1.261155557746E1,2.313688038014E1,3.327913351114E1));
#286=CARTESIAN_POINT('',(1.488982118667E1,2.231341653868E1,3.251709848515E1));
#287=CARTESIAN_POINT('',(1.705888379849E1,2.137770897640E1,3.164795432585E1));
#288=CARTESIAN_POINT('',(1.919114860784E1,2.030073364671E1,3.064379274051E1));
#289=CARTESIAN_POINT('',(2.139800738069E1,1.900196479840E1,2.942803710060E1));
#290=CARTESIAN_POINT('',(2.374981355283E1,1.737522416714E1,2.789874443531E1));
#291=CARTESIAN_POINT('',(2.618310803240E1,1.535949577217E1,2.599498000019E1));
#292=CARTESIAN_POINT('',(2.847316684534E1,1.304394127516E1,2.379798522116E1));
#293=CARTESIAN_POINT('',(3.041913743819E1,1.061601065112E1,2.148515129820E1));
#294=CARTESIAN_POINT('',(3.196578035659E1,8.216290197395E0,1.919193036944E1));
#295=CARTESIAN_POINT('',(3.318944403733E1,5.842372313777E0,1.691797882351E1));
#296=CARTESIAN_POINT('',(3.389060811893E1,4.042350585245E0,1.519028377389E1));
#297=CARTESIAN_POINT('',(3.418885475674E1,3.108811790022E0,1.429343630211E1));
#299=CARTESIAN_POINT('',(3.418885475674E1,3.108811790022E0,1.429343630211E1));
#300=CARTESIAN_POINT('',(3.434620910860E1,3.108794414464E0,1.363200824341E1));
#301=CARTESIAN_POINT('',(3.464955808386E1,3.108761362249E0,1.225746428634E1));
#302=CARTESIAN_POINT('',(3.504836842026E1,3.108718944329E0,1.010217279750E1));
#303=CARTESIAN_POINT('',(3.540583861716E1,3.108681839862E0,7.668089400050E0));
#304=CARTESIAN_POINT('',(3.568706097340E1,3.108653113694E0,4.972891270471E0));
#305=CARTESIAN_POINT('',(3.586363372476E1,3.108635404174E0,1.934252624827E0));
#306=CARTESIAN_POINT('',(3.588285686368E1,3.108633602818E0,-1.527618744067E0));
#307=CARTESIAN_POINT('',(3.567606194692E1,3.108654506379E0,-5.335049052327E0));
#308=CARTESIAN_POINT('',(3.521557634463E1,3.108701476104E0,-9.205895526164E0));
#309=CARTESIAN_POINT('',(3.455206187438E1,3.108771572978E0,-1.283320195741E1));
#310=CARTESIAN_POINT('',(3.375285242283E1,3.108859777922E0,-1.612505193892E1));
#311=CARTESIAN_POINT('',(3.315703358448E1,3.108928909071E0,-1.811637099229E1));
#312=CARTESIAN_POINT('',(3.285071380692E1,3.108965547648E0,-1.906029613517E1));
#314=CARTESIAN_POINT('',(3.281007162966E1,3.050222903035E0,-1.920194597504E1));
#315=CARTESIAN_POINT('',(3.281347925777E1,3.064795785487E0,-1.918738841943E1));
#316=CARTESIAN_POINT('',(3.282155328661E1,3.087157631844E0,-1.915626167559E1));
#317=CARTESIAN_POINT('',(3.283547857348E1,3.105176850281E0,-1.910830478556E1));
#318=CARTESIAN_POINT('',(3.284550402388E1,3.108966600802E0,-1.907635159233E1));
#319=CARTESIAN_POINT('',(3.285071380692E1,3.108965547648E0,-1.906029613517E1));
#321=CARTESIAN_POINT('',(3.271539672108E1,-3.041421357731E0,1.917097508557E1));
#322=DIRECTION('',(-1.633538932678E-1,6.976085956876E-1,6.976085956875E-1));
#323=DIRECTION('',(9.467490291537E-1,-8.801552169833E-2,3.097088047453E-1));
#324=AXIS2_PLACEMENT_3D('',#321,#322,#323);
#326=DIRECTION('',(-1.E0,-2.414960152469E-8,-2.414862392260E-8));
#327=VECTOR('',#326,6.543079068983E1);
#328=CARTESIAN_POINT('',(3.271539561590E1,-2.970708424352E0,1.910026666264E1));
#329=LINE('',#328,#327);
#330=CARTESIAN_POINT('',(0.E0,1.969343326209E1,4.176440834915E1));
#331=CARTESIAN_POINT('',(-3.350371450098E-1,1.969343317593E1,4.176440826299E1));
#332=CARTESIAN_POINT('',(-1.028885981470E0,1.968412052662E1,4.175509561368E1));
#333=CARTESIAN_POINT('',(-2.090299844845E0,1.964102063801E1,4.171199572507E1));
#334=CARTESIAN_POINT('',(-3.324431394367E0,1.955399484730E1,4.162496993436E1));
#335=CARTESIAN_POINT('',(-4.716325647570E0,1.940648815912E1,4.147746324619E1));
#336=CARTESIAN_POINT('',(-6.250621920175E0,1.918189823273E1,4.125287331979E1));
#337=CARTESIAN_POINT('',(-7.806288479756E0,1.888599777212E1,4.095697285918E1));
#338=CARTESIAN_POINT('',(-9.316387271225E0,1.853267403081E1,4.060364911788E1));
#339=CARTESIAN_POINT('',(-1.077153297075E1,1.812912833672E1,4.020010342379E1));
#340=CARTESIAN_POINT('',(-1.218555339798E1,1.767604416108E1,3.974701924815E1));
#341=CARTESIAN_POINT('',(-1.362126042833E1,1.715252551663E1,3.922350060370E1));
#342=CARTESIAN_POINT('',(-1.514433077769E1,1.652305948395E1,3.859403457102E1));
#343=CARTESIAN_POINT('',(-1.678229461657E1,1.575496969803E1,3.782594478510E1));
#344=CARTESIAN_POINT('',(-1.855917023636E1,1.480554493230E1,3.687652001936E1));
#345=CARTESIAN_POINT('',(-2.046544959020E1,1.363568802815E1,3.570666311522E1));
#346=CARTESIAN_POINT('',(-2.245328823876E1,1.222314624706E1,3.429412133412E1));
#347=CARTESIAN_POINT('',(-2.449354044487E1,1.052667528974E1,3.259765037680E1));
#348=CARTESIAN_POINT('',(-2.653870868955E1,8.502734701644E0,3.057370978871E1));
#349=CARTESIAN_POINT('',(-2.854289760710E1,6.084040069558E0,2.815501515662E1));
#350=CARTESIAN_POINT('',(-3.042909845518E1,3.161773309497E0,2.523274839656E1));
#351=CARTESIAN_POINT('',(-3.189658174384E1,-2.630706031087E-2,
2.204466802676E1));
#352=CARTESIAN_POINT('',(-3.248762264425E1,-1.998005072085E0,2.007297001497E1));
#353=CARTESIAN_POINT('',(-3.271539507393E1,-2.970710004480E0,1.910026508258E1));
#355=CARTESIAN_POINT('',(3.271539561590E1,-2.970708424352E0,1.910026666264E1));
#356=CARTESIAN_POINT('',(3.264931350979E1,-2.688502370090E0,1.938247271690E1));
#357=CARTESIAN_POINT('',(3.249866202007E1,-2.094052949625E0,1.997692213747E1));
#358=CARTESIAN_POINT('',(3.220729536764E1,-1.118635345182E0,2.095233974187E1));
#359=CARTESIAN_POINT('',(3.183256970235E1,-4.594284717120E-2,2.202503223990E1));
#360=CARTESIAN_POINT('',(3.135344258451E1,1.132132097160E0,2.320310718423E1));
#361=CARTESIAN_POINT('',(3.074481431897E1,2.421461798490E0,2.449243688556E1));
#362=CARTESIAN_POINT('',(2.997573527263E1,3.827527579016E0,2.589850266608E1));
#363=CARTESIAN_POINT('',(2.900402898440E1,5.359551310282E0,2.743052639735E1));
#364=CARTESIAN_POINT('',(2.779275898782E1,7.000754973501E0,2.907173006057E1));
#365=CARTESIAN_POINT('',(2.634708759121E1,8.679659571624E0,3.075063465869E1));
#366=CARTESIAN_POINT('',(2.473339904310E1,1.028900924275E1,3.235998432981E1));
#367=CARTESIAN_POINT('',(2.305698016212E1,1.173560468869E1,3.380657977576E1));
#368=CARTESIAN_POINT('',(2.140963247366E1,1.297925458646E1,3.505022967352E1));
#369=CARTESIAN_POINT('',(1.983328940496E1,1.403186894406E1,3.610284403113E1));
#370=CARTESIAN_POINT('',(1.833112679910E1,1.492624019425E1,3.699721528131E1));
#371=CARTESIAN_POINT('',(1.689752755065E1,1.569090768265E1,3.776188276972E1));
#372=CARTESIAN_POINT('',(1.552817738528E1,1.634720528225E1,3.841818036932E1));
#373=CARTESIAN_POINT('',(1.419042535030E1,1.692384408821E1,3.899481917527E1));
#374=CARTESIAN_POINT('',(1.282339875421E1,1.745104852546E1,3.952202361253E1));
#375=CARTESIAN_POINT('',(1.138981605522E1,1.793934238360E1,4.001031747067E1));
#376=CARTESIAN_POINT('',(9.889258750639E0,1.838224416324E1,4.045321925031E1));
#377=CARTESIAN_POINT('',(8.366892163426E0,1.876221221136E1,4.083318729843E1));
#378=CARTESIAN_POINT('',(6.921256730177E0,1.906027331275E1,4.113124839981E1));
#379=CARTESIAN_POINT('',(5.607727589667E0,1.928039103608E1,4.135136612315E1));
#380=CARTESIAN_POINT('',(4.407746658117E0,1.944015736593E1,4.151113245300E1));
#381=CARTESIAN_POINT('',(3.331791378196E0,1.955034418653E1,4.162131927360E1));
#382=CARTESIAN_POINT('',(2.318503458360E0,1.962650265284E1,4.169747773991E1));
#383=CARTESIAN_POINT('',(1.254388885793E0,1.967828262570E1,4.174925771276E1));
#384=CARTESIAN_POINT('',(4.325150171493E-1,1.969343312499E1,4.176440821205E1));
#385=CARTESIAN_POINT('',(0.E0,1.969343326209E1,4.176440834915E1));
#387=CARTESIAN_POINT('',(3.275597985374E1,-3.1E0,1.902955373083E1));
#388=DIRECTION('',(3.086671836620E-1,0.E0,-9.511701055701E-1));
#389=DIRECTION('',(7.105427357601E-14,1.E0,3.552713678801E-14));
#390=AXIS2_PLACEMENT_3D('',#387,#388,#389);
#392=CARTESIAN_POINT('',(3.271539561590E1,-2.970708424352E0,1.910026666264E1));
#393=CARTESIAN_POINT('',(3.272460869153E1,-2.990502963945E0,1.908047210610E1));
#394=CARTESIAN_POINT('',(3.273996561524E1,-3.000000554345E0,1.905429442783E1));
#395=CARTESIAN_POINT('',(3.275597866748E1,-3.E0,1.902955354695E1));
#397=CARTESIAN_POINT('',(3.409194832052E1,-3.1E0,-1.427038233549E1));
#398=DIRECTION('',(2.314395773997E-1,3.456255066169E-14,9.728492802141E-1));
#399=DIRECTION('',(9.690649710498E-1,-8.811762175763E-2,-2.305392951755E-1));
#400=AXIS2_PLACEMENT_3D('',#397,#398,#399);
#402=CARTESIAN_POINT('',(3.038142937428E1,-3.1E0,-1.795857864376E1));
#403=DIRECTION('',(1.E0,0.E0,0.E0));
#404=DIRECTION('',(0.E0,7.071067811866E-1,-7.071067811865E-1));
#405=AXIS2_PLACEMENT_3D('',#402,#403,#404);
#407=CARTESIAN_POINT('',(3.038142608649E1,-3.029289297214E0,-1.802928929722E1));
#408=CARTESIAN_POINT('',(3.045850102724E1,-3.029819257041E0,-1.802981929355E1));
#409=CARTESIAN_POINT('',(3.062011218360E1,-3.031041755384E0,-1.802334482753E1));
#410=CARTESIAN_POINT('',(3.088236117990E1,-3.033409354083E0,-1.798631312707E1));
#411=CARTESIAN_POINT('',(3.116604398808E1,-3.036395316276E0,-1.791643572815E1));
#412=CARTESIAN_POINT('',(3.147002577317E1,-3.040073376864E0,-1.780753013219E1));
#413=CARTESIAN_POINT('',(3.179048841832E1,-3.044485907331E0,-1.765425530856E1));
#414=CARTESIAN_POINT('',(3.212680640880E1,-3.049729985432E0,-1.744901885058E1));
#415=CARTESIAN_POINT('',(3.248013708527E1,-3.055965940366E0,-1.718070778218E1));
#416=CARTESIAN_POINT('',(3.283946782776E1,-3.063248966326E0,-1.683986705023E1));
#417=CARTESIAN_POINT('',(3.313261927644E1,-3.070062202294E0,-1.649945984045E1));
#418=CARTESIAN_POINT('',(3.337727963787E1,-3.076460993321E0,-1.616501570997E1));
#419=CARTESIAN_POINT('',(3.360600096931E1,-3.083230715862E0,-1.579731611052E1));
#420=CARTESIAN_POINT('',(3.382745666323E1,-3.090861415745E0,-1.536705788474E1));
#421=CARTESIAN_POINT('',(3.402881990754E1,-3.099318326438E0,-1.487243889955E1));
#422=CARTESIAN_POINT('',(3.414140166268E1,-3.105560477224E0,-1.449414340120E1));
#423=CARTESIAN_POINT('',(3.418885480555E1,-3.108811788755E0,-1.429343630560E1));
#425=CARTESIAN_POINT('',(-2.884182916610E-8,-2.263857861640E1,
-3.339593792928E1));
#426=DIRECTION('',(1.E0,-7.553655989955E-10,-7.553655989955E-10));
#427=DIRECTION('',(-1.050272061511E-9,-8.243826933141E-1,-5.660328391218E-1));
#428=AXIS2_PLACEMENT_3D('',#425,#426,#427);
#430=CARTESIAN_POINT('',(-3.418885481885E1,-3.108811740731E0,
-1.429343611386E1));
#431=CARTESIAN_POINT('',(-3.413580052522E1,-3.105176716986E0,
-1.451783299735E1));
#432=CARTESIAN_POINT('',(-3.400662739392E1,-3.098166764639E0,
-1.494175163601E1));
#433=CARTESIAN_POINT('',(-3.376842011819E1,-3.088607129295E0,
-1.549682403249E1));
#434=CARTESIAN_POINT('',(-3.349933195572E1,-3.079882854277E0,
-1.598204882535E1));
#435=CARTESIAN_POINT('',(-3.321081914884E1,-3.071979218604E0,
-1.640160008627E1));
#436=CARTESIAN_POINT('',(-3.291197743777E1,-3.064871154918E0,
-1.676016071558E1));
#437=CARTESIAN_POINT('',(-3.261168587168E1,-3.058562795995E0,
-1.706092893567E1));
#438=CARTESIAN_POINT('',(-3.231516686385E1,-3.052997976398E0,
-1.731007433978E1));
#439=CARTESIAN_POINT('',(-3.202325735998E1,-3.048076719424E0,
-1.751501376225E1));
#440=CARTESIAN_POINT('',(-3.173904004312E1,-3.043765124361E0,
-1.767975494462E1));
#441=CARTESIAN_POINT('',(-3.146338664839E1,-3.040010480865E0,
-1.780865338021E1));
#442=CARTESIAN_POINT('',(-3.120412368584E1,-3.036851044609E0,
-1.790315554898E1));
#443=CARTESIAN_POINT('',(-3.095497081042E1,-3.034145728865E0,
-1.797039925178E1));
#444=CARTESIAN_POINT('',(-3.069202222665E1,-3.031640190193E0,
-1.801673140804E1));
#445=CARTESIAN_POINT('',(-3.048836852869E1,-3.030024461298E0,
-1.803002411019E1));
#446=CARTESIAN_POINT('',(-3.038142865786E1,-3.029289321760E0,
-1.802928932176E1));
#448=CARTESIAN_POINT('',(-3.409194831457E1,-3.1E0,-1.427038220630E1));
#449=DIRECTION('',(2.314391594458E-1,-3.372601786679E-14,-9.728493796447E-1));
#450=DIRECTION('',(-9.690651073628E-1,-8.811718869544E-2,-2.305388877137E-1));
#451=AXIS2_PLACEMENT_3D('',#448,#449,#450);
#453=CARTESIAN_POINT('',(-3.275597941219E1,-3.1E0,1.902955358755E1));
#454=DIRECTION('',(-3.086671835897E-1,2.292314868475E-14,-9.511701055935E-1));
#455=DIRECTION('',(-9.473395906430E-1,-8.965547138374E-2,3.074241312119E-1));
#456=AXIS2_PLACEMENT_3D('',#453,#454,#455);
#458=CARTESIAN_POINT('',(0.E0,-3.E0,0.E0));
#459=DIRECTION('',(0.E0,1.E0,0.E0));
#460=DIRECTION('',(0.E0,0.E0,-1.E0));
#461=AXIS2_PLACEMENT_3D('',#458,#459,#460);
#463=CARTESIAN_POINT('',(0.E0,-3.E0,0.E0));
#464=DIRECTION('',(0.E0,1.E0,0.E0));
#465=DIRECTION('',(0.E0,0.E0,1.E0));
#466=AXIS2_PLACEMENT_3D('',#463,#464,#465);
#468=DIRECTION('',(-1.E0,0.E0,2.259934009086E-9));
#469=VECTOR('',#468,6.551195829032E1);
#470=CARTESIAN_POINT('',(3.275597866748E1,-3.E0,1.902955354695E1));
#471=LINE('',#470,#469);
#472=CARTESIAN_POINT('',(3.409194848218E1,-3.E0,-1.427038165596E1));
#473=CARTESIAN_POINT('',(3.435907615865E1,-3.E0,-1.314751198438E1));
#474=CARTESIAN_POINT('',(3.484774947440E1,-3.E0,-1.080467410745E1));
#475=CARTESIAN_POINT('',(3.539721962480E1,-3.E0,-7.115228165182E0));
#476=CARTESIAN_POINT('',(3.575227929512E1,-3.E0,-2.865984675065E0));
#477=CARTESIAN_POINT('',(3.580073474362E1,-3.E0,1.630981459351E0));
#478=CARTESIAN_POINT('',(3.550764701449E1,-3.E0,6.245581535524E0));
#479=CARTESIAN_POINT('',(3.486393395328E1,-3.E0,1.083715512030E1));
#480=CARTESIAN_POINT('',(3.391556497758E1,-3.E0,1.519368778342E1));
#481=CARTESIAN_POINT('',(3.315802653734E1,-3.E0,1.779061993452E1));
#482=CARTESIAN_POINT('',(3.275597866748E1,-3.E0,1.902955354695E1));
#484=CARTESIAN_POINT('',(3.038143364143E1,-3.E0,-1.795857864373E1));
#485=CARTESIAN_POINT('',(3.045633245138E1,-3.E0,-1.795857783580E1));
#486=CARTESIAN_POINT('',(3.061284504151E1,-3.E0,-1.795113867145E1));
#487=CARTESIAN_POINT('',(3.086747906784E1,-3.E0,-1.791305218609E1));
#488=CARTESIAN_POINT('',(3.114296297171E1,-3.E0,-1.784261773604E1));
#489=CARTESIAN_POINT('',(3.143838124772E1,-3.E0,-1.773378683473E1));
#490=CARTESIAN_POINT('',(3.175000628349E1,-3.E0,-1.758135572736E1));
#491=CARTESIAN_POINT('',(3.207726932684E1,-3.E0,-1.737789123570E1));
#492=CARTESIAN_POINT('',(3.242133107010E1,-3.E0,-1.711249566575E1));
#493=CARTESIAN_POINT('',(3.277153503884E1,-3.E0,-1.677597644541E1));
#494=CARTESIAN_POINT('',(3.305750553397E1,-3.E0,-1.644032845104E1));
#495=CARTESIAN_POINT('',(3.329638038529E1,-3.E0,-1.611085277478E1));
#496=CARTESIAN_POINT('',(3.351992707158E1,-3.E0,-1.574884405215E1));
#497=CARTESIAN_POINT('',(3.373665509968E1,-3.E0,-1.532563245285E1));
#498=CARTESIAN_POINT('',(3.393424074210E1,-3.E0,-1.483902336612E1));
#499=CARTESIAN_POINT('',(3.404492051645E1,-3.E0,-1.446805600779E1));
#500=CARTESIAN_POINT('',(3.409194848218E1,-3.E0,-1.427038165596E1));
#502=DIRECTION('',(1.E0,0.E0,5.560354760573E-13));
#503=VECTOR('',#502,6.076286233563E1);
#504=CARTESIAN_POINT('',(-3.038142869420E1,-3.E0,-1.795857864376E1));
#505=LINE('',#504,#503);
#506=CARTESIAN_POINT('',(-3.409194832956E1,-3.E0,-1.427038214329E1));
#507=CARTESIAN_POINT('',(-3.403932828482E1,-3.E0,-1.449155922512E1));
#508=CARTESIAN_POINT('',(-3.391243612725E1,-3.E0,-1.490703104877E1));
#509=CARTESIAN_POINT('',(-3.367880426892E1,-3.E0,-1.545328110924E1));
#510=CARTESIAN_POINT('',(-3.341562101369E1,-3.E0,-1.593064755045E1));
#511=CARTESIAN_POINT('',(-3.313381733064E1,-3.E0,-1.634388547149E1));
#512=CARTESIAN_POINT('',(-3.284225008134E1,-3.E0,-1.669735675752E1));
#513=CARTESIAN_POINT('',(-3.254951698188E1,-3.E0,-1.699419971298E1));
#514=CARTESIAN_POINT('',(-3.226066990791E1,-3.E0,-1.724041899043E1));
#515=CARTESIAN_POINT('',(-3.197649500676E1,-3.E0,-1.744328447809E1));
#516=CARTESIAN_POINT('',(-3.169997169967E1,-3.E0,-1.760670212296E1));
#517=CARTESIAN_POINT('',(-3.143193611739E1,-3.E0,-1.773493344188E1));
#518=CARTESIAN_POINT('',(-3.117996584348E1,-3.E0,-1.782933967568E1));
#519=CARTESIAN_POINT('',(-3.093799074754E1,-3.E0,-1.789695699802E1));
#520=CARTESIAN_POINT('',(-3.068260067240E1,-3.E0,-1.794416700961E1));
#521=CARTESIAN_POINT('',(-3.048533370882E1,-3.E0,-1.795857789752E1));
#522=CARTESIAN_POINT('',(-3.038142869420E1,-3.E0,-1.795857864376E1));
#524=CARTESIAN_POINT('',(-3.275597962284E1,-3.E0,1.902955369501E1));
#525=CARTESIAN_POINT('',(-3.324057464618E1,-3.E0,1.753624328452E1));
#526=CARTESIAN_POINT('',(-3.409743866746E1,-3.E0,1.451114199880E1));
#527=CARTESIAN_POINT('',(-3.504764948024E1,-3.E0,9.789165562229E0));
#528=CARTESIAN_POINT('',(-3.561439760884E1,-3.E0,5.075636852960E0));
#529=CARTESIAN_POINT('',(-3.580857883934E1,-3.E0,6.780074708854E-1));
#530=CARTESIAN_POINT('',(-3.571821646884E1,-3.E0,-3.194971202410E0));
#531=CARTESIAN_POINT('',(-3.544321447266E1,-3.E0,-6.557225479398E0));
#532=CARTESIAN_POINT('',(-3.505299895759E1,-3.E0,-9.484064908419E0));
#533=CARTESIAN_POINT('',(-3.459596338217E1,-3.E0,-1.203868526180E1));
#534=CARTESIAN_POINT('',(-3.426108909879E1,-3.E0,-1.355940285851E1));
#535=CARTESIAN_POINT('',(-3.409194832956E1,-3.E0,-1.427038214329E1));
#537=CARTESIAN_POINT('',(2.632122630963E-9,-2.9E0,-1.46E1));
#538=DIRECTION('',(-1.E0,0.E0,-1.802823654251E-10));
#539=DIRECTION('',(0.E0,-1.E0,2.226983042419E-9));
#540=AXIS2_PLACEMENT_3D('',#537,#538,#539);
#542=CARTESIAN_POINT('',(-2.632121964830E-9,-2.9E0,1.46E1));
#543=DIRECTION('',(1.E0,0.E0,1.802823168529E-10));
#544=DIRECTION('',(0.E0,-1.E0,-2.227089623830E-9));
#545=AXIS2_PLACEMENT_3D('',#542,#543,#544);
#547=CARTESIAN_POINT('',(0.E0,9.E-1,0.E0));
#548=DIRECTION('',(0.E0,-1.E0,0.E0));
#549=DIRECTION('',(0.E0,0.E0,-1.E0));
#550=AXIS2_PLACEMENT_3D('',#547,#548,#549);
#552=DIRECTION('',(3.714893049611E-10,1.E0,0.E0));
#553=VECTOR('',#552,3.8E0);
#554=CARTESIAN_POINT('',(-5.641201533679E-10,-2.9E0,1.45E1));
#555=LINE('',#554,#553);
#556=CARTESIAN_POINT('',(0.E0,-2.9E0,0.E0));
#557=DIRECTION('',(0.E0,1.E0,0.E0));
#558=DIRECTION('',(0.E0,0.E0,1.E0));
#559=AXIS2_PLACEMENT_3D('',#556,#557,#558);
#561=DIRECTION('',(-3.714903202308E-10,1.E0,0.E0));
#562=VECTOR('',#561,3.8E0);
#563=CARTESIAN_POINT('',(5.641220685026E-10,-2.9E0,-1.45E1));
#564=LINE('',#563,#562);
#565=CARTESIAN_POINT('',(-3.779355384204E-9,9.E-1,-1.46E1));
#566=DIRECTION('',(1.E0,0.E0,-2.588599612441E-10));
#567=DIRECTION('',(0.E0,1.E0,5.507931888360E-9));
#568=AXIS2_PLACEMENT_3D('',#565,#566,#567);
#570=CARTESIAN_POINT('',(0.E0,1.E0,0.E0));
#571=DIRECTION('',(0.E0,1.E0,0.E0));
#572=DIRECTION('',(0.E0,0.E0,1.E0));
#573=AXIS2_PLACEMENT_3D('',#570,#571,#572);
#575=CARTESIAN_POINT('',(0.E0,1.E0,0.E0));
#576=DIRECTION('',(0.E0,1.E0,0.E0));
#577=DIRECTION('',(0.E0,0.E0,-1.E0));
#578=AXIS2_PLACEMENT_3D('',#575,#576,#577);
#580=CARTESIAN_POINT('',(0.E0,1.E0,0.E0));
#581=DIRECTION('',(0.E0,-1.E0,0.E0));
#582=DIRECTION('',(0.E0,0.E0,-1.E0));
#583=AXIS2_PLACEMENT_3D('',#580,#581,#582);
#585=CARTESIAN_POINT('',(0.E0,1.E0,0.E0));
#586=DIRECTION('',(0.E0,-1.E0,0.E0));
#587=DIRECTION('',(0.E0,0.E0,1.E0));
#588=AXIS2_PLACEMENT_3D('',#585,#586,#587);
#590=CARTESIAN_POINT('',(-4.745596804412E-9,1.1E0,1.79E1));
#591=DIRECTION('',(1.E0,0.E0,2.651171365775E-10));
#592=DIRECTION('',(-2.651171365775E-10,0.E0,1.E0));
#593=AXIS2_PLACEMENT_3D('',#590,#591,#592);
#595=CARTESIAN_POINT('',(0.E0,2.9E0,0.E0));
#596=DIRECTION('',(0.E0,1.E0,0.E0));
#597=DIRECTION('',(1.247622579146E-1,0.E0,9.921866654013E-1));
#598=AXIS2_PLACEMENT_3D('',#595,#596,#597);
#600=CARTESIAN_POINT('',(2.205427245073E-10,2.958578643763E0,1.8E1));
#601=CARTESIAN_POINT('',(9.659003419790E-2,2.958578799280E0,1.799999999889E1));
#602=CARTESIAN_POINT('',(2.875496348056E-1,2.957009967101E0,1.799846700237E1));
#603=CARTESIAN_POINT('',(5.729783941249E-1,2.950448976314E0,1.799159995760E1));
#604=CARTESIAN_POINT('',(8.401672084803E-1,2.941502943542E0,1.798098129394E1));
#605=CARTESIAN_POINT('',(1.080660858214E0,2.932206885156E0,1.796800796794E1));
#606=CARTESIAN_POINT('',(1.294982274206E0,2.923683985395E0,1.795374409311E1));
#607=CARTESIAN_POINT('',(1.490751782276E0,2.916243450795E0,1.793849309691E1));
#608=CARTESIAN_POINT('',(1.673275629264E0,2.910022817488E0,1.792235601259E1));
#609=CARTESIAN_POINT('',(1.851102550775E0,2.904993335321E0,1.790486688169E1));
#610=CARTESIAN_POINT('',(2.037099188733E0,2.901209635032E0,1.788471672856E1));
#611=CARTESIAN_POINT('',(2.174411963301E0,2.900000061324E0,1.786832666855E1));
#612=CARTESIAN_POINT('',(2.245720649814E0,2.9E0,1.785935997630E1));
#614=DIRECTION('',(3.995622013938E-10,1.E0,0.E0));
#615=VECTOR('',#614,1.858578643763E0);
#616=CARTESIAN_POINT('',(-5.220750498580E-10,1.1E0,1.8E1));
#617=LINE('',#616,#615);
#618=CARTESIAN_POINT('',(0.E0,1.1E0,0.E0));
#619=DIRECTION('',(0.E0,1.E0,0.E0));
#620=DIRECTION('',(0.E0,0.E0,1.E0));
#621=AXIS2_PLACEMENT_3D('',#618,#619,#620);
#623=DIRECTION('',(1.162328001337E-10,1.E0,0.E0));
#624=VECTOR('',#623,1.8E0);
#625=CARTESIAN_POINT('',(5.220741339240E-10,1.1E0,-1.8E1));
#626=LINE('',#625,#624);
#627=CARTESIAN_POINT('',(0.E0,3.E0,0.E0));
#628=DIRECTION('',(0.E0,-1.E0,0.E0));
#629=DIRECTION('',(-1.247622579146E-1,0.E0,9.921866654013E-1));
#630=AXIS2_PLACEMENT_3D('',#627,#628,#629);
#632=CARTESIAN_POINT('',(2.258196868242E0,2.9E0,1.795857864376E1));
#633=DIRECTION('',(9.921866654013E-1,0.E0,-1.247622579139E-1));
#634=DIRECTION('',(-1.247622579139E-1,0.E0,-9.921866654013E-1));
#635=AXIS2_PLACEMENT_3D('',#632,#633,#634);
#637=DIRECTION('',(1.E0,0.E0,-5.643264131764E-12));
#638=VECTOR('',#637,2.812323183069E1);
#639=CARTESIAN_POINT('',(-3.038142869892E1,3.E0,1.795857864376E1));
#640=LINE('',#639,#638);
#641=CARTESIAN_POINT('',(-3.409194832678E1,3.E0,1.427038214305E1));
#642=CARTESIAN_POINT('',(-3.403932828108E1,3.E0,1.449155922833E1));
#643=CARTESIAN_POINT('',(-3.391243611824E1,3.E0,1.490703105733E1));
#644=CARTESIAN_POINT('',(-3.367880426221E1,3.E0,1.545328112537E1));
#645=CARTESIAN_POINT('',(-3.341562100612E1,3.E0,1.593064757285E1));
#646=CARTESIAN_POINT('',(-3.313381731837E1,3.E0,1.634388549653E1));
#647=CARTESIAN_POINT('',(-3.284225006369E1,3.E0,1.669735678260E1));
#648=CARTESIAN_POINT('',(-3.254951695933E1,3.E0,1.699419973602E1));
#649=CARTESIAN_POINT('',(-3.226066988100E1,3.E0,1.724041901072E1));
#650=CARTESIAN_POINT('',(-3.197649497640E1,3.E0,1.744328449520E1));
#651=CARTESIAN_POINT('',(-3.169997166642E1,3.E0,1.760670213691E1));
#652=CARTESIAN_POINT('',(-3.143193608319E1,3.E0,1.773493345248E1));
#653=CARTESIAN_POINT('',(-3.117996580538E1,3.E0,1.782933968410E1));
#654=CARTESIAN_POINT('',(-3.093799071567E1,3.E0,1.789695700272E1));
#655=CARTESIAN_POINT('',(-3.068260063509E1,3.E0,1.794416701094E1));
#656=CARTESIAN_POINT('',(-3.048533370905E1,3.E0,1.795857789752E1));
#657=CARTESIAN_POINT('',(-3.038142869892E1,3.E0,1.795857864376E1));
#659=CARTESIAN_POINT('',(-3.275597964113E1,3.E0,-1.902955369792E1));
#660=CARTESIAN_POINT('',(-3.306027156594E1,3.E0,-1.809186289843E1));
#661=CARTESIAN_POINT('',(-3.366224205339E1,3.E0,-1.608342722154E1));
#662=CARTESIAN_POINT('',(-3.448504900010E1,3.E0,-1.268278684412E1));
#663=CARTESIAN_POINT('',(-3.518651288923E1,3.E0,-8.787741313038E0));
#664=CARTESIAN_POINT('',(-3.568241581564E1,3.E0,-4.234240748392E0));
#665=CARTESIAN_POINT('',(-3.581916600279E1,3.E0,5.108043985319E-1));
#666=CARTESIAN_POINT('',(-3.562787357434E1,3.E0,4.696025193110E0));
#667=CARTESIAN_POINT('',(-3.523152890531E1,3.E0,8.337559336057E0));
#668=CARTESIAN_POINT('',(-3.470837751967E1,3.E0,1.150557236969E1));
#669=CARTESIAN_POINT('',(-3.430141632151E1,3.E0,1.338988690991E1));
#670=CARTESIAN_POINT('',(-3.409194832678E1,3.E0,1.427038214305E1));
#672=DIRECTION('',(-1.E0,0.E0,4.732294878899E-10));
#673=VECTOR('',#672,6.551195948252E1);
#674=CARTESIAN_POINT('',(3.275597984139E1,3.E0,-1.902955372892E1));
#675=LINE('',#674,#673);
#676=CARTESIAN_POINT('',(3.409194843389E1,3.E0,1.427038165078E1));
#677=CARTESIAN_POINT('',(3.424912549868E1,3.E0,1.360969169466E1));
#678=CARTESIAN_POINT('',(3.455188195414E1,3.E0,1.223777828310E1));
#679=CARTESIAN_POINT('',(3.495009188561E1,3.E0,1.008575310635E1));
#680=CARTESIAN_POINT('',(3.530697611756E1,3.E0,7.655567771858E0));
#681=CARTESIAN_POINT('',(3.558774427772E1,3.E0,4.964633685039E0));
#682=CARTESIAN_POINT('',(3.576402060017E1,3.E0,1.930803169027E0));
#683=CARTESIAN_POINT('',(3.578318742336E1,3.E0,-1.525439016245E0));
#684=CARTESIAN_POINT('',(3.557673933227E1,3.E0,-5.326372042559E0));
#685=CARTESIAN_POINT('',(3.511703455341E1,3.E0,-9.190776742248E0));
#686=CARTESIAN_POINT('',(3.445466449187E1,3.E0,-1.281211684718E1));
#687=CARTESIAN_POINT('',(3.365652695671E1,3.E0,-1.609941943847E1));
#688=CARTESIAN_POINT('',(3.306216367012E1,3.E0,-1.808603748671E1));
#689=CARTESIAN_POINT('',(3.275597984139E1,3.E0,-1.902955372892E1));
#691=CARTESIAN_POINT('',(3.038143358748E1,3.E0,1.795857864373E1));
#692=CARTESIAN_POINT('',(3.045633249598E1,3.E0,1.795857783580E1));
#693=CARTESIAN_POINT('',(3.061284527937E1,3.E0,1.795113865204E1));
#694=CARTESIAN_POINT('',(3.086747957503E1,3.E0,1.791305208427E1));
#695=CARTESIAN_POINT('',(3.114296375478E1,3.E0,1.784261749377E1));
#696=CARTESIAN_POINT('',(3.143838231872E1,3.E0,1.773378638566E1));
#697=CARTESIAN_POINT('',(3.175000768429E1,3.E0,1.758135497868E1));
#698=CARTESIAN_POINT('',(3.207727101299E1,3.E0,1.737789011203E1));
#699=CARTESIAN_POINT('',(3.242133297010E1,3.E0,1.711249407817E1));
#700=CARTESIAN_POINT('',(3.277153667229E1,3.E0,1.677597471577E1));
#701=CARTESIAN_POINT('',(3.305750656071E1,3.E0,1.644032712107E1));
#702=CARTESIAN_POINT('',(3.329638106613E1,3.E0,1.611085171008E1));
#703=CARTESIAN_POINT('',(3.351992756289E1,3.E0,1.574884306552E1));
#704=CARTESIAN_POINT('',(3.373665536338E1,3.E0,1.532563168013E1));
#705=CARTESIAN_POINT('',(3.393424076796E1,3.E0,1.483902289263E1));
#706=CARTESIAN_POINT('',(3.404492049928E1,3.E0,1.446805583671E1));
#707=CARTESIAN_POINT('',(3.409194843389E1,3.E0,1.427038165078E1));
#709=DIRECTION('',(1.E0,0.E0,2.264253224891E-11));
#710=VECTOR('',#709,2.812323671931E1);
#711=CARTESIAN_POINT('',(2.258196868170E0,3.E0,1.795857864309E1));
#712=LINE('',#711,#710);
#713=CARTESIAN_POINT('',(-2.258196868234E0,3.E0,1.795857864360E1));
#714=CARTESIAN_POINT('',(-2.201156765221E0,3.000000010708E0,1.796216483806E1));
#715=CARTESIAN_POINT('',(-2.086687701293E0,3.000388472278E0,1.796908208473E1));
#716=CARTESIAN_POINT('',(-1.916858127091E0,3.001862400875E0,1.797853483028E1));
#717=CARTESIAN_POINT('',(-1.739803002444E0,3.004139166004E0,1.798753681731E1));
#718=CARTESIAN_POINT('',(-1.553675992641E0,3.007144406723E0,1.799606028812E1));
#719=CARTESIAN_POINT('',(-1.349733113626E0,3.010912019825E0,1.800430712027E1));
#720=CARTESIAN_POINT('',(-1.120014312125E0,3.015445117567E0,1.801222269666E1));
#721=CARTESIAN_POINT('',(-8.636160980243E-1,3.020416092192E0,1.801930524799E1));
#722=CARTESIAN_POINT('',(-5.943257120831E-1,3.024947947868E0,1.802475521154E1));
#723=CARTESIAN_POINT('',(-3.118696637237E-1,3.028330686063E0,1.802834518260E1));
#724=CARTESIAN_POINT('',(-1.062375009148E-1,3.029289444441E0,1.802928929565E1));
#725=CARTESIAN_POINT('',(9.907584799530E-5,3.029289295038E0,1.802928929504E1));
#727=DIRECTION('',(-1.E0,8.795511936769E-10,8.795561050157E-10));
#728=VECTOR('',#727,3.038152771793E1);
#729=CARTESIAN_POINT('',(9.907584799530E-5,3.029289295038E0,1.802928929504E1));
#730=LINE('',#729,#728);
#731=CARTESIAN_POINT('',(-3.038142865238E1,3.1E0,1.795857864376E1));
#732=DIRECTION('',(1.E0,0.E0,0.E0));
#733=DIRECTION('',(0.E0,-7.071067811866E-1,7.071067811865E-1));
#734=AXIS2_PLACEMENT_3D('',#731,#732,#733);
#736=CARTESIAN_POINT('',(9.907584799530E-5,3.029289295038E0,1.802928929504E1));
#737=CARTESIAN_POINT('',(9.722215276350E-2,3.029289377245E0,1.802928929522E1));
#738=CARTESIAN_POINT('',(2.891028078016E-1,3.028504993944E0,1.802851857685E1));
#739=CARTESIAN_POINT('',(5.761734839420E-1,3.025224485372E0,1.802506596400E1));
#740=CARTESIAN_POINT('',(8.448316229926E-1,3.020751472518E0,1.801972713991E1));
#741=CARTESIAN_POINT('',(1.086665377494E0,3.016103442378E0,1.801320443911E1));
#742=CARTESIAN_POINT('',(1.302176409884E0,3.011841992755E0,1.800603287895E1));
#743=CARTESIAN_POINT('',(1.499033729936E0,3.008121725368E0,1.799836502123E1));
#744=CARTESIAN_POINT('',(1.682571842012E0,3.005011408803E0,1.799025163768E1));
#745=CARTESIAN_POINT('',(1.861385512400E0,3.002496667454E0,1.798145855169E1));
#746=CARTESIAN_POINT('',(2.048419935159E0,3.000604818283E0,1.797132727712E1));
#747=CARTESIAN_POINT('',(2.186484423729E0,3.000000029010E0,1.796308727985E1));
#748=CARTESIAN_POINT('',(2.258196868170E0,3.E0,1.795857864309E1));
#750=DIRECTION('',(-1.E0,-7.164320964667E-11,-7.184856635535E-11));
#751=VECTOR('',#750,3.038132695674E1);
#752=CARTESIAN_POINT('',(3.038142603259E1,3.029289297215E0,1.802928929722E1));
#753=LINE('',#752,#751);
#754=CARTESIAN_POINT('',(-2.258196868256E0,2.9E0,1.795857864376E1));
#755=DIRECTION('',(9.921866654012E-1,-8.023551090333E-14,1.247622579147E-1));
#756=DIRECTION('',(1.247622579147E-1,0.E0,-9.921866654012E-1));
#757=AXIS2_PLACEMENT_3D('',#754,#755,#756);
#759=CARTESIAN_POINT('',(0.E0,2.9E0,0.E0));
#760=DIRECTION('',(0.E0,1.E0,0.E0));
#761=DIRECTION('',(0.E0,0.E0,-1.E0));
#762=AXIS2_PLACEMENT_3D('',#759,#760,#761);
#764=CARTESIAN_POINT('',(0.E0,1.1E0,0.E0));
#765=DIRECTION('',(0.E0,1.E0,0.E0));
#766=DIRECTION('',(0.E0,0.E0,-1.E0));
#767=AXIS2_PLACEMENT_3D('',#764,#765,#766);
#769=CARTESIAN_POINT('',(-2.245720645474E0,2.9E0,1.785935997684E1));
#770=CARTESIAN_POINT('',(-2.188996777481E0,2.900000022762E0,1.786649270492E1));
#771=CARTESIAN_POINT('',(-2.075158528543E0,2.900776943930E0,1.788025081502E1));
#772=CARTESIAN_POINT('',(-1.906267891617E0,2.903724801920E0,1.789905183562E1));
#773=CARTESIAN_POINT('',(-1.730190778900E0,2.908278331955E0,1.791695634564E1));
#774=CARTESIAN_POINT('',(-1.545092215497E0,2.914288813486E0,1.793390910385E1));
#775=CARTESIAN_POINT('',(-1.342275804382E0,2.921824039546E0,1.795031164317E1));
#776=CARTESIAN_POINT('',(-1.113827200502E0,2.930890235508E0,1.796605533148E1));
#777=CARTESIAN_POINT('',(-8.588417075716E-1,2.940832182993E0,1.798014217178E1));
#778=CARTESIAN_POINT('',(-5.910534550402E-1,2.949895900926E0,1.799098188634E1));
#779=CARTESIAN_POINT('',(-3.101044159939E-1,2.956661352756E0,1.799812213022E1));
#780=CARTESIAN_POINT('',(-1.057415052429E-1,2.958578930620E0,1.799999999891E1));
#781=CARTESIAN_POINT('',(2.205427245073E-10,2.958578643763E0,1.8E1));
#783=CARTESIAN_POINT('',(4.745589921029E-9,1.1E0,-1.79E1));
#784=DIRECTION('',(-1.E0,0.E0,-2.651167514689E-10));
#785=DIRECTION('',(2.651167514689E-10,0.E0,-1.E0));
#786=AXIS2_PLACEMENT_3D('',#783,#784,#785);
#788=CARTESIAN_POINT('',(-1.633058359386E-9,2.958578643763E0,1.81E1));
#789=DIRECTION('',(1.E0,9.021126641782E-11,9.030406004883E-11));
#790=DIRECTION('',(9.030406004888E-11,-3.330669073875E-13,-1.E0));
#791=AXIS2_PLACEMENT_3D('',#788,#789,#790);
#793=CARTESIAN_POINT('',(4.464254863462E-8,2.051725827284E1,3.551725827284E1));
#794=CARTESIAN_POINT('',(8.563233440673E-1,2.051725563214E1,3.551725563214E1));
#795=CARTESIAN_POINT('',(2.517159169030E0,2.045876316445E1,3.545876316445E1));
#796=CARTESIAN_POINT('',(4.788802945650E0,2.023791886046E1,3.523791886046E1));
#797=CARTESIAN_POINT('',(7.033911501382E0,1.988595011498E1,3.488595011498E1));
#798=CARTESIAN_POINT('',(9.264591464906E0,1.939611340950E1,3.439611340950E1));
#799=CARTESIAN_POINT('',(1.144058503265E1,1.877677955469E1,3.377677955469E1));
#800=CARTESIAN_POINT('',(1.351859960994E1,1.804633717517E1,3.304633717517E1));
#801=CARTESIAN_POINT('',(1.550254791453E1,1.721300472174E1,3.221300472174E1));
#802=CARTESIAN_POINT('',(1.746034812067E1,1.624883297293E1,3.124883297293E1));
#803=CARTESIAN_POINT('',(1.949554313825E1,1.507888296498E1,3.007888296498E1));
#804=CARTESIAN_POINT('',(2.167186791241E1,1.360514601194E1,2.860514601194E1));
#805=CARTESIAN_POINT('',(2.392639950257E1,1.177144357392E1,2.677144357392E1));
#806=CARTESIAN_POINT('',(2.604491923493E1,9.663726707403E0,2.466372670740E1));
#807=CARTESIAN_POINT('',(2.784438708946E1,7.447352533045E0,2.244735253305E1));
#808=CARTESIAN_POINT('',(2.926604177946E1,5.275099092979E0,2.027509909298E1));
#809=CARTESIAN_POINT('',(3.004057141022E1,3.780857592643E0,1.878085759265E1));
#810=CARTESIAN_POINT('',(3.038142603259E1,3.029289297215E0,1.802928929722E1));
#812=CARTESIAN_POINT('',(-3.038142864208E1,3.029289321760E0,1.802928932176E1));
#813=CARTESIAN_POINT('',(-3.003171505913E1,3.800397449074E0,1.880039744907E1));
#814=CARTESIAN_POINT('',(-2.924794066647E1,5.311868728233E0,2.031186872823E1));
#815=CARTESIAN_POINT('',(-2.777132911733E1,7.544203118793E0,2.254420311879E1));
#816=CARTESIAN_POINT('',(-2.611623026862E1,9.564760918127E0,2.456476091813E1));
#817=CARTESIAN_POINT('',(-2.438364644660E1,1.132726491200E1,2.632726491200E1));
#818=CARTESIAN_POINT('',(-2.265245728504E1,1.282695142339E1,2.782695142339E1));
#819=CARTESIAN_POINT('',(-2.095029964091E1,1.410387195611E1,2.910387195611E1));
#820=CARTESIAN_POINT('',(-1.925960640188E1,1.521263675921E1,3.021263675921E1));
#821=CARTESIAN_POINT('',(-1.753159015611E1,1.620524900230E1,3.120524900230E1));
#822=CARTESIAN_POINT('',(-1.571811591216E1,1.711191265066E1,3.211191265066E1));
#823=CARTESIAN_POINT('',(-1.380485589914E1,1.793330366322E1,3.293330366322E1));
#824=CARTESIAN_POINT('',(-1.181559211491E1,1.865315071289E1,3.365315071289E1));
#825=CARTESIAN_POINT('',(-9.784248978545E0,1.925793237273E1,3.425793237273E1));
#826=CARTESIAN_POINT('',(-7.709845879109E0,1.975059045017E1,3.475059045017E1));
#827=CARTESIAN_POINT('',(-5.453717693106E0,2.015081108794E1,3.515081108794E1));
#828=CARTESIAN_POINT('',(-2.931680534809E0,2.043641129741E1,3.543641129741E1));
#829=CARTESIAN_POINT('',(-1.013473865168E0,2.051725374896E1,3.551725374896E1));
#830=CARTESIAN_POINT('',(4.464254863462E-8,2.051725827284E1,3.551725827284E1));
#832=CARTESIAN_POINT('',(3.038142603259E1,3.029289297215E0,1.802928929722E1));
#833=CARTESIAN_POINT('',(3.045850107450E1,3.029819257786E0,1.802981929429E1));
#834=CARTESIAN_POINT('',(3.062011243016E1,3.031041757929E0,1.802334481001E1));
#835=CARTESIAN_POINT('',(3.088236170292E1,3.033409360140E0,1.798631302783E1));
#836=CARTESIAN_POINT('',(3.116604479397E1,3.036395326958E0,1.791643548828E1));
#837=CARTESIAN_POINT('',(3.147002687366E1,3.040073393747E0,1.780752968461E1));
#838=CARTESIAN_POINT('',(3.179048985596E1,3.044485932011E0,1.765425455868E1));
#839=CARTESIAN_POINT('',(3.212680813945E1,3.049730015070E0,1.744901771747E1));
#840=CARTESIAN_POINT('',(3.248013903514E1,3.055965976020E0,1.718070617490E1));
#841=CARTESIAN_POINT('',(3.283946950383E1,3.063248999729E0,1.683986529364E1));
#842=CARTESIAN_POINT('',(3.313262033044E1,3.070062224172E0,1.649945848594E1));
#843=CARTESIAN_POINT('',(3.337728033761E1,3.076461008149E0,1.616501462318E1));
#844=CARTESIAN_POINT('',(3.360600147486E1,3.083230728254E0,1.579731510234E1));
#845=CARTESIAN_POINT('',(3.382745693557E1,3.090861424257E0,1.536705709478E1));
#846=CARTESIAN_POINT('',(3.402881993599E1,3.099318332439E0,1.487243841507E1));
#847=CARTESIAN_POINT('',(3.414140164697E1,3.105560479242E0,1.449414322956E1));
#848=CARTESIAN_POINT('',(3.418885475674E1,3.108811790022E0,1.429343630211E1));
#850=CARTESIAN_POINT('',(-3.193849931686E-8,2.263857861640E1,3.339593792928E1));
#851=DIRECTION('',(1.E0,8.364658536469E-10,8.364691203541E-10));
#852=DIRECTION('',(-1.163036964341E-9,8.243826932771E-1,5.660328391756E-1));
#853=AXIS2_PLACEMENT_3D('',#850,#851,#852);
#855=CARTESIAN_POINT('',(3.038142823104E1,3.1E0,1.795857864377E1));
#856=DIRECTION('',(9.999999999999E-1,3.552713714590E-14,4.816766445324E-7));
#857=DIRECTION('',(-3.405968129755E-7,-7.071067812157E-1,7.071067811573E-1));
#858=AXIS2_PLACEMENT_3D('',#855,#856,#857);
#860=CARTESIAN_POINT('',(3.409194827184E1,3.1E0,1.427038233197E1));
#861=DIRECTION('',(2.314395775247E-1,-3.456254983553E-14,-9.728492801843E-1));
#862=DIRECTION('',(9.690649709978E-1,8.811762201778E-2,2.305392952948E-1));
#863=AXIS2_PLACEMENT_3D('',#860,#861,#862);
#865=CARTESIAN_POINT('',(3.275597985374E1,3.1E0,-1.902955373083E1));
#866=DIRECTION('',(3.086671836621E-1,-5.397309397193E-14,9.511701055700E-1));
#867=DIRECTION('',(1.421085471520E-13,-1.E0,-1.065814103640E-13));
#868=AXIS2_PLACEMENT_3D('',#865,#866,#867);
#870=CARTESIAN_POINT('',(3.271539561433E1,2.970708424448E0,-1.910026666255E1));
#871=CARTESIAN_POINT('',(3.272460868997E1,2.990502964040E0,-1.908047210600E1));
#872=CARTESIAN_POINT('',(3.273996678915E1,3.000000554345E0,-1.905429460979E1));
#873=CARTESIAN_POINT('',(3.275597984139E1,3.E0,-1.902955372892E1));
#875=DIRECTION('',(-1.E0,2.431330086353E-8,2.431232322072E-8));
#876=VECTOR('',#875,6.543079049971E1);
#877=CARTESIAN_POINT('',(3.271539561433E1,2.970708424448E0,-1.910026666255E1));
#878=LINE('',#877,#876);
#879=CARTESIAN_POINT('',(4.067678994477E-14,-1.969343326209E1,
-4.176440834915E1));
#880=CARTESIAN_POINT('',(-3.338670760607E-1,-1.969343317553E1,
-4.176440826260E1));
#881=CARTESIAN_POINT('',(-1.026103232085E0,-1.968419558838E1,
-4.175517067545E1));
#882=CARTESIAN_POINT('',(-2.088837460110E0,-1.964111325942E1,
-4.171208834649E1));
#883=CARTESIAN_POINT('',(-3.323360554778E0,-1.955409653857E1,
-4.162507162564E1));
#884=CARTESIAN_POINT('',(-4.715747292069E0,-1.940655411816E1,
-4.147752920523E1));
#885=CARTESIAN_POINT('',(-6.247882469343E0,-1.918231011946E1,
-4.125328520652E1));
#886=CARTESIAN_POINT('',(-7.799594216386E0,-1.888735565504E1,
-4.095833074210E1));
#887=CARTESIAN_POINT('',(-9.305689152250E0,-1.853534446128E1,
-4.060631954835E1));
#888=CARTESIAN_POINT('',(-1.075672193350E1,-1.813349034964E1,
-4.020446543670E1));
#889=CARTESIAN_POINT('',(-1.216722509716E1,-1.768226554853E1,
-3.975324063560E1));
#890=CARTESIAN_POINT('',(-1.359991300792E1,-1.716076356620E1,
-3.923173865327E1));
#891=CARTESIAN_POINT('',(-1.511956648563E1,-1.653390148542E1,
-3.860487657249E1));
#892=CARTESIAN_POINT('',(-1.675426877189E1,-1.576892715899E1,
-3.783990224605E1));
#893=CARTESIAN_POINT('',(-1.852769269742E1,-1.482344924224E1,
-3.689442432931E1));
#894=CARTESIAN_POINT('',(-2.042997059439E1,-1.365896021634E1,
-3.572993530340E1));
#895=CARTESIAN_POINT('',(-2.241460083409E1,-1.225262622533E1,
-3.432360131239E1));
#896=CARTESIAN_POINT('',(-2.445105127165E1,-1.056482756667E1,
-3.263580265374E1));
#897=CARTESIAN_POINT('',(-2.649492605521E1,-8.550106222304E0,
-3.062108130937E1));
#898=CARTESIAN_POINT('',(-2.849660320426E1,-6.145444547650E0,
-2.821641963472E1));
#899=CARTESIAN_POINT('',(-3.038334656461E1,-3.244404745298E0,
-2.531537983236E1));
#900=CARTESIAN_POINT('',(-3.187485622517E1,-3.671807909210E-2,
-2.210769316616E1));
#901=CARTESIAN_POINT('',(-3.248165716280E1,1.972527731334E0,-2.009844735572E1));
#902=CARTESIAN_POINT('',(-3.271539488538E1,2.970710015286E0,-1.910026507177E1));
#904=CARTESIAN_POINT('',(3.271539561433E1,2.970708424448E0,-1.910026666255E1));
#905=CARTESIAN_POINT('',(3.264956534117E1,2.689577851285E0,-1.938139723571E1));
#906=CARTESIAN_POINT('',(3.249949576630E1,2.097218222574E0,-1.997375686453E1));
#907=CARTESIAN_POINT('',(3.220908267413E1,1.124290548655E0,-2.094668453840E1));
#908=CARTESIAN_POINT('',(3.183585654203E1,5.482638975018E-2,-2.201614869732E1));
#909=CARTESIAN_POINT('',(3.135910876944E1,-1.118985279522E0,-2.318996036659E1));
#910=CARTESIAN_POINT('',(3.075418234841E1,-2.402750969315E0,-2.447372605638E1));
#911=CARTESIAN_POINT('',(2.999057739311E1,-3.801972663344E0,-2.587294775041E1));
#912=CARTESIAN_POINT('',(2.902667292867E1,-5.326044519929E0,-2.739701960699E1));
#913=CARTESIAN_POINT('',(2.782451624769E1,-6.960586458479E0,-2.903156154555E1));
#914=CARTESIAN_POINT('',(2.638644637557E1,-8.637163239283E0,-3.070813832635E1));
#915=CARTESIAN_POINT('',(2.477617082923E1,-1.024936711699E1,-3.232034220406E1));
#916=CARTESIAN_POINT('',(2.309893754979E1,-1.170183104428E1,-3.377280613135E1));
#917=CARTESIAN_POINT('',(2.144890108119E1,-1.295144096349E1,-3.502241605056E1));
#918=CARTESIAN_POINT('',(1.986966773758E1,-1.400897088671E1,-3.607994597378E1));
#919=CARTESIAN_POINT('',(1.836481350779E1,-1.490728548234E1,-3.697826056941E1));
#920=CARTESIAN_POINT('',(1.692837555756E1,-1.567533795543E1,-3.774631304250E1));
#921=CARTESIAN_POINT('',(1.555628296446E1,-1.633445353959E1,-3.840542862666E1));
#922=CARTESIAN_POINT('',(1.421593671821E1,-1.691346915661E1,-3.898444424368E1));
#923=CARTESIAN_POINT('',(1.284596966407E1,-1.744290087079E1,-3.951387595786E1));
#924=CARTESIAN_POINT('',(1.140939817772E1,-1.793316681531E1,-4.000414190238E1));
#925=CARTESIAN_POINT('',(9.905758054777E0,-1.837779668006E1,-4.044877176712E1));
#926=CARTESIAN_POINT('',(8.380657046760E0,-1.875910447803E1,-4.083007956510E1));
#927=CARTESIAN_POINT('',(6.933553263226E0,-1.905798373893E1,-4.112895882599E1));
#928=CARTESIAN_POINT('',(5.619199417338E0,-1.927867430705E1,-4.134964939412E1));
#929=CARTESIAN_POINT('',(4.418122155829E0,-1.943893567719E1,-4.150991076425E1));
#930=CARTESIAN_POINT('',(3.342351886060E0,-1.954940874432E1,-4.162038383139E1));
#931=CARTESIAN_POINT('',(2.327282050025E0,-1.962598191672E1,-4.169695700379E1));
#932=CARTESIAN_POINT('',(1.260135091766E0,-1.967813164882E1,-4.174910673589E1));
#933=CARTESIAN_POINT('',(4.346532302694E-1,-1.969343312400E1,
-4.176440821106E1));
#934=CARTESIAN_POINT('',(4.067678994477E-14,-1.969343326209E1,
-4.176440834915E1));
#936=CARTESIAN_POINT('',(-1.499424747126E-13,-1.962272258397E1,
-4.183511902727E1));
#937=DIRECTION('',(-1.E0,0.E0,0.E0));
#938=DIRECTION('',(0.E0,-7.370391367738E-1,-6.758500653723E-1));
#939=AXIS2_PLACEMENT_3D('',#936,#937,#938);
#941=CARTESIAN_POINT('',(-1.598445950701E-13,1.969642649769E1,
4.190270403377E1));
#942=CARTESIAN_POINT('',(-3.364546250345E-1,1.969642645630E1,4.190270398897E1));
#943=CARTESIAN_POINT('',(-1.032676051890E0,1.968706054512E1,4.189337631656E1));
#944=CARTESIAN_POINT('',(-2.098170905409E0,1.964371408978E1,4.185020633674E1));
#945=CARTESIAN_POINT('',(-3.336898621237E0,1.955619225417E1,4.176303837957E1));
#946=CARTESIAN_POINT('',(-4.733969227821E0,1.940785029326E1,4.161528879860E1));
#947=CARTESIAN_POINT('',(-6.273811406577E0,1.918201841431E1,4.139034039153E1));
#948=CARTESIAN_POINT('',(-7.834981273928E0,1.888452062765E1,4.109397326171E1));
#949=CARTESIAN_POINT('',(-9.350334360212E0,1.852932822222E1,4.074008441113E1));
#950=CARTESIAN_POINT('',(-1.081042837942E1,1.812370135533E1,4.033588891282E1));
#951=CARTESIAN_POINT('',(-1.222918484250E1,1.766832670360E1,3.988205444697E1));
#952=CARTESIAN_POINT('',(-1.366955449207E1,1.714223964844E1,3.935766695115E1));
#953=CARTESIAN_POINT('',(-1.519734778903E1,1.650981547159E1,3.872718225445E1));
#954=CARTESIAN_POINT('',(-1.684021868811E1,1.573824687853E1,3.795784180727E1));
#955=CARTESIAN_POINT('',(-1.862209598166E1,1.478476044897E1,3.700692386596E1));
#956=CARTESIAN_POINT('',(-2.053342658785E1,1.361019740589E1,3.583528032822E1));
#957=CARTESIAN_POINT('',(-2.252637463198E1,1.219219171674E1,3.442049702968E1));
#958=CARTESIAN_POINT('',(-2.457147865279E1,1.048963194367E1,3.272144936886E1));
#959=CARTESIAN_POINT('',(-2.662132204123E1,8.458691261969E0,3.069429114819E1));
#960=CARTESIAN_POINT('',(-2.862954904826E1,6.032601116832E0,2.827227239812E1));
#961=CARTESIAN_POINT('',(-3.051934051537E1,3.101226305912E0,2.534532196025E1));
#962=CARTESIAN_POINT('',(-3.198927973656E1,-9.363229899141E-2,
2.215482428925E1));
#963=CARTESIAN_POINT('',(-3.258349956676E1,-2.080972030574E0,2.016999903784E1));
#964=CARTESIAN_POINT('',(-3.281007049045E1,-3.050222023105E0,1.920194714217E1));
#966=CARTESIAN_POINT('',(-3.285071369846E1,-3.108965561335E0,1.906029599005E1));
#967=CARTESIAN_POINT('',(-3.284461966750E1,-3.108965637902E0,1.907907532519E1));
#968=CARTESIAN_POINT('',(-3.283355335534E1,-3.103763162855E0,1.911463408834E1));
#969=CARTESIAN_POINT('',(-3.282005635085E1,-3.083784738225E0,1.916181858138E1));
#970=CARTESIAN_POINT('',(-3.281301978913E1,-3.062835686036E0,1.918934784666E1));
#971=CARTESIAN_POINT('',(-3.281007049045E1,-3.050222023105E0,1.920194714217E1));
#973=CARTESIAN_POINT('',(-3.285071369846E1,-3.108965561335E0,1.906029599005E1));
#974=CARTESIAN_POINT('',(-3.333511996097E1,-3.108907812765E0,1.756758994689E1));
#975=CARTESIAN_POINT('',(-3.419481810283E1,-3.108809758036E0,1.453314804014E1));
#976=CARTESIAN_POINT('',(-3.514599381950E1,-3.108708369377E0,9.805317071818E0));
#977=CARTESIAN_POINT('',(-3.571381207825E1,-3.108650298125E0,5.083710019564E0));
#978=CARTESIAN_POINT('',(-3.590826547586E1,-3.108630819474E0,
6.791359210708E-1));
#979=CARTESIAN_POINT('',(-3.581776772728E1,-3.108639870018E0,
-3.200122464152E0));
#980=CARTESIAN_POINT('',(-3.554232276260E1,-3.108667761761E0,
-6.567776315164E0));
#981=CARTESIAN_POINT('',(-3.515145550406E1,-3.108708113992E0,
-9.499431749393E0));
#982=CARTESIAN_POINT('',(-3.469374648586E1,-3.108756553847E0,
-1.205789127420E1));
#983=CARTESIAN_POINT('',(-3.435815166439E1,-3.108793049075E0,
-1.358180849298E1));
#984=CARTESIAN_POINT('',(-3.418885481885E1,-3.108811740731E0,
-1.429343611386E1));
#986=CARTESIAN_POINT('',(-3.418885481885E1,-3.108811740731E0,
-1.429343611386E1));
#987=CARTESIAN_POINT('',(-3.393041055009E1,-3.917768190306E0,
-1.507059785162E1));
#988=CARTESIAN_POINT('',(-3.331588306288E1,-5.556236649843E0,
-1.664355273160E1));
#989=CARTESIAN_POINT('',(-3.205306428845E1,-8.077191497393E0,
-1.905895496582E1));
#990=CARTESIAN_POINT('',(-3.047659994928E1,-1.053145431518E1,
-2.140440531444E1));
#991=CARTESIAN_POINT('',(-2.869341625484E1,-1.277427574075E1,
-2.354118310761E1));
#992=CARTESIAN_POINT('',(-2.681907434942E1,-1.473620943742E1,
-2.540400652313E1));
#993=CARTESIAN_POINT('',(-2.493947879075E1,-1.641181945595E1,
-2.698936745917E1));
#994=CARTESIAN_POINT('',(-2.308683474921E1,-1.784226790954E1,
-2.833801207778E1));
#995=CARTESIAN_POINT('',(-2.124336312519E1,-1.908722004719E1,
-2.950768438924E1));
#996=CARTESIAN_POINT('',(-1.935623134882E1,-2.020432168968E1,
-3.055357229291E1));
#997=CARTESIAN_POINT('',(-1.737150272533E1,-2.122785043032E1,
-3.150841558391E1));
#998=CARTESIAN_POINT('',(-1.527171892521E1,-2.215863377902E1,
-3.237353215886E1));
#999=CARTESIAN_POINT('',(-1.308196738057E1,-2.297758109933E1,
-3.313190254316E1));
#1000=CARTESIAN_POINT('',(-1.083981502904E1,-2.366802447247E1,
-3.376905734587E1));
#1001=CARTESIAN_POINT('',(-8.546531285621E0,-2.423170304045E1,
-3.428762732196E1));
#1002=CARTESIAN_POINT('',(-6.049571072611E0,-2.469048563882E1,
-3.470856288880E1));
#1003=CARTESIAN_POINT('',(-3.253464118838E0,-2.501866497997E1,
-3.500897024291E1));
#1004=CARTESIAN_POINT('',(-1.125659156811E0,-2.511172480980E1,
-3.509403434098E1));
#1005=CARTESIAN_POINT('',(-3.367163897940E-8,-2.511172669534E1,
-3.509403644811E1));
#1007=CARTESIAN_POINT('',(0.E0,0.E0,4.365144253290E1));
#1008=DIRECTION('',(0.E0,0.E0,1.E0));
#1009=DIRECTION('',(0.E0,1.E0,0.E0));
#1010=AXIS2_PLACEMENT_3D('',#1007,#1008,#1009);
#1012=CARTESIAN_POINT('',(-3.285071370742E1,3.108965560008E0,
-1.906029600367E1));
#1013=CARTESIAN_POINT('',(-3.315511371016E1,3.108929213588E0,
-1.812228436293E1));
#1014=CARTESIAN_POINT('',(-3.375863950726E1,3.108859098215E0,
-1.610882492421E1));
#1015=CARTESIAN_POINT('',(-3.458256020852E1,3.108768198845E0,
-1.270336637416E1));
#1016=CARTESIAN_POINT('',(-3.528524014997E1,3.108694114265E0,
-8.801731197119E0));
#1017=CARTESIAN_POINT('',(-3.578192803894E1,3.108643552961E0,
-4.240781639619E0));
#1018=CARTESIAN_POINT('',(-3.591887227018E1,3.108629732012E0,
5.118943610694E-1));
#1019=CARTESIAN_POINT('',(-3.572727189788E1,3.108648987248E0,4.703701219974E0));
#1020=CARTESIAN_POINT('',(-3.533025117823E1,3.108689464219E0,8.351198795317E0));
#1021=CARTESIAN_POINT('',(-3.480638743121E1,3.108744416438E0,1.152373495591E1));
#1022=CARTESIAN_POINT('',(-3.439843564576E1,3.108788615579E0,1.341247684031E1));
#1023=CARTESIAN_POINT('',(-3.418885481607E1,3.108811740726E0,1.429343611362E1));
#1025=CARTESIAN_POINT('',(-3.418885481607E1,3.108811740726E0,1.429343611362E1));
#1026=CARTESIAN_POINT('',(-3.393014531184E1,3.918598403033E0,1.507139543520E1));
#1027=CARTESIAN_POINT('',(-3.331499487788E1,5.558482540461E0,1.664570827910E1));
#1028=CARTESIAN_POINT('',(-3.205074198165E1,8.081375776685E0,1.906296034209E1));
#1029=CARTESIAN_POINT('',(-3.047353935232E1,1.053566551970E1,2.140842312591E1));
#1030=CARTESIAN_POINT('',(-2.869125905614E1,1.277661649515E1,2.354340723061E1));
#1031=CARTESIAN_POINT('',(-2.681897247970E1,1.473618765170E1,2.540398336201E1));
#1032=CARTESIAN_POINT('',(-2.494177507333E1,1.640982588657E1,2.698748248350E1));
#1033=CARTESIAN_POINT('',(-2.309130876689E1,1.783898080839E1,2.833491697034E1));
#1034=CARTESIAN_POINT('',(-2.124937447141E1,1.908339207863E1,2.950409358059E1));
#1035=CARTESIAN_POINT('',(-1.936295553316E1,2.020060052291E1,3.055009462055E1));
#1036=CARTESIAN_POINT('',(-1.737833220492E1,2.122458610699E1,3.150537620781E1));
#1037=CARTESIAN_POINT('',(-1.527857316358E1,2.215583763724E1,3.237093826551E1));
#1038=CARTESIAN_POINT('',(-1.308912099464E1,2.297513807107E1,3.312964425617E1));
#1039=CARTESIAN_POINT('',(-1.084743293866E1,2.366591361690E1,3.376711262546E1));
#1040=CARTESIAN_POINT('',(-8.553982552097E0,2.423012985925E1,3.428618244168E1));
#1041=CARTESIAN_POINT('',(-6.055130012236E0,2.468970545369E1,3.470784834940E1));
#1042=CARTESIAN_POINT('',(-3.256576463840E0,2.501848293546E1,3.500880387152E1));
#1043=CARTESIAN_POINT('',(-1.126761240560E0,2.511172480365E1,3.509403433424E1));
#1044=CARTESIAN_POINT('',(-3.725999169688E-8,2.511172669534E1,
3.509403644810E1));
#1046=CARTESIAN_POINT('',(-4.238475014579E-10,3.194101925732E1,
-2.206441223833E1));
#1047=CARTESIAN_POINT('',(-6.439580419091E-1,3.194101925471E1,
-2.206440969550E1));
#1048=CARTESIAN_POINT('',(-1.930459903392E0,3.192343465714E1,
-2.200742945473E1));
#1049=CARTESIAN_POINT('',(-3.841605644631E0,3.184648792420E1,
-2.175648710672E1));
#1050=CARTESIAN_POINT('',(-5.795393817264E0,3.171411623818E1,
-2.131819222275E1));
#1051=CARTESIAN_POINT('',(-7.662519062358E0,3.153750818607E1,
-2.072031442635E1));
#1052=CARTESIAN_POINT('',(-9.590654879246E0,3.130348974541E1,
-1.990285009798E1));
#1053=CARTESIAN_POINT('',(-1.139032449150E1,3.103465368979E1,
-1.892097156101E1));
#1054=CARTESIAN_POINT('',(-1.287528426191E1,3.077740956720E1,
-1.793303510293E1));
#1055=CARTESIAN_POINT('',(-1.416540505017E1,3.052865692232E1,
-1.692709059975E1));
#1056=CARTESIAN_POINT('',(-1.533315617631E1,3.028258101213E1,
-1.587369629023E1));
#1057=CARTESIAN_POINT('',(-1.644063972229E1,3.003069936393E1,
-1.472322840841E1));
#1058=CARTESIAN_POINT('',(-1.752461684979E1,2.976633644687E1,
-1.341730865864E1));
#1059=CARTESIAN_POINT('',(-1.860304156675E1,2.948554832342E1,
-1.188511468132E1));
#1060=CARTESIAN_POINT('',(-1.967412356777E1,2.918858621089E1,
-1.002986519220E1));
#1061=CARTESIAN_POINT('',(-2.066191925555E1,2.889802140573E1,
-7.813028474218E0));
#1062=CARTESIAN_POINT('',(-2.143994591965E1,2.865765624678E1,
-5.334215545926E0));
#1063=CARTESIAN_POINT('',(-2.193907104944E1,2.849809182688E1,
-2.647909753439E0));
#1064=CARTESIAN_POINT('',(-2.209960329857E1,2.844585234377E1,
1.968906887790E-1));
#1065=CARTESIAN_POINT('',(-2.189000102731E1,2.851396630967E1,3.034441271991E0));
#1066=CARTESIAN_POINT('',(-2.132881811440E1,2.869275801969E1,5.781533511518E0));
#1067=CARTESIAN_POINT('',(-2.045666542971E1,2.895991789727E1,8.341507320215E0));
#1068=CARTESIAN_POINT('',(-1.942035401565E1,2.926067160008E1,1.050953674444E1));
#1069=CARTESIAN_POINT('',(-1.832921261602E1,2.955870929793E1,1.230352186320E1));
#1070=CARTESIAN_POINT('',(-1.720203624461E1,2.984723754715E1,1.383194057301E1));
#1071=CARTESIAN_POINT('',(-1.602389707599E1,3.012832199802E1,1.518203729225E1));
#1072=CARTESIAN_POINT('',(-1.474378563987E1,3.041032923859E1,1.643206770128E1));
#1073=CARTESIAN_POINT('',(-1.327683677453E1,3.070493456796E1,1.765044285483E1));
#1074=CARTESIAN_POINT('',(-1.146362500046E1,3.102522240852E1,1.888868915139E1));
#1075=CARTESIAN_POINT('',(-9.544574359930E0,3.130915833652E1,1.992236319242E1));
#1076=CARTESIAN_POINT('',(-7.819648921984E0,3.151804092648E1,2.065227864645E1));
#1077=CARTESIAN_POINT('',(-6.252042422616E0,3.167290816788E1,2.117941207972E1));
#1078=CARTESIAN_POINT('',(-4.604445889918E0,3.179903152325E1,2.160001627667E1));
#1079=CARTESIAN_POINT('',(-2.939826225306E0,3.188684334494E1,2.188826831497E1));
#1080=CARTESIAN_POINT('',(-1.348641852317E0,3.193348875559E1,2.204000642594E1));
#1081=CARTESIAN_POINT('',(-4.312799003589E-1,3.194101921225E1,
2.206441140795E1));
#1082=CARTESIAN_POINT('',(4.154065178118E-10,3.194101925732E1,
2.206441223833E1));
#1084=CARTESIAN_POINT('',(0.E0,0.E0,-4.365144253290E1));
#1085=DIRECTION('',(0.E0,0.E0,1.E0));
#1086=DIRECTION('',(0.E0,1.E0,0.E0));
#1087=AXIS2_PLACEMENT_3D('',#1084,#1085,#1086);
#1089=CARTESIAN_POINT('',(-5.752658445411E-14,-1.969642649769E1,
-4.190270403377E1));
#1090=CARTESIAN_POINT('',(-3.352796150388E-1,-1.969642645611E1,
-4.190270398876E1));
#1091=CARTESIAN_POINT('',(-1.029880685376E0,-1.968713607927E1,
-4.189345154243E1));
#1092=CARTESIAN_POINT('',(-2.096699285802E0,-1.964380742979E1,
-4.185029929807E1));
#1093=CARTESIAN_POINT('',(-3.335818341635E0,-1.955629499670E1,
-4.176314070988E1));
#1094=CARTESIAN_POINT('',(-4.733379656594E0,-1.940791768001E1,
-4.161535591645E1));
#1095=CARTESIAN_POINT('',(-6.271042086983E0,-1.918243584264E1,
-4.139075618510E1));
#1096=CARTESIAN_POINT('',(-7.828237212005E0,-1.888589135898E1,
-4.109533882608E1));
#1097=CARTESIAN_POINT('',(-9.339571488124E0,-1.853201979167E1,
-4.074276622800E1));
#1098=CARTESIAN_POINT('',(-1.079553987921E1,-1.812809394784E1,
-4.034026624997E1));
#1099=CARTESIAN_POINT('',(-1.221077200519E1,-1.767458738168E1,
-3.988829434857E1));
#1100=CARTESIAN_POINT('',(-1.364810943572E1,-1.715052878148E1,
-3.936592989194E1));
#1101=CARTESIAN_POINT('',(-1.517246650890E1,-1.652072568614E1,
-3.873805987076E1));
#1102=CARTESIAN_POINT('',(-1.681205794967E1,-1.575229225252E1,
-3.797184785020E1));
#1103=CARTESIAN_POINT('',(-1.859045513026E1,-1.480278293656E1,
-3.702489948137E1));
#1104=CARTESIAN_POINT('',(-2.049776657929E1,-1.363361941532E1,
-3.585864639794E1));
#1105=CARTESIAN_POINT('',(-2.248749962698E1,-1.222185227340E1,
-3.445009300388E1));
#1106=CARTESIAN_POINT('',(-2.452879886410E1,-1.052800006357E1,
-3.275974188204E1));
#1107=CARTESIAN_POINT('',(-2.657734124744E1,-8.506331126923E0,
-3.074184647105E1));
#1108=CARTESIAN_POINT('',(-2.858308532577E1,-6.094299511161E0,
-2.833387174557E1));
#1109=CARTESIAN_POINT('',(-3.047344955605E1,-3.184196867723E0,
-2.542817367124E1));
#1110=CARTESIAN_POINT('',(-3.196751198795E1,3.040010750652E-2,
-2.221797537237E1));
#1111=CARTESIAN_POINT('',(-3.257751655248E1,2.055376500768E0,
-2.019556286240E1));
#1112=CARTESIAN_POINT('',(-3.281007032116E1,3.050221893459E0,
-1.920194731434E1));
#1114=CARTESIAN_POINT('',(-3.285071370742E1,3.108965560008E0,
-1.906029600367E1));
#1115=CARTESIAN_POINT('',(-3.284461968118E1,3.108965636576E0,
-1.907907532424E1));
#1116=CARTESIAN_POINT('',(-3.283355333418E1,3.103763179462E0,
-1.911463407850E1));
#1117=CARTESIAN_POINT('',(-3.282005640437E1,3.083784682089E0,
-1.916181861725E1));
#1118=CARTESIAN_POINT('',(-3.281301967835E1,3.062835805947E0,
-1.918934776952E1));
#1119=CARTESIAN_POINT('',(-3.281007032116E1,3.050221893459E0,
-1.920194731434E1));
#1121=CARTESIAN_POINT('',(1.762594094163E-12,1.962272258397E1,
4.183511902727E1));
#1122=DIRECTION('',(-1.E0,0.E0,3.044096967479E-14));
#1123=DIRECTION('',(1.796156690894E-14,7.370391367914E-1,6.758500653531E-1));
#1124=AXIS2_PLACEMENT_3D('',#1121,#1122,#1123);
#1126=CARTESIAN_POINT('',(-3.271539673423E1,-3.041421356237E0,
1.917097508707E1));
#1127=DIRECTION('',(1.633538940986E-1,6.976085955902E-1,6.976085955903E-1));
#1128=DIRECTION('',(1.421085471520E-13,7.071067811866E-1,-7.071067811865E-1));
#1129=AXIS2_PLACEMENT_3D('',#1126,#1127,#1128);
#1131=CARTESIAN_POINT('',(-3.275597962284E1,-3.E0,1.902955369501E1));
#1132=CARTESIAN_POINT('',(-3.273997092678E1,-2.999999654842E0,
1.905429548960E1));
#1133=CARTESIAN_POINT('',(-3.272461621779E1,-2.990501480834E0,
1.908047360160E1));
#1134=CARTESIAN_POINT('',(-3.271539507393E1,-2.970710004480E0,
1.910026508258E1));
#1136=CARTESIAN_POINT('',(1.200139987390E-11,1.81E1,4.372184808537E1));
#1137=DIRECTION('',(-1.E0,6.630616194991E-13,0.E0));
#1138=DIRECTION('',(-4.708698456617E-13,-7.101449274312E-1,-7.040555248300E-1));
#1139=AXIS2_PLACEMENT_3D('',#1136,#1137,#1138);
#1141=CARTESIAN_POINT('',(0.E0,0.E0,4.372184808537E1));
#1142=DIRECTION('',(0.E0,0.E0,1.E0));
#1143=DIRECTION('',(0.E0,1.E0,0.E0));
#1144=AXIS2_PLACEMENT_3D('',#1141,#1142,#1143);
#1146=CARTESIAN_POINT('',(0.E0,0.E0,8.49E1));
#1147=DIRECTION('',(0.E0,0.E0,-1.E0));
#1148=DIRECTION('',(0.E0,-1.E0,0.E0));
#1149=AXIS2_PLACEMENT_3D('',#1146,#1147,#1148);
#1151=CARTESIAN_POINT('',(4.745590698185E-9,-1.79E1,8.49E1));
#1152=DIRECTION('',(-1.E0,-2.651167931023E-10,0.E0));
#1153=DIRECTION('',(2.651167931023E-10,-1.E0,0.E0));
#1154=AXIS2_PLACEMENT_3D('',#1151,#1152,#1153);
#1156=CARTESIAN_POINT('',(-3.275597944802E1,3.1E0,-1.902955359925E1));
#1157=DIRECTION('',(-3.086671826012E-1,2.690596174047E-14,9.511701059143E-1));
#1158=DIRECTION('',(-9.473395909896E-1,8.965547106612E-2,-3.074241302362E-1));
#1159=AXIS2_PLACEMENT_3D('',#1156,#1157,#1158);
#1161=CARTESIAN_POINT('',(-3.409194831179E1,3.1E0,1.427038220604E1));
#1162=DIRECTION('',(2.314391594110E-1,3.372601755460E-14,9.728493796529E-1));
#1163=DIRECTION('',(-9.690651073738E-1,8.811718866327E-2,2.305388876797E-1));
#1164=AXIS2_PLACEMENT_3D('',#1161,#1162,#1163);
#1166=CARTESIAN_POINT('',(-3.418885481607E1,3.108811740726E0,1.429343611362E1));
#1167=CARTESIAN_POINT('',(-3.413580052163E1,3.105176716786E0,1.451783300029E1));
#1168=CARTESIAN_POINT('',(-3.400662738491E1,3.098166764121E0,1.494175164451E1));
#1169=CARTESIAN_POINT('',(-3.376842011179E1,3.088607127714E0,1.549682404757E1));
#1170=CARTESIAN_POINT('',(-3.349933194796E1,3.079882853684E0,1.598204884785E1));
#1171=CARTESIAN_POINT('',(-3.321081913611E1,3.071979218291E0,1.640160011179E1));
#1172=CARTESIAN_POINT('',(-3.291197741943E1,3.064871154828E0,1.676016074139E1));
#1173=CARTESIAN_POINT('',(-3.261168584829E1,3.058562795984E0,1.706092895949E1));
#1174=CARTESIAN_POINT('',(-3.231516683603E1,3.052997976399E0,1.731007436079E1));
#1175=CARTESIAN_POINT('',(-3.202325732866E1,3.048076719396E0,1.751501377995E1));
#1176=CARTESIAN_POINT('',(-3.173904000897E1,3.043765124286E0,1.767975495902E1));
#1177=CARTESIAN_POINT('',(-3.146338661312E1,3.040010480752E0,1.780865339110E1));
#1178=CARTESIAN_POINT('',(-3.120412364754E1,3.036851044438E0,1.790315555754E1));
#1179=CARTESIAN_POINT('',(-3.095497077529E1,3.034145728715E0,1.797039925651E1));
#1180=CARTESIAN_POINT('',(-3.069202219839E1,3.031640190100E0,1.801673140933E1));
#1181=CARTESIAN_POINT('',(-3.048836850828E1,3.030024461266E0,1.803002411015E1));
#1182=CARTESIAN_POINT('',(-3.038142864208E1,3.029289321760E0,1.802928932176E1));
#1184=CARTESIAN_POINT('',(-3.271539673423E1,3.041421356237E0,
-1.917097508707E1));
#1185=DIRECTION('',(1.633538940984E-1,-6.976085955903E-1,-6.976085955903E-1));
#1186=DIRECTION('',(0.E0,-7.071067811865E-1,7.071067811866E-1));
#1187=AXIS2_PLACEMENT_3D('',#1184,#1185,#1186);
#1189=CARTESIAN_POINT('',(-3.275597964113E1,3.E0,-1.902955369792E1));
#1190=CARTESIAN_POINT('',(-3.273997094507E1,2.999999654842E0,
-1.905429549251E1));
#1191=CARTESIAN_POINT('',(-3.272461602923E1,2.990501491641E0,
-1.908047359080E1));
#1192=CARTESIAN_POINT('',(-3.271539488538E1,2.970710015286E0,
-1.910026507177E1));
#1194=CARTESIAN_POINT('',(-1.747258785481E-11,3.203447251419E1,-2.21E1));
#1195=DIRECTION('',(-1.E0,-2.025006232850E-13,7.906138579212E-13));
#1196=DIRECTION('',(4.706052031594E-13,-9.345325686665E-1,3.558776167472E-1));
#1197=AXIS2_PLACEMENT_3D('',#1194,#1195,#1196);
#1199=CARTESIAN_POINT('',(4.484294529427E-12,3.203447251419E1,2.21E1));
#1200=DIRECTION('',(1.E0,-3.111654926194E-14,-1.759664339954E-13));
#1201=DIRECTION('',(-9.170194386763E-14,-9.345325686664E-1,-3.558776167474E-1));
#1202=AXIS2_PLACEMENT_3D('',#1199,#1200,#1201);
#1204=CARTESIAN_POINT('',(-1.665363868238E-9,5.690000000002E1,2.2E1));
#1205=CARTESIAN_POINT('',(4.160180959184E-1,5.690000193114E1,2.199999937048E1));
#1206=CARTESIAN_POINT('',(1.253544385424E0,5.693603896425E1,2.197547121491E1));
#1207=CARTESIAN_POINT('',(2.459259080513E0,5.708521116798E1,2.187427594634E1));
#1208=CARTESIAN_POINT('',(3.799747955985E0,5.736642731519E1,2.168488041989E1));
#1209=CARTESIAN_POINT('',(5.240006180005E0,5.781773614182E1,2.138493245443E1));
#1210=CARTESIAN_POINT('',(6.757299087019E0,5.847456400034E1,2.095758114438E1));
#1211=CARTESIAN_POINT('',(8.325410342736E0,5.938022399357E1,2.038759885068E1));
#1212=CARTESIAN_POINT('',(9.907584124811E0,6.057935864243E1,1.966954356653E1));
#1213=CARTESIAN_POINT('',(1.148477734146E1,6.216284258144E1,1.879356713589E1));
#1214=CARTESIAN_POINT('',(1.296571659046E1,6.420249216202E1,1.780099344627E1));
#1215=CARTESIAN_POINT('',(1.418199415743E1,6.673737327053E1,1.683482895436E1));
#1216=CARTESIAN_POINT('',(1.488567262436E1,6.939154142279E1,1.620233167944E1));
#1217=CARTESIAN_POINT('',(1.510560127241E1,7.202347331792E1,1.599385077041E1));
#1218=CARTESIAN_POINT('',(1.488196317948E1,7.454272175975E1,1.620564826541E1));
#1219=CARTESIAN_POINT('',(1.432252863385E1,7.674189686442E1,1.670705669664E1));
#1220=CARTESIAN_POINT('',(1.358190437763E1,7.855408792691E1,1.731678291935E1));
#1221=CARTESIAN_POINT('',(1.275998717849E1,8.003357441711E1,1.793149093346E1));
#1222=CARTESIAN_POINT('',(1.191076963767E1,8.124645541953E1,1.850611507103E1));
#1223=CARTESIAN_POINT('',(1.106049555676E1,8.225072466836E1,1.902584642658E1));
#1224=CARTESIAN_POINT('',(1.022636187579E1,8.308600258659E1,1.948613129954E1));
#1225=CARTESIAN_POINT('',(9.416241408501E0,8.378490874324E1,1.988949073134E1));
#1226=CARTESIAN_POINT('',(8.638793026472E0,8.436889510012E1,2.023853431821E1));
#1227=CARTESIAN_POINT('',(7.896956496036E0,8.485778850526E1,2.053871087779E1));
#1228=CARTESIAN_POINT('',(7.193144381768E0,8.526639917846E1,2.079495781896E1));
#1229=CARTESIAN_POINT('',(6.544608253366E0,8.559945675266E1,2.100730884491E1));
#1230=CARTESIAN_POINT('',(5.953550306893E0,8.586983786166E1,2.118189527022E1));
#1231=CARTESIAN_POINT('',(5.392115216682E0,8.609922751080E1,2.133151548203E1));
#1232=CARTESIAN_POINT('',(4.834533838224E0,8.630200916787E1,2.146490709288E1));
#1233=CARTESIAN_POINT('',(4.234244228974E0,8.649351648124E1,2.159184431285E1));
#1234=CARTESIAN_POINT('',(3.573585454947E0,8.667295056716E1,2.171163136834E1));
#1235=CARTESIAN_POINT('',(2.836940782657E0,8.683578645425E1,2.182104163277E1));
#1236=CARTESIAN_POINT('',(2.008120797288E0,8.697346270682E1,2.191406829260E1));
#1237=CARTESIAN_POINT('',(1.073815146054E0,8.707247492214E1,2.198126817782E1));
#1238=CARTESIAN_POINT('',(3.705435989317E-1,8.709999906359E1,2.199999970541E1));
#1239=CARTESIAN_POINT('',(2.765738327636E-9,8.709999999998E1,2.2E1));
#1241=DIRECTION('',(-8.861494939070E-11,1.E0,0.E0));
#1242=VECTOR('',#1241,2.486552748583E1);
#1243=CARTESIAN_POINT('',(5.380935914921E-10,3.203447251419E1,2.2E1));
#1244=LINE('',#1243,#1242);
#1245=CARTESIAN_POINT('',(5.380935914921E-10,3.203447251419E1,2.2E1));
#1246=CARTESIAN_POINT('',(6.299651251447E-1,3.203447168903E1,2.199999864475E1));
#1247=CARTESIAN_POINT('',(1.899783352024E0,3.201742493317E1,2.194516637240E1));
#1248=CARTESIAN_POINT('',(3.795959626262E0,3.194154478481E1,2.169957922012E1));
#1249=CARTESIAN_POINT('',(5.739681836343E0,3.181030541511E1,2.126842700350E1));
#1250=CARTESIAN_POINT('',(7.606675578487E0,3.163386359362E1,2.067590563776E1));
#1251=CARTESIAN_POINT('',(9.528122227421E0,3.140031069044E1,1.986660388974E1));
#1252=CARTESIAN_POINT('',(1.130154635273E1,3.113518260668E1,1.890657016811E1));
#1253=CARTESIAN_POINT('',(1.275979906460E1,3.088278943367E1,1.794672739222E1));
#1254=CARTESIAN_POINT('',(1.401899237155E1,3.064052632711E1,1.697820118872E1));
#1255=CARTESIAN_POINT('',(1.515465955428E1,3.040211011026E1,1.597173999814E1));
#1256=CARTESIAN_POINT('',(1.622916664203E1,3.015899346810E1,1.488046619163E1));
#1257=CARTESIAN_POINT('',(1.728015016797E1,2.990435851582E1,1.365060460466E1));
#1258=CARTESIAN_POINT('',(1.832615462118E1,2.963411937220E1,1.221964418110E1));
#1259=CARTESIAN_POINT('',(1.936956730751E1,2.934746893665E1,1.050535846923E1));
#1260=CARTESIAN_POINT('',(2.036580355094E1,2.905718138124E1,8.436495804792E0));
#1261=CARTESIAN_POINT('',(2.119615268729E1,2.880248572644E1,6.076972592563E0));
#1262=CARTESIAN_POINT('',(2.177860269039E1,2.861687004046E1,3.491295767337E0));
#1263=CARTESIAN_POINT('',(2.205026527442E1,2.852828134292E1,6.955957731145E-1));
#1264=CARTESIAN_POINT('',(2.195579886837E1,2.855922451297E1,-2.146489304009E0));
#1265=CARTESIAN_POINT('',(2.150391388127E1,2.870523666072E1,-4.915318372770E0));
#1266=CARTESIAN_POINT('',(2.072867400591E1,2.894751711353E1,-7.522715380106E0));
#1267=CARTESIAN_POINT('',(1.975371920138E1,2.923756250336E1,-9.773644629887E0));
#1268=CARTESIAN_POINT('',(1.870890447681E1,2.953107733662E1,-1.163230555122E1));
#1269=CARTESIAN_POINT('',(1.762732980538E1,2.981682458395E1,-1.320554752433E1));
#1270=CARTESIAN_POINT('',(1.650970711399E1,3.009315635617E1,-1.457464230798E1));
#1271=CARTESIAN_POINT('',(1.532378570423E1,3.036589931405E1,-1.581707765665E1));
#1272=CARTESIAN_POINT('',(1.400324914304E1,3.064503496278E1,-1.700045982789E1));
#1273=CARTESIAN_POINT('',(1.244556053990E1,3.094268090168E1,-1.818362727565E1));
#1274=CARTESIAN_POINT('',(1.049289959102E1,3.126446733058E1,-1.938295189945E1));
#1275=CARTESIAN_POINT('',(8.508354672620E0,3.153042381331E1,-2.032067907870E1));
#1276=CARTESIAN_POINT('',(6.806140593523E0,3.171343270544E1,-2.094427655113E1));
#1277=CARTESIAN_POINT('',(5.126167115558E0,3.185600943045E1,-2.141928623065E1));
#1278=CARTESIAN_POINT('',(3.332167382460E0,3.196402919991E1,-2.177253475087E1));
#1279=CARTESIAN_POINT('',(1.532644176762E0,3.202469076663E1,-2.196854459366E1));
#1280=CARTESIAN_POINT('',(4.917767887685E-1,3.203447187705E1,
-2.199999917475E1));
#1281=CARTESIAN_POINT('',(-5.371128056987E-10,3.203447251419E1,-2.2E1));
#1283=DIRECTION('',(9.454668331364E-12,1.E0,0.E0));
#1284=VECTOR('',#1283,9.059218736004E1);
#1285=CARTESIAN_POINT('',(-5.371128056987E-10,3.203447251419E1,-2.2E1));
#1286=LINE('',#1285,#1284);
#1287=CARTESIAN_POINT('',(0.E0,1.226266598742E2,0.E0));
#1288=DIRECTION('',(0.E0,1.E0,0.E0));
#1289=DIRECTION('',(0.E0,0.E0,1.E0));
#1290=AXIS2_PLACEMENT_3D('',#1287,#1288,#1289);
#1292=DIRECTION('',(-8.684041793798E-11,1.E0,0.E0));
#1293=VECTOR('',#1292,3.552665987425E1);
#1294=CARTESIAN_POINT('',(2.765738327636E-9,8.709999999998E1,2.2E1));
#1295=LINE('',#1294,#1293);
#1296=CARTESIAN_POINT('',(2.938784541725E-8,5.69E1,2.21E1));
#1297=DIRECTION('',(1.E0,1.946240192687E-9,-1.329747157706E-9));
#1298=DIRECTION('',(-1.329747158588E-9,4.531841568678E-10,-1.E0));
#1299=AXIS2_PLACEMENT_3D('',#1296,#1297,#1298);
#1301=CARTESIAN_POINT('',(-3.052724397655E-8,8.71E1,2.21E1));
#1302=DIRECTION('',(-1.E0,-2.021676928350E-9,-1.381283519482E-9));
#1303=DIRECTION('',(1.381283520391E-9,-4.496314431890E-10,-1.E0));
#1304=AXIS2_PLACEMENT_3D('',#1301,#1302,#1303);
#1306=CARTESIAN_POINT('',(2.765738327636E-9,8.709999999998E1,2.2E1));
#1307=CARTESIAN_POINT('',(-4.218730494696E-1,8.709999796328E1,
2.199999933656E1));
#1308=CARTESIAN_POINT('',(-1.270971632294E0,8.706293681576E1,2.197477368348E1));
#1309=CARTESIAN_POINT('',(-2.492418741722E0,8.690971924295E1,2.187084180854E1));
#1310=CARTESIAN_POINT('',(-3.850019319472E0,8.662095397441E1,2.167641517697E1));
#1311=CARTESIAN_POINT('',(-5.307775445068E0,8.615761035520E1,2.136866824402E1));
#1312=CARTESIAN_POINT('',(-6.841796665079E0,8.548349688112E1,2.093063310872E1));
#1313=CARTESIAN_POINT('',(-8.423814598396E0,8.455491546142E1,2.034759138102E1));
#1314=CARTESIAN_POINT('',(-1.001645577784E1,8.332627876040E1,1.961481457276E1));
#1315=CARTESIAN_POINT('',(-1.160259708414E1,8.170017034488E1,1.872154399295E1));
#1316=CARTESIAN_POINT('',(-1.307997674843E1,7.960641021249E1,1.771666338541E1));
#1317=CARTESIAN_POINT('',(-1.426078312461E1,7.704096838256E1,1.676674406296E1));
#1318=CARTESIAN_POINT('',(-1.491850042202E1,7.440237046776E1,1.617142276639E1));
#1319=CARTESIAN_POINT('',(-1.510316597772E1,7.17845422E1,1.599623504734E1));
#1320=CARTESIAN_POINT('',(-1.485138544313E1,6.929142968584E1,1.623402928276E1));
#1321=CARTESIAN_POINT('',(-1.427767769122E1,6.712770874217E1,1.674557654783E1));
#1322=CARTESIAN_POINT('',(-1.353231632089E1,6.534524367890E1,1.735555635631E1));
#1323=CARTESIAN_POINT('',(-1.271071797372E1,6.388916675973E1,1.796636668565E1));
#1324=CARTESIAN_POINT('',(-1.186429991146E1,6.269416571607E1,1.853583491996E1));
#1325=CARTESIAN_POINT('',(-1.101802512272E1,6.170369999748E1,1.905036540444E1));
#1326=CARTESIAN_POINT('',(-1.018849461098E1,6.087920180455E1,1.950585756562E1));
#1327=CARTESIAN_POINT('',(-9.383225739591E0,6.018879522555E1,1.990499697730E1));
#1328=CARTESIAN_POINT('',(-8.610781169793E0,5.961159435619E1,2.025039017742E1));
#1329=CARTESIAN_POINT('',(-7.873654109896E0,5.912794094900E1,2.054758811192E1));
#1330=CARTESIAN_POINT('',(-7.174772492402E0,5.872369388707E1,2.080123689143E1));
#1331=CARTESIAN_POINT('',(-6.531584866392E0,5.839432250029E1,2.101130854867E1));
#1332=CARTESIAN_POINT('',(-5.944588931125E0,5.812634242082E1,2.118437816011E1));
#1333=CARTESIAN_POINT('',(-5.386043582762E0,5.789846456086E1,2.133302926120E1));
#1334=CARTESIAN_POINT('',(-4.829838991082E0,5.769640270439E1,2.146595651561E1));
#1335=CARTESIAN_POINT('',(-4.230112773358E0,5.750527645856E1,2.159264784628E1));
#1336=CARTESIAN_POINT('',(-3.570183820008E0,5.732622697725E1,2.171218270382E1));
#1337=CARTESIAN_POINT('',(-2.834230600173E0,5.716370431857E1,2.182138507878E1));
#1338=CARTESIAN_POINT('',(-2.006180582784E0,5.702629155438E1,2.191423491273E1));
#1339=CARTESIAN_POINT('',(-1.072750607113E0,5.692746986719E1,2.198130576831E1));
#1340=CARTESIAN_POINT('',(-3.701732288997E-1,5.690000093284E1,
2.199999970652E1));
#1341=CARTESIAN_POINT('',(-1.665363868238E-9,5.690000000002E1,2.2E1));
#1343=CARTESIAN_POINT('',(0.E0,1.226266598742E2,0.E0));
#1344=DIRECTION('',(0.E0,1.E0,0.E0));
#1345=DIRECTION('',(0.E0,0.E0,-1.E0));
#1346=AXIS2_PLACEMENT_3D('',#1343,#1344,#1345);
#1348=CARTESIAN_POINT('',(-5.371128056987E-10,3.203447251419E1,-2.2E1));
#1349=CARTESIAN_POINT('',(-6.407576709921E-1,3.203447165940E1,
-2.199999857531E1));
#1350=CARTESIAN_POINT('',(-1.928350727488E0,3.201680828207E1,
-2.194318304972E1));
#1351=CARTESIAN_POINT('',(-3.835128027245E0,3.193951186890E1,
-2.169297392677E1));
#1352=CARTESIAN_POINT('',(-5.786060870952E0,3.180654357288E1,
-2.125595837396E1));
#1353=CARTESIAN_POINT('',(-7.649998369895E0,3.162914658595E1,
-2.065982599830E1));
#1354=CARTESIAN_POINT('',(-9.574905364959E0,3.139409537005E1,
-1.984474806614E1));
#1355=CARTESIAN_POINT('',(-1.137146700844E1,3.112409099915E1,
-1.886573591273E1));
#1356=CARTESIAN_POINT('',(-1.285381790156E1,3.086574586935E1,
-1.788068351873E1));
#1357=CARTESIAN_POINT('',(-1.414163066322E1,3.061594301550E1,
-1.687767565133E1));
#1358=CARTESIAN_POINT('',(-1.530725909460E1,3.036884180816E1,
-1.582735649664E1));
#1359=CARTESIAN_POINT('',(-1.641269818889E1,3.011592414355E1,
-1.468024715485E1));
#1360=CARTESIAN_POINT('',(-1.749464368728E1,2.985048809777E1,
-1.337813975291E1));
#1361=CARTESIAN_POINT('',(-1.857101627059E1,2.956857556441E1,
-1.185041868167E1));
#1362=CARTESIAN_POINT('',(-1.964002853604E1,2.927044111087E1,
-1.000058518872E1));
#1363=CARTESIAN_POINT('',(-2.062588635675E1,2.897874579435E1,
-7.790220041948E0));
#1364=CARTESIAN_POINT('',(-2.140236681903E1,2.873745742334E1,
-5.318643467263E0));
#1365=CARTESIAN_POINT('',(-2.190049086276E1,2.857728589568E1,
-2.640179758538E0));
#1366=CARTESIAN_POINT('',(-2.206069957995E1,2.852484865076E1,
1.963159093635E-1));
#1367=CARTESIAN_POINT('',(-2.185151957649E1,2.859322057372E1,3.025582882640E0));
#1368=CARTESIAN_POINT('',(-2.129146118074E1,2.877269320662E1,5.764655585635E0));
#1369=CARTESIAN_POINT('',(-2.042103783404E1,2.904088157770E1,8.317156109237E0));
#1370=CARTESIAN_POINT('',(-1.938675237716E1,2.934280944464E1,1.047885644450E1));
#1371=CARTESIAN_POINT('',(-1.829771164155E1,2.964202786430E1,1.226760441505E1));
#1372=CARTESIAN_POINT('',(-1.717267153904E1,2.993171577028E1,1.379156123985E1));
#1373=CARTESIAN_POINT('',(-1.599672969596E1,3.021394619704E1,1.513771664624E1));
#1374=CARTESIAN_POINT('',(-1.471896586363E1,3.049711991345E1,1.638409786416E1));
#1375=CARTESIAN_POINT('',(-1.325465965499E1,3.079296207209E1,1.759891623725E1));
#1376=CARTESIAN_POINT('',(-1.144464499946E1,3.111461798966E1,1.883354774380E1));
#1377=CARTESIAN_POINT('',(-9.528896678338E0,3.139978904962E1,1.986420419924E1));
#1378=CARTESIAN_POINT('',(-7.806884814292E0,3.160959345451E1,2.059198882325E1));
#1379=CARTESIAN_POINT('',(-6.241871758279E0,3.176515101740E1,2.111758340948E1));
#1380=CARTESIAN_POINT('',(-4.597030974613E0,3.189184126203E1,2.153695972920E1));
#1381=CARTESIAN_POINT('',(-2.934935519732E0,3.198005037722E1,2.182437033462E1));
#1382=CARTESIAN_POINT('',(-1.347007082865E0,3.202690789176E1,2.197566527004E1));
#1383=CARTESIAN_POINT('',(-4.294220633454E-1,3.203447214967E1,
2.199999952761E1));
#1384=CARTESIAN_POINT('',(5.380935914921E-10,3.203447251419E1,2.2E1));
#1386=CARTESIAN_POINT('',(2.847892310864E-9,1.226266598742E2,-2.19E1));
#1387=DIRECTION('',(-1.E0,0.E0,-1.300407455329E-10));
#1388=DIRECTION('',(0.E0,1.E0,4.853006885242E-11));
#1389=AXIS2_PLACEMENT_3D('',#1386,#1387,#1388);
#1391=CARTESIAN_POINT('',(0.E0,1.227266598742E2,0.E0));
#1392=DIRECTION('',(0.E0,1.E0,0.E0));
#1393=DIRECTION('',(0.E0,0.E0,1.E0));
#1394=AXIS2_PLACEMENT_3D('',#1391,#1392,#1393);
#1396=CARTESIAN_POINT('',(0.E0,1.227266598742E2,0.E0));
#1397=DIRECTION('',(0.E0,1.E0,0.E0));
#1398=DIRECTION('',(0.E0,0.E0,-1.E0));
#1399=AXIS2_PLACEMENT_3D('',#1396,#1397,#1398);
#1401=CARTESIAN_POINT('',(0.E0,1.227266598742E2,0.E0));
#1402=DIRECTION('',(0.E0,-1.E0,0.E0));
#1403=DIRECTION('',(0.E0,0.E0,-1.E0));
#1404=AXIS2_PLACEMENT_3D('',#1401,#1402,#1403);
#1406=CARTESIAN_POINT('',(0.E0,1.227266598742E2,0.E0));
#1407=DIRECTION('',(0.E0,-1.E0,0.E0));
#1408=DIRECTION('',(0.E0,0.E0,1.E0));
#1409=AXIS2_PLACEMENT_3D('',#1406,#1407,#1408);
#1411=CARTESIAN_POINT('',(-2.847899638336E-9,1.226266598742E2,2.19E1));
#1412=DIRECTION('',(1.E0,0.E0,1.300410785998E-10));
#1413=DIRECTION('',(0.E0,1.E0,-4.853006885242E-11));
#1414=AXIS2_PLACEMENT_3D('',#1411,#1412,#1413);
#1416=CARTESIAN_POINT('',(-2.797920062303E-9,1.228266598742E2,-2.01E1));
#1417=DIRECTION('',(1.E0,0.E0,-1.392000022193E-10));
#1418=DIRECTION('',(1.392000022193E-10,0.E0,1.E0));
#1419=AXIS2_PLACEMENT_3D('',#1416,#1417,#1418);
#1421=CARTESIAN_POINT('',(0.E0,1.228266598742E2,0.E0));
#1422=DIRECTION('',(0.E0,-1.E0,0.E0));
#1423=DIRECTION('',(0.E0,0.E0,-1.E0));
#1424=AXIS2_PLACEMENT_3D('',#1421,#1422,#1423);
#1426=DIRECTION('',(-3.726783184303E-11,1.E0,0.E0));
#1427=VECTOR('',#1426,1.68E1);
#1428=CARTESIAN_POINT('',(-3.394430153625E-10,1.228266598742E2,-2.E1));
#1429=LINE('',#1428,#1427);
#1430=CARTESIAN_POINT('',(0.E0,1.396266598742E2,0.E0));
#1431=DIRECTION('',(0.E0,-1.E0,0.E0));
#1432=DIRECTION('',(0.E0,0.E0,-1.E0));
#1433=AXIS2_PLACEMENT_3D('',#1430,#1431,#1432);
#1435=DIRECTION('',(-3.726781449580E-11,-1.E0,0.E0));
#1436=VECTOR('',#1435,1.68E1);
#1437=CARTESIAN_POINT('',(9.655421184807E-10,1.396266598742E2,2.E1));
#1438=LINE('',#1437,#1436);
#1439=CARTESIAN_POINT('',(0.E0,1.228266598742E2,0.E0));
#1440=DIRECTION('',(0.E0,-1.E0,0.E0));
#1441=DIRECTION('',(0.E0,0.E0,1.E0));
#1442=AXIS2_PLACEMENT_3D('',#1439,#1440,#1441);
#1444=CARTESIAN_POINT('',(0.E0,1.396266598742E2,0.E0));
#1445=DIRECTION('',(0.E0,-1.E0,0.E0));
#1446=DIRECTION('',(0.E0,0.E0,1.E0));
#1447=AXIS2_PLACEMENT_3D('',#1444,#1445,#1446);
#1449=CARTESIAN_POINT('',(2.797913567498E-9,1.228266598742E2,2.01E1));
#1450=DIRECTION('',(-1.E0,0.E0,1.391996795608E-10));
#1451=DIRECTION('',(-1.391996795608E-10,0.E0,-1.E0));
#1452=AXIS2_PLACEMENT_3D('',#1449,#1450,#1451);
#1454=CARTESIAN_POINT('',(5.151373105861E-9,1.396266598742E2,2.01E1));
#1455=DIRECTION('',(-1.E0,0.E0,2.562872206124E-10));
#1456=DIRECTION('',(0.E0,1.E0,-4.551630183869E-9));
#1457=AXIS2_PLACEMENT_3D('',#1454,#1455,#1456);
#1459=CARTESIAN_POINT('',(0.E0,1.397266598742E2,0.E0));
#1460=DIRECTION('',(0.E0,1.E0,0.E0));
#1461=DIRECTION('',(0.E0,0.E0,1.E0));
#1462=AXIS2_PLACEMENT_3D('',#1459,#1460,#1461);
#1464=CARTESIAN_POINT('',(0.E0,1.397266598742E2,0.E0));
#1465=DIRECTION('',(0.E0,1.E0,0.E0));
#1466=DIRECTION('',(0.E0,0.E0,-1.E0));
#1467=AXIS2_PLACEMENT_3D('',#1464,#1465,#1466);
#1469=CARTESIAN_POINT('',(0.E0,1.397266598742E2,0.E0));
#1470=DIRECTION('',(0.E0,-1.E0,0.E0));
#1471=DIRECTION('',(0.E0,0.E0,-1.E0));
#1472=AXIS2_PLACEMENT_3D('',#1469,#1470,#1471);
#1474=CARTESIAN_POINT('',(0.E0,1.397266598742E2,0.E0));
#1475=DIRECTION('',(0.E0,-1.E0,0.E0));
#1476=DIRECTION('',(0.E0,0.E0,1.E0));
#1477=AXIS2_PLACEMENT_3D('',#1474,#1475,#1476);
#1479=CARTESIAN_POINT('',(-2.951694555442E-9,1.398266598742E2,2.29E1));
#1480=DIRECTION('',(1.E0,0.E0,1.288949606770E-10));
#1481=DIRECTION('',(-1.288949606770E-10,0.E0,1.E0));
#1482=AXIS2_PLACEMENT_3D('',#1479,#1480,#1481);
#1484=CARTESIAN_POINT('',(0.E0,1.426266598742E2,0.E0));
#1485=DIRECTION('',(0.E0,-1.E0,0.E0));
#1486=DIRECTION('',(0.E0,0.E0,-1.E0));
#1487=AXIS2_PLACEMENT_3D('',#1484,#1485,#1486);
#1489=DIRECTION('',(5.440521644307E-10,1.E0,0.E0));
#1490=VECTOR('',#1489,2.8E0);
#1491=CARTESIAN_POINT('',(-5.270705816240E-10,1.398266598742E2,2.3E1));
#1492=LINE('',#1491,#1490);
#1493=CARTESIAN_POINT('',(0.E0,1.398266598742E2,0.E0));
#1494=DIRECTION('',(0.E0,1.E0,0.E0));
#1495=DIRECTION('',(0.E0,0.E0,1.E0));
#1496=AXIS2_PLACEMENT_3D('',#1493,#1494,#1495);
#1498=DIRECTION('',(-5.440528979709E-10,1.E0,0.E0));
#1499=VECTOR('',#1498,2.8E0);
#1500=CARTESIAN_POINT('',(5.270680836222E-10,1.398266598742E2,-2.3E1));
#1501=LINE('',#1500,#1499);
#1502=CARTESIAN_POINT('',(-4.887238835849E-9,1.426266598742E2,-2.31E1));
#1503=DIRECTION('',(1.E0,0.E0,-2.115687798565E-10));
#1504=DIRECTION('',(0.E0,1.E0,3.597051545512E-9));
#1505=AXIS2_PLACEMENT_3D('',#1502,#1503,#1504);
#1507=CARTESIAN_POINT('',(0.E0,1.427266598742E2,0.E0));
#1508=DIRECTION('',(0.E0,-1.E0,0.E0));
#1509=DIRECTION('',(0.E0,0.E0,1.E0));
#1510=AXIS2_PLACEMENT_3D('',#1507,#1508,#1509);
#1512=CARTESIAN_POINT('',(0.E0,1.427266598742E2,0.E0));
#1513=DIRECTION('',(0.E0,-1.E0,0.E0));
#1514=DIRECTION('',(0.E0,0.E0,-1.E0));
#1515=AXIS2_PLACEMENT_3D('',#1512,#1513,#1514);
#1517=CARTESIAN_POINT('',(0.E0,1.427266598742E2,0.E0));
#1518=DIRECTION('',(0.E0,1.E0,0.E0));
#1519=DIRECTION('',(-1.877788697315E-8,0.E0,1.E0));
#1520=AXIS2_PLACEMENT_3D('',#1517,#1518,#1519);
#1522=CARTESIAN_POINT('',(-4.126807429036E-14,1.427266598742E2,0.E0));
#1523=DIRECTION('',(0.E0,1.E0,0.E0));
#1524=DIRECTION('',(1.877789420483E-8,0.E0,-1.E0));
#1525=AXIS2_PLACEMENT_3D('',#1522,#1523,#1524);
#1527=CARTESIAN_POINT('',(4.887234061890E-9,1.426266598742E2,2.31E1));
#1528=DIRECTION('',(-1.E0,0.E0,2.115685751591E-10));
#1529=DIRECTION('',(0.E0,1.E0,-3.597122599786E-9));
#1530=AXIS2_PLACEMENT_3D('',#1527,#1528,#1529);
#1532=CARTESIAN_POINT('',(0.E0,1.426266598742E2,0.E0));
#1533=DIRECTION('',(0.E0,-1.E0,0.E0));
#1534=DIRECTION('',(0.E0,0.E0,1.E0));
#1535=AXIS2_PLACEMENT_3D('',#1532,#1533,#1534);
#1537=CARTESIAN_POINT('',(0.E0,1.398266598742E2,0.E0));
#1538=DIRECTION('',(0.E0,1.E0,0.E0));
#1539=DIRECTION('',(0.E0,0.E0,-1.E0));
#1540=AXIS2_PLACEMENT_3D('',#1537,#1538,#1539);
#1542=CARTESIAN_POINT('',(2.951687783082E-9,1.398266598742E2,-2.29E1));
#1543=DIRECTION('',(-1.E0,0.E0,-1.288946692435E-10));
#1544=DIRECTION('',(1.288946692435E-10,0.E0,-1.E0));
#1545=AXIS2_PLACEMENT_3D('',#1542,#1543,#1544);
#1547=CARTESIAN_POINT('',(-5.214839943202E-7,1.426266598742E2,
2.776557864376E1));
#1548=DIRECTION('',(1.E0,0.E0,1.878167211686E-8));
#1549=DIRECTION('',(0.E0,1.E0,-1.598721155460E-12));
#1550=AXIS2_PLACEMENT_3D('',#1547,#1548,#1549);
#1552=CARTESIAN_POINT('',(5.214839866919E-7,1.426266598742E2,
-2.776557864376E1));
#1553=DIRECTION('',(-1.E0,0.E0,-1.878167333116E-8));
#1554=DIRECTION('',(0.E0,1.E0,1.882938249764E-12));
#1555=AXIS2_PLACEMENT_3D('',#1552,#1553,#1554);
#1557=CARTESIAN_POINT('',(-4.126807429036E-14,1.426973705524E2,0.E0));
#1558=DIRECTION('',(0.E0,1.E0,0.E0));
#1559=DIRECTION('',(-6.290674575540E-10,0.E0,-1.E0));
#1560=AXIS2_PLACEMENT_3D('',#1557,#1558,#1559);
#1562=CARTESIAN_POINT('',(-4.126807429036E-14,1.407559491961E2,0.E0));
#1563=DIRECTION('',(0.E0,-1.E0,0.E0));
#1564=DIRECTION('',(6.290700068563E-10,0.E0,1.E0));
#1565=AXIS2_PLACEMENT_3D('',#1562,#1563,#1564);
#1567=DIRECTION('',(-7.255491261827E-8,-7.071067811865E-1,-7.071067811865E-1));
#1568=VECTOR('',#1567,2.745584415227E0);
#1569=CARTESIAN_POINT('',(1.851082937613E-7,1.426973705545E2,
-2.783628931971E1));
#1570=LINE('',#1569,#1568);
#1571=CARTESIAN_POINT('',(0.E0,1.426973705524E2,0.E0));
#1572=DIRECTION('',(0.E0,1.E0,0.E0));
#1573=DIRECTION('',(6.290684754288E-10,0.E0,1.E0));
#1574=AXIS2_PLACEMENT_3D('',#1571,#1572,#1573);
#1576=CARTESIAN_POINT('',(0.E0,1.407559491961E2,0.E0));
#1577=DIRECTION('',(0.E0,-1.E0,0.E0));
#1578=DIRECTION('',(-6.290689274345E-10,0.E0,-1.E0));
#1579=AXIS2_PLACEMENT_3D('',#1576,#1577,#1578);
#1581=DIRECTION('',(7.255491226175E-8,-7.071067811865E-1,7.071067811865E-1));
#1582=VECTOR('',#1581,2.745584415227E0);
#1583=CARTESIAN_POINT('',(-1.851083035357E-7,1.426973705545E2,
2.783628931971E1));
#1584=LINE('',#1583,#1582);
#1585=CARTESIAN_POINT('',(-9.541934076207E-9,1.406852385180E2,-2.9707E1));
#1586=DIRECTION('',(1.E0,0.E0,-3.212015375897E-10));
#1587=DIRECTION('',(-3.212015375897E-10,1.477928890381E-11,-1.E0));
#1588=AXIS2_PLACEMENT_3D('',#1585,#1586,#1587);
#1590=CARTESIAN_POINT('',(0.E0,1.227915424452E2,0.E0));
#1591=DIRECTION('',(0.E0,1.E0,0.E0));
#1592=DIRECTION('',(0.E0,0.E0,1.E0));
#1593=AXIS2_PLACEMENT_3D('',#1590,#1591,#1592);
#1595=DIRECTION('',(8.759991343076E-10,1.E0,0.E0));
#1596=VECTOR('',#1595,1.789369607273E1);
#1597=CARTESIAN_POINT('',(-1.093898643889E-8,1.227915424453E2,2.9807E1));
#1598=LINE('',#1597,#1596);
#1599=CARTESIAN_POINT('',(0.E0,1.406852385180E2,0.E0));
#1600=DIRECTION('',(0.E0,-1.E0,0.E0));
#1601=DIRECTION('',(0.E0,0.E0,-1.E0));
#1602=AXIS2_PLACEMENT_3D('',#1599,#1600,#1601);
#1604=DIRECTION('',(-8.817908808702E-10,1.E0,0.E0));
#1605=VECTOR('',#1604,1.789369607277E1);
#1606=CARTESIAN_POINT('',(1.104261707074E-8,1.227915424452E2,-2.9807E1));
#1607=LINE('',#1606,#1605);
#1608=CARTESIAN_POINT('',(-2.300043988601E-8,1.227915424452E2,2.9707E1));
#1609=DIRECTION('',(1.E0,0.E0,7.742431001878E-10));
#1610=DIRECTION('',(-7.742431001878E-10,7.189271400421E-10,1.E0));
#1611=AXIS2_PLACEMENT_3D('',#1608,#1609,#1610);
#1613=CARTESIAN_POINT('',(2.320701486536E-8,1.227915424453E2,-2.9707E1));
#1614=DIRECTION('',(-1.E0,0.E0,-7.811968467941E-10));
#1615=DIRECTION('',(7.811968467941E-10,-9.801226497075E-10,-1.E0));
#1616=AXIS2_PLACEMENT_3D('',#1613,#1614,#1615);
#1618=CARTESIAN_POINT('',(0.E0,1.227915424453E2,0.E0));
#1619=DIRECTION('',(0.E0,1.E0,0.E0));
#1620=DIRECTION('',(0.E0,0.E0,-1.E0));
#1621=AXIS2_PLACEMENT_3D('',#1618,#1619,#1620);
#1623=CARTESIAN_POINT('',(0.E0,1.406852385180E2,0.E0));
#1624=DIRECTION('',(0.E0,-1.E0,0.E0));
#1625=DIRECTION('',(0.E0,0.E0,1.E0));
#1626=AXIS2_PLACEMENT_3D('',#1623,#1624,#1625);
#1628=CARTESIAN_POINT('',(9.541915202416E-9,1.406852385180E2,2.9707E1));
#1629=DIRECTION('',(-1.E0,0.E0,3.212009026810E-10));
#1630=DIRECTION('',(3.212009026809E-10,1.477928890381E-11,1.E0));
#1631=AXIS2_PLACEMENT_3D('',#1628,#1629,#1630);
#1633=CARTESIAN_POINT('',(0.E0,1.227006562373E2,0.E0));
#1634=DIRECTION('',(0.E0,1.E0,0.E0));
#1635=DIRECTION('',(1.401371558285E-9,0.E0,-1.E0));
#1636=AXIS2_PLACEMENT_3D('',#1633,#1634,#1635);
#1638=CARTESIAN_POINT('',(-4.301138343231E-8,1.199740699965E2,3.1E1));
#1639=DIRECTION('',(-1.E0,0.E0,-1.387463981678E-9));
#1640=DIRECTION('',(5.787067510944E-10,9.088620802676E-1,-4.170967742043E-1));
#1641=AXIS2_PLACEMENT_3D('',#1638,#1639,#1640);
#1643=CARTESIAN_POINT('',(0.E0,1.227006562371E2,0.E0));
#1644=DIRECTION('',(0.E0,1.E0,0.E0));
#1645=DIRECTION('',(-1.387463607043E-9,0.E0,1.E0));
#1646=AXIS2_PLACEMENT_3D('',#1643,#1644,#1645);
#1648=CARTESIAN_POINT('',(4.344251977942E-8,1.199740699963E2,-3.1E1));
#1649=DIRECTION('',(1.E0,0.E0,1.401371605808E-9));
#1650=DIRECTION('',(-5.845075762017E-10,9.088620802775E-1,4.170967741828E-1));
#1651=AXIS2_PLACEMENT_3D('',#1648,#1649,#1650);
#1653=CARTESIAN_POINT('',(0.E0,1.199740699963E2,0.E0));
#1654=DIRECTION('',(0.E0,-1.E0,0.E0));
#1655=DIRECTION('',(0.E0,0.E0,-1.E0));
#1656=AXIS2_PLACEMENT_3D('',#1653,#1654,#1655);
#1658=DIRECTION('',(2.267287665680E-10,1.E0,0.E0));
#1659=VECTOR('',#1658,8.545134699413E1);
#1660=CARTESIAN_POINT('',(2.449239760246E-10,3.452272300550E1,-2.8E1));
#1661=LINE('',#1660,#1659);
#1662=CARTESIAN_POINT('',(-6.171174302024E-9,3.452272300550E1,2.8E1));
#1663=CARTESIAN_POINT('',(1.193765212040E0,3.452271808669E1,2.799999307154E1));
#1664=CARTESIAN_POINT('',(3.458397210171E0,3.445724709150E1,2.784711620210E1));
#1665=CARTESIAN_POINT('',(6.423459160921E0,3.422697541221E1,2.730188296388E1));
#1666=CARTESIAN_POINT('',(9.010300024010E0,3.391793468587E1,2.655348440536E1));
#1667=CARTESIAN_POINT('',(1.147920732473E1,3.353033385344E1,2.558810538202E1));
#1668=CARTESIAN_POINT('',(1.401538065923E1,3.303199648698E1,2.429634704399E1));
#1669=CARTESIAN_POINT('',(1.638140720301E1,3.247195680923E1,2.276370063554E1));
#1670=CARTESIAN_POINT('',(1.849241962333E1,3.189547959049E1,2.107995676411E1));
#1671=CARTESIAN_POINT('',(2.039269514176E1,3.131403287479E1,1.924863371471E1));
#1672=CARTESIAN_POINT('',(2.221182419570E1,3.070084709714E1,1.713322691791E1));
#1673=CARTESIAN_POINT('',(2.402340180736E1,3.003179329103E1,1.451639549927E1));
#1674=CARTESIAN_POINT('',(2.571987379536E1,2.934878612573E1,1.129229731067E1));
#1675=CARTESIAN_POINT('',(2.711524589184E1,2.874330289657E1,7.414427654475E0));
#1676=CARTESIAN_POINT('',(2.795564623320E1,2.835833047418E1,3.047198820178E0));
#1677=CARTESIAN_POINT('',(2.807868308850E1,2.830068958650E1,-1.451526587406E0));
#1678=CARTESIAN_POINT('',(2.751709961200E1,2.856077941809E1,-5.688705124414E0));
#1679=CARTESIAN_POINT('',(2.645510734488E1,2.903347913225E1,-9.410901693711E0));
#1680=CARTESIAN_POINT('',(2.508740737715E1,2.960788300028E1,-1.257421309190E1));
#1681=CARTESIAN_POINT('',(2.356347851970E1,3.020497265608E1,-1.521487139645E1));
#1682=CARTESIAN_POINT('',(2.196746578885E1,3.078470795005E1,-1.742788092224E1));
#1683=CARTESIAN_POINT('',(2.025715738068E1,3.135706336510E1,-1.938857248126E1));
#1684=CARTESIAN_POINT('',(1.833118348456E1,3.194259646060E1,-2.122321379528E1));
#1685=CARTESIAN_POINT('',(1.615382246741E1,3.253009382222E1,-2.292735002143E1));
#1686=CARTESIAN_POINT('',(1.381163973633E1,3.307391123675E1,-2.440590056838E1));
#1687=CARTESIAN_POINT('',(1.149117668610E1,3.352581924386E1,-2.557566949570E1));
#1688=CARTESIAN_POINT('',(9.035615658673E0,3.391712259778E1,-2.655235537041E1));
#1689=CARTESIAN_POINT('',(6.106885537709E0,3.426270207103E1,-2.738763277873E1));
#1690=CARTESIAN_POINT('',(2.964992928833E0,3.447994728534E1,-2.790013127284E1));
#1691=CARTESIAN_POINT('',(9.785006975863E-1,3.452271809484E1,
-2.799999485865E1));
#1692=CARTESIAN_POINT('',(2.449239760246E-10,3.452272300550E1,-2.8E1));
#1694=DIRECTION('',(2.639103093237E-9,1.E0,-2.244176620054E-12));
#1695=VECTOR('',#1694,1.447727701211E1);
#1696=CARTESIAN_POINT('',(-6.171174302024E-9,3.452272300550E1,2.8E1));
#1697=LINE('',#1696,#1695);
#1698=CARTESIAN_POINT('',(3.203585224228E-8,4.900000001761E1,2.799999999997E1));
#1699=CARTESIAN_POINT('',(1.200395253708E0,4.900005794457E1,2.799997463162E1));
#1700=CARTESIAN_POINT('',(3.512306309908E0,4.922099733952E1,2.785129800588E1));
#1701=CARTESIAN_POINT('',(6.840331770080E0,5.018661149545E1,2.721112998394E1));
#1702=CARTESIAN_POINT('',(9.470135183595E0,5.146104261130E1,2.638814919573E1));
#1703=CARTESIAN_POINT('',(1.159295212081E1,5.285627949656E1,2.551688845836E1));
#1704=CARTESIAN_POINT('',(1.339067644328E1,5.435881314370E1,2.461566696761E1));
#1705=CARTESIAN_POINT('',(1.501818659658E1,5.604404539850E1,2.365565173352E1));
#1706=CARTESIAN_POINT('',(1.649999270082E1,5.794866480133E1,2.264401486649E1));
#1707=CARTESIAN_POINT('',(1.779156582011E1,6.003989311766E1,2.163822144638E1));
#1708=CARTESIAN_POINT('',(1.882067043787E1,6.216675591489E1,2.074360304799E1));
#1709=CARTESIAN_POINT('',(1.967262927022E1,6.445223689959E1,1.993511528720E1));
#1710=CARTESIAN_POINT('',(2.039227374175E1,6.725422568689E1,1.919372748904E1));
#1711=CARTESIAN_POINT('',(2.080049155505E1,7.047589972750E1,1.874428418040E1));
#1712=CARTESIAN_POINT('',(2.077971505780E1,7.374367393220E1,1.876770011859E1));
#1713=CARTESIAN_POINT('',(2.038934585144E1,7.668226755544E1,1.919530288383E1));
#1714=CARTESIAN_POINT('',(1.978501761049E1,7.915274420015E1,1.982087973705E1));
#1715=CARTESIAN_POINT('',(1.899016796641E1,8.143622214650E1,2.058884022145E1));
#1716=CARTESIAN_POINT('',(1.793112996315E1,8.370755052837E1,2.152331767134E1));
#1717=CARTESIAN_POINT('',(1.666984758716E1,8.579899392313E1,2.251758551545E1));
#1718=CARTESIAN_POINT('',(1.525445060415E1,8.767629808803E1,2.350255629068E1));
#1719=CARTESIAN_POINT('',(1.366467609729E1,8.938236847579E1,2.446421929490E1));
#1720=CARTESIAN_POINT('',(1.178303291974E1,9.101953645687E1,2.543883927321E1));
#1721=CARTESIAN_POINT('',(9.288994642704E0,9.265791833528E1,2.646303656898E1));
#1722=CARTESIAN_POINT('',(6.682726100400E0,9.384678467765E1,2.723416169055E1));
#1723=CARTESIAN_POINT('',(4.141835291831E0,9.459522609678E1,2.772920771856E1));
#1724=CARTESIAN_POINT('',(1.825247981440E0,9.495098451091E1,2.796712374151E1));
#1725=CARTESIAN_POINT('',(5.664286545703E-1,9.499999198499E1,2.799999781144E1));
#1726=CARTESIAN_POINT('',(4.574218682409E-8,9.499999998285E1,2.799999999997E1));
#1728=DIRECTION('',(-2.609373743397E-9,1.E0,1.141747419099E-12));
#1729=VECTOR('',#1728,2.497407001678E1);
#1730=CARTESIAN_POINT('',(4.574218682409E-8,9.499999998285E1,2.799999999997E1));
#1731=LINE('',#1730,#1729);
#1732=CARTESIAN_POINT('',(0.E0,1.199740699965E2,0.E0));
#1733=DIRECTION('',(0.E0,-1.E0,0.E0));
#1734=DIRECTION('',(0.E0,0.E0,1.E0));
#1735=AXIS2_PLACEMENT_3D('',#1732,#1733,#1734);
#1737=CARTESIAN_POINT('',(4.574218682409E-8,9.499999998285E1,2.799999999997E1));
#1738=CARTESIAN_POINT('',(-1.154269397196E0,9.499994854440E1,2.799997805414E1));
#1739=CARTESIAN_POINT('',(-3.384664246047E0,9.479541482951E1,2.786238270312E1));
#1740=CARTESIAN_POINT('',(-6.616898405459E0,9.389286612471E1,2.726351808420E1));
#1741=CARTESIAN_POINT('',(-9.208980105604E0,9.268178120948E1,2.647944358662E1));
#1742=CARTESIAN_POINT('',(-1.130953129837E1,9.134788410020E1,2.564277693115E1));
#1743=CARTESIAN_POINT('',(-1.308159838768E1,8.991959586426E1,2.478011591214E1));
#1744=CARTESIAN_POINT('',(-1.467814937671E1,8.833418085691E1,2.386685656808E1));
#1745=CARTESIAN_POINT('',(-1.614047393644E1,8.654839542989E1,2.290096057308E1));
#1746=CARTESIAN_POINT('',(-1.744267375890E1,8.457045671981E1,2.192090157322E1));
#1747=CARTESIAN_POINT('',(-1.851052153015E1,8.252487449039E1,2.102132415973E1));
#1748=CARTESIAN_POINT('',(-1.937814127779E1,8.040642716440E1,2.022144197409E1));
#1749=CARTESIAN_POINT('',(-2.013062004132E1,7.791299993610E1,1.946966199460E1));
#1750=CARTESIAN_POINT('',(-2.066961336859E1,7.493910501653E1,1.889058693013E1));
#1751=CARTESIAN_POINT('',(-2.083801656633E1,7.175932073140E1,1.870187755796E1));
#1752=CARTESIAN_POINT('',(-2.061807518527E1,6.873829992398E1,1.894706038427E1));
#1753=CARTESIAN_POINT('',(-2.012829968567E1,6.613281805774E1,1.946999601035E1));
#1754=CARTESIAN_POINT('',(-1.947057277743E1,6.386666268493E1,2.013104452612E1));
#1755=CARTESIAN_POINT('',(-1.860407127068E1,6.166817191187E1,2.093977724381E1));
#1756=CARTESIAN_POINT('',(-1.750010174746E1,5.952630773195E1,2.187528383884E1));
#1757=CARTESIAN_POINT('',(-1.623352072333E1,5.758340505354E1,2.283358594897E1));
#1758=CARTESIAN_POINT('',(-1.482167923970E1,5.582755877110E1,2.377685688426E1));
#1759=CARTESIAN_POINT('',(-1.323678124659E1,5.421644416479E1,2.469906359926E1));
#1760=CARTESIAN_POINT('',(-1.129397596029E1,5.262098044590E1,2.566007255150E1));
#1761=CARTESIAN_POINT('',(-8.835822057179E0,5.110735414370E1,2.661401019431E1));
#1762=CARTESIAN_POINT('',(-6.347041624145E0,5.003817789537E1,2.730993014442E1));
#1763=CARTESIAN_POINT('',(-3.932190522579E0,4.936483905767E1,2.775588385471E1));
#1764=CARTESIAN_POINT('',(-1.740772836356E0,4.904505566455E1,2.796978359742E1));
#1765=CARTESIAN_POINT('',(-5.412622693746E-1,4.900000643812E1,
2.799999823062E1));
#1766=CARTESIAN_POINT('',(3.203585224228E-8,4.900000001761E1,2.799999999997E1));
#1768=CARTESIAN_POINT('',(2.449239760246E-10,3.452272300550E1,-2.8E1));
#1769=CARTESIAN_POINT('',(-1.195931258032E0,3.452271805916E1,
-2.799999302720E1));
#1770=CARTESIAN_POINT('',(-3.464511584900E0,3.445700409751E1,
-2.784654996250E1));
#1771=CARTESIAN_POINT('',(-6.433647009738E0,3.422602381126E1,
-2.729961668485E1));
#1772=CARTESIAN_POINT('',(-9.024209974894E0,3.391606977823E1,
-2.654892757269E1));
#1773=CARTESIAN_POINT('',(-1.149824497017E1,3.352704279543E1,
-2.557980034320E1));
#1774=CARTESIAN_POINT('',(-1.403905986800E1,3.302691210374E1,
-2.428288924934E1));
#1775=CARTESIAN_POINT('',(-1.640713388537E1,3.246542027509E1,
-2.274531773540E1));
#1776=CARTESIAN_POINT('',(-1.851930999661E1,3.188771325599E1,
-2.105653378754E1));
#1777=CARTESIAN_POINT('',(-2.042154459038E1,3.130478664681E1,
-1.921839318003E1));
#1778=CARTESIAN_POINT('',(-2.224378654163E1,3.068959216337E1,
-1.709239162431E1));
#1779=CARTESIAN_POINT('',(-2.405764971235E1,3.001859334096E1,
-1.446074932931E1));
#1780=CARTESIAN_POINT('',(-2.575357866956E1,2.933467249951E1,
-1.121734974353E1));
#1781=CARTESIAN_POINT('',(-2.714226973192E1,2.873118287193E1,
-7.317957401176E0));
#1782=CARTESIAN_POINT('',(-2.796787350589E1,2.835261532922E1,
-2.936429619976E0));
#1783=CARTESIAN_POINT('',(-2.807239092394E1,2.830364672922E1,1.564621208200E0));
#1784=CARTESIAN_POINT('',(-2.749525532107E1,2.857074760282E1,5.790252473870E0));
#1785=CARTESIAN_POINT('',(-2.642446110778E1,2.904675219171E1,9.494672656686E0));
#1786=CARTESIAN_POINT('',(-2.505348921073E1,2.962163303835E1,1.264042741181E1));
#1787=CARTESIAN_POINT('',(-2.353015457434E1,3.021751534937E1,1.526559208466E1));
#1788=CARTESIAN_POINT('',(-2.193571118544E1,3.079576077146E1,1.746747938505E1));
#1789=CARTESIAN_POINT('',(-2.022529927165E1,3.136722016839E1,1.942163966933E1));
#1790=CARTESIAN_POINT('',(-1.829921144182E1,3.195174102868E1,2.125060317099E1));
#1791=CARTESIAN_POINT('',(-1.612391224780E1,3.253753554517E1,2.294808483900E1));
#1792=CARTESIAN_POINT('',(-1.378787306629E1,3.307887895358E1,2.441896343170E1));
#1793=CARTESIAN_POINT('',(-1.147382474720E1,3.352884569947E1,2.558332888985E1));
#1794=CARTESIAN_POINT('',(-9.017220836297E0,3.391970794875E1,2.655869914344E1));
#1795=CARTESIAN_POINT('',(-6.086369143391E0,3.426461531116E1,2.739218222669E1));
#1796=CARTESIAN_POINT('',(-2.948463843184E0,3.448054778032E1,2.790153149187E1));
#1797=CARTESIAN_POINT('',(-9.719789029162E-1,3.452271814018E1,
2.799999493401E1));
#1798=CARTESIAN_POINT('',(-6.171174302024E-9,3.452272300550E1,2.8E1));
#1800=CARTESIAN_POINT('',(-1.116443957077E-6,9.499999999996E1,
3.099999999997E1));
#1801=DIRECTION('',(-1.E0,-4.853912579876E-8,-3.601254452696E-8));
#1802=DIRECTION('',(3.601254521680E-8,-1.421193474019E-8,-1.E0));
#1803=AXIS2_PLACEMENT_3D('',#1800,#1801,#1802);
#1805=CARTESIAN_POINT('',(1.190115369560E-6,4.900000000005E1,3.099999999997E1));
#1806=DIRECTION('',(1.E0,5.174197438861E-8,-3.838879952837E-8));
#1807=DIRECTION('',(-3.838880034055E-8,1.569685773957E-8,-1.E0));
#1808=AXIS2_PLACEMENT_3D('',#1805,#1806,#1807);
#1810=CARTESIAN_POINT('',(0.E0,7.2E1,3.6E1));
#1811=DIRECTION('',(0.E0,0.E0,-1.E0));
#1812=DIRECTION('',(0.E0,1.E0,0.E0));
#1813=AXIS2_PLACEMENT_3D('',#1810,#1811,#1812);
#1815=CARTESIAN_POINT('',(-3.049667111175E-8,5.199999999997E1,
3.100000000003E1));
#1816=CARTESIAN_POINT('',(1.151340008564E0,5.200002337679E1,3.099995972643E1));
#1817=CARTESIAN_POINT('',(3.383417834524E0,5.219218413487E1,3.083537130544E1));
#1818=CARTESIAN_POINT('',(6.584875354983E0,5.303183272418E1,3.012660668096E1));
#1819=CARTESIAN_POINT('',(9.117354838355E0,5.414003795330E1,2.921545130136E1));
#1820=CARTESIAN_POINT('',(1.116087806748E1,5.535328627759E1,2.825084068437E1));
#1821=CARTESIAN_POINT('',(1.289165535799E1,5.665983758088E1,2.725305988616E1));
#1822=CARTESIAN_POINT('',(1.445849985479E1,5.812525685095E1,2.619018584002E1));
#1823=CARTESIAN_POINT('',(1.588508688256E1,5.978144765797E1,2.507015931857E1));
#1824=CARTESIAN_POINT('',(1.712852590128E1,6.159990705759E1,2.395660231507E1));
#1825=CARTESIAN_POINT('',(1.811927904625E1,6.344935296980E1,2.296613194614E1));
#1826=CARTESIAN_POINT('',(1.893948779246E1,6.543672773869E1,2.207102049650E1));
#1827=CARTESIAN_POINT('',(1.963231323346E1,6.787323972776E1,2.125019829145E1));
#1828=CARTESIAN_POINT('',(2.002531795568E1,7.067469541521E1,2.075260034258E1));
#1829=CARTESIAN_POINT('',(2.000531573924E1,7.351623820192E1,2.077852513130E1));
#1830=CARTESIAN_POINT('',(1.962949445285E1,7.607153700473E1,2.125194247852E1));
#1831=CARTESIAN_POINT('',(1.904768776291E1,7.821977756535E1,2.194454542317E1));
#1832=CARTESIAN_POINT('',(1.828245983879E1,8.020541056219E1,2.279478738802E1));
#1833=CARTESIAN_POINT('',(1.726288911226E1,8.218047872028E1,2.382938742189E1));
#1834=CARTESIAN_POINT('',(1.604861096655E1,8.399912515071E1,2.493018396335E1));
#1835=CARTESIAN_POINT('',(1.468596200272E1,8.563156355417E1,2.602068732253E1));
#1836=CARTESIAN_POINT('',(1.315543261055E1,8.711510302480E1,2.708538564530E1));
#1837=CARTESIAN_POINT('',(1.134391703660E1,8.853872734494E1,2.816442920514E1));
#1838=CARTESIAN_POINT('',(8.942808404136E0,8.996340728115E1,2.929836187908E1));
#1839=CARTESIAN_POINT('',(6.433727151806E0,9.099720394409E1,3.015210772247E1));
#1840=CARTESIAN_POINT('',(3.987306728396E0,9.164802315351E1,3.070019375038E1));
#1841=CARTESIAN_POINT('',(1.757877385668E0,9.195737611638E1,3.096360318658E1));
#1842=CARTESIAN_POINT('',(5.439166553070E-1,9.199999673478E1,3.099999348015E1));
#1843=CARTESIAN_POINT('',(-4.531011873907E-8,9.200000000003E1,
3.100000000003E1));
#1845=CARTESIAN_POINT('',(-3.622261157687E-9,9.5E1,3.6E1));
#1846=DIRECTION('',(1.E0,1.574896185685E-10,0.E0));
#1847=DIRECTION('',(0.E0,-6.160405519040E-11,1.E0));
#1848=AXIS2_PLACEMENT_3D('',#1845,#1846,#1847);
#1850=CARTESIAN_POINT('',(0.E0,7.2E1,3.9E1));
#1851=DIRECTION('',(0.E0,0.E0,-1.E0));
#1852=DIRECTION('',(0.E0,1.E0,0.E0));
#1853=AXIS2_PLACEMENT_3D('',#1850,#1851,#1852);
#1855=CARTESIAN_POINT('',(0.E0,7.2E1,3.9E1));
#1856=DIRECTION('',(0.E0,0.E0,-1.E0));
#1857=DIRECTION('',(0.E0,-1.E0,0.E0));
#1858=AXIS2_PLACEMENT_3D('',#1855,#1856,#1857);
#1860=CARTESIAN_POINT('',(0.E0,7.2E1,3.9E1));
#1861=DIRECTION('',(0.E0,0.E0,1.E0));
#1862=DIRECTION('',(0.E0,1.E0,0.E0));
#1863=AXIS2_PLACEMENT_3D('',#1860,#1861,#1862);
#1865=CARTESIAN_POINT('',(0.E0,7.2E1,3.9E1));
#1866=DIRECTION('',(0.E0,0.E0,1.E0));
#1867=DIRECTION('',(0.E0,-1.E0,0.E0));
#1868=AXIS2_PLACEMENT_3D('',#1865,#1866,#1867);
#1870=CARTESIAN_POINT('',(3.622258937241E-9,4.9E1,3.6E1));
#1871=DIRECTION('',(-1.E0,-1.574895214240E-10,0.E0));
#1872=DIRECTION('',(0.E0,6.160642366619E-11,1.E0));
#1873=AXIS2_PLACEMENT_3D('',#1870,#1871,#1872);
#1875=CARTESIAN_POINT('',(0.E0,7.2E1,3.6E1));
#1876=DIRECTION('',(0.E0,0.E0,-1.E0));
#1877=DIRECTION('',(0.E0,-1.E0,0.E0));
#1878=AXIS2_PLACEMENT_3D('',#1875,#1876,#1877);
#1880=DIRECTION('',(5.988750232127E-9,6.401990049233E-12,1.E0));
#1881=VECTOR('',#1880,4.999999999973E0);
#1882=CARTESIAN_POINT('',(-3.049667111175E-8,5.199999999997E1,
3.100000000003E1));
#1883=LINE('',#1882,#1881);
#1884=CARTESIAN_POINT('',(-4.531011873907E-8,9.200000000003E1,
3.100000000003E1));
#1885=CARTESIAN_POINT('',(-1.107321871617E0,9.199997920392E1,3.099996388623E1));
#1886=CARTESIAN_POINT('',(-3.260352201256E0,9.182208873748E1,3.084764347683E1));
#1887=CARTESIAN_POINT('',(-6.369817042060E0,9.103727786911E1,3.018460783805E1));
#1888=CARTESIAN_POINT('',(-8.865919294420E0,8.998415677549E1,2.931652722178E1));
#1889=CARTESIAN_POINT('',(-1.088802298255E1,8.882424725747E1,2.839021721113E1));
#1890=CARTESIAN_POINT('',(-1.259409480923E1,8.758225721598E1,2.743512835956E1));
#1891=CARTESIAN_POINT('',(-1.413113507864E1,8.620363554310E1,2.642401976423E1));
#1892=CARTESIAN_POINT('',(-1.553896626622E1,8.465077863057E1,2.535463492222E1));
#1893=CARTESIAN_POINT('',(-1.679263604658E1,8.293083193137E1,2.426956959838E1));
#1894=CARTESIAN_POINT('',(-1.782068847813E1,8.115206477396E1,2.327360889128E1));
#1895=CARTESIAN_POINT('',(-1.865597450910E1,7.930993666478E1,2.238802504271E1));
#1896=CARTESIAN_POINT('',(-1.938041060227E1,7.714173907485E1,2.155569720832E1));
#1897=CARTESIAN_POINT('',(-1.989931721729E1,7.455574349264E1,2.091457838693E1));
#1898=CARTESIAN_POINT('',(-2.006144452061E1,7.179071367948E1,2.070565015345E1));
#1899=CARTESIAN_POINT('',(-1.984969971254E1,6.916373906433E1,2.097710256830E1));
#1900=CARTESIAN_POINT('',(-1.937817671575E1,6.689810265890E1,2.155606701146E1));
#1901=CARTESIAN_POINT('',(-1.874496137063E1,6.492753276951E1,2.228794215392E1));
#1902=CARTESIAN_POINT('',(-1.791075184052E1,6.301580166248E1,2.318332480564E1));
#1903=CARTESIAN_POINT('',(-1.684792405723E1,6.115331107129E1,2.421906425018E1));
#1904=CARTESIAN_POINT('',(-1.562854474108E1,5.946383048120E1,2.528004158621E1));
#1905=CARTESIAN_POINT('',(-1.426931872672E1,5.793700762755E1,2.632437726527E1));
#1906=CARTESIAN_POINT('',(-1.274348428963E1,5.653603840226E1,2.734539183995E1));
#1907=CARTESIAN_POINT('',(-1.087308528798E1,5.514867865575E1,2.840936604692E1));
#1908=CARTESIAN_POINT('',(-8.506526157636E0,5.383248183745E1,2.946551125757E1));
#1909=CARTESIAN_POINT('',(-6.110545491660E0,5.290276348670E1,3.023599419664E1));
#1910=CARTESIAN_POINT('',(-3.785501545492E0,5.231725098345E1,3.072972814970E1));
#1911=CARTESIAN_POINT('',(-1.676450595793E0,5.203918022349E1,3.096654763246E1));
#1912=CARTESIAN_POINT('',(-5.199031585875E-1,5.200000261464E1,
3.099999479445E1));
#1913=CARTESIAN_POINT('',(-3.049667111175E-8,5.199999999997E1,
3.100000000003E1));
#1915=DIRECTION('',(9.172607618381E-9,-6.042455424935E-12,1.E0));
#1916=VECTOR('',#1915,4.999999999974E0);
#1917=CARTESIAN_POINT('',(-4.531011873907E-8,9.200000000003E1,
3.100000000003E1));
#1918=LINE('',#1917,#1916);
#1919=CARTESIAN_POINT('',(2.561956202740E-11,9.8773E1,3.91E1));
#1920=DIRECTION('',(-1.E0,9.569185721592E-13,0.E0));
#1921=DIRECTION('',(9.569185721592E-13,1.E0,-1.421085471520E-13));
#1922=AXIS2_PLACEMENT_3D('',#1919,#1920,#1921);
#1924=CARTESIAN_POINT('',(0.E0,7.2E1,5.295857864376E1));
#1925=DIRECTION('',(0.E0,0.E0,-1.E0));
#1926=DIRECTION('',(0.E0,-1.E0,0.E0));
#1927=AXIS2_PLACEMENT_3D('',#1924,#1925,#1926);
#1929=DIRECTION('',(-7.621682117476E-11,0.E0,1.E0));
#1930=VECTOR('',#1929,1.385857864376E1);
#1931=CARTESIAN_POINT('',(1.298715708929E-10,4.5127E1,3.91E1));
#1932=LINE('',#1931,#1930);
#1933=CARTESIAN_POINT('',(0.E0,7.2E1,3.91E1));
#1934=DIRECTION('',(0.E0,0.E0,1.E0));
#1935=DIRECTION('',(0.E0,1.E0,0.E0));
#1936=AXIS2_PLACEMENT_3D('',#1933,#1934,#1935);
#1938=DIRECTION('',(7.621627999446E-11,0.E0,1.E0));
#1939=VECTOR('',#1938,1.385857864376E1);
#1940=CARTESIAN_POINT('',(-1.298704120560E-10,9.8873E1,3.91E1));
#1941=LINE('',#1940,#1939);
#1942=CARTESIAN_POINT('',(-1.350680123302E-9,4.5227E1,5.295857864376E1));
#1943=DIRECTION('',(-1.E0,5.044933915066E-11,0.E0));
#1944=DIRECTION('',(-5.044933915066E-11,-1.E0,8.313350008393E-11));
#1945=AXIS2_PLACEMENT_3D('',#1942,#1943,#1944);
#1947=CARTESIAN_POINT('',(1.350655365329E-9,9.8773E1,5.295857864376E1));
#1948=DIRECTION('',(1.E0,-5.044841280832E-11,0.E0));
#1949=DIRECTION('',(5.044841280833E-11,1.E0,8.412825991400E-11));
#1950=AXIS2_PLACEMENT_3D('',#1947,#1948,#1949);
#1952=CARTESIAN_POINT('',(0.E0,7.2E1,5.295857864376E1));
#1953=DIRECTION('',(0.E0,0.E0,-1.E0));
#1954=DIRECTION('',(0.E0,1.E0,0.E0));
#1955=AXIS2_PLACEMENT_3D('',#1952,#1953,#1954);
#1957=CARTESIAN_POINT('',(0.E0,7.2E1,3.91E1));
#1958=DIRECTION('',(0.E0,0.E0,1.E0));
#1959=DIRECTION('',(0.E0,-1.E0,0.E0));
#1960=AXIS2_PLACEMENT_3D('',#1957,#1958,#1959);
#1962=CARTESIAN_POINT('',(-2.563055323535E-11,4.5227E1,3.91E1));
#1963=DIRECTION('',(1.E0,-9.573279668995E-13,0.E0));
#1964=DIRECTION('',(-9.573279668995E-13,-1.E0,-1.421085471520E-13));
#1965=AXIS2_PLACEMENT_3D('',#1962,#1963,#1964);
#1967=CARTESIAN_POINT('',(0.E0,7.2E1,5.497071067812E1));
#1968=DIRECTION('',(0.E0,0.E0,1.E0));
#1969=DIRECTION('',(-1.748836065860E-10,-1.E0,0.E0));
#1970=AXIS2_PLACEMENT_3D('',#1967,#1968,#1969);
#1972=CARTESIAN_POINT('',(0.E0,7.2E1,5.302928932188E1));
#1973=DIRECTION('',(0.E0,0.E0,-1.E0));
#1974=DIRECTION('',(1.748828973928E-10,1.E0,0.E0));
#1975=AXIS2_PLACEMENT_3D('',#1972,#1973,#1974);
#1977=DIRECTION('',(6.245803966439E-8,-7.071067811865E-1,-7.071067811866E-1));
#1978=VECTOR('',#1977,2.745584416800E0);
#1979=CARTESIAN_POINT('',(-1.747564529915E-7,4.709771068178E1,
5.497071068178E1));
#1980=LINE('',#1979,#1978);
#1981=CARTESIAN_POINT('',(-4.580581990377E-7,4.716842135624E1,5.49E1));
#1982=DIRECTION('',(1.E0,-1.844660002179E-8,0.E0));
#1983=DIRECTION('',(0.E0,1.436717411707E-10,1.E0));
#1984=AXIS2_PLACEMENT_3D('',#1981,#1982,#1983);
#1986=CARTESIAN_POINT('',(0.E0,7.2E1,5.5E1));
#1987=DIRECTION('',(0.E0,0.E0,-1.E0));
#1988=DIRECTION('',(0.E0,1.E0,0.E0));
#1989=AXIS2_PLACEMENT_3D('',#1986,#1987,#1988);
#1991=CARTESIAN_POINT('',(0.E0,7.2E1,5.5E1));
#1992=DIRECTION('',(0.E0,0.E0,-1.E0));
#1993=DIRECTION('',(0.E0,-1.E0,0.E0));
#1994=AXIS2_PLACEMENT_3D('',#1991,#1992,#1993);
#1996=CARTESIAN_POINT('',(0.E0,7.2E1,5.5E1));
#1997=DIRECTION('',(0.E0,0.E0,1.E0));
#1998=DIRECTION('',(-1.836138958345E-8,-1.E0,0.E0));
#1999=AXIS2_PLACEMENT_3D('',#1996,#1997,#1998);
#2001=CARTESIAN_POINT('',(0.E0,7.2E1,5.5E1));
#2002=DIRECTION('',(0.E0,0.E0,1.E0));
#2003=DIRECTION('',(1.836138901925E-8,1.E0,0.E0));
#2004=AXIS2_PLACEMENT_3D('',#2001,#2002,#2003);
#2006=CARTESIAN_POINT('',(-4.575579692911E-9,9.01E1,5.49E1));
#2007=DIRECTION('',(1.E0,2.527944520381E-10,0.E0));
#2008=DIRECTION('',(0.E0,-2.833502321664E-9,1.E0));
#2009=AXIS2_PLACEMENT_3D('',#2006,#2007,#2008);
#2011=CARTESIAN_POINT('',(4.575573531174E-9,5.39E1,5.49E1));
#2012=DIRECTION('',(-1.E0,-2.527941189712E-10,0.E0));
#2013=DIRECTION('',(0.E0,2.833431267391E-9,1.E0));
#2014=AXIS2_PLACEMENT_3D('',#2011,#2012,#2013);
#2016=CARTESIAN_POINT('',(0.E0,7.2E1,5.49E1));
#2017=DIRECTION('',(0.E0,0.E0,-1.E0));
#2018=DIRECTION('',(0.E0,-1.E0,0.E0));
#2019=AXIS2_PLACEMENT_3D('',#2016,#2017,#2018);
#2021=DIRECTION('',(-2.967161942877E-11,0.E0,1.E0));
#2022=VECTOR('',#2021,1.38E1);
#2023=CARTESIAN_POINT('',(2.83591656E-10,9.E1,4.11E1));
#2024=LINE('',#2023,#2022);
#2025=CARTESIAN_POINT('',(0.E0,7.2E1,4.11E1));
#2026=DIRECTION('',(0.E0,0.E0,1.E0));
#2027=DIRECTION('',(0.E0,1.E0,0.E0));
#2028=AXIS2_PLACEMENT_3D('',#2025,#2026,#2027);
#2030=DIRECTION('',(2.967143424795E-11,0.E0,1.E0));
#2031=VECTOR('',#2030,1.38E1);
#2032=CARTESIAN_POINT('',(-2.835906666566E-10,5.4E1,4.11E1));
#2033=LINE('',#2032,#2031);
#2034=CARTESIAN_POINT('',(0.E0,7.2E1,5.49E1));
#2035=DIRECTION('',(0.E0,0.E0,-1.E0));
#2036=DIRECTION('',(0.E0,1.E0,0.E0));
#2037=AXIS2_PLACEMENT_3D('',#2034,#2035,#2036);
#2039=CARTESIAN_POINT('',(0.E0,7.2E1,4.11E1));
#2040=DIRECTION('',(0.E0,0.E0,1.E0));
#2041=DIRECTION('',(0.E0,-1.E0,0.E0));
#2042=AXIS2_PLACEMENT_3D('',#2039,#2040,#2041);
#2044=CARTESIAN_POINT('',(-4.138982656610E-9,5.41E1,4.11E1));
#2045=DIRECTION('',(1.E0,-2.312280783512E-10,0.E0));
#2046=DIRECTION('',(-2.312280783512E-10,-1.E0,0.E0));
#2047=AXIS2_PLACEMENT_3D('',#2044,#2045,#2046);
#2049=CARTESIAN_POINT('',(4.138982823143E-9,8.99E1,4.11E1));
#2050=DIRECTION('',(-1.E0,2.312280887595E-10,0.E0));
#2051=DIRECTION('',(2.312280887595E-10,1.E0,0.E0));
#2052=AXIS2_PLACEMENT_3D('',#2049,#2050,#2051);
#2054=CARTESIAN_POINT('',(0.E0,7.2E1,4.1E1));
#2055=DIRECTION('',(0.E0,0.E0,1.E0));
#2056=DIRECTION('',(0.E0,1.E0,0.E0));
#2057=AXIS2_PLACEMENT_3D('',#2054,#2055,#2056);
#2059=CARTESIAN_POINT('',(0.E0,7.2E1,4.1E1));
#2060=DIRECTION('',(0.E0,0.E0,1.E0));
#2061=DIRECTION('',(0.E0,-1.E0,0.E0));
#2062=AXIS2_PLACEMENT_3D('',#2059,#2060,#2061);
#2064=CARTESIAN_POINT('',(0.E0,7.2E1,4.1E1));
#2065=DIRECTION('',(0.E0,0.E0,-1.E0));
#2066=DIRECTION('',(0.E0,-1.E0,0.E0));
#2067=AXIS2_PLACEMENT_3D('',#2064,#2065,#2066);
#2069=CARTESIAN_POINT('',(0.E0,7.2E1,4.1E1));
#2070=DIRECTION('',(0.E0,0.E0,-1.E0));
#2071=DIRECTION('',(0.E0,1.E0,0.E0));
#2072=AXIS2_PLACEMENT_3D('',#2069,#2070,#2071);
#2074=CARTESIAN_POINT('',(2.636823370761E-9,5.69E1,4.09E1));
#2075=DIRECTION('',(-1.E0,-1.746240721467E-10,0.E0));
#2076=DIRECTION('',(0.E0,2.129425524799E-9,1.E0));
#2077=AXIS2_PLACEMENT_3D('',#2074,#2075,#2076);
#2079=CARTESIAN_POINT('',(-2.636821982982E-9,8.71E1,4.09E1));
#2080=DIRECTION('',(1.E0,1.746239750022E-10,0.E0));
#2081=DIRECTION('',(0.E0,-2.129212361979E-9,1.E0));
#2082=AXIS2_PLACEMENT_3D('',#2079,#2080,#2081);
#2084=CARTESIAN_POINT('',(-6.211525496986E-11,5.7E1,2.21E1));
#2085=CARTESIAN_POINT('',(4.146307517608E-1,5.700000095196E1,2.209999874719E1));
#2086=CARTESIAN_POINT('',(1.251139989974E0,5.703580074411E1,2.207536000837E1));
#2087=CARTESIAN_POINT('',(2.454013505808E0,5.718398448377E1,2.197370439622E1));
#2088=CARTESIAN_POINT('',(3.791758280407E0,5.746333842478E1,2.178344807883E1));
#2089=CARTESIAN_POINT('',(5.228960065813E0,5.791165841040E1,2.148213668732E1));
#2090=CARTESIAN_POINT('',(6.743061569051E0,5.856413642650E1,2.105284287833E1));
#2091=CARTESIAN_POINT('',(8.307867007401E0,5.946379866849E1,2.048026975415E1));
#2092=CARTESIAN_POINT('',(9.886707304384E0,6.065499202907E1,1.975895058285E1));
#2093=CARTESIAN_POINT('',(1.146057700447E1,6.222798931926E1,1.887899244102E1));
#2094=CARTESIAN_POINT('',(1.293839570088E1,6.425413128678E1,1.788190705285E1));
#2095=CARTESIAN_POINT('',(1.415211036312E1,6.677222510317E1,1.691135090415E1));
#2096=CARTESIAN_POINT('',(1.485430606600E1,6.940881598290E1,1.627597864162E1));
#2097=CARTESIAN_POINT('',(1.507377128767E1,7.202331786548E1,1.606655009210E1));
#2098=CARTESIAN_POINT('',(1.485060443711E1,7.452588254280E1,1.627931030298E1));
#2099=CARTESIAN_POINT('',(1.429234871197E1,7.671049357393E1,1.678299786345E1));
#2100=CARTESIAN_POINT('',(1.355328507280E1,7.851068337110E1,1.739549556899E1));
#2101=CARTESIAN_POINT('',(1.273309978829E1,7.998037193753E1,1.801299771043E1));
#2102=CARTESIAN_POINT('',(1.188567168840E1,8.118522061543E1,1.859023377590E1));
#2103=CARTESIAN_POINT('',(1.103718927473E1,8.218283907453E1,1.911232754670E1));
#2104=CARTESIAN_POINT('',(1.020481325053E1,8.301258535091E1,1.957470462363E1));
#2105=CARTESIAN_POINT('',(9.396399840225E0,8.370686298997E1,1.997989750739E1));
#2106=CARTESIAN_POINT('',(8.620589669651E0,8.428698188754E1,2.033052765602E1));
#2107=CARTESIAN_POINT('',(7.880316310959E0,8.477263758801E1,2.063206865451E1));
#2108=CARTESIAN_POINT('',(7.177987243573E0,8.517854223026E1,2.088948035450E1));
#2109=CARTESIAN_POINT('',(6.530817690819E0,8.550939412516E1,2.110279661239E1));
#2110=CARTESIAN_POINT('',(5.941005187774E0,8.577798463081E1,2.127817661235E1));
#2111=CARTESIAN_POINT('',(5.380753181388E0,8.600585514310E1,2.142847691609E1));
#2112=CARTESIAN_POINT('',(4.824346540097E0,8.620729387567E1,2.156247485221E1));
#2113=CARTESIAN_POINT('',(4.225322505666E0,8.639753292726E1,2.168998906041E1));
#2114=CARTESIAN_POINT('',(3.566053362903E0,8.657577871330E1,2.181032059927E1));
#2115=CARTESIAN_POINT('',(2.830970197495E0,8.673753619717E1,2.192022819520E1));
#2116=CARTESIAN_POINT('',(2.003862055482E0,8.687430076059E1,2.201367765827E1));
#2117=CARTESIAN_POINT('',(1.071654330640E0,8.697265698928E1,2.208118316626E1));
#2118=CARTESIAN_POINT('',(3.695432611125E-1,8.699999953984E1,2.209999941731E1));
#2119=CARTESIAN_POINT('',(-3.521729475579E-9,8.7E1,2.21E1));
#2121=CARTESIAN_POINT('',(0.E0,7.2E1,4.09E1));
#2122=DIRECTION('',(0.E0,0.E0,-1.E0));
#2123=DIRECTION('',(0.E0,1.E0,0.E0));
#2124=AXIS2_PLACEMENT_3D('',#2121,#2122,#2123);
#2126=CARTESIAN_POINT('',(-3.521729475579E-9,8.7E1,2.21E1));
#2127=CARTESIAN_POINT('',(-4.204525281852E-1,8.699999899570E1,
2.209999867945E1));
#2128=CARTESIAN_POINT('',(-1.268540186544E0,8.696318179442E1,2.207465932197E1));
#2129=CARTESIAN_POINT('',(-2.487100702616E0,8.681097950712E1,2.197025464451E1));
#2130=CARTESIAN_POINT('',(-3.841924408271E0,8.652412643069E1,2.177494435867E1));
#2131=CARTESIAN_POINT('',(-5.296586343831E0,8.606385135532E1,2.146579854838E1));
#2132=CARTESIAN_POINT('',(-6.827381146681E0,8.539420219735E1,2.102577235169E1));
#2133=CARTESIAN_POINT('',(-8.406063895762E0,8.447177032657E1,2.044008043234E1));
#2134=CARTESIAN_POINT('',(-9.995349550527E0,8.325127029162E1,1.970397282093E1));
#2135=CARTESIAN_POINT('',(-1.157814848063E1,8.163593080622E1,1.880664192016E1));
#2136=CARTESIAN_POINT('',(-1.305241509417E1,7.955603663491E1,1.779719367353E1));
#2137=CARTESIAN_POINT('',(-1.423073330893E1,7.700758448599E1,1.684295653597E1));
#2138=CARTESIAN_POINT('',(-1.488706469012E1,7.438646072956E1,1.624492923351E1));
#2139=CARTESIAN_POINT('',(-1.507134112454E1,7.178596907284E1,1.606894520664E1));
#2140=CARTESIAN_POINT('',(-1.482009113308E1,6.930936723759E1,1.630782032495E1));
#2141=CARTESIAN_POINT('',(-1.424759227765E1,6.715997557169E1,1.682169280486E1));
#2142=CARTESIAN_POINT('',(-1.350380150625E1,6.538931491282E1,1.743444524884E1));
#2143=CARTESIAN_POINT('',(-1.268393440183E1,6.394288088715E1,1.804803198876E1));
#2144=CARTESIAN_POINT('',(-1.183929988154E1,6.275579375769E1,1.862008871505E1));
#2145=CARTESIAN_POINT('',(-1.099480833288E1,6.177188741471E1,1.913695797446E1));
#2146=CARTESIAN_POINT('',(-1.016702577827E1,6.095284947472E1,1.959452055456E1));
#2147=CARTESIAN_POINT('',(-9.363453740756E0,6.026701512472E1,1.999547423629E1));
#2148=CARTESIAN_POINT('',(-8.592636838558E0,5.969363677767E1,2.034243740550E1));
#2149=CARTESIAN_POINT('',(-7.857063026776E0,5.921318637318E1,2.064098623970E1));
#2150=CARTESIAN_POINT('',(-7.159654066800E0,5.881161644411E1,2.089578796821E1));
#2151=CARTESIAN_POINT('',(-6.517821746255E0,5.848442632480E1,2.110681449662E1));
#2152=CARTESIAN_POINT('',(-5.932062695127E0,5.821822094782E1,2.128067078810E1));
#2153=CARTESIAN_POINT('',(-5.374694341290E0,5.799185221286E1,2.142999757607E1));
#2154=CARTESIAN_POINT('',(-4.819661586177E0,5.779112851400E1,2.156352904504E1));
#2155=CARTESIAN_POINT('',(-4.221199754186E0,5.760126800631E1,2.169079624627E1));
#2156=CARTESIAN_POINT('',(-3.562658901443E0,5.742340427786E1,2.181087444083E1));
#2157=CARTESIAN_POINT('',(-2.828265704629E0,5.726195794795E1,2.192057320230E1));
#2158=CARTESIAN_POINT('',(-2.001926008382E0,5.712545512824E1,2.201384503588E1));
#2159=CARTESIAN_POINT('',(-1.070591739830E0,5.702728816482E1,2.208122092716E1));
#2160=CARTESIAN_POINT('',(-3.691743072080E-1,5.700000045848E1,
2.209999941940E1));
#2161=CARTESIAN_POINT('',(-6.211525496986E-11,5.7E1,2.21E1));
#2163=DIRECTION('',(3.338469827370E-11,1.549587881179E-14,1.E0));
#2164=VECTOR('',#2163,1.88E1);
#2165=CARTESIAN_POINT('',(-6.211525496986E-11,5.7E1,2.21E1));
#2166=LINE('',#2165,#2164);
#2167=CARTESIAN_POINT('',(0.E0,7.2E1,4.09E1));
#2168=DIRECTION('',(0.E0,0.E0,-1.E0));
#2169=DIRECTION('',(0.E0,-1.E0,0.E0));
#2170=AXIS2_PLACEMENT_3D('',#2167,#2168,#2169);
#2172=DIRECTION('',(1.572453655513E-10,-1.587382707549E-14,1.E0));
#2173=VECTOR('',#2172,1.88E1);
#2174=CARTESIAN_POINT('',(-3.521729475579E-9,8.7E1,2.21E1));
#2175=LINE('',#2174,#2173);
#2176=CARTESIAN_POINT('',(4.580581934865E-7,9.683157864376E1,5.49E1));
#2177=DIRECTION('',(-1.E0,1.844659979280E-8,0.E0));
#2178=DIRECTION('',(0.E0,-1.442401753593E-10,1.E0));
#2179=AXIS2_PLACEMENT_3D('',#2176,#2177,#2178);
#2181=CARTESIAN_POINT('',(0.E0,7.2E1,5.497071067812E1));
#2182=DIRECTION('',(0.E0,0.E0,1.E0));
#2183=DIRECTION('',(1.748830965527E-10,1.E0,0.E0));
#2184=AXIS2_PLACEMENT_3D('',#2181,#2182,#2183);
#2186=CARTESIAN_POINT('',(0.E0,7.2E1,5.302928932188E1));
#2187=DIRECTION('',(0.E0,0.E0,-1.E0));
#2188=DIRECTION('',(-1.748834144524E-10,-1.E0,0.E0));
#2189=AXIS2_PLACEMENT_3D('',#2186,#2187,#2188);
#2191=DIRECTION('',(-6.245803999202E-8,7.071067811865E-1,-7.071067811865E-1));
#2192=VECTOR('',#2191,2.745584416800E0);
#2193=CARTESIAN_POINT('',(1.747564432084E-7,9.690228931822E1,5.497071068178E1));
#2194=LINE('',#2193,#2192);
#2195=CARTESIAN_POINT('',(-2.349802312455E-8,3.452272300550E1,-3.1E1));
#2196=DIRECTION('',(-1.E0,-2.923990320033E-10,7.579994155816E-10));
#2197=DIRECTION('',(6.058054045789E-10,-8.900400441077E-1,4.558823531183E-1));
#2198=AXIS2_PLACEMENT_3D('',#2195,#2196,#2197);
#2200=CARTESIAN_POINT('',(-2.741074473009E-10,3.185260287303E1,
-2.963235294093E1));
#2201=CARTESIAN_POINT('',(-1.227736350297E0,3.185260280338E1,
-2.963234102772E1));
#2202=CARTESIAN_POINT('',(-3.536275944042E0,3.179488143468E1,
-2.946995912870E1));
#2203=CARTESIAN_POINT('',(-6.575124842984E0,3.159171539432E1,
-2.889113789202E1));
#2204=CARTESIAN_POINT('',(-9.225287286769E0,3.131847293900E1,
-2.809668558121E1));
#2205=CARTESIAN_POINT('',(-1.176060573293E1,3.097465434185E1,
-2.707105967147E1));
#2206=CARTESIAN_POINT('',(-1.436811167857E1,3.053124034355E1,
-2.569854089185E1));
#2207=CARTESIAN_POINT('',(-1.680273162332E1,3.003162245295E1,
-2.407133152904E1));
#2208=CARTESIAN_POINT('',(-1.897790053389E1,2.951577794120E1,
-2.228409431900E1));
#2209=CARTESIAN_POINT('',(-2.093988723953E1,2.899360401053E1,
-2.033879320239E1));
#2210=CARTESIAN_POINT('',(-2.282206920112E1,2.844086653516E1,
-1.808884932936E1));
#2211=CARTESIAN_POINT('',(-2.469830473090E1,2.783615251579E1,
-1.530378671141E1));
#2212=CARTESIAN_POINT('',(-2.645503761128E1,2.721792795390E1,
-1.187130238089E1));
#2213=CARTESIAN_POINT('',(-2.789530902145E1,2.667093513920E1,
-7.744582018576E0));
#2214=CARTESIAN_POINT('',(-2.875234182781E1,2.632713620852E1,
-3.107618531645E0));
#2215=CARTESIAN_POINT('',(-2.886087632897E1,2.628262992541E1,1.655835995023E0));
#2216=CARTESIAN_POINT('',(-2.826167908384E1,2.652528183363E1,6.127814461580E0));
#2217=CARTESIAN_POINT('',(-2.715069473836E1,2.695708171287E1,1.004819611514E1));
#2218=CARTESIAN_POINT('',(-2.572965033547E1,2.747747318196E1,1.337734308551E1));
#2219=CARTESIAN_POINT('',(-2.415249953527E1,2.801554072228E1,1.615555044672E1));
#2220=CARTESIAN_POINT('',(-2.250375826380E1,2.853631881044E1,1.848580407613E1));
#2221=CARTESIAN_POINT('',(-2.073736785758E1,2.904959396673E1,2.055388862048E1));
#2222=CARTESIAN_POINT('',(-1.875105264751E1,2.957304501154E1,2.248947762116E1));
#2223=CARTESIAN_POINT('',(-1.651132078748E1,3.009589194228E1,2.428591961465E1));
#2224=CARTESIAN_POINT('',(-1.411021539591E1,3.057734906335E1,2.584254796792E1));
#2225=CARTESIAN_POINT('',(-1.173567066794E1,3.097622079844E1,2.707479393551E1));
#2226=CARTESIAN_POINT('',(-9.218010766395E0,3.132171056009E1,2.810702678431E1));
#2227=CARTESIAN_POINT('',(-6.219923016549E0,3.162570500161E1,2.898909997553E1));
#2228=CARTESIAN_POINT('',(-3.008745189162E0,3.181556043470E1,2.952814551804E1));
#2229=CARTESIAN_POINT('',(-9.996169255837E-1,3.185260265793E1,
2.963234406011E1));
#2230=CARTESIAN_POINT('',(6.223952652471E-9,3.185260287303E1,2.963235294093E1));
#2232=CARTESIAN_POINT('',(0.E0,0.E0,4.188466616216E1));
#2233=DIRECTION('',(0.E0,0.E0,1.E0));
#2234=DIRECTION('',(0.E0,1.E0,0.E0));
#2235=AXIS2_PLACEMENT_3D('',#2232,#2233,#2234);
#2237=CARTESIAN_POINT('',(0.E0,0.E0,-4.188466616216E1));
#2238=DIRECTION('',(0.E0,0.E0,1.E0));
#2239=DIRECTION('',(0.E0,1.E0,0.E0));
#2240=AXIS2_PLACEMENT_3D('',#2237,#2238,#2239);
#2242=CARTESIAN_POINT('',(6.223952652471E-9,3.185260287303E1,2.963235294093E1));
#2243=CARTESIAN_POINT('',(1.225497153264E0,3.185260280371E1,2.963234110178E1));
#2244=CARTESIAN_POINT('',(3.530041903036E0,3.179509481859E1,2.947055836653E1));
#2245=CARTESIAN_POINT('',(6.564703266430E0,3.159255291694E1,2.889353629468E1));
#2246=CARTESIAN_POINT('',(9.211046762920E0,3.132011833077E1,2.810150806866E1));
#2247=CARTESIAN_POINT('',(1.174108688691E1,3.097756615394E1,2.707984888033E1));
#2248=CARTESIAN_POINT('',(1.434379182096E1,3.053575484269E1,2.571278325324E1));
#2249=CARTESIAN_POINT('',(1.677626160218E1,3.003744779551E1,2.409078612138E1));
#2250=CARTESIAN_POINT('',(1.895018832108E1,2.952272273812E1,2.230888281573E1));
#2251=CARTESIAN_POINT('',(2.091011216147E1,2.900189769360E1,2.037079670942E1));
#2252=CARTESIAN_POINT('',(2.278903374322E1,2.845099257656E1,1.813206525194E1));
#2253=CARTESIAN_POINT('',(2.466285533137E1,2.784806521762E1,1.536267695956E1));
#2254=CARTESIAN_POINT('',(2.642010231363E1,2.723070296209E1,1.195061926523E1));
#2255=CARTESIAN_POINT('',(2.786726665973E1,2.668193309139E1,7.846676325507E0));
#2256=CARTESIAN_POINT('',(2.873964507424E1,2.633233008807E1,3.224845390052E0));
#2257=CARTESIAN_POINT('',(2.886741067716E1,2.627994196305E1,-1.536148147912E0));
#2258=CARTESIAN_POINT('',(2.828435314348E1,2.651623075126E1,-6.020347072319E0));
#2259=CARTESIAN_POINT('',(2.718247750925E1,2.694505274195E1,-9.959541445812E0));
#2260=CARTESIAN_POINT('',(2.576478762550E1,2.746504163276E1,-1.330726858202E1));
#2261=CARTESIAN_POINT('',(2.418697905869E1,2.800423032919E1,-1.610187282764E1));
#2262=CARTESIAN_POINT('',(2.253657295783E1,2.852637826814E1,-1.844389708950E1));
#2263=CARTESIAN_POINT('',(2.077024556153E1,2.904048495524E1,-2.051889367092E1));
#2264=CARTESIAN_POINT('',(1.878399752640E1,2.956487010845E1,-2.246049149089E1));
#2265=CARTESIAN_POINT('',(1.654208769861E1,3.008926330017E1,-2.426397599203E1));
#2266=CARTESIAN_POINT('',(1.413461907905E1,3.057294022581E1,-2.582872356173E1));
#2267=CARTESIAN_POINT('',(1.175346252101E1,3.097354255025E1,-2.706668801113E1));
#2268=CARTESIAN_POINT('',(9.236846818072E0,3.131942862768E1,-2.810031318159E1));
#2269=CARTESIAN_POINT('',(6.240906972479E0,3.162402136341E1,-2.898428529641E1));
#2270=CARTESIAN_POINT('',(3.025615498435E0,3.181503309439E1,-2.952666369090E1));
#2271=CARTESIAN_POINT('',(1.006311887858E0,3.185260265771E1,-2.963234393228E1));
#2272=CARTESIAN_POINT('',(-2.741074473009E-10,3.185260287303E1,
-2.963235294093E1));
#2274=CARTESIAN_POINT('',(0.E0,-2.6E1,0.E0));
#2275=DIRECTION('',(-1.E0,0.E0,0.E0));
#2276=DIRECTION('',(0.E0,8.900400441985E-1,-4.558823529412E-1));
#2277=AXIS2_PLACEMENT_3D('',#2274,#2275,#2276);
#2279=CARTESIAN_POINT('',(0.E0,0.E0,-4.188466616216E1));
#2280=DIRECTION('',(0.E0,0.E0,1.E0));
#2281=DIRECTION('',(0.E0,-1.E0,0.E0));
#2282=AXIS2_PLACEMENT_3D('',#2279,#2280,#2281);
#2284=CARTESIAN_POINT('',(0.E0,2.6E1,0.E0));
#2285=DIRECTION('',(1.E0,0.E0,0.E0));
#2286=DIRECTION('',(0.E0,-7.647058823529E-1,6.443794794178E-1));
#2287=AXIS2_PLACEMENT_3D('',#2284,#2285,#2286);
#2289=CARTESIAN_POINT('',(0.E0,0.E0,4.188466616216E1));
#2290=DIRECTION('',(0.E0,0.E0,1.E0));
#2291=DIRECTION('',(0.E0,-1.E0,0.E0));
#2292=AXIS2_PLACEMENT_3D('',#2289,#2290,#2291);
#2294=CARTESIAN_POINT('',(0.E0,-2.6E1,0.E0));
#2295=DIRECTION('',(-1.E0,0.E0,0.E0));
#2296=DIRECTION('',(0.E0,7.647058823529E-1,6.443794794178E-1));
#2297=AXIS2_PLACEMENT_3D('',#2294,#2295,#2296);
#2299=CARTESIAN_POINT('',(2.578228428724E-8,3.452272300550E1,3.1E1));
#2300=DIRECTION('',(1.E0,-3.208241077429E-10,-8.316839918022E-10));
#2301=DIRECTION('',(-6.646963582514E-10,-8.900400440989E-1,-4.558823531355E-1));
#2302=AXIS2_PLACEMENT_3D('',#2299,#2300,#2301);
#2304=CARTESIAN_POINT('',(-1.467470589489E-11,-2.6E1,-4.381780460041E1));
#2305=DIRECTION('',(1.E0,-5.644130995908E-13,0.E0));
#2306=DIRECTION('',(5.644130995908E-13,1.E0,0.E0));
#2307=AXIS2_PLACEMENT_3D('',#2304,#2305,#2306);
#2309=CARTESIAN_POINT('',(0.E0,0.E0,-9.7E1));
#2310=DIRECTION('',(0.E0,0.E0,1.E0));
#2311=DIRECTION('',(0.E0,-1.E0,0.E0));
#2312=AXIS2_PLACEMENT_3D('',#2309,#2310,#2311);
#2314=DIRECTION('',(-6.890475601755E-12,0.E0,-1.E0));
#2315=VECTOR('',#2314,5.318219539959E1);
#2316=CARTESIAN_POINT('',(-2.203542903700E-12,-2.3E1,-4.381780460041E1));
#2317=LINE('',#2316,#2315);
#2318=CARTESIAN_POINT('',(0.E0,0.E0,-4.381780460041E1));
#2319=DIRECTION('',(0.E0,0.E0,1.E0));
#2320=DIRECTION('',(0.E0,-1.E0,0.E0));
#2321=AXIS2_PLACEMENT_3D('',#2318,#2319,#2320);
#2323=DIRECTION('',(6.890513700164E-12,0.E0,-1.E0));
#2324=VECTOR('',#2323,5.318219539959E1);
#2325=CARTESIAN_POINT('',(2.202599214129E-12,2.3E1,-4.381780460041E1));
#2326=LINE('',#2325,#2324);
#2327=CARTESIAN_POINT('',(2.299999999995E1,-1.811991201596E-7,
-5.600000003141E1));
#2328=CARTESIAN_POINT('',(2.299997973957E1,-9.170385819732E-1,
-5.600005211322E1));
#2329=CARTESIAN_POINT('',(2.288980977695E1,-2.782632926750E0,
-5.617917068293E1));
#2330=CARTESIAN_POINT('',(2.236698921469E1,-5.622172726832E0,
-5.704299501209E1));
#2331=CARTESIAN_POINT('',(2.145033909926E1,-8.483540106032E0,
-5.861424110813E1));
#2332=CARTESIAN_POINT('',(2.017052503046E1,-1.116973788051E1,
-6.098044721926E1));
#2333=CARTESIAN_POINT('',(1.882172765915E1,-1.327612300459E1,
-6.385397747510E1));
#2334=CARTESIAN_POINT('',(1.772705255013E1,-1.467684119591E1,
-6.678744919600E1));
#2335=CARTESIAN_POINT('',(1.697940465061E1,-1.552146190620E1,
-6.964760522167E1));
#2336=CARTESIAN_POINT('',(1.659203048131E1,-1.592850190973E1,
-7.245211804507E1));
#2337=CARTESIAN_POINT('',(1.656937942283E1,-1.595177695170E1,
-7.529190002843E1));
#2338=CARTESIAN_POINT('',(1.695927631730E1,-1.554400930539E1,
-7.832490094381E1));
#2339=CARTESIAN_POINT('',(1.783149284143E1,-1.456196924365E1,
-8.158487690797E1));
#2340=CARTESIAN_POINT('',(1.913249952542E1,-1.284198460585E1,
-8.486517740902E1));
#2341=CARTESIAN_POINT('',(2.043514086887E1,-1.065816793628E1,
-8.751663374293E1));
#2342=CARTESIAN_POINT('',(2.146841439594E1,-8.373310792564E0,
-8.940900198957E1));
#2343=CARTESIAN_POINT('',(2.221860733347E1,-6.095041125452E0,
-9.070443032894E1));
#2344=CARTESIAN_POINT('',(2.270258853613E1,-3.892301449668E0,
-9.151250988948E1));
#2345=CARTESIAN_POINT('',(2.295411757846E1,-1.843245718277E0,
-9.192522796058E1));
#2346=CARTESIAN_POINT('',(2.299999606978E1,-5.934725303541E-1,
-9.199998642049E1));
#2347=CARTESIAN_POINT('',(2.299999999995E1,1.807000160267E-7,
-9.199999996858E1));
#2349=CARTESIAN_POINT('',(2.299999999995E1,1.807000160267E-7,
-9.199999996858E1));
#2350=CARTESIAN_POINT('',(2.299997974186E1,9.170046988657E-1,
-9.199994789459E1));
#2351=CARTESIAN_POINT('',(2.288981991860E1,2.782513177200E0,-9.182084642604E1));
#2352=CARTESIAN_POINT('',(2.236704539249E1,5.621892339540E0,-9.095709601851E1));
#2353=CARTESIAN_POINT('',(2.145054575817E1,8.483031153852E0,-8.938612487393E1));
#2354=CARTESIAN_POINT('',(2.017059503010E1,1.116964335731E1,-8.701970524212E1));
#2355=CARTESIAN_POINT('',(1.882175686533E1,1.327607089039E1,-8.414607406810E1));
#2356=CARTESIAN_POINT('',(1.772721980410E1,1.467663656573E1,-8.121303425444E1));
#2357=CARTESIAN_POINT('',(1.697953705251E1,1.552131961332E1,-7.835302226397E1));
#2358=CARTESIAN_POINT('',(1.659210830109E1,1.592842124475E1,-7.554875567266E1));
#2359=CARTESIAN_POINT('',(1.656931802361E1,1.595184062629E1,-7.270925178350E1));
#2360=CARTESIAN_POINT('',(1.695901563378E1,1.554428418780E1,-6.967650099969E1));
#2361=CARTESIAN_POINT('',(1.783086773554E1,1.456271337586E1,-6.641699561051E1));
#2362=CARTESIAN_POINT('',(1.913183755555E1,1.284297731233E1,-6.313625182439E1));
#2363=CARTESIAN_POINT('',(2.043474837213E1,1.065894682544E1,-6.048410582482E1));
#2364=CARTESIAN_POINT('',(2.146817119789E1,8.373945042088E0,-5.859142710016E1));
#2365=CARTESIAN_POINT('',(2.221846523926E1,6.095580863096E0,-5.729580901040E1));
#2366=CARTESIAN_POINT('',(2.270253918431E1,3.892633769493E0,-5.648757121346E1));
#2367=CARTESIAN_POINT('',(2.295411260757E1,1.843369273120E0,-5.607478012033E1));
#2368=CARTESIAN_POINT('',(2.299999606858E1,5.935075195457E-1,
-5.600001358392E1));
#2369=CARTESIAN_POINT('',(2.299999999995E1,-1.811991201596E-7,
-5.600000003141E1));
#2371=CARTESIAN_POINT('',(-3.974062967593E-9,-2.6E1,-9.7E1));
#2372=DIRECTION('',(1.E0,-1.528485740754E-10,0.E0));
#2373=DIRECTION('',(0.E0,9.117802809063E-11,-1.E0));
#2374=AXIS2_PLACEMENT_3D('',#2371,#2372,#2373);
#2376=CARTESIAN_POINT('',(0.E0,0.E0,-1.E2));
#2377=DIRECTION('',(0.E0,0.E0,1.E0));
#2378=DIRECTION('',(0.E0,-1.E0,0.E0));
#2379=AXIS2_PLACEMENT_3D('',#2376,#2377,#2378);
#2381=CARTESIAN_POINT('',(0.E0,0.E0,-1.E2));
#2382=DIRECTION('',(0.E0,0.E0,1.E0));
#2383=DIRECTION('',(0.E0,1.E0,0.E0));
#2384=AXIS2_PLACEMENT_3D('',#2381,#2382,#2383);
#2386=CARTESIAN_POINT('',(0.E0,0.E0,-1.E2));
#2387=DIRECTION('',(0.E0,0.E0,-1.E0));
#2388=DIRECTION('',(0.E0,-1.E0,0.E0));
#2389=AXIS2_PLACEMENT_3D('',#2386,#2387,#2388);
#2391=CARTESIAN_POINT('',(0.E0,0.E0,-1.E2));
#2392=DIRECTION('',(0.E0,0.E0,-1.E0));
#2393=DIRECTION('',(0.E0,1.E0,0.E0));
#2394=AXIS2_PLACEMENT_3D('',#2391,#2392,#2393);
#2396=CARTESIAN_POINT('',(-2.474873734153E1,2.474873734153E1,-1.E2));
#2397=DIRECTION('',(0.E0,0.E0,-1.E0));
#2398=DIRECTION('',(0.E0,1.E0,0.E0));
#2399=AXIS2_PLACEMENT_3D('',#2396,#2397,#2398);
#2401=CARTESIAN_POINT('',(-2.474873734153E1,2.474873734153E1,-1.E2));
#2402=DIRECTION('',(0.E0,0.E0,-1.E0));
#2403=DIRECTION('',(0.E0,-1.E0,0.E0));
#2404=AXIS2_PLACEMENT_3D('',#2401,#2402,#2403);
#2406=CARTESIAN_POINT('',(2.474873734153E1,2.474873734153E1,-1.E2));
#2407=DIRECTION('',(0.E0,0.E0,-1.E0));
#2408=DIRECTION('',(1.E0,0.E0,0.E0));
#2409=AXIS2_PLACEMENT_3D('',#2406,#2407,#2408);
#2411=CARTESIAN_POINT('',(2.474873734153E1,2.474873734153E1,-1.E2));
#2412=DIRECTION('',(0.E0,0.E0,-1.E0));
#2413=DIRECTION('',(-1.E0,0.E0,0.E0));
#2414=AXIS2_PLACEMENT_3D('',#2411,#2412,#2413);
#2416=CARTESIAN_POINT('',(2.474873734153E1,-2.474873734153E1,-1.E2));
#2417=DIRECTION('',(0.E0,0.E0,-1.E0));
#2418=DIRECTION('',(0.E0,-1.E0,0.E0));
#2419=AXIS2_PLACEMENT_3D('',#2416,#2417,#2418);
#2421=CARTESIAN_POINT('',(2.474873734153E1,-2.474873734153E1,-1.E2));
#2422=DIRECTION('',(0.E0,0.E0,-1.E0));
#2423=DIRECTION('',(0.E0,1.E0,0.E0));
#2424=AXIS2_PLACEMENT_3D('',#2421,#2422,#2423);
#2426=CARTESIAN_POINT('',(-2.474873734153E1,-2.474873734153E1,-1.E2));
#2427=DIRECTION('',(0.E0,0.E0,-1.E0));
#2428=DIRECTION('',(-1.E0,0.E0,0.E0));
#2429=AXIS2_PLACEMENT_3D('',#2426,#2427,#2428);
#2431=CARTESIAN_POINT('',(-2.474873734153E1,-2.474873734153E1,-1.E2));
#2432=DIRECTION('',(0.E0,0.E0,-1.E0));
#2433=DIRECTION('',(1.E0,0.E0,0.E0));
#2434=AXIS2_PLACEMENT_3D('',#2431,#2432,#2433);
#2436=CARTESIAN_POINT('',(3.974062745549E-9,2.6E1,-9.7E1));
#2437=DIRECTION('',(-1.E0,1.528485706059E-10,0.E0));
#2438=DIRECTION('',(0.E0,-9.118158080431E-11,-1.E0));
#2439=AXIS2_PLACEMENT_3D('',#2436,#2437,#2438);
#2441=CARTESIAN_POINT('',(0.E0,0.E0,-9.7E1));
#2442=DIRECTION('',(0.E0,0.E0,1.E0));
#2443=DIRECTION('',(0.E0,1.E0,0.E0));
#2444=AXIS2_PLACEMENT_3D('',#2441,#2442,#2443);
#2446=CARTESIAN_POINT('',(0.E0,0.E0,-4.381780460041E1));
#2447=DIRECTION('',(0.E0,0.E0,1.E0));
#2448=DIRECTION('',(0.E0,1.E0,0.E0));
#2449=AXIS2_PLACEMENT_3D('',#2446,#2447,#2448);
#2451=CARTESIAN_POINT('',(1.467137522582E-11,2.6E1,-4.381780460041E1));
#2452=DIRECTION('',(-1.E0,5.642847300535E-13,0.E0));
#2453=DIRECTION('',(-5.642847300535E-13,-1.E0,0.E0));
#2454=AXIS2_PLACEMENT_3D('',#2451,#2452,#2453);
#2456=CARTESIAN_POINT('',(1.305481278635E-10,-4.35E1,-1.005E2));
#2457=DIRECTION('',(-1.E0,-3.001108042633E-12,0.E0));
#2458=DIRECTION('',(3.001108042633E-12,-1.E0,0.E0));
#2459=AXIS2_PLACEMENT_3D('',#2456,#2457,#2458);
#2461=CARTESIAN_POINT('',(0.E0,0.E0,-1.005E2));
#2462=DIRECTION('',(0.E0,0.E0,-1.E0));
#2463=DIRECTION('',(0.E0,-1.E0,0.E0));
#2464=AXIS2_PLACEMENT_3D('',#2461,#2462,#2463);
#2466=CARTESIAN_POINT('',(0.E0,0.E0,-1.095E2));
#2467=DIRECTION('',(0.E0,0.E0,-1.E0));
#2468=DIRECTION('',(0.E0,-1.E0,0.E0));
#2469=AXIS2_PLACEMENT_3D('',#2466,#2467,#2468);
#2471=CARTESIAN_POINT('',(0.E0,0.E0,-1.005E2));
#2472=DIRECTION('',(0.E0,0.E0,-1.E0));
#2473=DIRECTION('',(0.E0,1.E0,0.E0));
#2474=AXIS2_PLACEMENT_3D('',#2471,#2472,#2473);
#2476=DIRECTION('',(3.397236196060E-12,0.E0,-1.E0));
#2477=VECTOR('',#2476,9.E0);
#2478=CARTESIAN_POINT('',(-7.038231109036E-12,4.4E1,-1.005E2));
#2479=LINE('',#2478,#2477);
#2480=CARTESIAN_POINT('',(0.E0,0.E0,-1.095E2));
#2481=DIRECTION('',(0.E0,0.E0,-1.E0));
#2482=DIRECTION('',(0.E0,1.E0,0.E0));
#2483=AXIS2_PLACEMENT_3D('',#2480,#2481,#2482);
#2485=DIRECTION('',(-3.396634825255E-12,0.E0,-1.E0));
#2486=VECTOR('',#2485,9.E0);
#2487=CARTESIAN_POINT('',(7.028932991204E-12,-4.4E1,-1.005E2));
#2488=LINE('',#2487,#2486);
#2489=CARTESIAN_POINT('',(-1.305638930305E-10,4.35E1,-1.005E2));
#2490=DIRECTION('',(1.E0,3.001468865116E-12,0.E0));
#2491=DIRECTION('',(-3.001468865116E-12,1.E0,0.E0));
#2492=AXIS2_PLACEMENT_3D('',#2489,#2490,#2491);
#2494=CARTESIAN_POINT('',(-1.207933197911E-10,4.35E1,-1.095E2));
#2495=DIRECTION('',(1.E0,2.776858604170E-12,0.E0));
#2496=DIRECTION('',(0.E0,-5.684341886081E-14,-1.E0));
#2497=AXIS2_PLACEMENT_3D('',#2494,#2495,#2496);
#2499=CARTESIAN_POINT('',(0.E0,0.E0,-1.1E2));
#2500=DIRECTION('',(0.E0,0.E0,-1.E0));
#2501=DIRECTION('',(0.E0,-1.E0,0.E0));
#2502=AXIS2_PLACEMENT_3D('',#2499,#2500,#2501);
#2504=CARTESIAN_POINT('',(0.E0,0.E0,-1.1E2));
#2505=DIRECTION('',(0.E0,0.E0,-1.E0));
#2506=DIRECTION('',(0.E0,1.E0,0.E0));
#2507=AXIS2_PLACEMENT_3D('',#2504,#2505,#2506);
#2509=CARTESIAN_POINT('',(0.E0,0.E0,-1.1E2));
#2510=DIRECTION('',(0.E0,0.E0,1.E0));
#2511=DIRECTION('',(0.E0,1.E0,0.E0));
#2512=AXIS2_PLACEMENT_3D('',#2509,#2510,#2511);
#2514=CARTESIAN_POINT('',(0.E0,0.E0,-1.1E2));
#2515=DIRECTION('',(0.E0,0.E0,1.E0));
#2516=DIRECTION('',(0.E0,-1.E0,0.E0));
#2517=AXIS2_PLACEMENT_3D('',#2514,#2515,#2516);
#2519=CARTESIAN_POINT('',(-2.474873734153E1,-2.474873734153E1,-1.1E2));
#2520=DIRECTION('',(0.E0,0.E0,1.E0));
#2521=DIRECTION('',(1.E0,0.E0,0.E0));
#2522=AXIS2_PLACEMENT_3D('',#2519,#2520,#2521);
#2524=CARTESIAN_POINT('',(-2.474873734153E1,-2.474873734153E1,-1.1E2));
#2525=DIRECTION('',(0.E0,0.E0,1.E0));
#2526=DIRECTION('',(-1.E0,0.E0,0.E0));
#2527=AXIS2_PLACEMENT_3D('',#2524,#2525,#2526);
#2529=CARTESIAN_POINT('',(-2.474873734153E1,2.474873734153E1,-1.1E2));
#2530=DIRECTION('',(0.E0,0.E0,1.E0));
#2531=DIRECTION('',(0.E0,-1.E0,0.E0));
#2532=AXIS2_PLACEMENT_3D('',#2529,#2530,#2531);
#2534=CARTESIAN_POINT('',(-2.474873734153E1,2.474873734153E1,-1.1E2));
#2535=DIRECTION('',(0.E0,0.E0,1.E0));
#2536=DIRECTION('',(0.E0,1.E0,0.E0));
#2537=AXIS2_PLACEMENT_3D('',#2534,#2535,#2536);
#2539=CARTESIAN_POINT('',(2.474873734153E1,2.474873734153E1,-1.1E2));
#2540=DIRECTION('',(0.E0,0.E0,1.E0));
#2541=DIRECTION('',(-1.E0,0.E0,0.E0));
#2542=AXIS2_PLACEMENT_3D('',#2539,#2540,#2541);
#2544=CARTESIAN_POINT('',(2.474873734153E1,2.474873734153E1,-1.1E2));
#2545=DIRECTION('',(0.E0,0.E0,1.E0));
#2546=DIRECTION('',(1.E0,0.E0,0.E0));
#2547=AXIS2_PLACEMENT_3D('',#2544,#2545,#2546);
#2549=CARTESIAN_POINT('',(2.474873734153E1,-2.474873734153E1,-1.1E2));
#2550=DIRECTION('',(0.E0,0.E0,1.E0));
#2551=DIRECTION('',(0.E0,1.E0,0.E0));
#2552=AXIS2_PLACEMENT_3D('',#2549,#2550,#2551);
#2554=CARTESIAN_POINT('',(2.474873734153E1,-2.474873734153E1,-1.1E2));
#2555=DIRECTION('',(0.E0,0.E0,1.E0));
#2556=DIRECTION('',(0.E0,-1.E0,0.E0));
#2557=AXIS2_PLACEMENT_3D('',#2554,#2555,#2556);
#2559=CARTESIAN_POINT('',(1.207945410364E-10,-4.35E1,-1.095E2));
#2560=DIRECTION('',(-1.E0,-2.776886359745E-12,0.E0));
#2561=DIRECTION('',(0.E0,2.842170943040E-14,-1.E0));
#2562=AXIS2_PLACEMENT_3D('',#2559,#2560,#2561);
#2564=CARTESIAN_POINT('',(3.428659245408E-9,2.41E1,-1.099E2));
#2565=DIRECTION('',(-1.E0,1.422680202812E-10,0.E0));
#2566=DIRECTION('',(0.E0,-2.412221533632E-9,-1.E0));
#2567=AXIS2_PLACEMENT_3D('',#2564,#2565,#2566);
#2569=CARTESIAN_POINT('',(-3.428662465055E-9,-2.41E1,-1.099E2));
#2570=DIRECTION('',(1.E0,-1.422681555896E-10,0.E0));
#2571=DIRECTION('',(0.E0,2.412257060769E-9,-1.E0));
#2572=AXIS2_PLACEMENT_3D('',#2569,#2570,#2571);
#2574=CARTESIAN_POINT('',(0.E0,0.E0,-1.099E2));
#2575=DIRECTION('',(0.E0,0.E0,1.E0));
#2576=DIRECTION('',(0.E0,-1.E0,0.E0));
#2577=AXIS2_PLACEMENT_3D('',#2574,#2575,#2576);
#2579=DIRECTION('',(2.314318297188E-10,0.E0,-1.E0));
#2580=VECTOR('',#2579,4.8E0);
#2581=CARTESIAN_POINT('',(-3.918972646400E-10,2.4E1,-1.051E2));
#2582=LINE('',#2581,#2580);
#2583=CARTESIAN_POINT('',(0.E0,0.E0,-1.051E2));
#2584=DIRECTION('',(0.E0,0.E0,-1.E0));
#2585=DIRECTION('',(0.E0,1.E0,0.E0));
#2586=AXIS2_PLACEMENT_3D('',#2583,#2584,#2585);
#2588=DIRECTION('',(-2.314317487651E-10,0.E0,-1.E0));
#2589=VECTOR('',#2588,4.8E0);
#2590=CARTESIAN_POINT('',(3.918917412804E-10,-2.4E1,-1.051E2));
#2591=LINE('',#2590,#2589);
#2592=CARTESIAN_POINT('',(0.E0,0.E0,-1.099E2));
#2593=DIRECTION('',(0.E0,0.E0,1.E0));
#2594=DIRECTION('',(0.E0,1.E0,0.E0));
#2595=AXIS2_PLACEMENT_3D('',#2592,#2593,#2594);
#2597=CARTESIAN_POINT('',(0.E0,0.E0,-1.051E2));
#2598=DIRECTION('',(0.E0,0.E0,-1.E0));
#2599=DIRECTION('',(0.E0,-1.E0,0.E0));
#2600=AXIS2_PLACEMENT_3D('',#2597,#2598,#2599);
#2602=CARTESIAN_POINT('',(2.079112881859E-9,-2.39E1,-1.051E2));
#2603=DIRECTION('',(-1.E0,-8.699217388108E-11,0.E0));
#2604=DIRECTION('',(8.699217388108E-11,-1.E0,0.E0));
#2605=AXIS2_PLACEMENT_3D('',#2602,#2603,#2604);
#2607=CARTESIAN_POINT('',(-2.079121652621E-9,2.39E1,-1.051E2));
#2608=DIRECTION('',(1.E0,8.699253817301E-11,0.E0));
#2609=DIRECTION('',(-8.699253817301E-11,1.E0,0.E0));
#2610=AXIS2_PLACEMENT_3D('',#2607,#2608,#2609);
#2612=CARTESIAN_POINT('',(0.E0,0.E0,-1.05E2));
#2613=DIRECTION('',(0.E0,0.E0,-1.E0));
#2614=DIRECTION('',(0.E0,1.E0,0.E0));
#2615=AXIS2_PLACEMENT_3D('',#2612,#2613,#2614);
#2617=CARTESIAN_POINT('',(0.E0,0.E0,-1.05E2));
#2618=DIRECTION('',(0.E0,0.E0,-1.E0));
#2619=DIRECTION('',(0.E0,-1.E0,0.E0));
#2620=AXIS2_PLACEMENT_3D('',#2617,#2618,#2619);
#2622=CARTESIAN_POINT('',(0.E0,0.E0,-1.05E2));
#2623=DIRECTION('',(0.E0,0.E0,1.E0));
#2624=DIRECTION('',(0.E0,-1.E0,0.E0));
#2625=AXIS2_PLACEMENT_3D('',#2622,#2623,#2624);
#2627=CARTESIAN_POINT('',(0.E0,0.E0,-1.05E2));
#2628=DIRECTION('',(0.E0,0.E0,1.E0));
#2629=DIRECTION('',(0.E0,1.E0,0.E0));
#2630=AXIS2_PLACEMENT_3D('',#2627,#2628,#2629);
#2632=CARTESIAN_POINT('',(-7.649217370620E-9,-1.81E1,-1.049E2));
#2633=DIRECTION('',(1.E0,-4.226086980363E-10,0.E0));
#2634=DIRECTION('',(0.E0,7.681606462029E-9,-1.E0));
#2635=AXIS2_PLACEMENT_3D('',#2632,#2633,#2634);
#2637=CARTESIAN_POINT('',(7.649213373817E-9,1.81E1,-1.049E2));
#2638=DIRECTION('',(-1.E0,4.226084759917E-10,0.E0));
#2639=DIRECTION('',(0.E0,-7.681606462029E-9,-1.E0));
#2640=AXIS2_PLACEMENT_3D('',#2637,#2638,#2639);
#2642=CARTESIAN_POINT('',(0.E0,0.E0,-4.372184808537E1));
#2643=DIRECTION('',(0.E0,0.E0,1.E0));
#2644=DIRECTION('',(0.E0,1.E0,0.E0));
#2645=AXIS2_PLACEMENT_3D('',#2642,#2643,#2644);
#2647=CARTESIAN_POINT('',(0.E0,0.E0,-1.049E2));
#2648=DIRECTION('',(0.E0,0.E0,1.E0));
#2649=DIRECTION('',(0.E0,1.E0,0.E0));
#2650=AXIS2_PLACEMENT_3D('',#2647,#2648,#2649);
#2652=CARTESIAN_POINT('',(1.006972283335E-12,1.81E1,-4.372184808537E1));
#2653=DIRECTION('',(-1.E0,5.563258187458E-14,0.E0));
#2654=DIRECTION('',(-5.563258187458E-14,-1.E0,0.E0));
#2655=AXIS2_PLACEMENT_3D('',#2652,#2653,#2654);
#2657=CARTESIAN_POINT('',(-1.003919170017E-12,-1.81E1,-4.372184808537E1));
#2658=DIRECTION('',(1.E0,-5.546604842088E-14,0.E0));
#2659=DIRECTION('',(5.546604842088E-14,1.E0,0.E0));
#2660=AXIS2_PLACEMENT_3D('',#2657,#2658,#2659);
#2662=CARTESIAN_POINT('',(0.E0,0.E0,-4.372184808537E1));
#2663=DIRECTION('',(0.E0,0.E0,1.E0));
#2664=DIRECTION('',(0.E0,-1.E0,0.E0));
#2665=AXIS2_PLACEMENT_3D('',#2662,#2663,#2664);
#2667=DIRECTION('',(-2.036576522915E-11,0.E0,-1.E0));
#2668=VECTOR('',#2667,6.117815191463E1);
#2669=CARTESIAN_POINT('',(2.179922908851E-13,-1.8E1,-4.372184808537E1));
#2670=LINE('',#2669,#2668);
#2671=CARTESIAN_POINT('',(0.E0,0.E0,-1.049E2));
#2672=DIRECTION('',(0.E0,0.E0,1.E0));
#2673=DIRECTION('',(0.E0,-1.E0,0.E0));
#2674=AXIS2_PLACEMENT_3D('',#2671,#2672,#2673);
#2676=DIRECTION('',(2.036579381127E-11,0.E0,-1.E0));
#2677=VECTOR('',#2676,6.117815191463E1);
#2678=CARTESIAN_POINT('',(-2.192412917879E-13,1.8E1,-4.372184808537E1));
#2679=LINE('',#2678,#2677);
#2680=CARTESIAN_POINT('',(1.493700333264E1,1.004419889492E1,-7.400000010477E1));
#2681=CARTESIAN_POINT('',(1.493700334837E1,1.004419887353E1,-7.390075158569E1));
#2682=CARTESIAN_POINT('',(1.493896477963E1,1.004128303990E1,-7.369365652374E1));
#2683=CARTESIAN_POINT('',(1.494927094690E1,1.002594189547E1,-7.335881711945E1));
#2684=CARTESIAN_POINT('',(1.496882913320E1,9.996739480866E0,-7.299497263706E1));
#2685=CARTESIAN_POINT('',(1.499995108641E1,9.950024320778E0,-7.259943007830E1));
#2686=CARTESIAN_POINT('',(1.504535703992E1,9.881312594779E0,-7.216950223704E1));
#2687=CARTESIAN_POINT('',(1.510811453319E1,9.785229120794E0,-7.170329527445E1));
#2688=CARTESIAN_POINT('',(1.519151495600E1,9.655471746252E0,-7.119976274346E1));
#2689=CARTESIAN_POINT('',(1.529886000535E1,9.484833292393E0,-7.065900440193E1));
#2690=CARTESIAN_POINT('',(1.543318985129E1,9.265207427069E0,-7.008247892515E1));
#2691=CARTESIAN_POINT('',(1.559679724704E1,8.987898270972E0,-6.947340832014E1));
#2692=CARTESIAN_POINT('',(1.579250868412E1,8.640671482244E0,-6.883171993545E1));
#2693=CARTESIAN_POINT('',(1.602222019094E1,8.208816761331E0,-6.815982366893E1));
#2694=CARTESIAN_POINT('',(1.628550564399E1,7.676154900783E0,-6.746456612548E1));
#2695=CARTESIAN_POINT('',(1.658025925660E1,7.021434095546E0,-6.675388650787E1));
#2696=CARTESIAN_POINT('',(1.690077171057E1,6.217798862208E0,-6.604081040578E1));
#2697=CARTESIAN_POINT('',(1.723427622867E1,5.235067413838E0,-6.534886631986E1));
#2698=CARTESIAN_POINT('',(1.755905259768E1,4.036082012038E0,-6.471352667956E1));
#2699=CARTESIAN_POINT('',(1.783800548316E1,2.581436975214E0,-6.419269564285E1));
#2700=CARTESIAN_POINT('',(1.801479609099E1,8.321883795878E-1,
-6.387330341827E1));
#2701=CARTESIAN_POINT('',(1.800113898274E1,-1.225039938872E0,
-6.389749701283E1));
#2702=CARTESIAN_POINT('',(1.772725229067E1,-3.325894939920E0,
-6.439453017472E1));
#2703=CARTESIAN_POINT('',(1.729911930969E1,-5.056872550858E0,
-6.521387255183E1));
#2704=CARTESIAN_POINT('',(1.683791860913E1,-6.405259278092E0,
-6.616823873232E1));
#2705=CARTESIAN_POINT('',(1.638776724800E1,-7.469294588428E0,
-6.719902856535E1));
#2706=CARTESIAN_POINT('',(1.598623451158E1,-8.285663901380E0,
-6.824455918639E1));
#2707=CARTESIAN_POINT('',(1.564627428521E1,-8.906081661830E0,
-6.928284467233E1));
#2708=CARTESIAN_POINT('',(1.537661092474E1,-9.360865325032E0,
-7.028755926545E1));
#2709=CARTESIAN_POINT('',(1.517618481107E1,-9.680571339432E0,
-7.125083735932E1));
#2710=CARTESIAN_POINT('',(1.504451936936E1,-9.883011005521E0,
-7.213060474375E1));
#2711=CARTESIAN_POINT('',(1.496120282218E1,-1.000829954057E1,
-7.299433387105E1));
#2712=CARTESIAN_POINT('',(1.493700427400E1,-1.004419709425E1,
-7.365582794472E1));
#2713=CARTESIAN_POINT('',(1.493700333259E1,-1.004419889499E1,
-7.399999978792E1));
#2715=CARTESIAN_POINT('',(1.493700333259E1,-1.004419889499E1,
-7.399999978792E1));
#2716=CARTESIAN_POINT('',(1.493700335602E1,-1.004419886292E1,
-7.410738609806E1));
#2717=CARTESIAN_POINT('',(1.493929919035E1,-1.004078612690E1,
-7.433153466030E1));
#2718=CARTESIAN_POINT('',(1.495138251873E1,-1.002279668770E1,
-7.469423275226E1));
#2719=CARTESIAN_POINT('',(1.497432100982E1,-9.988523410335E0,
-7.508838376768E1));
#2720=CARTESIAN_POINT('',(1.501079897422E1,-9.933680142800E0,
-7.551667549769E1));
#2721=CARTESIAN_POINT('',(1.506392901001E1,-9.853035707241E0,
-7.598167059517E1));
#2722=CARTESIAN_POINT('',(1.513715475572E1,-9.740355548423E0,
-7.648496579293E1));
#2723=CARTESIAN_POINT('',(1.523404729332E1,-9.588419747659E0,
-7.702703680160E1));
#2724=CARTESIAN_POINT('',(1.535808141907E1,-9.388958239879E0,
-7.760713902926E1));
#2725=CARTESIAN_POINT('',(1.551200673880E1,-9.133152299949E0,
-7.822217033385E1));
#2726=CARTESIAN_POINT('',(1.569852192589E1,-8.809847823113E0,
-7.887061585257E1));
#2727=CARTESIAN_POINT('',(1.592004810185E1,-8.404667978851E0,
-7.955097599535E1));
#2728=CARTESIAN_POINT('',(1.617678585315E1,-7.901852643571E0,
-8.025698720390E1));
#2729=CARTESIAN_POINT('',(1.646713603189E1,-7.281595001820E0,
-8.098099105107E1));
#2730=CARTESIAN_POINT('',(1.678743357438E1,-6.515823752569E0,
-8.171354729244E1));
#2731=CARTESIAN_POINT('',(1.712715812731E1,-5.573495492822E0,
-8.243406636988E1));
#2732=CARTESIAN_POINT('',(1.746523908023E1,-4.418407604875E0,
-8.310653031434E1));
#2733=CARTESIAN_POINT('',(1.776599375548E1,-3.031702342418E0,
-8.367501931049E1));
#2734=CARTESIAN_POINT('',(1.798777419657E1,-1.291015917225E0,
-8.407848712457E1));
#2735=CARTESIAN_POINT('',(1.802292390159E1,7.064878251491E-1,
-8.414127222726E1));
#2736=CARTESIAN_POINT('',(1.784254342260E1,2.568607152748E0,-8.381577657827E1));
#2737=CARTESIAN_POINT('',(1.755542518520E1,4.052828133097E0,-8.327976146069E1));
#2738=CARTESIAN_POINT('',(1.722277956425E1,5.275072199526E0,-8.262838612098E1));
#2739=CARTESIAN_POINT('',(1.687704184553E1,6.283115719864E0,-8.190884456714E1));
#2740=CARTESIAN_POINT('',(1.654553149349E1,7.103462172745E0,-8.116626292674E1));
#2741=CARTESIAN_POINT('',(1.624218960566E1,7.767613928293E0,-8.042642844928E1));
#2742=CARTESIAN_POINT('',(1.597340500510E1,8.303488872003E0,-7.970447114864E1));
#2743=CARTESIAN_POINT('',(1.574093931169E1,8.734112346340E0,-7.900728450428E1));
#2744=CARTESIAN_POINT('',(1.555237608135E1,9.064240787691E0,-7.836874041225E1));
#2745=CARTESIAN_POINT('',(1.539863889088E1,9.322355541542E0,-7.777690372287E1));
#2746=CARTESIAN_POINT('',(1.526648650179E1,9.536945796219E0,-7.719069115415E1));
#2747=CARTESIAN_POINT('',(1.514424416176E1,9.729707761972E0,-7.654129067425E1));
#2748=CARTESIAN_POINT('',(1.503760002264E1,9.893450715676E0,-7.580308125399E1));
#2749=CARTESIAN_POINT('',(1.495914476846E1,1.001135738825E1,-7.496581238371E1));
#2750=CARTESIAN_POINT('',(1.493700428336E1,1.004419717408E1,-7.433383565469E1));
#2751=CARTESIAN_POINT('',(1.493700333264E1,1.004419889492E1,-7.400000010477E1));
#2753=CARTESIAN_POINT('',(1.501998668441E1,1.01E1,-7.400000012089E1));
#2754=DIRECTION('',(-8.048796097935E-9,1.196958675205E-8,1.E0));
#2755=DIRECTION('',(-8.298335176726E-1,-5.580110509184E-1,0.E0));
#2756=AXIS2_PLACEMENT_3D('',#2753,#2754,#2755);
#2758=CARTESIAN_POINT('',(1.501998668441E1,-1.01E1,-7.399999999980E1));
#2759=DIRECTION('',(-1.348133423150E-11,-2.004846509529E-11,-1.E0));
#2760=DIRECTION('',(-8.298335176915E-1,5.580110508903E-1,0.E0));
#2761=AXIS2_PLACEMENT_3D('',#2758,#2759,#2760);
#2763=CARTESIAN_POINT('',(1.501998668441E1,-1.E1,-7.400000014057E1));
#2764=CARTESIAN_POINT('',(1.501998671766E1,-9.999999978015E0,
-7.410627121328E1));
#2765=CARTESIAN_POINT('',(1.502229529248E1,-9.996602244924E0,
-7.432827611258E1));
#2766=CARTESIAN_POINT('',(1.503444575614E1,-9.978691973039E0,
-7.468735273693E1));
#2767=CARTESIAN_POINT('',(1.505751168178E1,-9.944569511607E0,
-7.507760941200E1));
#2768=CARTESIAN_POINT('',(1.509419230194E1,-9.889967579005E0,
-7.550165844740E1));
#2769=CARTESIAN_POINT('',(1.514761750449E1,-9.809678014336E0,
-7.596205021781E1));
#2770=CARTESIAN_POINT('',(1.522125005992E1,-9.697493697831E0,
-7.646036213810E1));
#2771=CARTESIAN_POINT('',(1.531868088939E1,-9.546226481441E0,
-7.699706614907E1));
#2772=CARTESIAN_POINT('',(1.544340409362E1,-9.347642692069E0,
-7.757142477907E1));
#2773=CARTESIAN_POINT('',(1.559818455402E1,-9.092962410840E0,
-7.818036666781E1));
#2774=CARTESIAN_POINT('',(1.578573593659E1,-8.771080615971E0,
-7.882239193307E1));
#2775=CARTESIAN_POINT('',(1.600849281353E1,-8.367683741320E0,
-7.949601583703E1));
#2776=CARTESIAN_POINT('',(1.626665688567E1,-7.867081014777E0,
-8.019503683553E1));
#2777=CARTESIAN_POINT('',(1.655862012095E1,-7.249552779590E0,
-8.091187232779E1));
#2778=CARTESIAN_POINT('',(1.688069709424E1,-6.487151260808E0,
-8.163717553707E1));
#2779=CARTESIAN_POINT('',(1.722230900580E1,-5.548969660071E0,
-8.235056076226E1));
#2780=CARTESIAN_POINT('',(1.756226818623E1,-4.398964667120E0,
-8.301636664787E1));
#2781=CARTESIAN_POINT('',(1.786469372079E1,-3.018361518029E0,
-8.357922704009E1));
#2782=CARTESIAN_POINT('',(1.808770627543E1,-1.285334879085E0,
-8.397870012334E1));
#2783=CARTESIAN_POINT('',(1.812305125660E1,7.033789678327E-1,
-8.404086359135E1));
#2784=CARTESIAN_POINT('',(1.794166866384E1,2.557304150975E0,-8.371859067154E1));
#2785=CARTESIAN_POINT('',(1.765295532512E1,4.034993905889E0,-8.318788263439E1));
#2786=CARTESIAN_POINT('',(1.731846167294E1,5.251859560584E0,-8.254295655527E1));
#2787=CARTESIAN_POINT('',(1.697080318912E1,6.255467245849E0,-8.183053917596E1));
#2788=CARTESIAN_POINT('',(1.663745111290E1,7.072203813351E0,-8.109530982630E1));
#2789=CARTESIAN_POINT('',(1.633242399236E1,7.733433008907E0,-8.036280045289E1));
#2790=CARTESIAN_POINT('',(1.606214614402E1,8.266949867102E0,-7.964799120622E1));
#2791=CARTESIAN_POINT('',(1.582838897455E1,8.695678408487E0,-7.895770754218E1));
#2792=CARTESIAN_POINT('',(1.563877817063E1,9.024354140065E0,-7.832548513791E1));
#2793=CARTESIAN_POINT('',(1.548418688492E1,9.281333073030E0,-7.773951019936E1));
#2794=CARTESIAN_POINT('',(1.535130031490E1,9.494979045067E0,-7.715909431997E1));
#2795=CARTESIAN_POINT('',(1.522837885447E1,9.686892740094E0,-7.651615114818E1));
#2796=CARTESIAN_POINT('',(1.512114223410E1,9.849915276849E0,-7.578514772605E1));
#2797=CARTESIAN_POINT('',(1.504225116894E1,9.967302645028E0,-7.495655307032E1));
#2798=CARTESIAN_POINT('',(1.501998755288E1,9.999999073684E0,-7.432987707731E1));
#2799=CARTESIAN_POINT('',(1.501998668442E1,1.E1,-7.399999991980E1));
#2801=DIRECTION('',(-1.E0,0.E0,2.499885581968E-9));
#2802=VECTOR('',#2801,3.488001331559E1);
#2803=CARTESIAN_POINT('',(4.99E1,1.E1,-7.400000000700E1));
#2804=LINE('',#2803,#2802);
#2805=CARTESIAN_POINT('',(4.99E1,1.E1,-7.400000000700E1));
#2806=CARTESIAN_POINT('',(4.990000513351E1,9.999996372050E0,-7.440048371015E1));
#2807=CARTESIAN_POINT('',(4.993313917145E1,9.951049157423E0,-7.524533401773E1));
#2808=CARTESIAN_POINT('',(5.010612313380E1,9.693463909510E0,-7.659811677070E1));
#2809=CARTESIAN_POINT('',(5.044232437681E1,9.182327557527E0,-7.807055467645E1));
#2810=CARTESIAN_POINT('',(5.094769040957E1,8.380882733651E0,-7.954422579522E1));
#2811=CARTESIAN_POINT('',(5.159837876124E1,7.275437114324E0,-8.094697073392E1));
#2812=CARTESIAN_POINT('',(5.238549655811E1,5.763306492650E0,-8.225862189346E1));
#2813=CARTESIAN_POINT('',(5.312926457403E1,3.956351357061E0,-8.325813739240E1));
#2814=CARTESIAN_POINT('',(5.363097399285E1,2.079759690684E0,-8.384324112630E1));
#2815=CARTESIAN_POINT('',(5.383078727305E1,1.876483245678E-1,
-8.406023198343E1));
#2816=CARTESIAN_POINT('',(5.368816330078E1,-1.810222631477E0,
-8.390715809695E1));
#2817=CARTESIAN_POINT('',(5.317899403282E1,-3.809246986086E0,
-8.331966322142E1));
#2818=CARTESIAN_POINT('',(5.250253038287E1,-5.492749404273E0,
-8.241949635483E1));
#2819=CARTESIAN_POINT('',(5.184854112122E1,-6.808197870827E0,
-8.138085289630E1));
#2820=CARTESIAN_POINT('',(5.127910266361E1,-7.823273487637E0,
-8.028144793731E1));
#2821=CARTESIAN_POINT('',(5.082345567249E1,-8.577922755697E0,
-7.919018448462E1));
#2822=CARTESIAN_POINT('',(5.047790314155E1,-9.124649456924E0,
-7.814197638518E1));
#2823=CARTESIAN_POINT('',(5.022933769885E1,-9.506539910676E0,
-7.715555095909E1));
#2824=CARTESIAN_POINT('',(5.006249274945E1,-9.758189107181E0,
-7.624544689468E1));
#2825=CARTESIAN_POINT('',(4.996090553823E1,-9.909722820014E0,
-7.541670732690E1));
#2826=CARTESIAN_POINT('',(4.990937135979E1,-9.986137363811E0,
-7.466871730265E1));
#2827=CARTESIAN_POINT('',(4.990000051727E1,-9.999999641907E0,
-7.421436839869E1));
#2828=CARTESIAN_POINT('',(4.99E1,-1.E1,-7.399999998548E1));
#2830=DIRECTION('',(-1.E0,0.E0,-4.446463516918E-9));
#2831=VECTOR('',#2830,3.488001331559E1);
#2832=CARTESIAN_POINT('',(4.99E1,-1.E1,-7.399999998548E1));
#2833=LINE('',#2832,#2831);
#2834=CARTESIAN_POINT('',(1.501998668442E1,1.E1,-7.399999991980E1));
#2835=CARTESIAN_POINT('',(1.501998670982E1,9.999999983094E0,-7.390177496977E1));
#2836=CARTESIAN_POINT('',(1.502195902399E1,9.997096973829E0,-7.369667072622E1));
#2837=CARTESIAN_POINT('',(1.503232245334E1,9.981823339834E0,-7.336517052937E1));
#2838=CARTESIAN_POINT('',(1.505198929473E1,9.952749427995E0,-7.300492204599E1));
#2839=CARTESIAN_POINT('',(1.508328414809E1,9.906239835358E0,-7.261329747084E1));
#2840=CARTESIAN_POINT('',(1.512894235678E1,9.837830471138E0,-7.218762587983E1));
#2841=CARTESIAN_POINT('',(1.519204850283E1,9.742169806734E0,-7.172603495130E1));
#2842=CARTESIAN_POINT('',(1.527591226131E1,9.612983421735E0,-7.122748785782E1));
#2843=CARTESIAN_POINT('',(1.538385367205E1,9.443095852162E0,-7.069208356814E1));
#2844=CARTESIAN_POINT('',(1.551892979491E1,9.224436437290E0,-7.012126626203E1));
#2845=CARTESIAN_POINT('',(1.568344612064E1,8.948347563509E0,-6.951822605968E1));
#2846=CARTESIAN_POINT('',(1.588024484347E1,8.602648725447E0,-6.888289102517E1));
#2847=CARTESIAN_POINT('',(1.611123252534E1,8.172694355340E0,-6.821764719697E1));
#2848=CARTESIAN_POINT('',(1.637598067534E1,7.642376441374E0,-6.752927339157E1));
#2849=CARTESIAN_POINT('',(1.667237180803E1,6.990536695786E0,-6.682563020581E1));
#2850=CARTESIAN_POINT('',(1.699466488674E1,6.190437811109E0,-6.611961426315E1));
#2851=CARTESIAN_POINT('',(1.733002220772E1,5.212030813557E0,-6.543452110877E1));
#2852=CARTESIAN_POINT('',(1.765660288989E1,4.018321475131E0,-6.480547195997E1));
#2853=CARTESIAN_POINT('',(1.793710551362E1,2.570077516577E0,-6.428979766614E1));
#2854=CARTESIAN_POINT('',(1.811487829150E1,8.285263845179E-1,
-6.397356774104E1));
#2855=CARTESIAN_POINT('',(1.810114531043E1,-1.219649224069E0,
-6.399752179419E1));
#2856=CARTESIAN_POINT('',(1.782573702561E1,-3.311259538647E0,
-6.448963383892E1));
#2857=CARTESIAN_POINT('',(1.739522552808E1,-5.034620086377E0,
-6.530086390313E1));
#2858=CARTESIAN_POINT('',(1.693146260140E1,-6.377073318710E0,
-6.624578095880E1));
#2859=CARTESIAN_POINT('',(1.647881039940E1,-7.436426405279E0,
-6.726636478290E1));
#2860=CARTESIAN_POINT('',(1.607504692545E1,-8.249203334684E0,
-6.830154424634E1));
#2861=CARTESIAN_POINT('',(1.573319803156E1,-8.866890981484E0,
-6.932954732406E1));
#2862=CARTESIAN_POINT('',(1.546203653979E1,-9.319673405748E0,
-7.032432303285E1));
#2863=CARTESIAN_POINT('',(1.526049695338E1,-9.637972538275E0,
-7.127803093410E1));
#2864=CARTESIAN_POINT('',(1.512810001584E1,-9.839521510343E0,
-7.214921010844E1));
#2865=CARTESIAN_POINT('',(1.504432067788E1,-9.964258237067E0,
-7.300393081570E1));
#2866=CARTESIAN_POINT('',(1.501998749695E1,-9.999999029027E0,
-7.366001159506E1));
#2867=CARTESIAN_POINT('',(1.501998668441E1,-1.E1,-7.400000014057E1));
#2869=CARTESIAN_POINT('',(4.99E1,-1.E1,-7.399999998548E1));
#2870=CARTESIAN_POINT('',(4.990000728802E1,-9.999994863787E0,
-7.356183560613E1));
#2871=CARTESIAN_POINT('',(4.993980326911E1,-9.941212981745E0,
-7.263605277845E1));
#2872=CARTESIAN_POINT('',(5.014695734110E1,-9.632452766918E0,
-7.115649502737E1));
#2873=CARTESIAN_POINT('',(5.055080542874E1,-9.014811506195E0,
-6.955138192265E1));
#2874=CARTESIAN_POINT('',(5.113916778230E1,-8.067058908449E0,
-6.799222770472E1));
#2875=CARTESIAN_POINT('',(5.189139644297E1,-6.746318888473E0,
-6.651889526953E1));
#2876=CARTESIAN_POINT('',(5.275054374082E1,-4.961268790400E0,
-6.522300251135E1));
#2877=CARTESIAN_POINT('',(5.343492460094E1,-2.970821966084E0,
-6.437726284386E1));
#2878=CARTESIAN_POINT('',(5.378788586840E1,-1.008535571668E0,
-6.398560068327E1));
#2879=CARTESIAN_POINT('',(5.379202924377E1,1.009538674808E0,-6.398062862696E1));
#2880=CARTESIAN_POINT('',(5.341847833727E1,3.010049397931E0,-6.439663873265E1));
#2881=CARTESIAN_POINT('',(5.284094772980E1,4.692924638176E0,-6.511616978529E1));
#2882=CARTESIAN_POINT('',(5.225318506454E1,6.008568037537E0,-6.596257529916E1));
#2883=CARTESIAN_POINT('',(5.171895591980E1,7.041844717052E0,-6.686117522683E1));
#2884=CARTESIAN_POINT('',(5.126192023834E1,7.849110719658E0,-6.776872898240E1));
#2885=CARTESIAN_POINT('',(5.088617619170E1,8.474638774897E0,-6.865832985664E1));
#2886=CARTESIAN_POINT('',(5.058742122439E1,8.952436313273E0,-6.951213472827E1));
#2887=CARTESIAN_POINT('',(5.035708000332E1,9.310799621779E0,-7.031987985882E1));
#2888=CARTESIAN_POINT('',(5.018583523308E1,9.572197739393E0,-7.107355751999E1));
#2889=CARTESIAN_POINT('',(5.006371278232E1,9.756214717225E0,-7.177022661131E1));
#2890=CARTESIAN_POINT('',(4.998157700716E1,9.878922671841E0,-7.240828009358E1));
#2891=CARTESIAN_POINT('',(4.993099939379E1,9.954081118343E0,-7.299027386377E1));
#2892=CARTESIAN_POINT('',(4.990487523461E1,9.992785913041E0,-7.352008358848E1));
#2893=CARTESIAN_POINT('',(4.990000013483E1,9.999999905802E0,-7.384529223476E1));
#2894=CARTESIAN_POINT('',(4.99E1,1.E1,-7.400000000700E1));
#2896=CARTESIAN_POINT('',(4.99E1,-1.01E1,-7.400000002015E1));
#2897=DIRECTION('',(-1.334389686695E-9,-1.994991498311E-9,1.E0));
#2898=DIRECTION('',(1.E0,-5.257128066205E-10,1.334399257757E-9));
#2899=AXIS2_PLACEMENT_3D('',#2896,#2897,#2898);
#2901=CARTESIAN_POINT('',(6.5E1,-1.99E1,-7.4E1));
#2902=DIRECTION('',(0.E0,1.E0,0.E0));
#2903=DIRECTION('',(0.E0,0.E0,-1.E0));
#2904=AXIS2_PLACEMENT_3D('',#2901,#2902,#2903);
#2906=CARTESIAN_POINT('',(6.5E1,2.49E1,-7.4E1));
#2907=DIRECTION('',(0.E0,1.E0,0.E0));
#2908=DIRECTION('',(0.E0,0.E0,-1.E0));
#2909=AXIS2_PLACEMENT_3D('',#2906,#2907,#2908);
#2911=CARTESIAN_POINT('',(5.E1,-1.010000000002E1,-7.400000001882E1));
#2912=CARTESIAN_POINT('',(5.000000362336E1,-1.009998954206E1,
-7.355816857994E1));
#2913=CARTESIAN_POINT('',(5.003954134968E1,-1.004062755755E1,
-7.263256491604E1));
#2914=CARTESIAN_POINT('',(5.024532141231E1,-9.728776639187E0,
-7.114680385712E1));
#2915=CARTESIAN_POINT('',(5.064649557951E1,-9.104959796871E0,
-6.953672524356E1));
#2916=CARTESIAN_POINT('',(5.123096134086E1,-8.147729450477E0,
-6.797231463244E1));
#2917=CARTESIAN_POINT('',(5.197820839571E1,-6.813782089967E0,
-6.649412870135E1));
#2918=CARTESIAN_POINT('',(5.283166596538E1,-5.010881474925E0,
-6.519393818515E1));
#2919=CARTESIAN_POINT('',(5.351151450486E1,-3.000530186650E0,
-6.434539985644E1));
#2920=CARTESIAN_POINT('',(5.386213827970E1,-1.018620927142E0,
-6.395244031864E1));
#2921=CARTESIAN_POINT('',(5.386625421571E1,1.019634061492E0,-6.394745192789E1));
#2922=CARTESIAN_POINT('',(5.349517715622E1,3.040149891928E0,-6.436483951584E1));
#2923=CARTESIAN_POINT('',(5.292147125477E1,4.739853884553E0,-6.508675313089E1));
#2924=CARTESIAN_POINT('',(5.233760105749E1,6.068653717914E0,-6.593596130964E1));
#2925=CARTESIAN_POINT('',(5.180690985411E1,7.112263164222E0,-6.683753673404E1));
#2926=CARTESIAN_POINT('',(5.135290089901E1,7.927601826856E0,-6.774809563577E1));
#2927=CARTESIAN_POINT('',(5.097964522354E1,8.559385162642E0,-6.864064220286E1));
#2928=CARTESIAN_POINT('',(5.068286876596E1,9.041960676422E0,-6.949727426332E1));
#2929=CARTESIAN_POINT('',(5.045405298339E1,9.403907617936E0,-7.030769397051E1));
#2930=CARTESIAN_POINT('',(5.028394228468E1,9.667919717015E0,-7.106386753711E1));
#2931=CARTESIAN_POINT('',(5.016262859110E1,9.853776863546E0,-7.176284241971E1));
#2932=CARTESIAN_POINT('',(5.008103676434E1,9.977711901737E0,-7.240301261788E1));
#2933=CARTESIAN_POINT('',(5.003079409136E1,1.005362191767E1,-7.298691875566E1));
#2934=CARTESIAN_POINT('',(5.000484297976E1,1.009271381643E1,-7.351853791760E1));
#2935=CARTESIAN_POINT('',(5.000000006612E1,1.009999980950E1,-7.384468632205E1));
#2936=CARTESIAN_POINT('',(5.E1,1.010000000001E1,-7.399999999114E1));
#2938=CARTESIAN_POINT('',(5.E1,1.010000000001E1,-7.399999999114E1));
#2939=CARTESIAN_POINT('',(5.000000254717E1,1.009999261963E1,-7.440347897836E1));
#2940=CARTESIAN_POINT('',(5.003292089128E1,1.005056137366E1,-7.524868297897E1));
#2941=CARTESIAN_POINT('',(5.020475776253E1,9.790398086482E0,-7.660692737625E1));
#2942=CARTESIAN_POINT('',(5.053873290969E1,9.274150956927E0,-7.808397771614E1));
#2943=CARTESIAN_POINT('',(5.104075203970E1,8.464691527808E0,-7.956259906163E1));
#2944=CARTESIAN_POINT('',(5.168713122588E1,7.348191494357E0,-8.096996995506E1));
#2945=CARTESIAN_POINT('',(5.246903631436E1,5.820939555194E0,-8.228596939354E1));
#2946=CARTESIAN_POINT('',(5.320787871636E1,3.995914871270E0,-8.328879318978E1));
#2947=CARTESIAN_POINT('',(5.370626555569E1,2.100557287420E0,-8.387583471677E1));
#2948=CARTESIAN_POINT('',(5.390475556928E1,1.895248078594E-1,
-8.409354398934E1));
#2949=CARTESIAN_POINT('',(5.376307612659E1,-1.828324857804E0,
-8.393996326149E1));
#2950=CARTESIAN_POINT('',(5.325727884055E1,-3.847339455942E0,
-8.335052303282E1));
#2951=CARTESIAN_POINT('',(5.258529508232E1,-5.547676898321E0,
-8.244737547894E1));
#2952=CARTESIAN_POINT('',(5.193563687537E1,-6.876279849519E0,
-8.140529281871E1));
#2953=CARTESIAN_POINT('',(5.136996953343E1,-7.901506222576E0,
-8.030224738805E1));
#2954=CARTESIAN_POINT('',(5.091734007184E1,-8.663701983020E0,
-7.920737069677E1));
#2955=CARTESIAN_POINT('',(5.057407596905E1,-9.215895952366E0,
-7.815569090129E1));
#2956=CARTESIAN_POINT('',(5.032715665217E1,-9.601605306523E0,
-7.716600218246E1));
#2957=CARTESIAN_POINT('',(5.016141664717E1,-9.855771010417E0,
-7.625287327025E1));
#2958=CARTESIAN_POINT('',(5.006050215804E1,-1.000882000281E1,
-7.542143154781E1));
#2959=CARTESIAN_POINT('',(5.000930941818E1,-1.008599890688E1,
-7.467080792923E1));
#2960=CARTESIAN_POINT('',(5.000000025449E1,-1.009999927325E1,
-7.421534469775E1));
#2961=CARTESIAN_POINT('',(5.E1,-1.010000000002E1,-7.400000001882E1));
#2963=CARTESIAN_POINT('',(6.500000000276E1,-1.99E1,-8.89E1));
#2964=DIRECTION('',(-1.E0,0.E0,-1.855236103632E-10));
#2965=DIRECTION('',(1.855937625805E-10,0.E0,-1.E0));
#2966=AXIS2_PLACEMENT_3D('',#2963,#2964,#2965);
#2968=CARTESIAN_POINT('',(6.499999999724E1,-1.99E1,-5.91E1));
#2969=DIRECTION('',(1.E0,0.E0,1.855228748404E-10));
#2970=DIRECTION('',(-1.855937625805E-10,0.E0,1.E0));
#2971=AXIS2_PLACEMENT_3D('',#2968,#2969,#2970);
#2973=CARTESIAN_POINT('',(6.5E1,-1.99E1,-7.4E1));
#2974=DIRECTION('',(0.E0,1.E0,0.E0));
#2975=DIRECTION('',(0.E0,0.E0,1.E0));
#2976=AXIS2_PLACEMENT_3D('',#2973,#2974,#2975);
#2978=DIRECTION('',(-1.013157811615E-12,1.E0,0.E0));
#2979=VECTOR('',#2978,4.48E1);
#2980=CARTESIAN_POINT('',(6.500000000061E1,-1.99E1,-8.9E1));
#2981=LINE('',#2980,#2979);
#2982=CARTESIAN_POINT('',(6.5E1,2.49E1,-7.4E1));
#2983=DIRECTION('',(0.E0,1.E0,0.E0));
#2984=DIRECTION('',(0.E0,0.E0,1.E0));
#2985=AXIS2_PLACEMENT_3D('',#2982,#2983,#2984);
#2987=DIRECTION('',(1.013157811615E-12,1.E0,0.E0));
#2988=VECTOR('',#2987,4.48E1);
#2989=CARTESIAN_POINT('',(6.499999999939E1,-1.99E1,-5.9E1));
#2990=LINE('',#2989,#2988);
#2991=CARTESIAN_POINT('',(6.499999999740E1,2.49E1,-5.91E1));
#2992=DIRECTION('',(1.E0,0.E0,1.743115166097E-10));
#2993=DIRECTION('',(0.E0,1.E0,-4.526157226792E-11));
#2994=AXIS2_PLACEMENT_3D('',#2991,#2992,#2993);
#2996=CARTESIAN_POINT('',(6.5E1,2.5E1,-7.4E1));
#2997=DIRECTION('',(0.E0,1.E0,0.E0));
#2998=DIRECTION('',(0.E0,0.E0,1.E0));
#2999=AXIS2_PLACEMENT_3D('',#2996,#2997,#2998);
#3001=CARTESIAN_POINT('',(6.5E1,2.5E1,-7.4E1));
#3002=DIRECTION('',(0.E0,1.E0,0.E0));
#3003=DIRECTION('',(0.E0,0.E0,-1.E0));
#3004=AXIS2_PLACEMENT_3D('',#3001,#3002,#3003);
#3006=CARTESIAN_POINT('',(6.5E1,2.5E1,-7.4E1));
#3007=DIRECTION('',(0.E0,-1.E0,0.E0));
#3008=DIRECTION('',(0.E0,0.E0,-1.E0));
#3009=AXIS2_PLACEMENT_3D('',#3006,#3007,#3008);
#3011=CARTESIAN_POINT('',(6.5E1,2.5E1,-7.4E1));
#3012=DIRECTION('',(0.E0,-1.E0,0.E0));
#3013=DIRECTION('',(0.E0,0.E0,1.E0));
#3014=AXIS2_PLACEMENT_3D('',#3011,#3012,#3013);
#3016=CARTESIAN_POINT('',(6.500000000260E1,2.49E1,-8.89E1));
#3017=DIRECTION('',(-1.E0,0.E0,-1.743119953934E-10));
#3018=DIRECTION('',(0.E0,1.E0,4.547473508865E-11));
#3019=AXIS2_PLACEMENT_3D('',#3016,#3017,#3018);
#3021=CARTESIAN_POINT('',(6.499999999466E1,2.51E1,-8.41E1));
#3022=DIRECTION('',(1.E0,0.E0,-5.282424775377E-10));
#3023=DIRECTION('',(5.282174697641E-10,0.E0,1.E0));
#3024=AXIS2_PLACEMENT_3D('',#3021,#3022,#3023);
#3026=CARTESIAN_POINT('',(6.5E1,2.51E1,-7.4E1));
#3027=DIRECTION('',(0.E0,-1.E0,0.E0));
#3028=DIRECTION('',(0.E0,0.E0,-1.E0));
#3029=AXIS2_PLACEMENT_3D('',#3026,#3027,#3028);
#3031=DIRECTION('',(-4.960180414552E-11,1.E0,0.E0));
#3032=VECTOR('',#3031,4.8E0);
#3033=CARTESIAN_POINT('',(6.499999999917E1,2.51E1,-8.4E1));
#3034=LINE('',#3033,#3032);
#3035=CARTESIAN_POINT('',(6.5E1,2.99E1,-7.4E1));
#3036=DIRECTION('',(0.E0,-1.E0,0.E0));
#3037=DIRECTION('',(0.E0,0.E0,-1.E0));
#3038=AXIS2_PLACEMENT_3D('',#3035,#3036,#3037);
#3040=DIRECTION('',(4.960476474025E-11,1.E0,0.E0));
#3041=VECTOR('',#3040,4.8E0);
#3042=CARTESIAN_POINT('',(6.500000000083E1,2.51E1,-6.4E1));
#3043=LINE('',#3042,#3041);
#3044=CARTESIAN_POINT('',(6.5E1,2.51E1,-7.4E1));
#3045=DIRECTION('',(0.E0,-1.E0,0.E0));
#3046=DIRECTION('',(0.E0,0.E0,1.E0));
#3047=AXIS2_PLACEMENT_3D('',#3044,#3045,#3046);
#3049=CARTESIAN_POINT('',(6.5E1,2.99E1,-7.4E1));
#3050=DIRECTION('',(0.E0,-1.E0,0.E0));
#3051=DIRECTION('',(0.E0,0.E0,1.E0));
#3052=AXIS2_PLACEMENT_3D('',#3049,#3050,#3051);
#3054=CARTESIAN_POINT('',(6.500000000534E1,2.51E1,-6.39E1));
#3055=DIRECTION('',(-1.E0,0.E0,5.282412909868E-10));
#3056=DIRECTION('',(-5.282174697641E-10,0.E0,-1.E0));
#3057=AXIS2_PLACEMENT_3D('',#3054,#3055,#3056);
#3059=CARTESIAN_POINT('',(6.500000000611E1,2.99E1,-6.39E1));
#3060=DIRECTION('',(-1.E0,0.E0,6.051029954879E-10));
#3061=DIRECTION('',(0.E0,1.E0,-1.674784755323E-8));
#3062=AXIS2_PLACEMENT_3D('',#3059,#3060,#3061);
#3064=CARTESIAN_POINT('',(6.5E1,3.E1,-7.4E1));
#3065=DIRECTION('',(0.E0,1.E0,0.E0));
#3066=DIRECTION('',(0.E0,0.E0,-1.E0));
#3067=AXIS2_PLACEMENT_3D('',#3064,#3065,#3066);
#3069=CARTESIAN_POINT('',(6.5E1,3.E1,-7.4E1));
#3070=DIRECTION('',(0.E0,1.E0,0.E0));
#3071=DIRECTION('',(0.E0,0.E0,1.E0));
#3072=AXIS2_PLACEMENT_3D('',#3069,#3070,#3071);
#3074=CARTESIAN_POINT('',(6.5E1,3.E1,-7.4E1));
#3075=DIRECTION('',(0.E0,-1.E0,0.E0));
#3076=DIRECTION('',(0.E0,0.E0,1.E0));
#3077=AXIS2_PLACEMENT_3D('',#3074,#3075,#3076);
#3079=CARTESIAN_POINT('',(6.5E1,3.E1,-7.4E1));
#3080=DIRECTION('',(0.E0,-1.E0,0.E0));
#3081=DIRECTION('',(0.E0,0.E0,-1.E0));
#3082=AXIS2_PLACEMENT_3D('',#3079,#3080,#3081);
#3084=CARTESIAN_POINT('',(6.500000000285E1,2.95E1,-9.35E1));
#3085=DIRECTION('',(-1.E0,0.E0,-1.460485447857E-10));
#3086=DIRECTION('',(0.E0,1.E0,4.263256414561E-13));
#3087=AXIS2_PLACEMENT_3D('',#3084,#3085,#3086);
#3089=CARTESIAN_POINT('',(6.499999999715E1,2.95E1,-5.45E1));
#3090=DIRECTION('',(1.E0,0.E0,1.460493358196E-10));
#3091=DIRECTION('',(0.E0,1.E0,-4.263256414561E-13));
#3092=AXIS2_PLACEMENT_3D('',#3089,#3090,#3091);
#3094=CARTESIAN_POINT('',(6.5E1,2.95E1,-7.4E1));
#3095=DIRECTION('',(0.E0,1.E0,0.E0));
#3096=DIRECTION('',(0.E0,0.E0,1.E0));
#3097=AXIS2_PLACEMENT_3D('',#3094,#3095,#3096);
#3099=CARTESIAN_POINT('',(6.5E1,-2.95E1,-7.4E1));
#3100=DIRECTION('',(0.E0,-1.E0,0.E0));
#3101=DIRECTION('',(0.E0,0.E0,-1.E0));
#3102=AXIS2_PLACEMENT_3D('',#3099,#3100,#3101);
#3104=DIRECTION('',(1.110373563340E-13,1.E0,0.E0));
#3105=VECTOR('',#3104,5.9E1);
#3106=CARTESIAN_POINT('',(6.500000000051E1,-2.95E1,-5.4E1));
#3107=LINE('',#3106,#3105);
#3108=CARTESIAN_POINT('',(5.254972051430E1,-9.751322006087E-7,
-5.834782632455E1));
#3109=CARTESIAN_POINT('',(5.254980981289E1,-8.221739786141E-1,
-5.834779166258E1));
#3110=CARTESIAN_POINT('',(5.242753714475E1,-2.536732093612E0,
-5.844337782101E1));
#3111=CARTESIAN_POINT('',(5.177407941822E1,-5.368489133415E0,
-5.898318799737E1));
#3112=CARTESIAN_POINT('',(5.066040172105E1,-8.316640614642E0,
-6.001668802357E1));
#3113=CARTESIAN_POINT('',(4.918346820297E1,-1.129092181007E1,
-6.167404957034E1));
#3114=CARTESIAN_POINT('',(4.767661608450E1,-1.388254104412E1,
-6.388095460859E1));
#3115=CARTESIAN_POINT('',(4.647548599504E1,-1.578531366549E1,
-6.630524344073E1));
#3116=CARTESIAN_POINT('',(4.563135266504E1,-1.706632835542E1,
-6.879431296783E1));
#3117=CARTESIAN_POINT('',(4.512425777993E1,-1.781782156779E1,
-7.132423353349E1));
#3118=CARTESIAN_POINT('',(4.494287720105E1,-1.808371530417E1,
-7.391015806941E1));
#3119=CARTESIAN_POINT('',(4.510510467089E1,-1.784603695171E1,
-7.657785916282E1));
#3120=CARTESIAN_POINT('',(4.564466253767E1,-1.704700735577E1,
-7.929916689623E1));
#3121=CARTESIAN_POINT('',(4.661952475675E1,-1.556627516671E1,
-8.207306160157E1));
#3122=CARTESIAN_POINT('',(4.801531984082E1,-1.332751865238E1,
-8.468237713011E1));
#3123=CARTESIAN_POINT('',(4.949585339752E1,-1.069544699094E1,
-8.669551587831E1));
#3124=CARTESIAN_POINT('',(5.076062476469E1,-8.059013902729E0,
-8.807483864831E1));
#3125=CARTESIAN_POINT('',(5.178378911347E1,-5.318572007557E0,
-8.902479731408E1));
#3126=CARTESIAN_POINT('',(5.242446880603E1,-2.547267862722E0,
-8.955410282291E1));
#3127=CARTESIAN_POINT('',(5.254982234044E1,-8.352370463828E-1,
-8.965221301024E1));
#3128=CARTESIAN_POINT('',(5.254972051565E1,9.895731673998E-7,
-8.965217367652E1));
#3130=CARTESIAN_POINT('',(5.254972051565E1,9.895731673998E-7,
-8.965217367652E1));
#3131=CARTESIAN_POINT('',(5.254980974176E1,8.220998891426E-1,
-8.965220830411E1));
#3132=CARTESIAN_POINT('',(5.242755472244E1,2.536504988024E0,-8.955663463908E1));
#3133=CARTESIAN_POINT('',(5.177424563985E1,5.367918927709E0,-8.901695434801E1));
#3134=CARTESIAN_POINT('',(5.066071127567E1,8.315909226443E0,-8.798361374522E1));
#3135=CARTESIAN_POINT('',(4.918415826393E1,1.128962373108E1,-8.632677404918E1));
#3136=CARTESIAN_POINT('',(4.767749254915E1,1.388110987432E1,-8.412055218274E1));
#3137=CARTESIAN_POINT('',(4.647597414377E1,1.578456464330E1,-8.169592913419E1));
#3138=CARTESIAN_POINT('',(4.563167620713E1,1.706584623231E1,-7.920706510126E1));
#3139=CARTESIAN_POINT('',(4.512408372850E1,1.781807969684E1,-7.667505528815E1));
#3140=CARTESIAN_POINT('',(4.494297207915E1,1.808357545833E1,-7.408924346513E1));
#3141=CARTESIAN_POINT('',(4.510489523870E1,1.784634404155E1,-7.142420254753E1));
#3142=CARTESIAN_POINT('',(4.564418892134E1,1.704771606637E1,-6.870251378983E1));
#3143=CARTESIAN_POINT('',(4.661860651849E1,1.556768449272E1,-6.592913487123E1));
#3144=CARTESIAN_POINT('',(4.801394539435E1,1.332983139722E1,-6.331972302068E1));
#3145=CARTESIAN_POINT('',(4.949530249133E1,1.069657652848E1,-6.130506034039E1));
#3146=CARTESIAN_POINT('',(5.076072685191E1,8.058862501137E0,-5.992504705048E1));
#3147=CARTESIAN_POINT('',(5.178394061160E1,5.318027080063E0,-5.897507455481E1));
#3148=CARTESIAN_POINT('',(5.242442367348E1,2.547407635057E0,-5.844593530139E1));
#3149=CARTESIAN_POINT('',(5.254982230746E1,8.353023503919E-1,
-5.834778700112E1));
#3150=CARTESIAN_POINT('',(5.254972051430E1,-9.751322006087E-7,
-5.834782632455E1));
#3152=CARTESIAN_POINT('',(6.5E1,2.95E1,-7.4E1));
#3153=DIRECTION('',(0.E0,1.E0,0.E0));
#3154=DIRECTION('',(0.E0,0.E0,-1.E0));
#3155=AXIS2_PLACEMENT_3D('',#3152,#3153,#3154);
#3157=CARTESIAN_POINT('',(6.5E1,-2.95E1,-7.4E1));
#3158=DIRECTION('',(0.E0,-1.E0,0.E0));
#3159=DIRECTION('',(0.E0,0.E0,1.E0));
#3160=AXIS2_PLACEMENT_3D('',#3157,#3158,#3159);
#3162=DIRECTION('',(-1.110373563340E-13,1.E0,0.E0));
#3163=VECTOR('',#3162,5.9E1);
#3164=CARTESIAN_POINT('',(6.499999999949E1,-2.95E1,-9.4E1));
#3165=LINE('',#3164,#3163);
#3166=CARTESIAN_POINT('',(5.068217893671E1,2.619247259575E-6,
-5.599999999996E1));
#3167=DIRECTION('',(1.828569956521E-7,-1.E0,1.454868866341E-7));
#3168=DIRECTION('',(2.780116877444E-11,-1.454868866290E-7,-1.E0));
#3169=AXIS2_PLACEMENT_3D('',#3166,#3167,#3168);
#3171=CARTESIAN_POINT('',(2.600000000003E1,1.251696514209E-7,
-5.899999999996E1));
#3172=CARTESIAN_POINT('',(2.599996498670E1,-8.581766464073E-1,
-5.900001984454E1));
#3173=CARTESIAN_POINT('',(2.587544275953E1,-2.623966381549E0,
-5.914931984742E1));
#3174=CARTESIAN_POINT('',(2.528442108455E1,-5.295540808329E0,
-5.986915957737E1));
#3175=CARTESIAN_POINT('',(2.424820982008E1,-7.991930618571E0,
-6.117853504259E1));
#3176=CARTESIAN_POINT('',(2.280146296978E1,-1.052216594994E1,
-6.315037247216E1));
#3177=CARTESIAN_POINT('',(2.127673564366E1,-1.250650632261E1,
-6.554498128567E1));
#3178=CARTESIAN_POINT('',(2.003927678803E1,-1.382600616774E1,
-6.798954098155E1));
#3179=CARTESIAN_POINT('',(1.919410960712E1,-1.462166799393E1,
-7.037300435544E1));
#3180=CARTESIAN_POINT('',(1.875620836961E1,-1.500511022580E1,
-7.271009836983E1));
#3181=CARTESIAN_POINT('',(1.873060282602E1,-1.502703635353E1,
-7.507658335724E1));
#3182=CARTESIAN_POINT('',(1.917135583666E1,-1.464290720683E1,
-7.760408412004E1));
#3183=CARTESIAN_POINT('',(2.015733973473E1,-1.371779745827E1,
-8.032073075562E1));
#3184=CARTESIAN_POINT('',(2.162804293831E1,-1.209752046122E1,
-8.305431451140E1));
#3185=CARTESIAN_POINT('',(2.310059403865E1,-1.004030785938E1,
-8.526386143793E1));
#3186=CARTESIAN_POINT('',(2.426864231220E1,-7.887883816153E0,
-8.684083504551E1));
#3187=CARTESIAN_POINT('',(2.511668673157E1,-5.741771297439E0,
-8.792035840520E1));
#3188=CARTESIAN_POINT('',(2.566379506211E1,-3.666414883406E0,
-8.859375899605E1));
#3189=CARTESIAN_POINT('',(2.594813543161E1,-1.737308614679E0,
-8.893768715012E1));
#3190=CARTESIAN_POINT('',(2.599999013415E1,-5.570909125215E-1,
-8.899999475360E1));
#3191=CARTESIAN_POINT('',(2.600000000003E1,-1.248057966682E-7,
-8.900000000004E1));
#3193=DIRECTION('',(1.E0,1.970452069869E-8,-7.156617921072E-12));
#3194=VECTOR('',#3193,2.468217893677E1);
#3195=CARTESIAN_POINT('',(2.600000000003E1,1.251696514209E-7,
-5.899999999996E1));
#3196=LINE('',#3195,#3194);
#3197=CARTESIAN_POINT('',(5.068217893680E1,6.115201571692E-7,
-5.900000000014E1));
#3198=CARTESIAN_POINT('',(5.068218044859E1,-6.784156684812E-1,
-5.900000585558E1));
#3199=CARTESIAN_POINT('',(5.054171451472E1,-2.117066496701E0,
-5.909155238350E1));
#3200=CARTESIAN_POINT('',(4.979017879140E1,-4.472904116306E0,
-5.960889332815E1));
#3201=CARTESIAN_POINT('',(4.850946533917E1,-6.930758073004E0,
-6.059932472822E1));
#3202=CARTESIAN_POINT('',(4.681098753311E1,-9.409041426720E0,
-6.218763118507E1));
#3203=CARTESIAN_POINT('',(4.507810873842E1,-1.156880030264E1,
-6.430258140697E1));
#3204=CARTESIAN_POINT('',(4.369680882963E1,-1.315442373943E1,
-6.662585832225E1));
#3205=CARTESIAN_POINT('',(4.272605558221E1,-1.422194145753E1,
-6.901121658754E1));
#3206=CARTESIAN_POINT('',(4.214289644192E1,-1.484818430957E1,
-7.143572380457E1));
#3207=CARTESIAN_POINT('',(4.193430878381E1,-1.506976291315E1,
-7.391390148324E1));
#3208=CARTESIAN_POINT('',(4.212087036613E1,-1.487169715131E1,
-7.647044836249E1));
#3209=CARTESIAN_POINT('',(4.274136193729E1,-1.420584053724E1,
-7.907836828300E1));
#3210=CARTESIAN_POINT('',(4.386245339975E1,-1.297189198431E1,
-8.173668400691E1));
#3211=CARTESIAN_POINT('',(4.546761808001E1,-1.110628042136E1,
-8.423727818729E1));
#3212=CARTESIAN_POINT('',(4.717023042540E1,-8.912816969552E0,
-8.616653566089E1));
#3213=CARTESIAN_POINT('',(4.862472214336E1,-6.716052132834E0,
-8.748838849033E1));
#3214=CARTESIAN_POINT('',(4.980134380641E1,-4.431370006960E0,
-8.839875867237E1));
#3215=CARTESIAN_POINT('',(5.053819015929E1,-2.125609335727E0,
-8.890603543409E1));
#3216=CARTESIAN_POINT('',(5.068218573207E1,-6.898121545858E-1,
-8.899999388115E1));
#3217=CARTESIAN_POINT('',(5.068217893680E1,-6.205209082796E-7,
-8.899999999986E1));
#3219=CARTESIAN_POINT('',(2.599999999996E1,-1.338709477511E-6,
-5.600000000006E1));
#3220=DIRECTION('',(-5.148472506762E-8,-1.E0,-7.436824064175E-8));
#3221=DIRECTION('',(-1.E0,5.148472658573E-8,-2.041344989349E-8));
#3222=AXIS2_PLACEMENT_3D('',#3219,#3220,#3221);
#3224=CARTESIAN_POINT('',(2.599999999996E1,1.338524584287E-6,
-9.199999999994E1));
#3225=DIRECTION('',(-5.147761676413E-8,1.E0,7.435797076137E-8));
#3226=DIRECTION('',(-1.E0,-5.147761828175E-8,2.040967217461E-8));
#3227=AXIS2_PLACEMENT_3D('',#3224,#3225,#3226);
#3229=CARTESIAN_POINT('',(2.600000000003E1,-1.248057966682E-7,
-8.900000000004E1));
#3230=CARTESIAN_POINT('',(2.599996499126E1,8.581458228258E-1,
-8.899998015848E1));
#3231=CARTESIAN_POINT('',(2.587545422309E1,2.623853065678E0,-8.885069441168E1));
#3232=CARTESIAN_POINT('',(2.528448459013E1,5.295276811578E0,-8.813091628102E1));
#3233=CARTESIAN_POINT('',(2.424844343443E1,7.991451134369E0,-8.682176994258E1));
#3234=CARTESIAN_POINT('',(2.280154209983E1,1.052207691612E1,-8.484975457896E1));
#3235=CARTESIAN_POINT('',(2.127676865934E1,1.250645722691E1,-8.245506166700E1));
#3236=CARTESIAN_POINT('',(2.003946585774E1,1.382581340088E1,-8.001086189381E1));
#3237=CARTESIAN_POINT('',(1.919425927884E1,1.462153394973E1,-7.762751854927E1));
#3238=CARTESIAN_POINT('',(1.875629633979E1,1.500503423709E1,-7.529062972828E1));
#3239=CARTESIAN_POINT('',(1.873053341821E1,1.502709633683E1,-7.292437648604E1));
#3240=CARTESIAN_POINT('',(1.917106115094E1,1.464316615400E1,-7.039708416620E1));
#3241=CARTESIAN_POINT('',(2.015663309330E1,1.371849845249E1,-6.768082967645E1));
#3242=CARTESIAN_POINT('',(2.162729462453E1,1.209845561912E1,-6.494687651644E1));
#3243=CARTESIAN_POINT('',(2.310015034670E1,1.004104159697E1,-6.273675486854E1));
#3244=CARTESIAN_POINT('',(2.426836739265E1,7.888481292296E0,-6.115952252926E1));
#3245=CARTESIAN_POINT('',(2.511652610342E1,5.742279765697E0,-6.007984104432E1));
#3246=CARTESIAN_POINT('',(2.566373927281E1,3.666727864594E0,-5.940630858949E1));
#3247=CARTESIAN_POINT('',(2.594812981343E1,1.737425282047E0,-5.906231958486E1));
#3248=CARTESIAN_POINT('',(2.599999013044E1,5.571232805421E-1,
-5.900000524817E1));
#3249=CARTESIAN_POINT('',(2.600000000003E1,1.251696514209E-7,
-5.899999999996E1));
#3251=DIRECTION('',(1.E0,-2.008392828208E-8,7.135315035869E-12));
#3252=VECTOR('',#3251,2.468217893676E1);
#3253=CARTESIAN_POINT('',(2.600000000003E1,-1.248057966682E-7,
-8.900000000004E1));
#3254=LINE('',#3253,#3252);
#3255=CARTESIAN_POINT('',(5.068217893680E1,-6.205209082796E-7,
-8.899999999986E1));
#3256=CARTESIAN_POINT('',(5.068218043516E1,6.783561034540E-1,
-8.899999414468E1));
#3257=CARTESIAN_POINT('',(5.054173469734E1,2.116876232067E0,-8.890845954249E1));
#3258=CARTESIAN_POINT('',(4.979036995478E1,4.472429215507E0,-8.839124309017E1));
#3259=CARTESIAN_POINT('',(4.850982132470E1,6.930148510325E0,-8.740096446581E1));
#3260=CARTESIAN_POINT('',(4.681178110382E1,9.407959713664E0,-8.581315811726E1));
#3261=CARTESIAN_POINT('',(4.507911667261E1,1.156760765593E1,-8.369886260131E1));
#3262=CARTESIAN_POINT('',(4.369737020072E1,1.315379955567E1,-8.137526539540E1));
#3263=CARTESIAN_POINT('',(4.272642765560E1,1.422153968790E1,-7.899010406200E1));
#3264=CARTESIAN_POINT('',(4.214269628277E1,1.484839941722E1,-7.656359464950E1));
#3265=CARTESIAN_POINT('',(4.193441789362E1,1.506964637490E1,-7.408552498736E1));
#3266=CARTESIAN_POINT('',(4.212062951911E1,1.487195305964E1,-7.153152744326E1));
#3267=CARTESIAN_POINT('',(4.274081727851E1,1.420643112898E1,-6.892324237447E1));
#3268=CARTESIAN_POINT('',(4.386139742578E1,1.297306642421E1,-6.626542094618E1));
#3269=CARTESIAN_POINT('',(4.546603746646E1,1.110820770288E1,-6.376473445725E1));
#3270=CARTESIAN_POINT('',(4.716959688368E1,8.913758272687E0,-6.183401654857E1));
#3271=CARTESIAN_POINT('',(4.862483954216E1,6.715925883287E0,-6.051150197147E1));
#3272=CARTESIAN_POINT('',(4.980151803487E1,4.430916205075E0,-5.960111853359E1));
#3273=CARTESIAN_POINT('',(5.053813823592E1,2.125724676782E0,-5.909400110813E1));
#3274=CARTESIAN_POINT('',(5.068218573925E1,6.898690220958E-1,
-5.900000611589E1));
#3275=CARTESIAN_POINT('',(5.068217893680E1,6.115201571692E-7,
-5.900000000014E1));
#3277=CARTESIAN_POINT('',(5.068217893671E1,-2.603455922434E-6,
-9.200000000004E1));
#3278=DIRECTION('',(1.817545672307E-7,1.E0,-1.446097519513E-7));
#3279=DIRECTION('',(2.750984625278E-11,1.446097519463E-7,1.E0));
#3280=AXIS2_PLACEMENT_3D('',#3277,#3278,#3279);
#3282=CARTESIAN_POINT('',(6.500000000484E1,-2.95E1,-5.45E1));
#3283=DIRECTION('',(-1.E0,0.E0,2.479623797957E-10));
#3284=DIRECTION('',(0.E0,-1.E0,-1.534772309242E-12));
#3285=AXIS2_PLACEMENT_3D('',#3282,#3283,#3284);
#3287=CARTESIAN_POINT('',(6.5E1,-3.E1,-7.4E1));
#3288=DIRECTION('',(0.E0,-1.E0,0.E0));
#3289=DIRECTION('',(0.E0,0.E0,1.E0));
#3290=AXIS2_PLACEMENT_3D('',#3287,#3288,#3289);
#3292=CARTESIAN_POINT('',(6.5E1,-3.E1,-7.4E1));
#3293=DIRECTION('',(0.E0,-1.E0,0.E0));
#3294=DIRECTION('',(0.E0,0.E0,-1.E0));
#3295=AXIS2_PLACEMENT_3D('',#3292,#3293,#3294);
#3297=CARTESIAN_POINT('',(6.5E1,-3.E1,-7.4E1));
#3298=DIRECTION('',(0.E0,1.E0,0.E0));
#3299=DIRECTION('',(0.E0,0.E0,-1.E0));
#3300=AXIS2_PLACEMENT_3D('',#3297,#3298,#3299);
#3302=CARTESIAN_POINT('',(6.5E1,-3.E1,-7.4E1));
#3303=DIRECTION('',(0.E0,1.E0,0.E0));
#3304=DIRECTION('',(0.E0,0.E0,1.E0));
#3305=AXIS2_PLACEMENT_3D('',#3302,#3303,#3304);
#3307=CARTESIAN_POINT('',(6.499999999516E1,-2.95E1,-9.35E1));
#3308=DIRECTION('',(1.E0,0.E0,-2.479612001838E-10));
#3309=DIRECTION('',(0.E0,-1.E0,1.534772309242E-12));
#3310=AXIS2_PLACEMENT_3D('',#3307,#3308,#3309);
#3312=CARTESIAN_POINT('',(6.500000000006E1,-2.99E1,-7.91E1));
#3313=DIRECTION('',(-1.E0,0.E0,-1.143593553188E-11));
#3314=DIRECTION('',(0.E0,-1.E0,8.938854989538E-8));
#3315=AXIS2_PLACEMENT_3D('',#3312,#3313,#3314);
#3317=CARTESIAN_POINT('',(6.499999999994E1,-2.99E1,-6.89E1));
#3318=DIRECTION('',(1.E0,0.E0,1.143593553188E-11));
#3319=DIRECTION('',(0.E0,-1.E0,-8.938854989538E-8));
#3320=AXIS2_PLACEMENT_3D('',#3317,#3318,#3319);
#3322=CARTESIAN_POINT('',(6.5E1,-2.178978583449E1,-7.4E1));
#3323=DIRECTION('',(0.E0,-1.E0,0.E0));
#3324=DIRECTION('',(0.E0,0.E0,-1.E0));
#3325=AXIS2_PLACEMENT_3D('',#3322,#3323,#3324);
#3327=DIRECTION('',(1.314534181223E-9,1.E0,0.E0));
#3328=VECTOR('',#3327,8.110214165512E0);
#3329=CARTESIAN_POINT('',(6.499999998934E1,-2.99E1,-6.9E1));
#3330=LINE('',#3329,#3328);
#3331=CARTESIAN_POINT('',(6.5E1,-2.99E1,-7.4E1));
#3332=DIRECTION('',(0.E0,1.E0,0.E0));
#3333=DIRECTION('',(0.E0,0.E0,1.E0));
#3334=AXIS2_PLACEMENT_3D('',#3331,#3332,#3333);
#3336=DIRECTION('',(-1.314535933440E-9,1.E0,0.E0));
#3337=VECTOR('',#3336,8.110214165512E0);
#3338=CARTESIAN_POINT('',(6.500000001066E1,-2.99E1,-7.9E1));
#3339=LINE('',#3338,#3337);
#3340=CARTESIAN_POINT('',(6.5E1,-2.178978583449E1,-7.91E1));
#3341=DIRECTION('',(1.E0,0.E0,0.E0));
#3342=DIRECTION('',(0.E0,8.660254037844E-1,5.E-1));
#3343=AXIS2_PLACEMENT_3D('',#3340,#3341,#3342);
#3345=CARTESIAN_POINT('',(6.5E1,-2.170318329411E1,-7.4E1));
#3346=DIRECTION('',(0.E0,-1.E0,0.E0));
#3347=DIRECTION('',(0.E0,0.E0,-1.E0));
#3348=AXIS2_PLACEMENT_3D('',#3345,#3346,#3347);
#3350=DIRECTION('',(0.E0,5.E-1,-8.660254037844E-1));
#3351=VECTOR('',#3350,3.406366588219E0);
#3352=CARTESIAN_POINT('',(6.5E1,-2.170318329411E1,-7.905E1));
#3353=LINE('',#3352,#3351);
#3354=DIRECTION('',(0.E0,5.E-1,8.660254037844E-1));
#3355=VECTOR('',#3354,3.406366588219E0);
#3356=CARTESIAN_POINT('',(6.5E1,-2.170318329411E1,-6.895E1));
#3357=LINE('',#3356,#3355);
#3358=CARTESIAN_POINT('',(6.5E1,-2.170318329411E1,-7.4E1));
#3359=DIRECTION('',(0.E0,-1.E0,0.E0));
#3360=DIRECTION('',(0.E0,0.E0,1.E0));
#3361=AXIS2_PLACEMENT_3D('',#3358,#3359,#3360);
#3363=CARTESIAN_POINT('',(6.5E1,-2.178978583449E1,-6.89E1));
#3364=DIRECTION('',(-1.E0,0.E0,0.E0));
#3365=DIRECTION('',(0.E0,8.660254037844E-1,-5.E-1));
#3366=AXIS2_PLACEMENT_3D('',#3363,#3364,#3365);
#3368=CARTESIAN_POINT('',(6.5E1,-2.178978583449E1,-7.4E1));
#3369=DIRECTION('',(0.E0,-1.E0,0.E0));
#3370=DIRECTION('',(0.E0,0.E0,1.E0));
#3371=AXIS2_PLACEMENT_3D('',#3368,#3369,#3370);
#3373=CARTESIAN_POINT('',(6.5E1,-2.99E1,-7.4E1));
#3374=DIRECTION('',(0.E0,1.E0,0.E0));
#3375=DIRECTION('',(0.E0,0.E0,-1.E0));
#3376=AXIS2_PLACEMENT_3D('',#3373,#3374,#3375);
#3378=CARTESIAN_POINT('',(6.5E1,-2.E1,-7.4E1));
#3379=DIRECTION('',(0.E0,-1.E0,0.E0));
#3380=DIRECTION('',(0.E0,0.E0,-1.E0));
#3381=AXIS2_PLACEMENT_3D('',#3378,#3379,#3380);
#3383=CARTESIAN_POINT('',(6.5E1,-2.E1,-7.4E1));
#3384=DIRECTION('',(0.E0,1.E0,0.E0));
#3385=DIRECTION('',(0.E0,0.E0,-1.E0));
#3386=AXIS2_PLACEMENT_3D('',#3383,#3384,#3385);
#3388=CARTESIAN_POINT('',(6.5E1,-2.E1,-7.4E1));
#3389=DIRECTION('',(0.E0,1.E0,0.E0));
#3390=DIRECTION('',(0.E0,0.E0,1.E0));
#3391=AXIS2_PLACEMENT_3D('',#3388,#3389,#3390);
#3393=CARTESIAN_POINT('',(6.5E1,-2.E1,-7.4E1));
#3394=DIRECTION('',(0.E0,1.E0,0.E0));
#3395=DIRECTION('',(0.E0,0.E0,-1.E0));
#3396=AXIS2_PLACEMENT_3D('',#3393,#3394,#3395);
#3398=CARTESIAN_POINT('',(6.499999999389E1,2.99E1,-8.41E1));
#3399=DIRECTION('',(1.E0,0.E0,-6.051038420329E-10));
#3400=DIRECTION('',(0.E0,1.E0,1.674806071605E-8));
#3401=AXIS2_PLACEMENT_3D('',#3398,#3399,#3400);
#3403=CARTESIAN_POINT('',(4.99E1,1.01E1,-7.399999998419E1));
#3404=DIRECTION('',(-1.047197272736E-9,1.565619217766E-9,-1.E0));
#3405=DIRECTION('',(1.E0,3.726441377694E-10,-1.047197883963E-9));
#3406=AXIS2_PLACEMENT_3D('',#3403,#3404,#3405);
#3408=CARTESIAN_POINT('',(-1.939873734153E1,-2.474873734159E1,-1.099E2));
#3409=DIRECTION('',(1.138356076069E-11,1.E0,0.E0));
#3410=DIRECTION('',(-9.075996842967E-8,0.E0,-1.E0));
#3411=AXIS2_PLACEMENT_3D('',#3408,#3409,#3410);
#3413=CARTESIAN_POINT('',(-3.009873734153E1,-2.474873734147E1,-1.099E2));
#3414=DIRECTION('',(-1.138243665988E-11,-1.E0,0.E0));
#3415=DIRECTION('',(9.075996842967E-8,0.E0,-1.E0));
#3416=AXIS2_PLACEMENT_3D('',#3413,#3414,#3415);
#3418=CARTESIAN_POINT('',(-2.474873734153E1,-2.474873734153E1,-1.099E2));
#3419=DIRECTION('',(0.E0,0.E0,1.E0));
#3420=DIRECTION('',(-1.E0,0.E0,0.E0));
#3421=AXIS2_PLACEMENT_3D('',#3418,#3419,#3420);
#3423=CARTESIAN_POINT('',(-2.474873734153E1,-2.474873734153E1,-1.001E2));
#3424=DIRECTION('',(0.E0,0.E0,-1.E0));
#3425=DIRECTION('',(1.E0,0.E0,0.E0));
#3426=AXIS2_PLACEMENT_3D('',#3423,#3424,#3425);
#3428=DIRECTION('',(0.E0,-1.651113531612E-9,1.E0));
#3429=VECTOR('',#3428,9.8E0);
#3430=CARTESIAN_POINT('',(-2.999873734153E1,-2.474873732921E1,-1.099E2));
#3431=LINE('',#3430,#3429);
#3432=CARTESIAN_POINT('',(-2.474873734153E1,-2.474873734153E1,-1.099E2));
#3433=DIRECTION('',(0.E0,0.E0,1.E0));
#3434=DIRECTION('',(1.E0,0.E0,0.E0));
#3435=AXIS2_PLACEMENT_3D('',#3432,#3433,#3434);
#3437=CARTESIAN_POINT('',(-2.474873734153E1,-2.474873734153E1,-1.001E2));
#3438=DIRECTION('',(0.E0,0.E0,-1.E0));
#3439=DIRECTION('',(-1.E0,0.E0,0.E0));
#3440=AXIS2_PLACEMENT_3D('',#3437,#3438,#3439);
#3442=DIRECTION('',(0.E0,1.651112444047E-9,1.E0));
#3443=VECTOR('',#3442,9.8E0);
#3444=CARTESIAN_POINT('',(-1.949873734153E1,-2.474873735385E1,-1.099E2));
#3445=LINE('',#3444,#3443);
#3446=CARTESIAN_POINT('',(-3.009873734153E1,-2.474873734155E1,-1.001E2));
#3447=DIRECTION('',(-4.530043007378E-12,1.E0,0.E0));
#3448=DIRECTION('',(1.458338516613E-7,0.E0,1.E0));
#3449=AXIS2_PLACEMENT_3D('',#3446,#3447,#3448);
#3451=CARTESIAN_POINT('',(-1.939873734153E1,-2.474873734150E1,-1.001E2));
#3452=DIRECTION('',(4.530237296407E-12,-1.E0,0.E0));
#3453=DIRECTION('',(-1.458338516613E-7,0.E0,1.E0));
#3454=AXIS2_PLACEMENT_3D('',#3451,#3452,#3453);
#3456=CARTESIAN_POINT('',(-2.474873734159E1,1.939873734153E1,-1.099E2));
#3457=DIRECTION('',(1.E0,-1.138177052606E-11,0.E0));
#3458=DIRECTION('',(0.E0,9.075993290253E-8,-1.E0));
#3459=AXIS2_PLACEMENT_3D('',#3456,#3457,#3458);
#3461=CARTESIAN_POINT('',(-2.474873734147E1,3.009873734153E1,-1.099E2));
#3462=DIRECTION('',(-1.E0,1.138243665988E-11,0.E0));
#3463=DIRECTION('',(0.E0,-9.075996842967E-8,-1.E0));
#3464=AXIS2_PLACEMENT_3D('',#3461,#3462,#3463);
#3466=CARTESIAN_POINT('',(-2.474873734153E1,2.474873734153E1,-1.001E2));
#3467=DIRECTION('',(0.E0,0.E0,-1.E0));
#3468=DIRECTION('',(0.E0,-1.E0,0.E0));
#3469=AXIS2_PLACEMENT_3D('',#3466,#3467,#3468);
#3471=DIRECTION('',(-1.651113531612E-9,0.E0,1.E0));
#3472=VECTOR('',#3471,9.8E0);
#3473=CARTESIAN_POINT('',(-2.474873732921E1,2.999873734153E1,-1.099E2));
#3474=LINE('',#3473,#3472);
#3475=CARTESIAN_POINT('',(-2.474873734153E1,2.474873734153E1,-1.099E2));
#3476=DIRECTION('',(0.E0,0.E0,1.E0));
#3477=DIRECTION('',(0.E0,1.E0,0.E0));
#3478=AXIS2_PLACEMENT_3D('',#3475,#3476,#3477);
#3480=CARTESIAN_POINT('',(-2.474873734150E1,1.939873734153E1,-1.001E2));
#3481=DIRECTION('',(-1.E0,-4.530903430222E-12,0.E0));
#3482=DIRECTION('',(0.E0,1.458338516613E-7,1.E0));
#3483=AXIS2_PLACEMENT_3D('',#3480,#3481,#3482);
#3485=CARTESIAN_POINT('',(-2.474873734155E1,3.009873734153E1,-1.001E2));
#3486=DIRECTION('',(1.E0,4.531819364217E-12,0.E0));
#3487=DIRECTION('',(0.E0,-1.458338871885E-7,1.E0));
#3488=AXIS2_PLACEMENT_3D('',#3485,#3486,#3487);
#3490=CARTESIAN_POINT('',(-2.474873734153E1,2.474873734153E1,-1.001E2));
#3491=DIRECTION('',(0.E0,0.E0,-1.E0));
#3492=DIRECTION('',(0.E0,1.E0,0.E0));
#3493=AXIS2_PLACEMENT_3D('',#3490,#3491,#3492);
#3495=DIRECTION('',(1.651113169090E-9,0.E0,1.E0));
#3496=VECTOR('',#3495,9.8E0);
#3497=CARTESIAN_POINT('',(-2.474873735385E1,1.949873734153E1,-1.099E2));
#3498=LINE('',#3497,#3496);
#3499=CARTESIAN_POINT('',(-2.474873734153E1,2.474873734153E1,-1.099E2));
#3500=DIRECTION('',(0.E0,0.E0,1.E0));
#3501=DIRECTION('',(0.E0,-1.E0,0.E0));
#3502=AXIS2_PLACEMENT_3D('',#3499,#3500,#3501);
#3504=CARTESIAN_POINT('',(1.939873734153E1,2.474873734159E1,-1.099E2));
#3505=DIRECTION('',(-1.138349137175E-11,-1.E0,0.E0));
#3506=DIRECTION('',(9.076000395681E-8,0.E0,-1.E0));
#3507=AXIS2_PLACEMENT_3D('',#3504,#3505,#3506);
#3509=CARTESIAN_POINT('',(3.009873734153E1,2.474873734147E1,-1.099E2));
#3510=DIRECTION('',(1.138236727094E-11,1.E0,0.E0));
#3511=DIRECTION('',(-9.075996842967E-8,0.E0,-1.E0));
#3512=AXIS2_PLACEMENT_3D('',#3509,#3510,#3511);
#3514=CARTESIAN_POINT('',(2.474873734153E1,2.474873734153E1,-1.001E2));
#3515=DIRECTION('',(0.E0,0.E0,-1.E0));
#3516=DIRECTION('',(-1.E0,0.E0,0.E0));
#3517=AXIS2_PLACEMENT_3D('',#3514,#3515,#3516);
#3519=DIRECTION('',(0.E0,1.651113531612E-9,1.E0));
#3520=VECTOR('',#3519,9.8E0);
#3521=CARTESIAN_POINT('',(2.999873734153E1,2.474873732921E1,-1.099E2));
#3522=LINE('',#3521,#3520);
#3523=CARTESIAN_POINT('',(2.474873734153E1,2.474873734153E1,-1.099E2));
#3524=DIRECTION('',(0.E0,0.E0,1.E0));
#3525=DIRECTION('',(1.E0,0.E0,0.E0));
#3526=AXIS2_PLACEMENT_3D('',#3523,#3524,#3525);
#3528=CARTESIAN_POINT('',(1.939873734153E1,2.474873734150E1,-1.001E2));
#3529=DIRECTION('',(-4.530043007378E-12,1.E0,0.E0));
#3530=DIRECTION('',(1.458338516613E-7,0.E0,1.E0));
#3531=AXIS2_PLACEMENT_3D('',#3528,#3529,#3530);
#3533=CARTESIAN_POINT('',(3.009873734153E1,2.474873734155E1,-1.001E2));
#3534=DIRECTION('',(4.531819364217E-12,-1.E0,0.E0));
#3535=DIRECTION('',(-1.458338516613E-7,0.E0,1.E0));
#3536=AXIS2_PLACEMENT_3D('',#3533,#3534,#3535);
#3538=CARTESIAN_POINT('',(2.474873734153E1,2.474873734153E1,-1.001E2));
#3539=DIRECTION('',(0.E0,0.E0,-1.E0));
#3540=DIRECTION('',(1.E0,0.E0,0.E0));
#3541=AXIS2_PLACEMENT_3D('',#3538,#3539,#3540);
#3543=DIRECTION('',(0.E0,-1.651113169090E-9,1.E0));
#3544=VECTOR('',#3543,9.8E0);
#3545=CARTESIAN_POINT('',(1.949873734153E1,2.474873735385E1,-1.099E2));
#3546=LINE('',#3545,#3544);
#3547=CARTESIAN_POINT('',(2.474873734153E1,2.474873734153E1,-1.099E2));
#3548=DIRECTION('',(0.E0,0.E0,1.E0));
#3549=DIRECTION('',(-1.E0,0.E0,0.E0));
#3550=AXIS2_PLACEMENT_3D('',#3547,#3548,#3549);
#3552=CARTESIAN_POINT('',(2.474873734159E1,-1.939873734153E1,-1.099E2));
#3553=DIRECTION('',(-1.E0,1.138170113713E-11,0.E0));
#3554=DIRECTION('',(0.E0,-9.075996842967E-8,-1.E0));
#3555=AXIS2_PLACEMENT_3D('',#3552,#3553,#3554);
#3557=CARTESIAN_POINT('',(2.474873734147E1,-3.009873734153E1,-1.099E2));
#3558=DIRECTION('',(1.E0,-1.138326932715E-11,0.E0));
#3559=DIRECTION('',(0.E0,9.076000395681E-8,-1.E0));
#3560=AXIS2_PLACEMENT_3D('',#3557,#3558,#3559);
#3562=CARTESIAN_POINT('',(2.474873734153E1,-2.474873734153E1,-1.001E2));
#3563=DIRECTION('',(0.E0,0.E0,-1.E0));
#3564=DIRECTION('',(0.E0,1.E0,0.E0));
#3565=AXIS2_PLACEMENT_3D('',#3562,#3563,#3564);
#3567=DIRECTION('',(1.651113894134E-9,0.E0,1.E0));
#3568=VECTOR('',#3567,9.8E0);
#3569=CARTESIAN_POINT('',(2.474873732921E1,-2.999873734153E1,-1.099E2));
#3570=LINE('',#3569,#3568);
#3571=CARTESIAN_POINT('',(2.474873734153E1,-2.474873734153E1,-1.099E2));
#3572=DIRECTION('',(0.E0,0.E0,1.E0));
#3573=DIRECTION('',(0.E0,-1.E0,0.E0));
#3574=AXIS2_PLACEMENT_3D('',#3571,#3572,#3573);
#3576=CARTESIAN_POINT('',(2.474873734150E1,-1.939873734153E1,-1.001E2));
#3577=DIRECTION('',(1.E0,4.531819364217E-12,0.E0));
#3578=DIRECTION('',(0.E0,-1.458338516613E-7,1.E0));
#3579=AXIS2_PLACEMENT_3D('',#3576,#3577,#3578);
#3581=CARTESIAN_POINT('',(2.474873734155E1,-3.009873734153E1,-1.001E2));
#3582=DIRECTION('',(-1.E0,-4.530903430222E-12,0.E0));
#3583=DIRECTION('',(0.E0,1.458339582428E-7,1.E0));
#3584=AXIS2_PLACEMENT_3D('',#3581,#3582,#3583);
#3586=CARTESIAN_POINT('',(2.474873734153E1,-2.474873734153E1,-1.001E2));
#3587=DIRECTION('',(0.E0,0.E0,-1.E0));
#3588=DIRECTION('',(0.E0,-1.E0,0.E0));
#3589=AXIS2_PLACEMENT_3D('',#3586,#3587,#3588);
#3591=DIRECTION('',(-1.651112444047E-9,0.E0,1.E0));
#3592=VECTOR('',#3591,9.8E0);
#3593=CARTESIAN_POINT('',(2.474873735385E1,-1.949873734153E1,-1.099E2));
#3594=LINE('',#3593,#3592);
#3595=CARTESIAN_POINT('',(2.474873734153E1,-2.474873734153E1,-1.099E2));
#3596=DIRECTION('',(0.E0,0.E0,1.E0));
#3597=DIRECTION('',(0.E0,1.E0,0.E0));
#3598=AXIS2_PLACEMENT_3D('',#3595,#3596,#3597);
#3600=CARTESIAN_POINT('',(-2.077060745620E-12,-2.6E1,4.381780460041E1));
#3601=DIRECTION('',(1.E0,-7.988748551568E-14,0.E0));
#3602=DIRECTION('',(6.109043007887E-14,7.647058823529E-1,-6.443794794179E-1));
#3603=AXIS2_PLACEMENT_3D('',#3600,#3601,#3602);
#3605=CARTESIAN_POINT('',(2.074063143453E-12,2.6E1,4.381780460041E1));
#3606=DIRECTION('',(-1.E0,7.976952431932E-14,0.E0));
#3607=DIRECTION('',(-6.100022450083E-14,-7.647058823529E-1,-6.443794794179E-1));
#3608=AXIS2_PLACEMENT_3D('',#3605,#3606,#3607);
#3610=CARTESIAN_POINT('',(0.E0,0.E0,8.95E1));
#3611=DIRECTION('',(0.E0,0.E0,-1.E0));
#3612=DIRECTION('',(0.E0,-1.E0,0.E0));
#3613=AXIS2_PLACEMENT_3D('',#3610,#3611,#3612);
#3615=CARTESIAN_POINT('',(0.E0,0.E0,4.381780460041E1));
#3616=DIRECTION('',(0.E0,0.E0,1.E0));
#3617=DIRECTION('',(0.E0,1.E0,0.E0));
#3618=AXIS2_PLACEMENT_3D('',#3615,#3616,#3617);
#3620=CARTESIAN_POINT('',(2.747062688435E-9,-2.25E1,8.95E1));
#3621=DIRECTION('',(-1.E0,-1.220916735767E-10,0.E0));
#3622=DIRECTION('',(1.220916735767E-10,-1.E0,0.E0));
#3623=AXIS2_PLACEMENT_3D('',#3620,#3621,#3622);
#3625=CARTESIAN_POINT('',(-2.747070126929E-9,2.25E1,8.95E1));
#3626=DIRECTION('',(1.E0,1.220920031741E-10,0.E0));
#3627=DIRECTION('',(-1.220920031741E-10,1.E0,0.E0));
#3628=AXIS2_PLACEMENT_3D('',#3625,#3626,#3627);
#3630=CARTESIAN_POINT('',(0.E0,0.E0,8.95E1));
#3631=DIRECTION('',(0.E0,0.E0,-1.E0));
#3632=DIRECTION('',(0.E0,1.E0,0.E0));
#3633=AXIS2_PLACEMENT_3D('',#3630,#3631,#3632);
#3635=DIRECTION('',(1.908399099261E-12,0.E0,-1.E0));
#3636=VECTOR('',#3635,4.568219539959E1);
#3637=CARTESIAN_POINT('',(-8.844117105333E-11,2.3E1,8.95E1));
#3638=LINE('',#3637,#3636);
#3639=CARTESIAN_POINT('',(0.E0,0.E0,4.381780460041E1));
#3640=DIRECTION('',(0.E0,0.E0,1.E0));
#3641=DIRECTION('',(0.E0,-1.E0,0.E0));
#3642=AXIS2_PLACEMENT_3D('',#3639,#3640,#3641);
#3644=DIRECTION('',(-1.908161231800E-12,0.E0,-1.E0));
#3645=VECTOR('',#3644,4.568219539959E1);
#3646=CARTESIAN_POINT('',(8.843578647166E-11,-2.3E1,8.95E1));
#3647=LINE('',#3646,#3645);
#3648=CARTESIAN_POINT('',(0.E0,0.E0,9.E1));
#3649=DIRECTION('',(0.E0,0.E0,-1.E0));
#3650=DIRECTION('',(0.E0,-1.E0,0.E0));
#3651=AXIS2_PLACEMENT_3D('',#3648,#3649,#3650);
#3653=CARTESIAN_POINT('',(0.E0,0.E0,9.E1));
#3654=DIRECTION('',(0.E0,0.E0,-1.E0));
#3655=DIRECTION('',(0.E0,1.E0,0.E0));
#3656=AXIS2_PLACEMENT_3D('',#3653,#3654,#3655);
#3658=CARTESIAN_POINT('',(0.E0,0.E0,9.E1));
#3659=DIRECTION('',(0.E0,0.E0,1.E0));
#3660=DIRECTION('',(0.E0,-1.E0,0.E0));
#3661=AXIS2_PLACEMENT_3D('',#3658,#3659,#3660);
#3663=CARTESIAN_POINT('',(0.E0,0.E0,9.E1));
#3664=DIRECTION('',(0.E0,0.E0,1.E0));
#3665=DIRECTION('',(0.E0,1.E0,0.E0));
#3666=AXIS2_PLACEMENT_3D('',#3663,#3664,#3665);
#3668=CARTESIAN_POINT('',(-5.194470964476E-9,-1.947423856868E1,9.01E1));
#3669=DIRECTION('',(1.E0,-2.667355086805E-10,0.E0));
#3670=DIRECTION('',(0.E0,4.791331775778E-9,-1.E0));
#3671=AXIS2_PLACEMENT_3D('',#3668,#3669,#3670);
#3673=CARTESIAN_POINT('',(5.194467411762E-9,1.947423856868E1,9.01E1));
#3674=DIRECTION('',(-1.E0,2.667353282693E-10,0.E0));
#3675=DIRECTION('',(0.E0,-4.791331775778E-9,-1.E0));
#3676=AXIS2_PLACEMENT_3D('',#3673,#3674,#3675);
#3678=CARTESIAN_POINT('',(0.E0,0.E0,9.49E1));
#3679=DIRECTION('',(0.E0,0.E0,1.E0));
#3680=DIRECTION('',(0.E0,1.E0,0.E0));
#3681=AXIS2_PLACEMENT_3D('',#3678,#3679,#3680);
#3683=CARTESIAN_POINT('',(0.E0,0.E0,9.01E1));
#3684=DIRECTION('',(0.E0,0.E0,1.E0));
#3685=DIRECTION('',(0.E0,1.E0,0.E0));
#3686=AXIS2_PLACEMENT_3D('',#3683,#3684,#3685);
#3688=CARTESIAN_POINT('',(2.845222280001E-9,1.947423856868E1,9.49E1));
#3689=DIRECTION('',(-1.E0,1.461018493687E-10,0.E0));
#3690=DIRECTION('',(-1.461018493687E-10,-1.E0,0.E0));
#3691=AXIS2_PLACEMENT_3D('',#3688,#3689,#3690);
#3693=CARTESIAN_POINT('',(-2.845226831916E-9,-1.947423856868E1,9.49E1));
#3694=DIRECTION('',(1.E0,-1.461020818216E-10,0.E0));
#3695=DIRECTION('',(1.461020818216E-10,1.E0,0.E0));
#3696=AXIS2_PLACEMENT_3D('',#3693,#3694,#3695);
#3698=CARTESIAN_POINT('',(0.E0,0.E0,9.49E1));
#3699=DIRECTION('',(0.E0,0.E0,1.E0));
#3700=DIRECTION('',(0.E0,-1.E0,0.E0));
#3701=AXIS2_PLACEMENT_3D('',#3698,#3699,#3700);
#3703=DIRECTION('',(1.309651143320E-10,0.E0,-1.E0));
#3704=VECTOR('',#3703,4.8E0);
#3705=CARTESIAN_POINT('',(3.150162214416E-10,1.937423856868E1,9.49E1));
#3706=LINE('',#3705,#3704);
#3707=CARTESIAN_POINT('',(0.E0,0.E0,9.01E1));
#3708=DIRECTION('',(0.E0,0.E0,1.E0));
#3709=DIRECTION('',(0.E0,-1.E0,0.E0));
#3710=AXIS2_PLACEMENT_3D('',#3707,#3708,#3709);
#3712=DIRECTION('',(-1.309648252114E-10,0.E0,-1.E0));
#3713=VECTOR('',#3712,4.8E0);
#3714=CARTESIAN_POINT('',(-3.150220501125E-10,-1.937423856868E1,9.49E1));
#3715=LINE('',#3714,#3713);
#3716=CARTESIAN_POINT('',(0.E0,0.E0,9.5E1));
#3717=DIRECTION('',(0.E0,0.E0,-1.E0));
#3718=DIRECTION('',(0.E0,-1.E0,0.E0));
#3719=AXIS2_PLACEMENT_3D('',#3716,#3717,#3718);
#3721=CARTESIAN_POINT('',(0.E0,0.E0,9.5E1));
#3722=DIRECTION('',(0.E0,0.E0,-1.E0));
#3723=DIRECTION('',(0.E0,1.E0,0.E0));
#3724=AXIS2_PLACEMENT_3D('',#3721,#3722,#3723);
#3726=CARTESIAN_POINT('',(0.E0,0.E0,9.5E1));
#3727=DIRECTION('',(0.E0,0.E0,1.E0));
#3728=DIRECTION('',(0.E0,-1.E0,0.E0));
#3729=AXIS2_PLACEMENT_3D('',#3726,#3727,#3728);
#3731=CARTESIAN_POINT('',(0.E0,0.E0,9.5E1));
#3732=DIRECTION('',(0.E0,0.E0,1.E0));
#3733=DIRECTION('',(0.E0,1.E0,0.E0));
#3734=AXIS2_PLACEMENT_3D('',#3731,#3732,#3733);
#3736=CARTESIAN_POINT('',(2.757123751529E-9,-2.0455E1,9.55E1));
#3737=DIRECTION('',(-1.E0,-1.347897245207E-10,0.E0));
#3738=DIRECTION('',(0.E0,3.552713678801E-13,-1.E0));
#3739=AXIS2_PLACEMENT_3D('',#3736,#3737,#3738);
#3741=CARTESIAN_POINT('',(-2.757130745934E-9,2.0455E1,9.55E1));
#3742=DIRECTION('',(1.E0,1.347900679960E-10,0.E0));
#3743=DIRECTION('',(0.E0,-3.623767952377E-13,-1.E0));
#3744=AXIS2_PLACEMENT_3D('',#3741,#3742,#3743);
#3746=CARTESIAN_POINT('',(0.E0,0.E0,1.129585786438E2));
#3747=DIRECTION('',(0.E0,0.E0,-1.E0));
#3748=DIRECTION('',(0.E0,1.E0,0.E0));
#3749=AXIS2_PLACEMENT_3D('',#3746,#3747,#3748);
#3751=DIRECTION('',(1.131862449952E-10,0.E0,-1.E0));
#3752=VECTOR('',#3751,1.745857864378E1);
#3753=CARTESIAN_POINT('',(-1.465915916432E-9,2.0955E1,1.129585786438E2));
#3754=LINE('',#3753,#3752);
#3755=CARTESIAN_POINT('',(0.E0,0.E0,9.55E1));
#3756=DIRECTION('',(0.E0,0.E0,-1.E0));
#3757=DIRECTION('',(0.E0,1.E0,0.E0));
#3758=AXIS2_PLACEMENT_3D('',#3755,#3756,#3757);
#3760=DIRECTION('',(-1.131859119329E-10,0.E0,-1.E0));
#3761=VECTOR('',#3760,1.745857864378E1);
#3762=CARTESIAN_POINT('',(1.465910420828E-9,-2.0955E1,1.129585786438E2));
#3763=LINE('',#3762,#3761);
#3764=CARTESIAN_POINT('',(-5.205983089063E-9,2.0855E1,1.129585786438E2));
#3765=DIRECTION('',(1.E0,2.496275720854E-10,0.E0));
#3766=DIRECTION('',(-2.496275720854E-10,1.E0,5.029221483710E-10));
#3767=AXIS2_PLACEMENT_3D('',#3764,#3765,#3766);
#3769=CARTESIAN_POINT('',(5.205980757594E-9,-2.0855E1,1.129585786438E2));
#3770=DIRECTION('',(-1.E0,-2.496274645325E-10,0.E0));
#3771=DIRECTION('',(2.496274645325E-10,-1.E0,5.030642569181E-10));
#3772=AXIS2_PLACEMENT_3D('',#3769,#3770,#3771);
#3774=CARTESIAN_POINT('',(0.E0,0.E0,1.129585786438E2));
#3775=DIRECTION('',(0.E0,0.E0,-1.E0));
#3776=DIRECTION('',(0.E0,-1.E0,0.E0));
#3777=AXIS2_PLACEMENT_3D('',#3774,#3775,#3776);
#3779=CARTESIAN_POINT('',(0.E0,0.E0,9.55E1));
#3780=DIRECTION('',(0.E0,0.E0,-1.E0));
#3781=DIRECTION('',(0.E0,-1.E0,0.E0));
#3782=AXIS2_PLACEMENT_3D('',#3779,#3780,#3781);
#3784=CARTESIAN_POINT('',(-1.977667393172E-14,0.E0,1.130292893219E2));
#3785=DIRECTION('',(0.E0,0.E0,-1.E0));
#3786=DIRECTION('',(6.038484678709E-11,-1.E0,0.E0));
#3787=AXIS2_PLACEMENT_3D('',#3784,#3785,#3786);
#3789=CARTESIAN_POINT('',(-1.977667393172E-14,0.E0,1.149707106781E2));
#3790=DIRECTION('',(0.E0,0.E0,1.E0));
#3791=DIRECTION('',(-6.038337641720E-11,1.E0,0.E0));
#3792=AXIS2_PLACEMENT_3D('',#3789,#3790,#3791);
#3794=DIRECTION('',(4.542020589716E-8,7.071067811866E-1,7.071067811865E-1));
#3795=VECTOR('',#3794,2.745584408883E0);
#3796=CARTESIAN_POINT('',(2.095649504748E-9,-2.092571067609E1,
1.130292893239E2));
#3797=LINE('',#3796,#3795);
#3798=CARTESIAN_POINT('',(0.E0,0.E0,1.130292893219E2));
#3799=DIRECTION('',(0.E0,0.E0,-1.E0));
#3800=DIRECTION('',(-6.038446375547E-11,1.E0,0.E0));
#3801=AXIS2_PLACEMENT_3D('',#3798,#3799,#3800);
#3803=CARTESIAN_POINT('',(0.E0,0.E0,1.149707106781E2));
#3804=DIRECTION('',(0.E0,0.E0,1.E0));
#3805=DIRECTION('',(6.038389604814E-11,-1.E0,0.E0));
#3806=AXIS2_PLACEMENT_3D('',#3803,#3804,#3805);
#3808=DIRECTION('',(-4.542020770520E-8,-7.071067811865E-1,7.071067811865E-1));
#3809=VECTOR('',#3808,2.745584408883E0);
#3810=CARTESIAN_POINT('',(-2.095662487898E-9,2.092571067609E1,
1.130292893239E2));
#3811=LINE('',#3810,#3809);
#3812=CARTESIAN_POINT('',(1.142484662431E-9,-1.891357864376E1,1.149E2));
#3813=DIRECTION('',(1.E0,6.040552780195E-11,0.E0));
#3814=DIRECTION('',(0.E0,-3.552713678801E-14,1.E0));
#3815=AXIS2_PLACEMENT_3D('',#3812,#3813,#3814);
#3817=CARTESIAN_POINT('',(-1.142495557321E-9,1.891357864376E1,1.149E2));
#3818=DIRECTION('',(-1.E0,-6.040505595717E-11,0.E0));
#3819=DIRECTION('',(0.E0,1.065814103640E-13,1.E0));
#3820=AXIS2_PLACEMENT_3D('',#3817,#3818,#3819);
#3822=CARTESIAN_POINT('',(-5.151374993240E-9,1.396266598742E2,-2.01E1));
#3823=DIRECTION('',(1.E0,0.E0,-2.562873177570E-10));
#3824=DIRECTION('',(0.E0,1.E0,4.551594656732E-9));
#3825=AXIS2_PLACEMENT_3D('',#3822,#3823,#3824);
#3827=CARTESIAN_POINT('',(3.271539671783E1,3.041421358102E0,-1.917097508520E1));
#3828=DIRECTION('',(-1.633538930813E-1,-6.976085957094E-1,-6.976085957094E-1));
#3829=DIRECTION('',(9.467490292442E-1,8.801552166872E-2,-3.097088044769E-1));
#3830=AXIS2_PLACEMENT_3D('',#3827,#3828,#3829);
#3832=CARTESIAN_POINT('',(3.779348167754E-9,9.E-1,1.46E1));
#3833=DIRECTION('',(-1.E0,0.E0,2.588594685826E-10));
#3834=DIRECTION('',(0.E0,1.E0,-5.507914124792E-9));
#3835=AXIS2_PLACEMENT_3D('',#3832,#3833,#3834);
#3837=CARTESIAN_POINT('',(0.E0,9.E-1,0.E0));
#3838=DIRECTION('',(0.E0,-1.E0,0.E0));
#3839=DIRECTION('',(0.E0,0.E0,1.E0));
#3840=AXIS2_PLACEMENT_3D('',#3837,#3838,#3839);
#3842=CARTESIAN_POINT('',(0.E0,-2.9E0,0.E0));
#3843=DIRECTION('',(0.E0,1.E0,0.E0));
#3844=DIRECTION('',(0.E0,0.E0,-1.E0));
#3845=AXIS2_PLACEMENT_3D('',#3842,#3843,#3844);
#3847=CARTESIAN_POINT('',(-3.038142867369E1,-3.1E0,-1.795857864376E1));
#3848=DIRECTION('',(1.E0,0.E0,0.E0));
#3849=DIRECTION('',(0.E0,7.071067811866E-1,-7.071067811865E-1));
#3850=AXIS2_PLACEMENT_3D('',#3847,#3848,#3849);
#3852=DIRECTION('',(1.E0,4.039597215036E-10,4.038594333890E-10));
#3853=VECTOR('',#3852,6.076285474435E1);
#3854=CARTESIAN_POINT('',(-3.038142865786E1,-3.029289321760E0,
-1.802928932176E1));
#3855=LINE('',#3854,#3853);
#3856=CARTESIAN_POINT('',(4.039122826077E-8,-2.051725827284E1,
-3.551725827284E1));
#3857=CARTESIAN_POINT('',(8.576689331574E-1,-2.051725562804E1,
-3.551725562804E1));
#3858=CARTESIAN_POINT('',(2.520632325772E0,-2.045857934728E1,
-3.545857934728E1));
#3859=CARTESIAN_POINT('',(4.793522576630E0,-2.023733094622E1,
-3.523733094622E1));
#3860=CARTESIAN_POINT('',(7.038706391432E0,-1.988504934663E1,
-3.488504934663E1));
#3861=CARTESIAN_POINT('',(9.269590058244E0,-1.939486693174E1,
-3.439486693174E1));
#3862=CARTESIAN_POINT('',(1.144627230457E1,-1.877499382012E1,
-3.377499382012E1));
#3863=CARTESIAN_POINT('',(1.352496170034E1,-1.804389920537E1,
-3.304389920537E1));
#3864=CARTESIAN_POINT('',(1.550880749457E1,-1.721013968192E1,
-3.221013968192E1));
#3865=CARTESIAN_POINT('',(1.746532050989E1,-1.624613804834E1,
-3.124613804834E1));
#3866=CARTESIAN_POINT('',(1.949842994791E1,-1.507700583345E1,
-3.007700583345E1));
#3867=CARTESIAN_POINT('',(2.167253009023E1,-1.360456430014E1,
-2.860456430014E1));
#3868=CARTESIAN_POINT('',(2.392574378718E1,-1.177200734670E1,
-2.677200734670E1));
#3869=CARTESIAN_POINT('',(2.604526859806E1,-9.663506164399E0,
-2.466350616440E1));
#3870=CARTESIAN_POINT('',(2.784698976761E1,-7.443980537831E0,
-2.244398053783E1));
#3871=CARTESIAN_POINT('',(2.926853594882E1,-5.270723615161E0,
-2.027072361516E1));
#3872=CARTESIAN_POINT('',(3.004144779318E1,-3.778925440768E0,
-1.877892544077E1));
#3873=CARTESIAN_POINT('',(3.038142608649E1,-3.029289297214E0,
-1.802928929722E1));
#3875=CARTESIAN_POINT('',(-3.038142865786E1,-3.029289321760E0,
-1.802928932176E1));
#3876=CARTESIAN_POINT('',(-3.003206622116E1,-3.799623187531E0,
-1.879962318753E1));
#3877=CARTESIAN_POINT('',(-2.924895001504E1,-5.310066556360E0,
-2.031006655636E1));
#3878=CARTESIAN_POINT('',(-2.777288747900E1,-7.542128574471E0,
-2.254212857447E1));
#3879=CARTESIAN_POINT('',(-2.611689786630E1,-9.564126148372E0,
-2.456412614837E1));
#3880=CARTESIAN_POINT('',(-2.438249033201E1,-1.132844689084E1,
-2.632844689084E1));
#3881=CARTESIAN_POINT('',(-2.264921082534E1,-1.282964069507E1,
-2.782964069507E1));
#3882=CARTESIAN_POINT('',(-2.094518241151E1,-1.410750569319E1,
-2.910750569319E1));
#3883=CARTESIAN_POINT('',(-1.925319456106E1,-1.521659164356E1,
-3.021659164356E1));
#3884=CARTESIAN_POINT('',(-1.752461553189E1,-1.620898809096E1,
-3.120898809096E1));
#3885=CARTESIAN_POINT('',(-1.571112342477E1,-1.711514790005E1,
-3.211514790005E1));
#3886=CARTESIAN_POINT('',(-1.379793158898E1,-1.793603425988E1,
-3.293603425988E1));
#3887=CARTESIAN_POINT('',(-1.180850704923E1,-1.865548623940E1,
-3.365548623940E1));
#3888=CARTESIAN_POINT('',(-9.776872842313E0,-1.925990339472E1,
-3.425990339472E1));
#3889=CARTESIAN_POINT('',(-7.702735312039E0,-1.975203800949E1,
-3.475203800949E1));
#3890=CARTESIAN_POINT('',(-5.448425667832E0,-2.015152726313E1,
-3.515152726313E1));
#3891=CARTESIAN_POINT('',(-2.928715729428E0,-2.043657833994E1,
-3.543657833994E1));
#3892=CARTESIAN_POINT('',(-1.012425840487E0,-2.051725376377E1,
-3.551725376377E1));
#3893=CARTESIAN_POINT('',(4.039122826077E-8,-2.051725827284E1,
-3.551725827284E1));
#3895=CARTESIAN_POINT('',(3.871024167879E-9,1.51E1,8.51E1));
#3896=DIRECTION('',(-1.E0,2.563592185756E-10,0.E0));
#3897=DIRECTION('',(0.E0,-5.328395502602E-9,-1.E0));
#3898=AXIS2_PLACEMENT_3D('',#3895,#3896,#3897);
#3900=CARTESIAN_POINT('',(0.E0,0.E0,8.51E1));
#3901=DIRECTION('',(0.E0,0.E0,1.E0));
#3902=DIRECTION('',(0.E0,1.E0,0.E0));
#3903=AXIS2_PLACEMENT_3D('',#3900,#3901,#3902);
#3905=CARTESIAN_POINT('',(0.E0,0.E0,1.149E2));
#3906=DIRECTION('',(0.E0,0.E0,-1.E0));
#3907=DIRECTION('',(0.E0,-1.E0,0.E0));
#3908=AXIS2_PLACEMENT_3D('',#3905,#3906,#3907);
#3910=CARTESIAN_POINT('',(6.5E1,-2.E1,-8.2E1));
#3911=CARTESIAN_POINT('',(6.5E1,-2.E1,-6.6E1));
#3912=VERTEX_POINT('',#3910);
#3913=VERTEX_POINT('',#3911);
#3914=CARTESIAN_POINT('',(0.E0,1.199740699963E2,-2.8E1));
#3915=CARTESIAN_POINT('',(0.E0,1.199740699963E2,2.8E1));
#3916=VERTEX_POINT('',#3914);
#3917=VERTEX_POINT('',#3915);
#3918=CARTESIAN_POINT('',(2.097464613141E-14,9.5E1,3.9E1));
#3919=CARTESIAN_POINT('',(0.E0,4.9E1,3.9E1));
#3920=VERTEX_POINT('',#3918);
#3921=VERTEX_POINT('',#3919);
#3922=CARTESIAN_POINT('',(0.E0,9.2E1,3.6E1));
#3923=CARTESIAN_POINT('',(0.E0,5.2E1,3.6E1));
#3924=VERTEX_POINT('',#3922);
#3925=VERTEX_POINT('',#3923);
#3926=VERTEX_POINT('',#1698);
#3927=VERTEX_POINT('',#1726);
#3928=VERTEX_POINT('',#1815);
#3929=VERTEX_POINT('',#1843);
#3930=VERTEX_POINT('',#2242);
#3931=VERTEX_POINT('',#2272);
#3932=VERTEX_POINT('',#1662);
#3933=VERTEX_POINT('',#1692);
#3934=CARTESIAN_POINT('',(0.E0,-2.6E1,-1.E2));
#3935=CARTESIAN_POINT('',(0.E0,2.6E1,-1.E2));
#3936=VERTEX_POINT('',#3934);
#3937=VERTEX_POINT('',#3935);
#3938=CARTESIAN_POINT('',(0.E0,-2.3E1,-9.7E1));
#3939=CARTESIAN_POINT('',(0.E0,2.3E1,-9.7E1));
#3940=VERTEX_POINT('',#3938);
#3941=VERTEX_POINT('',#3939);
#3942=CARTESIAN_POINT('',(-2.203542903700E-12,-2.3E1,-4.381780460041E1));
#3943=VERTEX_POINT('',#3942);
#3944=CARTESIAN_POINT('',(2.202599214129E-12,2.3E1,-4.381780460041E1));
#3945=VERTEX_POINT('',#3944);
#3946=CARTESIAN_POINT('',(0.E0,2.370588235294E1,4.188466616216E1));
#3947=VERTEX_POINT('',#3946);
#3948=CARTESIAN_POINT('',(0.E0,2.370588235294E1,-4.188466616216E1));
#3949=VERTEX_POINT('',#3948);
#3950=CARTESIAN_POINT('',(-3.542761020988E-8,2.511172669623E1,
3.509403644681E1));
#3951=CARTESIAN_POINT('',(-3.193850624659E-8,2.051725827284E1,
3.551725827284E1));
#3952=VERTEX_POINT('',#3950);
#3953=VERTEX_POINT('',#3951);
#3954=CARTESIAN_POINT('',(-3.199264535064E-8,-2.511172669634E1,
-3.509403644665E1));
#3955=CARTESIAN_POINT('',(-2.884182916610E-8,-2.051725827284E1,
-3.551725827284E1));
#3956=VERTEX_POINT('',#3954);
#3957=VERTEX_POINT('',#3955);
#3958=CARTESIAN_POINT('',(0.E0,-2.370588235294E1,4.188466616216E1));
#3959=VERTEX_POINT('',#3958);
#3960=CARTESIAN_POINT('',(0.E0,2.3E1,4.381780460041E1));
#3961=CARTESIAN_POINT('',(0.E0,-2.3E1,4.381780460041E1));
#3962=VERTEX_POINT('',#3960);
#3963=VERTEX_POINT('',#3961);
#3964=VERTEX_POINT('',#2327);
#3965=VERTEX_POINT('',#2347);
#3966=VERTEX_POINT('',#3171);
#3967=VERTEX_POINT('',#3191);
#3968=VERTEX_POINT('',#3197);
#3969=VERTEX_POINT('',#3217);
#3970=VERTEX_POINT('',#3108);
#3971=VERTEX_POINT('',#3128);
#3972=CARTESIAN_POINT('',(0.E0,-2.370588235294E1,-4.188466616216E1));
#3973=VERTEX_POINT('',#3972);
#3974=CARTESIAN_POINT('',(6.5E1,3.E1,-9.35E1));
#3975=CARTESIAN_POINT('',(6.5E1,3.E1,-5.45E1));
#3976=VERTEX_POINT('',#3974);
#3977=VERTEX_POINT('',#3975);
#3978=CARTESIAN_POINT('',(6.5E1,2.95E1,-9.4E1));
#3979=CARTESIAN_POINT('',(6.5E1,2.95E1,-5.4E1));
#3980=VERTEX_POINT('',#3978);
#3981=VERTEX_POINT('',#3979);
#3982=CARTESIAN_POINT('',(6.5E1,-3.E1,-5.45E1));
#3983=CARTESIAN_POINT('',(6.5E1,-3.E1,-9.35E1));
#3984=VERTEX_POINT('',#3982);
#3985=VERTEX_POINT('',#3983);
#3986=CARTESIAN_POINT('',(6.5E1,-2.95E1,-5.4E1));
#3987=CARTESIAN_POINT('',(6.5E1,-2.95E1,-9.4E1));
#3988=VERTEX_POINT('',#3986);
#3989=VERTEX_POINT('',#3987);
#3990=CARTESIAN_POINT('',(0.E0,-4.4E1,-1.005E2));
#3991=CARTESIAN_POINT('',(0.E0,4.4E1,-1.005E2));
#3992=VERTEX_POINT('',#3990);
#3993=VERTEX_POINT('',#3991);
#3994=CARTESIAN_POINT('',(0.E0,-4.35E1,-1.E2));
#3995=CARTESIAN_POINT('',(0.E0,4.35E1,-1.E2));
#3996=VERTEX_POINT('',#3994);
#3997=VERTEX_POINT('',#3995);
#3998=CARTESIAN_POINT('',(0.E0,-4.35E1,-1.1E2));
#3999=CARTESIAN_POINT('',(0.E0,4.35E1,-1.1E2));
#4000=VERTEX_POINT('',#3998);
#4001=VERTEX_POINT('',#3999);
#4002=CARTESIAN_POINT('',(0.E0,-4.4E1,-1.095E2));
#4003=CARTESIAN_POINT('',(0.E0,4.4E1,-1.095E2));
#4004=VERTEX_POINT('',#4002);
#4005=VERTEX_POINT('',#4003);
#4006=CARTESIAN_POINT('',(0.E0,-2.3E1,8.95E1));
#4007=CARTESIAN_POINT('',(0.E0,2.3E1,8.95E1));
#4008=VERTEX_POINT('',#4006);
#4009=VERTEX_POINT('',#4007);
#4010=CARTESIAN_POINT('',(0.E0,-2.25E1,9.E1));
#4011=CARTESIAN_POINT('',(0.E0,2.25E1,9.E1));
#4012=VERTEX_POINT('',#4010);
#4013=VERTEX_POINT('',#4011);
#4014=CARTESIAN_POINT('',(0.E0,-2.0455E1,9.5E1));
#4015=CARTESIAN_POINT('',(0.E0,2.0455E1,9.5E1));
#4016=VERTEX_POINT('',#4014);
#4017=VERTEX_POINT('',#4015);
#4018=CARTESIAN_POINT('',(0.E0,-2.0955E1,9.55E1));
#4019=CARTESIAN_POINT('',(0.E0,2.0955E1,9.55E1));
#4020=VERTEX_POINT('',#4018);
#4021=VERTEX_POINT('',#4019);
#4022=CARTESIAN_POINT('',(0.E0,1.227266598742E2,2.19E1));
#4023=CARTESIAN_POINT('',(0.E0,1.227266598742E2,-2.19E1));
#4024=VERTEX_POINT('',#4022);
#4025=VERTEX_POINT('',#4023);
#4026=CARTESIAN_POINT('',(0.E0,1.226266598742E2,2.2E1));
#4027=CARTESIAN_POINT('',(0.E0,1.226266598742E2,-2.2E1));
#4028=VERTEX_POINT('',#4026);
#4029=VERTEX_POINT('',#4027);
#4030=CARTESIAN_POINT('',(0.E0,1.398266598742E2,2.3E1));
#4031=CARTESIAN_POINT('',(0.E0,1.398266598742E2,-2.3E1));
#4032=VERTEX_POINT('',#4030);
#4033=VERTEX_POINT('',#4031);
#4034=CARTESIAN_POINT('',(0.E0,1.397266598742E2,2.29E1));
#4035=CARTESIAN_POINT('',(1.016964290557E-14,1.397266598742E2,-2.29E1));
#4036=VERTEX_POINT('',#4034);
#4037=VERTEX_POINT('',#4035);
#4038=CARTESIAN_POINT('',(0.E0,9.E1,4.11E1));
#4039=CARTESIAN_POINT('',(0.E0,5.4E1,4.11E1));
#4040=VERTEX_POINT('',#4038);
#4041=VERTEX_POINT('',#4039);
#4042=CARTESIAN_POINT('',(1.921130902666E-14,8.99E1,4.1E1));
#4043=CARTESIAN_POINT('',(0.E0,5.41E1,4.1E1));
#4044=VERTEX_POINT('',#4042);
#4045=VERTEX_POINT('',#4043);
#4046=CARTESIAN_POINT('',(0.E0,-1.937423856868E1,9.49E1));
#4047=CARTESIAN_POINT('',(0.E0,1.937423856868E1,9.49E1));
#4048=VERTEX_POINT('',#4046);
#4049=VERTEX_POINT('',#4047);
#4050=CARTESIAN_POINT('',(0.E0,-1.947423856868E1,9.5E1));
#4051=CARTESIAN_POINT('',(0.E0,1.947423856868E1,9.5E1));
#4052=VERTEX_POINT('',#4050);
#4053=VERTEX_POINT('',#4051);
#4054=CARTESIAN_POINT('',(0.E0,-1.947423856868E1,9.E1));
#4055=CARTESIAN_POINT('',(0.E0,1.947423856868E1,9.E1));
#4056=VERTEX_POINT('',#4054);
#4057=VERTEX_POINT('',#4055);
#4058=CARTESIAN_POINT('',(0.E0,-1.937423856868E1,9.01E1));
#4059=CARTESIAN_POINT('',(0.E0,1.937423856868E1,9.01E1));
#4060=VERTEX_POINT('',#4058);
#4061=VERTEX_POINT('',#4059);
#4062=CARTESIAN_POINT('',(0.E0,1.8E1,8.49E1));
#4063=CARTESIAN_POINT('',(0.E0,-1.8E1,8.49E1));
#4064=VERTEX_POINT('',#4062);
#4065=VERTEX_POINT('',#4063);
#4066=CARTESIAN_POINT('',(0.E0,1.79E1,8.5E1));
#4067=CARTESIAN_POINT('',(0.E0,-1.79E1,8.5E1));
#4068=VERTEX_POINT('',#4066);
#4069=VERTEX_POINT('',#4067);
#4070=CARTESIAN_POINT('',(0.E0,2.4E1,-1.051E2));
#4071=CARTESIAN_POINT('',(0.E0,-2.4E1,-1.051E2));
#4072=VERTEX_POINT('',#4070);
#4073=VERTEX_POINT('',#4071);
#4074=CARTESIAN_POINT('',(0.E0,2.39E1,-1.05E2));
#4075=CARTESIAN_POINT('',(1.061373211542E-14,-2.39E1,-1.05E2));
#4076=VERTEX_POINT('',#4074);
#4077=VERTEX_POINT('',#4075);
#4078=CARTESIAN_POINT('',(-1.845370112883E-14,2.41E1,-1.1E2));
#4079=CARTESIAN_POINT('',(0.E0,-2.41E1,-1.1E2));
#4080=VERTEX_POINT('',#4078);
#4081=VERTEX_POINT('',#4079);
#4082=CARTESIAN_POINT('',(0.E0,2.4E1,-1.099E2));
#4083=CARTESIAN_POINT('',(0.E0,-2.4E1,-1.099E2));
#4084=VERTEX_POINT('',#4082);
#4085=VERTEX_POINT('',#4083);
#4086=CARTESIAN_POINT('',(0.E0,1.228266598742E2,-2.E1));
#4087=CARTESIAN_POINT('',(0.E0,1.228266598742E2,2.E1));
#4088=VERTEX_POINT('',#4086);
#4089=VERTEX_POINT('',#4087);
#4090=CARTESIAN_POINT('',(0.E0,1.227266598742E2,-2.01E1));
#4091=CARTESIAN_POINT('',(0.E0,1.227266598742E2,2.01E1));
#4092=VERTEX_POINT('',#4090);
#4093=VERTEX_POINT('',#4091);
#4094=CARTESIAN_POINT('',(0.E0,1.397266598742E2,-2.01E1));
#4095=CARTESIAN_POINT('',(0.E0,1.397266598742E2,2.01E1));
#4096=VERTEX_POINT('',#4094);
#4097=VERTEX_POINT('',#4095);
#4098=CARTESIAN_POINT('',(0.E0,1.396266598742E2,-2.E1));
#4099=CARTESIAN_POINT('',(0.E0,1.396266598742E2,2.E1));
#4100=VERTEX_POINT('',#4098);
#4101=VERTEX_POINT('',#4099);
#4102=CARTESIAN_POINT('',(0.E0,1.427266598742E2,2.31E1));
#4103=CARTESIAN_POINT('',(0.E0,1.427266598742E2,-2.31E1));
#4104=VERTEX_POINT('',#4102);
#4105=VERTEX_POINT('',#4103);
#4106=CARTESIAN_POINT('',(0.E0,1.426266598742E2,2.3E1));
#4107=CARTESIAN_POINT('',(0.E0,1.426266598742E2,-2.3E1));
#4108=VERTEX_POINT('',#4106);
#4109=VERTEX_POINT('',#4107);
#4110=VERTEX_POINT('',#1046);
#4111=VERTEX_POINT('',#1082);
#4112=VERTEX_POINT('',#1348);
#4113=VERTEX_POINT('',#1384);
#4114=CARTESIAN_POINT('',(1.211815867079E-14,5.69E1,4.1E1));
#4115=CARTESIAN_POINT('',(0.E0,8.71E1,4.1E1));
#4116=VERTEX_POINT('',#4114);
#4117=VERTEX_POINT('',#4115);
#4118=CARTESIAN_POINT('',(0.E0,5.7E1,4.09E1));
#4119=CARTESIAN_POINT('',(0.E0,8.7E1,4.09E1));
#4120=VERTEX_POINT('',#4118);
#4121=VERTEX_POINT('',#4119);
#4122=CARTESIAN_POINT('',(-1.480150559539E-14,9.01E1,5.5E1));
#4123=CARTESIAN_POINT('',(1.701811630184E-14,5.39E1,5.5E1));
#4124=VERTEX_POINT('',#4122);
#4125=VERTEX_POINT('',#4123);
#4126=CARTESIAN_POINT('',(0.E0,9.E1,5.49E1));
#4127=CARTESIAN_POINT('',(0.E0,5.4E1,5.49E1));
#4128=VERTEX_POINT('',#4126);
#4129=VERTEX_POINT('',#4127);
#4130=CARTESIAN_POINT('',(0.E0,9.8873E1,3.91E1));
#4131=CARTESIAN_POINT('',(0.E0,4.5127E1,3.91E1));
#4132=VERTEX_POINT('',#4130);
#4133=VERTEX_POINT('',#4131);
#4134=CARTESIAN_POINT('',(0.E0,9.8773E1,3.9E1));
#4135=CARTESIAN_POINT('',(0.E0,4.5227E1,3.9E1));
#4136=VERTEX_POINT('',#4134);
#4137=VERTEX_POINT('',#4135);
#4138=CARTESIAN_POINT('',(0.E0,-1.51E1,8.5E1));
#4139=CARTESIAN_POINT('',(0.E0,1.51E1,8.5E1));
#4140=VERTEX_POINT('',#4138);
#4141=VERTEX_POINT('',#4139);
#4142=CARTESIAN_POINT('',(0.E0,-1.5E1,8.51E1));
#4143=CARTESIAN_POINT('',(0.E0,1.5E1,8.51E1));
#4144=VERTEX_POINT('',#4142);
#4145=VERTEX_POINT('',#4143);
#4146=CARTESIAN_POINT('',(0.E0,-1.802898550725E1,4.365144253290E1));
#4147=CARTESIAN_POINT('',(0.E0,1.802898550725E1,4.365144253290E1));
#4148=VERTEX_POINT('',#4146);
#4149=VERTEX_POINT('',#4147);
#4150=CARTESIAN_POINT('',(0.E0,-1.8E1,4.372184808537E1));
#4151=CARTESIAN_POINT('',(0.E0,1.8E1,4.372184808537E1));
#4152=VERTEX_POINT('',#4150);
#4153=VERTEX_POINT('',#4151);
#4154=CARTESIAN_POINT('',(0.E0,-1.8E1,-4.372184808537E1));
#4155=CARTESIAN_POINT('',(0.E0,1.8E1,-4.372184808537E1));
#4156=VERTEX_POINT('',#4154);
#4157=VERTEX_POINT('',#4155);
#4158=CARTESIAN_POINT('',(0.E0,-1.802898550725E1,-4.365144253290E1));
#4159=CARTESIAN_POINT('',(0.E0,1.802898550725E1,-4.365144253290E1));
#4160=VERTEX_POINT('',#4158);
#4161=VERTEX_POINT('',#4159);
#4162=CARTESIAN_POINT('',(0.E0,-1.81E1,-1.05E2));
#4163=CARTESIAN_POINT('',(0.E0,1.81E1,-1.05E2));
#4164=VERTEX_POINT('',#4162);
#4165=VERTEX_POINT('',#4163);
#4166=CARTESIAN_POINT('',(0.E0,-1.8E1,-1.049E2));
#4167=CARTESIAN_POINT('',(0.E0,1.8E1,-1.049E2));
#4168=VERTEX_POINT('',#4166);
#4169=VERTEX_POINT('',#4167);
#4170=CARTESIAN_POINT('',(0.E0,-1.51E1,1.15E2));
#4171=CARTESIAN_POINT('',(0.E0,1.51E1,1.15E2));
#4172=VERTEX_POINT('',#4170);
#4173=VERTEX_POINT('',#4171);
#4174=CARTESIAN_POINT('',(0.E0,-1.5E1,1.149E2));
#4175=CARTESIAN_POINT('',(0.E0,1.5E1,1.149E2));
#4176=VERTEX_POINT('',#4174);
#4177=VERTEX_POINT('',#4175);
#4178=CARTESIAN_POINT('',(0.E0,1.1E0,1.8E1));
#4179=CARTESIAN_POINT('',(0.E0,1.1E0,-1.8E1));
#4180=VERTEX_POINT('',#4178);
#4181=VERTEX_POINT('',#4179);
#4182=CARTESIAN_POINT('',(0.E0,1.E0,1.79E1));
#4183=CARTESIAN_POINT('',(0.E0,1.E0,-1.79E1));
#4184=VERTEX_POINT('',#4182);
#4185=VERTEX_POINT('',#4183);
#4186=CARTESIAN_POINT('',(6.5E1,-1.99E1,-5.9E1));
#4187=CARTESIAN_POINT('',(6.5E1,-1.99E1,-8.9E1));
#4188=VERTEX_POINT('',#4186);
#4189=VERTEX_POINT('',#4187);
#4190=CARTESIAN_POINT('',(6.5E1,-2.E1,-5.91E1));
#4191=CARTESIAN_POINT('',(6.5E1,-2.E1,-8.89E1));
#4192=VERTEX_POINT('',#4190);
#4193=VERTEX_POINT('',#4191);
#4194=CARTESIAN_POINT('',(6.5E1,2.5E1,-5.91E1));
#4195=CARTESIAN_POINT('',(6.5E1,2.5E1,-8.89E1));
#4196=VERTEX_POINT('',#4194);
#4197=VERTEX_POINT('',#4195);
#4198=CARTESIAN_POINT('',(6.5E1,2.49E1,-5.9E1));
#4199=CARTESIAN_POINT('',(6.5E1,2.49E1,-8.9E1));
#4200=VERTEX_POINT('',#4198);
#4201=VERTEX_POINT('',#4199);
#4202=CARTESIAN_POINT('',(-1.939873734153E1,-2.474873734153E1,-1.1E2));
#4203=CARTESIAN_POINT('',(-3.009873734153E1,-2.474873734153E1,-1.1E2));
#4204=VERTEX_POINT('',#4202);
#4205=VERTEX_POINT('',#4203);
#4206=CARTESIAN_POINT('',(-1.949873734153E1,-2.474873734153E1,-1.099E2));
#4207=CARTESIAN_POINT('',(-2.999873734153E1,-2.474873734153E1,-1.099E2));
#4208=VERTEX_POINT('',#4206);
#4209=VERTEX_POINT('',#4207);
#4210=CARTESIAN_POINT('',(-2.474873734153E1,3.009873734153E1,-1.E2));
#4211=CARTESIAN_POINT('',(-2.474873734153E1,1.939873734153E1,-1.E2));
#4212=VERTEX_POINT('',#4210);
#4213=VERTEX_POINT('',#4211);
#4214=CARTESIAN_POINT('',(-2.474873734153E1,2.999873734153E1,-1.001E2));
#4215=CARTESIAN_POINT('',(-2.474873734153E1,1.949873734153E1,-1.001E2));
#4216=VERTEX_POINT('',#4214);
#4217=VERTEX_POINT('',#4215);
#4218=CARTESIAN_POINT('',(-2.474873734153E1,1.939873734153E1,-1.1E2));
#4219=CARTESIAN_POINT('',(-2.474873734153E1,3.009873734153E1,-1.1E2));
#4220=VERTEX_POINT('',#4218);
#4221=VERTEX_POINT('',#4219);
#4222=CARTESIAN_POINT('',(-2.474873734153E1,1.949873734153E1,-1.099E2));
#4223=CARTESIAN_POINT('',(-2.474873734153E1,2.999873734153E1,-1.099E2));
#4224=VERTEX_POINT('',#4222);
#4225=VERTEX_POINT('',#4223);
#4226=CARTESIAN_POINT('',(3.009873734153E1,2.474873734153E1,-1.E2));
#4227=CARTESIAN_POINT('',(1.939873734153E1,2.474873734153E1,-1.E2));
#4228=VERTEX_POINT('',#4226);
#4229=VERTEX_POINT('',#4227);
#4230=CARTESIAN_POINT('',(2.999873734153E1,2.474873734153E1,-1.001E2));
#4231=CARTESIAN_POINT('',(1.949873734153E1,2.474873734153E1,-1.001E2));
#4232=VERTEX_POINT('',#4230);
#4233=VERTEX_POINT('',#4231);
#4234=CARTESIAN_POINT('',(1.939873734153E1,2.474873734153E1,-1.1E2));
#4235=CARTESIAN_POINT('',(3.009873734153E1,2.474873734153E1,-1.1E2));
#4236=VERTEX_POINT('',#4234);
#4237=VERTEX_POINT('',#4235);
#4238=CARTESIAN_POINT('',(1.949873734153E1,2.474873734153E1,-1.099E2));
#4239=CARTESIAN_POINT('',(2.999873734153E1,2.474873734153E1,-1.099E2));
#4240=VERTEX_POINT('',#4238);
#4241=VERTEX_POINT('',#4239);
#4242=CARTESIAN_POINT('',(2.474873734153E1,-3.009873734153E1,-1.E2));
#4243=CARTESIAN_POINT('',(2.474873734153E1,-1.939873734153E1,-1.E2));
#4244=VERTEX_POINT('',#4242);
#4245=VERTEX_POINT('',#4243);
#4246=CARTESIAN_POINT('',(2.474873734153E1,-2.999873734153E1,-1.001E2));
#4247=CARTESIAN_POINT('',(2.474873734153E1,-1.949873734153E1,-1.001E2));
#4248=VERTEX_POINT('',#4246);
#4249=VERTEX_POINT('',#4247);
#4250=CARTESIAN_POINT('',(2.474873734153E1,-1.939873734153E1,-1.1E2));
#4251=CARTESIAN_POINT('',(2.474873734153E1,-3.009873734153E1,-1.1E2));
#4252=VERTEX_POINT('',#4250);
#4253=VERTEX_POINT('',#4251);
#4254=CARTESIAN_POINT('',(2.474873734153E1,-1.949873734153E1,-1.099E2));
#4255=CARTESIAN_POINT('',(2.474873734153E1,-2.999873734153E1,-1.099E2));
#4256=VERTEX_POINT('',#4254);
#4257=VERTEX_POINT('',#4255);
#4258=CARTESIAN_POINT('',(0.E0,1.E0,-1.46E1));
#4259=CARTESIAN_POINT('',(0.E0,1.E0,1.46E1));
#4260=VERTEX_POINT('',#4258);
#4261=VERTEX_POINT('',#4259);
#4262=CARTESIAN_POINT('',(0.E0,9.E-1,-1.45E1));
#4263=CARTESIAN_POINT('',(0.E0,9.E-1,1.45E1));
#4264=VERTEX_POINT('',#4262);
#4265=VERTEX_POINT('',#4263);
#4266=CARTESIAN_POINT('',(0.E0,-3.E0,-1.46E1));
#4267=CARTESIAN_POINT('',(0.E0,-3.E0,1.46E1));
#4268=VERTEX_POINT('',#4266);
#4269=VERTEX_POINT('',#4267);
#4270=CARTESIAN_POINT('',(0.E0,-2.9E0,-1.45E1));
#4271=CARTESIAN_POINT('',(0.E0,-2.9E0,1.45E1));
#4272=VERTEX_POINT('',#4270);
#4273=VERTEX_POINT('',#4271);
#4274=VERTEX_POINT('',#1306);
#4275=VERTEX_POINT('',#1341);
#4276=VERTEX_POINT('',#2126);
#4277=VERTEX_POINT('',#2161);
#4278=CARTESIAN_POINT('',(6.5E1,-2.170318329411E1,-7.905E1));
#4279=CARTESIAN_POINT('',(6.5E1,-2.170318329411E1,-6.895E1));
#4280=VERTEX_POINT('',#4278);
#4281=VERTEX_POINT('',#4279);
#4282=CARTESIAN_POINT('',(6.5E1,-2.178978583449E1,-7.9E1));
#4283=CARTESIAN_POINT('',(6.5E1,-2.178978583449E1,-6.9E1));
#4284=VERTEX_POINT('',#4282);
#4285=VERTEX_POINT('',#4283);
#4286=CARTESIAN_POINT('',(6.5E1,2.51E1,-8.4E1));
#4287=CARTESIAN_POINT('',(6.5E1,2.51E1,-6.4E1));
#4288=VERTEX_POINT('',#4286);
#4289=VERTEX_POINT('',#4287);
#4290=CARTESIAN_POINT('',(6.5E1,2.5E1,-8.41E1));
#4291=CARTESIAN_POINT('',(6.5E1,2.5E1,-6.39E1));
#4292=VERTEX_POINT('',#4290);
#4293=VERTEX_POINT('',#4291);
#4294=CARTESIAN_POINT('',(6.5E1,-3.E1,-7.91E1));
#4295=CARTESIAN_POINT('',(6.5E1,-3.E1,-6.89E1));
#4296=VERTEX_POINT('',#4294);
#4297=VERTEX_POINT('',#4295);
#4298=CARTESIAN_POINT('',(6.5E1,-2.99E1,-7.9E1));
#4299=CARTESIAN_POINT('',(6.5E1,-2.99E1,-6.9E1));
#4300=VERTEX_POINT('',#4298);
#4301=VERTEX_POINT('',#4299);
#4302=CARTESIAN_POINT('',(6.5E1,3.E1,-6.39E1));
#4303=CARTESIAN_POINT('',(6.5E1,3.E1,-8.41E1));
#4304=VERTEX_POINT('',#4302);
#4305=VERTEX_POINT('',#4303);
#4306=CARTESIAN_POINT('',(6.5E1,2.99E1,-6.4E1));
#4307=CARTESIAN_POINT('',(6.5E1,2.99E1,-8.4E1));
#4308=VERTEX_POINT('',#4306);
#4309=VERTEX_POINT('',#4307);
#4310=VERTEX_POINT('',#2680);
#4311=VERTEX_POINT('',#2713);
#4312=VERTEX_POINT('',#2834);
#4313=VERTEX_POINT('',#2867);
#4314=VERTEX_POINT('',#2911);
#4315=VERTEX_POINT('',#2936);
#4316=VERTEX_POINT('',#2869);
#4317=VERTEX_POINT('',#2894);
#4318=CARTESIAN_POINT('',(-3.009873734153E1,-2.474873734153E1,-1.E2));
#4319=CARTESIAN_POINT('',(-1.939873734153E1,-2.474873734153E1,-1.E2));
#4320=VERTEX_POINT('',#4318);
#4321=VERTEX_POINT('',#4319);
#4322=CARTESIAN_POINT('',(-2.999873734153E1,-2.474873734153E1,-1.001E2));
#4323=CARTESIAN_POINT('',(-1.949873734153E1,-2.474873734153E1,-1.001E2));
#4324=VERTEX_POINT('',#4322);
#4325=VERTEX_POINT('',#4323);
#4326=CARTESIAN_POINT('',(0.E0,1.227915424452E2,2.9807E1));
#4327=CARTESIAN_POINT('',(0.E0,1.227915424452E2,-2.9807E1));
#4328=VERTEX_POINT('',#4326);
#4329=VERTEX_POINT('',#4327);
#4330=CARTESIAN_POINT('',(-4.127525203390E-8,1.227006562371E2,
2.974870967742E1));
#4331=CARTESIAN_POINT('',(4.168900031103E-8,1.227006562371E2,
-2.974870967742E1));
#4332=VERTEX_POINT('',#4330);
#4333=VERTEX_POINT('',#4331);
#4334=CARTESIAN_POINT('',(-5.213788975168E-7,1.427266598742E2,
2.776557864376E1));
#4335=CARTESIAN_POINT('',(5.213790612122E-7,1.427266598742E2,
-2.776557864376E1));
#4336=VERTEX_POINT('',#4334);
#4337=VERTEX_POINT('',#4335);
#4338=CARTESIAN_POINT('',(1.751093208531E-8,1.426973705524E2,2.783628932188E1));
#4339=CARTESIAN_POINT('',(-1.751094103815E-8,1.426973705524E2,
-2.783628932188E1));
#4340=VERTEX_POINT('',#4338);
#4341=VERTEX_POINT('',#4339);
#4342=CARTESIAN_POINT('',(0.E0,1.406852385180E2,-2.9807E1));
#4343=CARTESIAN_POINT('',(0.E0,1.406852385180E2,2.9807E1));
#4344=VERTEX_POINT('',#4342);
#4345=VERTEX_POINT('',#4343);
#4346=CARTESIAN_POINT('',(-1.873223251774E-8,1.407559491961E2,
-2.977771067812E1));
#4347=CARTESIAN_POINT('',(1.873222294050E-8,1.407559491961E2,2.977771067812E1));
#4348=VERTEX_POINT('',#4346);
#4349=VERTEX_POINT('',#4347);
#4350=CARTESIAN_POINT('',(-4.559422894503E-7,4.716842135624E1,5.5E1));
#4351=CARTESIAN_POINT('',(4.559422814638E-7,9.683157864376E1,5.5E1));
#4352=VERTEX_POINT('',#4350);
#4353=VERTEX_POINT('',#4351);
#4354=CARTESIAN_POINT('',(-4.355002168858E-9,4.709771067812E1,
5.497071067812E1));
#4355=CARTESIAN_POINT('',(4.354994159671E-9,9.690228932188E1,5.497071067812E1));
#4356=VERTEX_POINT('',#4354);
#4357=VERTEX_POINT('',#4355);
#4358=CARTESIAN_POINT('',(0.E0,9.8873E1,5.295857864376E1));
#4359=CARTESIAN_POINT('',(0.E0,4.5127E1,5.295857864376E1));
#4360=VERTEX_POINT('',#4358);
#4361=VERTEX_POINT('',#4359);
#4362=CARTESIAN_POINT('',(4.694505900165E-9,9.884371067812E1,5.302928932188E1));
#4363=CARTESIAN_POINT('',(-4.694514533760E-9,4.515628932188E1,
5.302928932188E1));
#4364=VERTEX_POINT('',#4362);
#4365=VERTEX_POINT('',#4363);
#4366=CARTESIAN_POINT('',(0.E0,2.0955E1,1.129585786438E2));
#4367=CARTESIAN_POINT('',(0.E0,-2.0955E1,1.129585786438E2));
#4368=VERTEX_POINT('',#4366);
#4369=VERTEX_POINT('',#4367);
#4370=CARTESIAN_POINT('',(-1.263587818E-9,2.092571067812E1,1.130292893219E2));
#4371=CARTESIAN_POINT('',(1.263581087778E-9,-2.092571067812E1,
1.130292893219E2));
#4372=VERTEX_POINT('',#4370);
#4373=VERTEX_POINT('',#4371);
#4374=CARTESIAN_POINT('',(5.017747958001E-7,-1.891357864376E1,1.15E2));
#4375=CARTESIAN_POINT('',(-5.017748270811E-7,1.891357864376E1,1.15E2));
#4376=VERTEX_POINT('',#4374);
#4377=VERTEX_POINT('',#4375);
#4378=CARTESIAN_POINT('',(1.146345352960E-9,-1.898428932188E1,
1.149707106781E2));
#4379=CARTESIAN_POINT('',(-1.146351458773E-9,1.898428932188E1,
1.149707106781E2));
#4380=VERTEX_POINT('',#4378);
#4381=VERTEX_POINT('',#4379);
#4382=CARTESIAN_POINT('',(3.271539561590E1,-2.970708424352E0,1.910026666264E1));
#4383=CARTESIAN_POINT('',(-3.271539507393E1,-2.970710004480E0,
1.910026508258E1));
#4384=VERTEX_POINT('',#4382);
#4385=VERTEX_POINT('',#4383);
#4386=CARTESIAN_POINT('',(3.275597866748E1,-3.E0,1.902955354695E1));
#4387=CARTESIAN_POINT('',(-3.275597962284E1,-3.E0,1.902955369501E1));
#4388=VERTEX_POINT('',#4386);
#4389=VERTEX_POINT('',#4387);
#4390=VERTEX_POINT('',#941);
#4391=VERTEX_POINT('',#964);
#4392=VERTEX_POINT('',#330);
#4393=VERTEX_POINT('',#103);
#4394=VERTEX_POINT('',#535);
#4395=VERTEX_POINT('',#973);
#4396=VERTEX_POINT('',#984);
#4397=VERTEX_POINT('',#446);
#4398=VERTEX_POINT('',#522);
#4399=CARTESIAN_POINT('',(3.038142608649E1,-3.029289297214E0,
-1.802928929722E1));
#4400=VERTEX_POINT('',#4399);
#4401=CARTESIAN_POINT('',(3.038143364143E1,-3.E0,-1.795857864373E1));
#4402=VERTEX_POINT('',#4401);
#4403=VERTEX_POINT('',#423);
#4404=VERTEX_POINT('',#500);
#4405=VERTEX_POINT('',#180);
#4406=CARTESIAN_POINT('',(3.271539561433E1,2.970708424448E0,-1.910026666255E1));
#4407=CARTESIAN_POINT('',(-3.271539488538E1,2.970710015286E0,
-1.910026507177E1));
#4408=VERTEX_POINT('',#4406);
#4409=VERTEX_POINT('',#4407);
#4410=CARTESIAN_POINT('',(3.275597984139E1,3.E0,-1.902955372892E1));
#4411=CARTESIAN_POINT('',(-3.275597964113E1,3.E0,-1.902955369792E1));
#4412=VERTEX_POINT('',#4410);
#4413=VERTEX_POINT('',#4411);
#4414=VERTEX_POINT('',#1166);
#4415=VERTEX_POINT('',#1182);
#4416=VERTEX_POINT('',#641);
#4417=VERTEX_POINT('',#657);
#4418=VERTEX_POINT('',#1012);
#4419=VERTEX_POINT('',#1089);
#4420=VERTEX_POINT('',#1112);
#4421=VERTEX_POINT('',#879);
#4422=VERTEX_POINT('',#189);
#4423=VERTEX_POINT('',#832);
#4424=VERTEX_POINT('',#848);
#4425=VERTEX_POINT('',#691);
#4426=VERTEX_POINT('',#707);
#4427=VERTEX_POINT('',#312);
#4428=CARTESIAN_POINT('',(2.245720642462E0,2.9E0,1.785935997722E1));
#4429=CARTESIAN_POINT('',(0.E0,2.9E0,-1.8E1));
#4430=VERTEX_POINT('',#4428);
#4431=VERTEX_POINT('',#4429);
#4432=CARTESIAN_POINT('',(-2.245720642462E0,2.9E0,1.785935997722E1));
#4433=VERTEX_POINT('',#4432);
#4434=VERTEX_POINT('',#781);
#4435=VERTEX_POINT('',#713);
#4436=VERTEX_POINT('',#725);
#4437=VERTEX_POINT('',#748);
#4438=CARTESIAN_POINT('',(0.E0,0.E0,1.15E2));
#4439=DIRECTION('',(0.E0,0.E0,-1.E0));
#4440=DIRECTION('',(0.E0,-1.E0,0.E0));
#4441=AXIS2_PLACEMENT_3D('',#4438,#4439,#4440);
#4442=PLANE('',#4441);
#4444=ORIENTED_EDGE('',*,*,#4443,.F.);
#4446=ORIENTED_EDGE('',*,*,#4445,.F.);
#4447=EDGE_LOOP('',(#4444,#4446));
#4448=FACE_OUTER_BOUND('',#4447,.F.);
#4450=ORIENTED_EDGE('',*,*,#4449,.F.);
#4452=ORIENTED_EDGE('',*,*,#4451,.F.);
#4453=EDGE_LOOP('',(#4450,#4452));
#4454=FACE_BOUND('',#4453,.F.);
#4455=ADVANCED_FACE('',(#4448,#4454),#4442,.F.);
#4456=CARTESIAN_POINT('',(0.E0,0.E0,1.149E2));
#4457=DIRECTION('',(0.E0,0.E0,-1.E0));
#4458=DIRECTION('',(3.275385084496E-2,-9.994634486838E-1,0.E0));
#4459=AXIS2_PLACEMENT_3D('',#4456,#4457,#4458);
#4460=TOROIDAL_SURFACE('',#4459,1.51E1,1.E-1);
#4461=ORIENTED_EDGE('',*,*,#4449,.T.);
#4463=ORIENTED_EDGE('',*,*,#4462,.T.);
#4465=ORIENTED_EDGE('',*,*,#4464,.F.);
#4467=ORIENTED_EDGE('',*,*,#4466,.F.);
#4468=EDGE_LOOP('',(#4461,#4463,#4465,#4467));
#4469=FACE_OUTER_BOUND('',#4468,.F.);
#4470=ADVANCED_FACE('',(#4469),#4460,.T.);
#4471=CARTESIAN_POINT('',(0.E0,0.E0,1.149E2));
#4472=DIRECTION('',(0.E0,0.E0,-1.E0));
#4473=DIRECTION('',(-3.275385084496E-2,9.994634486838E-1,0.E0));
#4474=AXIS2_PLACEMENT_3D('',#4471,#4472,#4473);
#4475=TOROIDAL_SURFACE('',#4474,1.51E1,1.E-1);
#4476=ORIENTED_EDGE('',*,*,#4451,.T.);
#4477=ORIENTED_EDGE('',*,*,#4466,.T.);
#4479=ORIENTED_EDGE('',*,*,#4478,.F.);
#4480=ORIENTED_EDGE('',*,*,#4462,.F.);
#4481=EDGE_LOOP('',(#4476,#4477,#4479,#4480));
#4482=FACE_OUTER_BOUND('',#4481,.F.);
#4483=ADVANCED_FACE('',(#4482),#4475,.T.);
#4484=CARTESIAN_POINT('',(0.E0,0.E0,1.2625E2));
#4485=DIRECTION('',(0.E0,0.E0,-1.E0));
#4486=DIRECTION('',(0.E0,-1.E0,0.E0));
#4487=AXIS2_PLACEMENT_3D('',#4484,#4485,#4486);
#4488=CYLINDRICAL_SURFACE('',#4487,1.5E1);
#4490=ORIENTED_EDGE('',*,*,#4489,.T.);
#4492=ORIENTED_EDGE('',*,*,#4491,.F.);
#4493=ORIENTED_EDGE('',*,*,#4478,.T.);
#4495=ORIENTED_EDGE('',*,*,#4494,.T.);
#4496=EDGE_LOOP('',(#4490,#4492,#4493,#4495));
#4497=FACE_OUTER_BOUND('',#4496,.F.);
#4498=ADVANCED_FACE('',(#4497),#4488,.F.);
#4499=CARTESIAN_POINT('',(0.E0,0.E0,8.51E1));
#4500=DIRECTION('',(0.E0,0.E0,-1.E0));
#4501=DIRECTION('',(-4.652019544029E-2,-9.989173496422E-1,0.E0));
#4502=AXIS2_PLACEMENT_3D('',#4499,#4500,#4501);
#4503=TOROIDAL_SURFACE('',#4502,1.51E1,1.E-1);
#4505=ORIENTED_EDGE('',*,*,#4504,.T.);
#4507=ORIENTED_EDGE('',*,*,#4506,.T.);
#4508=ORIENTED_EDGE('',*,*,#4489,.F.);
#4510=ORIENTED_EDGE('',*,*,#4509,.F.);
#4511=EDGE_LOOP('',(#4505,#4507,#4508,#4510));
#4512=FACE_OUTER_BOUND('',#4511,.F.);
#4513=ADVANCED_FACE('',(#4512),#4503,.T.);
#4514=CARTESIAN_POINT('',(0.E0,0.E0,8.5E1));
#4515=DIRECTION('',(0.E0,0.E0,-1.E0));
#4516=DIRECTION('',(0.E0,-1.E0,0.E0));
#4517=AXIS2_PLACEMENT_3D('',#4514,#4515,#4516);
#4518=PLANE('',#4517);
#4520=ORIENTED_EDGE('',*,*,#4519,.F.);
#4522=ORIENTED_EDGE('',*,*,#4521,.F.);
#4523=EDGE_LOOP('',(#4520,#4522));
#4524=FACE_OUTER_BOUND('',#4523,.F.);
#4525=ORIENTED_EDGE('',*,*,#4504,.F.);
#4527=ORIENTED_EDGE('',*,*,#4526,.F.);
#4528=EDGE_LOOP('',(#4525,#4527));
#4529=FACE_BOUND('',#4528,.F.);
#4530=ADVANCED_FACE('',(#4524,#4529),#4518,.T.);
#4531=CARTESIAN_POINT('',(0.E0,0.E0,8.49E1));
#4532=DIRECTION('',(0.E0,0.E0,-1.E0));
#4533=DIRECTION('',(-2.861247936757E-2,9.995905791995E-1,0.E0));
#4534=AXIS2_PLACEMENT_3D('',#4531,#4532,#4533);
#4535=TOROIDAL_SURFACE('',#4534,1.79E1,1.E-1);
#4537=ORIENTED_EDGE('',*,*,#4536,.F.);
#4539=ORIENTED_EDGE('',*,*,#4538,.T.);
#4540=ORIENTED_EDGE('',*,*,#4519,.T.);
#4542=ORIENTED_EDGE('',*,*,#4541,.F.);
#4543=EDGE_LOOP('',(#4537,#4539,#4540,#4542));
#4544=FACE_OUTER_BOUND('',#4543,.F.);
#4545=ADVANCED_FACE('',(#4544),#4535,.F.);
#4546=CARTESIAN_POINT('',(0.E0,0.E0,1.2625E2));
#4547=DIRECTION('',(0.E0,0.E0,-1.E0));
#4548=DIRECTION('',(0.E0,-1.E0,0.E0));
#4549=AXIS2_PLACEMENT_3D('',#4546,#4547,#4548);
#4550=CYLINDRICAL_SURFACE('',#4549,1.8E1);
#4552=ORIENTED_EDGE('',*,*,#4551,.T.);
#4554=ORIENTED_EDGE('',*,*,#4553,.F.);
#4555=ORIENTED_EDGE('',*,*,#4536,.T.);
#4557=ORIENTED_EDGE('',*,*,#4556,.T.);
#4558=EDGE_LOOP('',(#4552,#4554,#4555,#4557));
#4559=FACE_OUTER_BOUND('',#4558,.F.);
#4560=ADVANCED_FACE('',(#4559),#4550,.F.);
#4561=CARTESIAN_POINT('',(0.E0,0.E0,4.372184808537E1));
#4562=DIRECTION('',(0.E0,0.E0,-1.E0));
#4563=DIRECTION('',(-1.312434318594E-2,-9.999138720990E-1,0.E0));
#4564=AXIS2_PLACEMENT_3D('',#4561,#4562,#4563);
#4565=TOROIDAL_SURFACE('',#4564,1.81E1,1.E-1);
#4567=ORIENTED_EDGE('',*,*,#4566,.T.);
#4569=ORIENTED_EDGE('',*,*,#4568,.T.);
#4570=ORIENTED_EDGE('',*,*,#4551,.F.);
#4572=ORIENTED_EDGE('',*,*,#4571,.F.);
#4573=EDGE_LOOP('',(#4567,#4569,#4570,#4572));
#4574=FACE_OUTER_BOUND('',#4573,.F.);
#4575=ADVANCED_FACE('',(#4574),#4565,.T.);
#4576=CARTESIAN_POINT('',(-1.045078316205E0,1.661104416228E1,4.500554294123E1));
#4577=CARTESIAN_POINT('',(-2.772066570193E0,4.406073641011E1,1.894484235771E1));
#4578=CARTESIAN_POINT('',(-2.772066570193E0,4.406073641011E1,
-1.894484235771E1));
#4579=CARTESIAN_POINT('',(-1.045078316205E0,1.661104416228E1,
-4.500554294123E1));
#4580=CARTESIAN_POINT('',(9.177334960908E0,1.725418389214E1,4.500554294123E1));
#4581=CARTESIAN_POINT('',(2.434284881249E1,4.576666228902E1,1.894484235771E1));
#4582=CARTESIAN_POINT('',(2.434284881249E1,4.576666228902E1,-1.894484235771E1));
#4583=CARTESIAN_POINT('',(9.177334960908E0,1.725418389214E1,-4.500554294123E1));
#4584=CARTESIAN_POINT('',(1.664388707148E1,1.024262475737E1,4.500554294123E1));
#4585=CARTESIAN_POINT('',(4.414785211163E1,2.716852626320E1,1.894484235771E1));
#4586=CARTESIAN_POINT('',(4.414785211163E1,2.716852626320E1,-1.894484235771E1));
#4587=CARTESIAN_POINT('',(1.664388707148E1,1.024262475737E1,-4.500554294123E1));
#4588=CARTESIAN_POINT('',(1.664388707148E1,0.E0,4.500554294123E1));
#4589=CARTESIAN_POINT('',(4.414785211163E1,1.072543664853E-14,
1.894484235771E1));
#4590=CARTESIAN_POINT('',(4.414785211163E1,0.E0,-1.894484235771E1));
#4591=CARTESIAN_POINT('',(1.664388707148E1,0.E0,-4.500554294123E1));
#4592=CARTESIAN_POINT('',(1.664388707148E1,-1.024262475737E1,4.500554294123E1));
#4593=CARTESIAN_POINT('',(4.414785211163E1,-2.716852626320E1,1.894484235771E1));
#4594=CARTESIAN_POINT('',(4.414785211163E1,-2.716852626320E1,
-1.894484235771E1));
#4595=CARTESIAN_POINT('',(1.664388707148E1,-1.024262475737E1,
-4.500554294123E1));
#4596=CARTESIAN_POINT('',(9.177334960908E0,-1.725418389214E1,4.500554294123E1));
#4597=CARTESIAN_POINT('',(2.434284881249E1,-4.576666228902E1,1.894484235771E1));
#4598=CARTESIAN_POINT('',(2.434284881249E1,-4.576666228902E1,
-1.894484235771E1));
#4599=CARTESIAN_POINT('',(9.177334960908E0,-1.725418389214E1,
-4.500554294123E1));
#4600=CARTESIAN_POINT('',(-1.045078316205E0,-1.661104416228E1,
4.500554294123E1));
#4601=CARTESIAN_POINT('',(-2.772066570193E0,-4.406073641011E1,
1.894484235771E1));
#4602=CARTESIAN_POINT('',(-2.772066570193E0,-4.406073641011E1,
-1.894484235771E1));
#4603=CARTESIAN_POINT('',(-1.045078316205E0,-1.661104416228E1,
-4.500554294123E1));
#4604=(BOUNDED_SURFACE()B_SPLINE_SURFACE(3,3,((#4576,#4577,#4578,#4579),(#4580,
#4581,#4582,#4583),(#4584,#4585,#4586,#4587),(#4588,#4589,#4590,#4591),(#4592,
#4593,#4594,#4595),(#4596,#4597,#4598,#4599),(#4600,#4601,#4602,#4603)),
.UNSPECIFIED.,.F.,.F.,.F.)B_SPLINE_SURFACE_WITH_KNOTS((4,3,4),(4,4),(0.E0,1.E0,
2.E0),(0.E0,1.E0),.UNSPECIFIED.)GEOMETRIC_REPRESENTATION_ITEM()RATIONAL_B_SPLINE_SURFACE(((1.406872230661E0,1.114059566439E0,1.114059566439E0,1.406872230661E0),(
1.111004286161E0,8.797706901713E-1,8.797706901713E-1,1.111004286161E0),(
1.111004286161E0,8.797706901713E-1,8.797706901713E-1,1.111004286161E0),(
1.406872230661E0,1.114059566439E0,1.114059566439E0,1.406872230661E0),(
1.111004286161E0,8.797706901713E-1,8.797706901713E-1,1.111004286161E0),(
1.111004286161E0,8.797706901713E-1,8.797706901713E-1,1.111004286161E0),(
1.406872230661E0,1.114059566439E0,1.114059566439E0,1.406872230661E0)))REPRESENTATION_ITEM('')SURFACE());
#4606=ORIENTED_EDGE('',*,*,#4605,.T.);
#4608=ORIENTED_EDGE('',*,*,#4607,.F.);
#4609=ORIENTED_EDGE('',*,*,#4566,.F.);
#4611=ORIENTED_EDGE('',*,*,#4610,.T.);
#4613=ORIENTED_EDGE('',*,*,#4612,.T.);
#4615=ORIENTED_EDGE('',*,*,#4614,.T.);
#4617=ORIENTED_EDGE('',*,*,#4616,.F.);
#4618=EDGE_LOOP('',(#4606,#4608,#4609,#4611,#4613,#4615,#4617));
#4619=FACE_OUTER_BOUND('',#4618,.F.);
#4620=ADVANCED_FACE('',(#4619),#4604,.F.);
#4621=CARTESIAN_POINT('',(-1.045078316205E0,1.661104416228E1,4.500554294123E1));
#4622=CARTESIAN_POINT('',(-2.772066570193E0,4.406073641011E1,1.894484235771E1));
#4623=CARTESIAN_POINT('',(-2.772066570193E0,4.406073641011E1,
-1.894484235771E1));
#4624=CARTESIAN_POINT('',(-1.045078316205E0,1.661104416228E1,
-4.500554294123E1));
#4625=CARTESIAN_POINT('',(9.177334960908E0,1.725418389214E1,4.500554294123E1));
#4626=CARTESIAN_POINT('',(2.434284881249E1,4.576666228902E1,1.894484235771E1));
#4627=CARTESIAN_POINT('',(2.434284881249E1,4.576666228902E1,-1.894484235771E1));
#4628=CARTESIAN_POINT('',(9.177334960908E0,1.725418389214E1,-4.500554294123E1));
#4629=CARTESIAN_POINT('',(1.664388707148E1,1.024262475737E1,4.500554294123E1));
#4630=CARTESIAN_POINT('',(4.414785211163E1,2.716852626320E1,1.894484235771E1));
#4631=CARTESIAN_POINT('',(4.414785211163E1,2.716852626320E1,-1.894484235771E1));
#4632=CARTESIAN_POINT('',(1.664388707148E1,1.024262475737E1,-4.500554294123E1));
#4633=CARTESIAN_POINT('',(1.664388707148E1,0.E0,4.500554294123E1));
#4634=CARTESIAN_POINT('',(4.414785211163E1,1.072543664853E-14,
1.894484235771E1));
#4635=CARTESIAN_POINT('',(4.414785211163E1,0.E0,-1.894484235771E1));
#4636=CARTESIAN_POINT('',(1.664388707148E1,0.E0,-4.500554294123E1));
#4637=CARTESIAN_POINT('',(1.664388707148E1,-1.024262475737E1,4.500554294123E1));
#4638=CARTESIAN_POINT('',(4.414785211163E1,-2.716852626320E1,1.894484235771E1));
#4639=CARTESIAN_POINT('',(4.414785211163E1,-2.716852626320E1,
-1.894484235771E1));
#4640=CARTESIAN_POINT('',(1.664388707148E1,-1.024262475737E1,
-4.500554294123E1));
#4641=CARTESIAN_POINT('',(9.177334960908E0,-1.725418389214E1,4.500554294123E1));
#4642=CARTESIAN_POINT('',(2.434284881249E1,-4.576666228902E1,1.894484235771E1));
#4643=CARTESIAN_POINT('',(2.434284881249E1,-4.576666228902E1,
-1.894484235771E1));
#4644=CARTESIAN_POINT('',(9.177334960908E0,-1.725418389214E1,
-4.500554294123E1));
#4645=CARTESIAN_POINT('',(-1.045078316205E0,-1.661104416228E1,
4.500554294123E1));
#4646=CARTESIAN_POINT('',(-2.772066570193E0,-4.406073641011E1,
1.894484235771E1));
#4647=CARTESIAN_POINT('',(-2.772066570193E0,-4.406073641011E1,
-1.894484235771E1));
#4648=CARTESIAN_POINT('',(-1.045078316205E0,-1.661104416228E1,
-4.500554294123E1));
#4649=(BOUNDED_SURFACE()B_SPLINE_SURFACE(3,3,((#4621,#4622,#4623,#4624),(#4625,
#4626,#4627,#4628),(#4629,#4630,#4631,#4632),(#4633,#4634,#4635,#4636),(#4637,
#4638,#4639,#4640),(#4641,#4642,#4643,#4644),(#4645,#4646,#4647,#4648)),
.UNSPECIFIED.,.F.,.F.,.F.)B_SPLINE_SURFACE_WITH_KNOTS((4,3,4),(4,4),(0.E0,1.E0,
2.E0),(0.E0,1.E0),.UNSPECIFIED.)GEOMETRIC_REPRESENTATION_ITEM()RATIONAL_B_SPLINE_SURFACE(((1.406872230661E0,1.114059566439E0,1.114059566439E0,1.406872230661E0),(
1.111004286161E0,8.797706901713E-1,8.797706901713E-1,1.111004286161E0),(
1.111004286161E0,8.797706901713E-1,8.797706901713E-1,1.111004286161E0),(
1.406872230661E0,1.114059566439E0,1.114059566439E0,1.406872230661E0),(
1.111004286161E0,8.797706901713E-1,8.797706901713E-1,1.111004286161E0),(
1.111004286161E0,8.797706901713E-1,8.797706901713E-1,1.111004286161E0),(
1.406872230661E0,1.114059566439E0,1.114059566439E0,1.406872230661E0)))REPRESENTATION_ITEM('')SURFACE());
#4651=ORIENTED_EDGE('',*,*,#4650,.T.);
#4653=ORIENTED_EDGE('',*,*,#4652,.T.);
#4655=ORIENTED_EDGE('',*,*,#4654,.T.);
#4657=ORIENTED_EDGE('',*,*,#4656,.F.);
#4659=ORIENTED_EDGE('',*,*,#4658,.F.);
#4661=ORIENTED_EDGE('',*,*,#4660,.F.);
#4663=ORIENTED_EDGE('',*,*,#4662,.T.);
#4665=ORIENTED_EDGE('',*,*,#4664,.T.);
#4667=ORIENTED_EDGE('',*,*,#4666,.F.);
#4668=EDGE_LOOP('',(#4651,#4653,#4655,#4657,#4659,#4661,#4663,#4665,#4667));
#4669=FACE_OUTER_BOUND('',#4668,.F.);
#4670=ADVANCED_FACE('',(#4669),#4649,.F.);
#4671=CARTESIAN_POINT('',(3.288749296749E1,-3.400463825861E0,1.885671384680E1));
#4672=CARTESIAN_POINT('',(3.284250998855E1,-3.193743476473E0,1.906343419619E1));
#4673=CARTESIAN_POINT('',(3.272111902059E1,-2.671314376475E0,1.958586329619E1));
#4674=CARTESIAN_POINT('',(3.248661821820E1,-1.802581528117E0,2.045459614454E1));
#4675=CARTESIAN_POINT('',(3.215437358831E1,-7.591728703633E-1,
2.149800480230E1));
#4676=CARTESIAN_POINT('',(3.172579661370E1,3.893786974154E-1,2.264655637008E1));
#4677=CARTESIAN_POINT('',(3.117630154913E1,1.651447726260E0,2.390862539892E1));
#4678=CARTESIAN_POINT('',(3.047543003967E1,3.034445268752E0,2.529162294141E1));
#4679=CARTESIAN_POINT('',(2.958663383914E1,4.542093369594E0,2.679927104226E1));
#4680=CARTESIAN_POINT('',(2.847537869632E1,6.160336335934E0,2.841751400860E1));
#4681=CARTESIAN_POINT('',(2.713005726020E1,7.839356024592E0,3.009653369725E1));
#4682=CARTESIAN_POINT('',(2.558483574501E1,9.493443430847E0,3.175062110351E1));
#4683=CARTESIAN_POINT('',(2.391914832047E1,1.103038592124E1,3.328756359390E1));
#4684=CARTESIAN_POINT('',(2.222570145270E1,1.238897026037E1,3.464614793303E1));
#4685=CARTESIAN_POINT('',(2.057284206457E1,1.355348512834E1,3.581066280101E1));
#4686=CARTESIAN_POINT('',(1.899050136395E1,1.454114896851E1,3.679832664117E1));
#4687=CARTESIAN_POINT('',(1.748279174439E1,1.538006347800E1,3.763724115067E1));
#4688=CARTESIAN_POINT('',(1.603842786404E1,1.609912557478E1,3.835630324744E1));
#4689=CARTESIAN_POINT('',(1.462881981731E1,1.672754958727E1,3.898472725993E1));
#4690=CARTESIAN_POINT('',(1.321150277290E1,1.729115090493E1,3.954832857759E1));
#4691=CARTESIAN_POINT('',(1.174881554774E1,1.780454655020E1,4.006172422286E1));
#4692=CARTESIAN_POINT('',(1.023453753002E1,1.826583779090E1,4.052301546357E1));
#4693=CARTESIAN_POINT('',(8.707196587424E0,1.866102438039E1,4.091820205305E1));
#4694=CARTESIAN_POINT('',(7.230388681138E0,1.897832665960E1,4.123550433226E1));
#4695=CARTESIAN_POINT('',(5.856306805128E0,1.921835459410E1,4.147553226677E1));
#4696=CARTESIAN_POINT('',(4.605708950355E0,1.939180311048E1,4.164898078315E1));
#4697=CARTESIAN_POINT('',(3.458857292865E0,1.951398708094E1,4.177116475360E1));
#4698=CARTESIAN_POINT('',(2.357657445171E0,1.959896780045E1,4.185614547311E1));
#4699=CARTESIAN_POINT('',(1.211934788338E0,1.965417858396E1,4.191135625662E1));
#4700=CARTESIAN_POINT('',(2.540016666895E-1,1.967017899866E1,4.192735667132E1));
#4701=CARTESIAN_POINT('',(-3.322333191466E-1,1.966630689907E1,
4.192348457173E1));
#4702=CARTESIAN_POINT('',(-4.983026451226E-1,1.966411120051E1,
4.192128887317E1));
#4703=CARTESIAN_POINT('',(3.291155241226E1,-3.346284407736E0,1.880776983573E1));
#4704=CARTESIAN_POINT('',(3.286654431752E1,-3.139448637820E0,1.901460560565E1));
#4705=CARTESIAN_POINT('',(3.274508557840E1,-2.616727873699E0,1.953732636977E1));
#4706=CARTESIAN_POINT('',(3.251045384714E1,-1.747509976671E0,2.040654426680E1));
#4707=CARTESIAN_POINT('',(3.217802356408E1,-7.035182479813E-1,
2.145053599549E1));
#4708=CARTESIAN_POINT('',(3.174920667182E1,4.456763415104E-1,2.259973058498E1));
#4709=CARTESIAN_POINT('',(3.119940301326E1,1.708454253539E0,2.386250849701E1));
#4710=CARTESIAN_POINT('',(3.049813588275E1,3.092232643387E0,2.524628688686E1));
#4711=CARTESIAN_POINT('',(2.960883409590E1,4.600738665949E0,2.675479290942E1));
#4712=CARTESIAN_POINT('',(2.849693963663E1,6.219913110790E0,2.837396735426E1));
#4713=CARTESIAN_POINT('',(2.715083172304E1,7.899915076428E0,3.005396931990E1));
#4714=CARTESIAN_POINT('',(2.560468721793E1,9.554991422620E0,3.170904566609E1));
#4715=CARTESIAN_POINT('',(2.393797785211E1,1.109287786292E1,3.324693210639E1));
#4716=CARTESIAN_POINT('',(2.224345975447E1,1.245232253006E1,3.460637677353E1));
#4717=CARTESIAN_POINT('',(2.058952034066E1,1.361759910367E1,3.577165334715E1));
#4718=CARTESIAN_POINT('',(1.900611122396E1,1.460593046375E1,3.675998470722E1));
#4719=CARTESIAN_POINT('',(1.749735013906E1,1.544543054989E1,3.759948479336E1));
#4720=CARTESIAN_POINT('',(1.605194687235E1,1.616501053131E1,3.831906477478E1));
#4721=CARTESIAN_POINT('',(1.464129329666E1,1.679390103895E1,3.894795528242E1));
#4722=CARTESIAN_POINT('',(1.322289346066E1,1.735793330587E1,3.951198754934E1));
#4723=CARTESIAN_POINT('',(1.175905532395E1,1.787173330903E1,4.002578755250E1));
#4724=CARTESIAN_POINT('',(1.024355024946E1,1.833339875952E1,4.048745300299E1));
#4725=CARTESIAN_POINT('',(8.714936228080E0,1.872891513962E1,4.088296938309E1));
#4726=CARTESIAN_POINT('',(7.236866010026E0,1.904648894270E1,4.120054318617E1));
#4727=CARTESIAN_POINT('',(5.861585267116E0,1.928672650315E1,4.144078074662E1));
#4728=CARTESIAN_POINT('',(4.609878999976E0,1.946032887448E1,4.161438311796E1));
#4729=CARTESIAN_POINT('',(3.461999156292E0,1.958262246089E1,4.173667670436E1));
#4730=CARTESIAN_POINT('',(2.359804015870E0,1.966768003541E1,4.182173427888E1));
#4731=CARTESIAN_POINT('',(1.213039979861E0,1.972294103631E1,4.187699527978E1));
#4732=CARTESIAN_POINT('',(2.542332973574E-1,1.973895605604E1,4.189301029951E1));
#4733=CARTESIAN_POINT('',(-3.325362909830E-1,1.973508042148E1,
4.188913466495E1));
#4734=CARTESIAN_POINT('',(-4.987570187627E-1,1.973288271635E1,
4.188693695982E1));
#4735=CARTESIAN_POINT('',(3.286600292612E1,-3.307732181141E0,1.875930590488E1));
#4736=CARTESIAN_POINT('',(3.282104238078E1,-3.101114926066E0,1.896592315996E1));
#4737=CARTESIAN_POINT('',(3.269971194642E1,-2.578946342224E0,1.948809174380E1));
#4738=CARTESIAN_POINT('',(3.246532809050E1,-1.710646742268E0,2.035639134376E1));
#4739=CARTESIAN_POINT('',(3.213324928714E1,-6.677588869951E-1,
2.139927919903E1));
#4740=CARTESIAN_POINT('',(3.170488660841E1,4.802183299065E-1,2.254725641593E1));
#4741=CARTESIAN_POINT('',(3.115566718187E1,1.741654180011E0,2.380869226603E1));
#4742=CARTESIAN_POINT('',(3.045514904352E1,3.123954264930E0,2.519099235095E1));
#4743=CARTESIAN_POINT('',(2.956680443575E1,4.630836064909E0,2.669787415093E1));
#4744=CARTESIAN_POINT('',(2.845612033424E1,6.248247029028E0,2.831528511505E1));
#4745=CARTESIAN_POINT('',(2.711150138454E1,7.926389341956E0,2.999342742798E1));
#4746=CARTESIAN_POINT('',(2.556710428951E1,9.579593421086E0,3.164663150711E1));
#4747=CARTESIAN_POINT('',(2.390232966910E1,1.111569276973E1,3.318273085575E1));
#4748=CARTESIAN_POINT('',(2.220983963032E1,1.247350865868E1,3.454054674471E1));
#4749=CARTESIAN_POINT('',(2.055794492765E1,1.363734316658E1,3.570438125260E1));
#4750=CARTESIAN_POINT('',(1.897655854273E1,1.462441077393E1,3.669144885995E1));
#4751=CARTESIAN_POINT('',(1.746978809835E1,1.546280224283E1,3.752984032885E1));
#4752=CARTESIAN_POINT('',(1.602635260419E1,1.618140176192E1,3.824843984794E1));
#4753=CARTESIAN_POINT('',(1.461767843022E1,1.680940909811E1,3.887644718414E1));
#4754=CARTESIAN_POINT('',(1.320132854181E1,1.737262548929E1,3.943966357531E1));
#4755=CARTESIAN_POINT('',(1.173966931780E1,1.788565995965E1,3.995269804567E1));
#4756=CARTESIAN_POINT('',(1.022648731460E1,1.834661695392E1,4.041365503994E1));
#4757=CARTESIAN_POINT('',(8.700283493651E0,1.874150897243E1,4.080854705846E1));
#4758=CARTESIAN_POINT('',(7.224603091860E0,1.905856872488E1,4.112560681090E1));
#4759=CARTESIAN_POINT('',(5.851592051005E0,1.929840942023E1,4.136544750625E1));
#4760=CARTESIAN_POINT('',(4.601984236851E0,1.947172051243E1,4.153875859846E1));
#4761=CARTESIAN_POINT('',(3.456050961479E0,1.959380657327E1,4.166084465929E1));
#4762=CARTESIAN_POINT('',(2.355740115260E0,1.967871864541E1,4.174575673143E1));
#4763=CARTESIAN_POINT('',(1.210947624595E0,1.973388457444E1,4.180092266047E1));
#4764=CARTESIAN_POINT('',(2.537947727781E-1,1.974987194383E1,4.181691002986E1));
#4765=CARTESIAN_POINT('',(-3.319627028728E-1,1.974600300170E1,
4.181304108773E1));
#4766=CARTESIAN_POINT('',(-4.978967958434E-1,1.974380909543E1,
4.181084718145E1));
#4767=CARTESIAN_POINT('',(3.279007433314E1,-3.318010529798E0,1.875306196488E1));
#4768=CARTESIAN_POINT('',(3.274519305013E1,-3.111757527446E0,1.895931496723E1));
#4769=CARTESIAN_POINT('',(3.262407649303E1,-2.590509399030E0,1.948056309564E1));
#4770=CARTESIAN_POINT('',(3.239010583224E1,-1.723740551898E0,2.034733194278E1));
#4771=CARTESIAN_POINT('',(3.205861292704E1,-6.826927954397E-1,
2.138837969923E1));
#4772=CARTESIAN_POINT('',(3.163100739834E1,4.632551255082E-1,2.253432762018E1));
#4773=CARTESIAN_POINT('',(3.108276185577E1,1.722453829108E0,2.379352632378E1));
#4774=CARTESIAN_POINT('',(3.038349224786E1,3.102289657617E0,2.517336215229E1));
#4775=CARTESIAN_POINT('',(2.949674320720E1,4.606463964146E0,2.667753645882E1));
#4776=CARTESIAN_POINT('',(2.838807670827E1,6.220935298834E0,2.829200779351E1));
#4777=CARTESIAN_POINT('',(2.704593978291E1,7.895977668695E0,2.996705016337E1));
#4778=CARTESIAN_POINT('',(2.550445552842E1,9.546060777301E0,3.161713327197E1));
#4779=CARTESIAN_POINT('',(2.384290602662E1,1.107918113834E1,3.315025363301E1));
#4780=CARTESIAN_POINT('',(2.215379665511E1,1.243428193989E1,3.450535443457E1));
#4781=CARTESIAN_POINT('',(2.050531037814E1,1.359571260021E1,3.566678509488E1));
#4782=CARTESIAN_POINT('',(1.892729578051E1,1.458067359837E1,3.665174609304E1));
#4783=CARTESIAN_POINT('',(1.742384362899E1,1.541721706075E1,3.748828955543E1));
#4784=CARTESIAN_POINT('',(1.598368830795E1,1.613418220082E1,3.820525469549E1));
#4785=CARTESIAN_POINT('',(1.457831369233E1,1.676071733674E1,3.883178983141E1));
#4786=CARTESIAN_POINT('',(1.316538095854E1,1.732257370604E1,3.939364620072E1));
#4787=CARTESIAN_POINT('',(1.170735386716E1,1.783433207356E1,3.990540456824E1));
#4788=CARTESIAN_POINT('',(1.019804430137E1,1.829410810867E1,4.036518060334E1));
#4789=CARTESIAN_POINT('',(8.675858157539E0,1.868795934931E1,4.075903184399E1));
#4790=CARTESIAN_POINT('',(7.204161453519E0,1.900416220644E1,4.107523470112E1));
#4791=CARTESIAN_POINT('',(5.834933886378E0,1.924334134858E1,4.131441384325E1));
#4792=CARTESIAN_POINT('',(4.588824082766E0,1.941616689384E1,4.148723938851E1));
#4793=CARTESIAN_POINT('',(3.446135634188E0,1.953790702048E1,4.160897951515E1));
#4794=CARTESIAN_POINT('',(2.348965807104E0,1.962257654781E1,4.169364904249E1));
#4795=CARTESIAN_POINT('',(1.207459778632E0,1.967758399707E1,4.174865649174E1));
#4796=CARTESIAN_POINT('',(2.530637754141E-1,1.969352527480E1,4.176459776947E1));
#4797=CARTESIAN_POINT('',(-3.310065617204E-1,1.968966748859E1,
4.176073998326E1));
#4798=CARTESIAN_POINT('',(-4.964628495696E-1,1.968747991481E1,
4.175855240949E1));
#4799=(BOUNDED_SURFACE()B_SPLINE_SURFACE(3,3,((#4671,#4672,#4673,#4674,#4675,
#4676,#4677,#4678,#4679,#4680,#4681,#4682,#4683,#4684,#4685,#4686,#4687,#4688,
#4689,#4690,#4691,#4692,#4693,#4694,#4695,#4696,#4697,#4698,#4699,#4700,#4701,
#4702),(#4703,#4704,#4705,#4706,#4707,#4708,#4709,#4710,#4711,#4712,#4713,#4714,
#4715,#4716,#4717,#4718,#4719,#4720,#4721,#4722,#4723,#4724,#4725,#4726,#4727,
#4728,#4729,#4730,#4731,#4732,#4733,#4734),(#4735,#4736,#4737,#4738,#4739,#4740,
#4741,#4742,#4743,#4744,#4745,#4746,#4747,#4748,#4749,#4750,#4751,#4752,#4753,
#4754,#4755,#4756,#4757,#4758,#4759,#4760,#4761,#4762,#4763,#4764,#4765,#4766),(
#4767,#4768,#4769,#4770,#4771,#4772,#4773,#4774,#4775,#4776,#4777,#4778,#4779,
#4780,#4781,#4782,#4783,#4784,#4785,#4786,#4787,#4788,#4789,#4790,#4791,#4792,
#4793,#4794,#4795,#4796,#4797,#4798)),.UNSPECIFIED.,.F.,.F.,.F.)B_SPLINE_SURFACE_WITH_KNOTS((4,4),(4,1,1,1,1,1,1,1,1,1,1,1,1,1,1,1,1,1,1,1,1,1,1,1,1,1,1,1,1,4),(
0.E0,1.E0),(7.208967703949E-1,7.258233371716E-1,7.333668392304E-1,
7.417263953168E-1,7.510118188369E-1,7.613407446431E-1,7.728226376394E-1,
7.856042168260E-1,7.997972866239E-1,8.151705534541E-1,8.310254732396E-1,
8.464514685299E-1,8.607395409962E-1,8.736451656608E-1,8.852815000126E-1,
8.958656357795E-1,9.055745288352E-1,9.146795537573E-1,9.235978832774E-1,
9.326340642343E-1,9.418514850553E-1,9.510305587374E-1,9.596910196429E-1,
9.675287479147E-1,9.745776839262E-1,9.808937500638E-1,9.868251437851E-1,
9.930081082494E-1,1.E0,1.002764521616E0),.UNSPECIFIED.)GEOMETRIC_REPRESENTATION_ITEM()RATIONAL_B_SPLINE_SURFACE(((1.274395606014E0,1.274395606014E0,
1.274395606014E0,1.274395606014E0,1.274395606014E0,1.274395606014E0,
1.274395606014E0,1.274395606014E0,1.274395606014E0,1.274395606014E0,
1.274395606014E0,1.274395606014E0,1.274395606014E0,1.274395606014E0,
1.274395606014E0,1.274395606014E0,1.274395606014E0,1.274395606014E0,
1.274395606014E0,1.274395606014E0,1.274395606014E0,1.274395606014E0,
1.274395606014E0,1.274395606014E0,1.274395606014E0,1.274395606014E0,
1.274395606014E0,1.274395606014E0,1.274395606014E0,1.274395606014E0,
1.274395606014E0,1.274395606014E0),(9.085347979952E-1,9.085347979952E-1,
9.085347979952E-1,9.085347979952E-1,9.085347979952E-1,9.085347979952E-1,
9.085347979952E-1,9.085347979952E-1,9.085347979952E-1,9.085347979952E-1,
9.085347979952E-1,9.085347979952E-1,9.085347979952E-1,9.085347979952E-1,
9.085347979952E-1,9.085347979952E-1,9.085347979952E-1,9.085347979952E-1,
9.085347979952E-1,9.085347979952E-1,9.085347979952E-1,9.085347979952E-1,
9.085347979952E-1,9.085347979952E-1,9.085347979952E-1,9.085347979952E-1,
9.085347979952E-1,9.085347979952E-1,9.085347979952E-1,9.085347979952E-1,
9.085347979952E-1,9.085347979952E-1),(9.085347979952E-1,9.085347979952E-1,
9.085347979952E-1,9.085347979952E-1,9.085347979952E-1,9.085347979952E-1,
9.085347979952E-1,9.085347979952E-1,9.085347979952E-1,9.085347979952E-1,
9.085347979952E-1,9.085347979952E-1,9.085347979952E-1,9.085347979952E-1,
9.085347979952E-1,9.085347979952E-1,9.085347979952E-1,9.085347979952E-1,
9.085347979952E-1,9.085347979952E-1,9.085347979952E-1,9.085347979952E-1,
9.085347979952E-1,9.085347979952E-1,9.085347979952E-1,9.085347979952E-1,
9.085347979952E-1,9.085347979952E-1,9.085347979952E-1,9.085347979952E-1,
9.085347979952E-1,9.085347979952E-1),(1.274395606014E0,1.274395606014E0,
1.274395606014E0,1.274395606014E0,1.274395606014E0,1.274395606014E0,
1.274395606014E0,1.274395606014E0,1.274395606014E0,1.274395606014E0,
1.274395606014E0,1.274395606014E0,1.274395606014E0,1.274395606014E0,
1.274395606014E0,1.274395606014E0,1.274395606014E0,1.274395606014E0,
1.274395606014E0,1.274395606014E0,1.274395606014E0,1.274395606014E0,
1.274395606014E0,1.274395606014E0,1.274395606014E0,1.274395606014E0,
1.274395606014E0,1.274395606014E0,1.274395606014E0,1.274395606014E0,
1.274395606014E0,1.274395606014E0)))REPRESENTATION_ITEM('')SURFACE());
#4801=ORIENTED_EDGE('',*,*,#4800,.T.);
#4803=ORIENTED_EDGE('',*,*,#4802,.F.);
#4804=ORIENTED_EDGE('',*,*,#4605,.F.);
#4806=ORIENTED_EDGE('',*,*,#4805,.T.);
#4807=EDGE_LOOP('',(#4801,#4803,#4804,#4806));
#4808=FACE_OUTER_BOUND('',#4807,.F.);
#4809=ADVANCED_FACE('',(#4808),#4799,.F.);
#4810=CARTESIAN_POINT('',(9.79E1,1.976109555159E1,4.183207063866E1));
#4811=DIRECTION('',(0.E0,-7.071067811865E-1,7.071067811865E-1));
#4812=DIRECTION('',(0.E0,-7.071067811865E-1,-7.071067811865E-1));
#4813=AXIS2_PLACEMENT_3D('',#4810,#4811,#4812);
#4814=PLANE('',#4813);
#4816=ORIENTED_EDGE('',*,*,#4815,.T.);
#4818=ORIENTED_EDGE('',*,*,#4817,.F.);
#4819=ORIENTED_EDGE('',*,*,#4800,.F.);
#4820=EDGE_LOOP('',(#4816,#4818,#4819));
#4821=FACE_OUTER_BOUND('',#4820,.F.);
#4822=ADVANCED_FACE('',(#4821),#4814,.T.);
#4823=CARTESIAN_POINT('',(2.531644E2,-2.9E0,1.902955373083E1));
#4824=DIRECTION('',(-1.E0,0.E0,0.E0));
#4825=DIRECTION('',(0.E0,-1.E0,-3.552713678801E-14));
#4826=AXIS2_PLACEMENT_3D('',#4823,#4824,#4825);
#4827=CYLINDRICAL_SURFACE('',#4826,1.E-1);
#4828=ORIENTED_EDGE('',*,*,#4815,.F.);
#4830=ORIENTED_EDGE('',*,*,#4829,.T.);
#4832=ORIENTED_EDGE('',*,*,#4831,.T.);
#4834=ORIENTED_EDGE('',*,*,#4833,.T.);
#4835=EDGE_LOOP('',(#4828,#4830,#4832,#4834));
#4836=FACE_OUTER_BOUND('',#4835,.F.);
#4837=ADVANCED_FACE('',(#4836),#4827,.T.);
#4838=CARTESIAN_POINT('',(3.284716297872E1,-3.132087923754E0,1.905538848139E1));
#4839=CARTESIAN_POINT('',(3.284684195664E1,-3.131955671050E0,1.905653795394E1));
#4840=CARTESIAN_POINT('',(3.284150184649E1,-3.129605117446E0,1.907567957373E1));
#4841=CARTESIAN_POINT('',(3.283140959042E1,-3.120193885276E0,1.911265676884E1));
#4842=CARTESIAN_POINT('',(3.281845246825E1,-3.093730137030E0,1.916278820327E1));
#4843=CARTESIAN_POINT('',(3.281154826163E1,-3.067122042862E0,1.919224559257E1));
#4844=CARTESIAN_POINT('',(3.280867110163E1,-3.051178819865E0,1.920575301213E1));
#4845=CARTESIAN_POINT('',(3.280852152176E1,-3.050333535357E0,1.920645871078E1));
#4846=CARTESIAN_POINT('',(3.287030761945E1,-3.059292930767E0,1.906404726833E1));
#4847=CARTESIAN_POINT('',(3.286998962743E1,-3.059116251336E0,1.906481584883E1));
#4848=CARTESIAN_POINT('',(3.286470111945E1,-3.056074776070E0,1.907759287348E1));
#4849=CARTESIAN_POINT('',(3.285475662953E1,-3.046954843627E0,1.910154349056E1));
#4850=CARTESIAN_POINT('',(3.284211948799E1,-3.026207822133E0,1.913206877466E1));
#4851=CARTESIAN_POINT('',(3.283546228314E1,-3.007820976583E0,1.914883929441E1));
#4852=CARTESIAN_POINT('',(3.283269874403E1,-2.997382824538E0,1.915637054307E1));
#4853=CARTESIAN_POINT('',(3.283255504519E1,-2.996830780068E0,1.915676353149E1));
#4854=CARTESIAN_POINT('',(3.282649004593E1,-2.997551708116E0,1.905071324109E1));
#4855=CARTESIAN_POINT('',(3.282616631738E1,-2.997443326828E0,1.905118388012E1));
#4856=CARTESIAN_POINT('',(3.282078011587E1,-2.995577687875E0,1.905900782320E1));
#4857=CARTESIAN_POINT('',(3.281055587417E1,-2.989986963401E0,1.907367226229E1));
#4858=CARTESIAN_POINT('',(3.279731294338E1,-2.977275920073E0,1.909235785853E1));
#4859=CARTESIAN_POINT('',(3.279018811328E1,-2.966015469393E0,1.910262089636E1));
#4860=CARTESIAN_POINT('',(3.278720946641E1,-2.959624166799E0,1.910722938150E1));
#4861=CARTESIAN_POINT('',(3.278705463358E1,-2.959286151844E0,1.910746985580E1));
#4862=CARTESIAN_POINT('',(3.275344845999E1,-3.000039329955E0,1.902687042698E1));
#4863=CARTESIAN_POINT('',(3.275311516894E1,-3.000053149412E0,1.902738267937E1));
#4864=CARTESIAN_POINT('',(3.274756611748E1,-3.000217407225E0,1.903593093174E1));
#4865=CARTESIAN_POINT('',(3.273687554429E1,-2.998354243095E0,1.905304738078E1));
#4866=CARTESIAN_POINT('',(3.272262279473E1,-2.989077385083E0,1.907785676836E1));
#4867=CARTESIAN_POINT('',(3.271471845800E1,-2.977710816448E0,1.909339632771E1));
#4868=CARTESIAN_POINT('',(3.271138123784E1,-2.970422763472E0,1.910065270792E1));
#4869=CARTESIAN_POINT('',(3.271120784523E1,-2.970035233042E0,1.910103221811E1));
#4870=(BOUNDED_SURFACE()B_SPLINE_SURFACE(3,3,((#4838,#4839,#4840,#4841,#4842,
#4843,#4844,#4845),(#4846,#4847,#4848,#4849,#4850,#4851,#4852,#4853),(#4854,
#4855,#4856,#4857,#4858,#4859,#4860,#4861),(#4862,#4863,#4864,#4865,#4866,#4867,
#4868,#4869)),.UNSPECIFIED.,.F.,.F.,.F.)B_SPLINE_SURFACE_WITH_KNOTS((4,4),(4,1,
1,1,1,4),(0.E0,1.E0),(-2.E-2,0.E0,3.134962645588E-1,6.406881412054E-1,1.E0,
1.02E0),.UNSPECIFIED.)GEOMETRIC_REPRESENTATION_ITEM()RATIONAL_B_SPLINE_SURFACE((
(1.274395606167E0,1.274395606167E0,1.274395606167E0,1.274395606167E0,
1.274395606167E0,1.274395606167E0,1.274395606167E0,1.274395606167E0),(
9.085347979445E-1,9.085347979445E-1,9.085347979445E-1,9.085347979445E-1,
9.085347979445E-1,9.085347979445E-1,9.085347979445E-1,9.085347979445E-1),(
9.085347979445E-1,9.085347979445E-1,9.085347979445E-1,9.085347979445E-1,
9.085347979445E-1,9.085347979445E-1,9.085347979445E-1,9.085347979445E-1),(
1.274395606167E0,1.274395606167E0,1.274395606167E0,1.274395606167E0,
1.274395606167E0,1.274395606167E0,1.274395606167E0,1.274395606167E0)))REPRESENTATION_ITEM('')SURFACE());
#4871=ORIENTED_EDGE('',*,*,#4616,.T.);
#4873=ORIENTED_EDGE('',*,*,#4872,.F.);
#4874=ORIENTED_EDGE('',*,*,#4829,.F.);
#4875=ORIENTED_EDGE('',*,*,#4805,.F.);
#4876=EDGE_LOOP('',(#4871,#4873,#4874,#4875));
#4877=FACE_OUTER_BOUND('',#4876,.F.);
#4878=ADVANCED_FACE('',(#4877),#4870,.F.);
#4879=CARTESIAN_POINT('',(3.410938071282E1,-3.112267765634E0,
-1.462192329134E1));
#4880=CARTESIAN_POINT('',(3.413605271940E1,-3.112267765634E0,
-1.451247372819E1));
#4881=CARTESIAN_POINT('',(3.445376762791E1,-3.112267765634E0,
-1.319301874349E1));
#4882=CARTESIAN_POINT('',(3.499638535358E1,-3.112267765634E0,
-1.056111443328E1));
#4883=CARTESIAN_POINT('',(3.556537370014E1,-3.112267765634E0,
-6.547105586846E0));
#4884=CARTESIAN_POINT('',(3.588309575806E1,-3.112267765634E0,
-2.180366153266E0));
#4885=CARTESIAN_POINT('',(3.587675014387E1,-3.112267765634E0,2.475123297846E0));
#4886=CARTESIAN_POINT('',(3.550304312235E1,-3.112267765634E0,7.230758015836E0));
#4887=CARTESIAN_POINT('',(3.477029325162E1,-3.112267765634E0,1.188637507164E1));
#4888=CARTESIAN_POINT('',(3.381644145063E1,-3.112267765634E0,1.593250941465E1));
#4889=CARTESIAN_POINT('',(3.307478263848E1,-3.112267765634E0,1.838429665012E1));
#4890=CARTESIAN_POINT('',(3.274518907868E1,-3.112267765634E0,1.938132907009E1));
#4891=CARTESIAN_POINT('',(3.411726032499E1,-3.046657254977E0,
-1.462384347672E1));
#4892=CARTESIAN_POINT('',(3.414393583546E1,-3.046657254977E0,
-1.451437953539E1));
#4893=CARTESIAN_POINT('',(3.446169248141E1,-3.046657254977E0,
-1.319475121864E1));
#4894=CARTESIAN_POINT('',(3.500438147663E1,-3.046657254977E0,
-1.056250121520E1));
#4895=CARTESIAN_POINT('',(3.557344454238E1,-3.046657254977E0,
-6.547965243325E0));
#4896=CARTESIAN_POINT('',(3.589120831790E1,-3.046657254977E0,
-2.180652434048E0));
#4897=CARTESIAN_POINT('',(3.588486187057E1,-3.046657254977E0,2.475448280263E0));
#4898=CARTESIAN_POINT('',(3.551110578032E1,-3.046657254977E0,7.231707441126E0));
#4899=CARTESIAN_POINT('',(3.477825968298E1,-3.046657254977E0,1.188793590091E1));
#4900=CARTESIAN_POINT('',(3.382428258590E1,-3.046657254977E0,1.593460175066E1));
#4901=CARTESIAN_POINT('',(3.308252631599E1,-3.046657254977E0,1.838671116894E1));
#4902=CARTESIAN_POINT('',(3.275288943687E1,-3.046657254977E0,1.938387463132E1));
#4903=CARTESIAN_POINT('',(3.407392647601E1,-2.997859944200E0,
-1.461328343626E1));
#4904=CARTESIAN_POINT('',(3.410058271689E1,-2.997859944200E0,
-1.450389856757E1));
#4905=CARTESIAN_POINT('',(3.441810982816E1,-2.997859944200E0,
-1.318522348871E1));
#4906=CARTESIAN_POINT('',(3.496040687723E1,-2.997859944200E0,
-1.055487462177E1));
#4907=CARTESIAN_POINT('',(3.552905902551E1,-2.997859944200E0,
-6.543237571043E0));
#4908=CARTESIAN_POINT('',(3.584659337549E1,-2.997859944200E0,
-2.179078035727E0));
#4909=CARTESIAN_POINT('',(3.584025151008E1,-2.997859944200E0,2.473661042680E0));
#4910=CARTESIAN_POINT('',(3.546676527279E1,-2.997859944200E0,7.226486086161E0));
#4911=CARTESIAN_POINT('',(3.473444837276E1,-2.997859944200E0,1.187935213584E1));
#4912=CARTESIAN_POINT('',(3.378116034026E1,-2.997859944200E0,1.592309496956E1));
#4913=CARTESIAN_POINT('',(3.303994003831E1,-2.997859944200E0,1.837343254662E1));
#4914=CARTESIAN_POINT('',(3.271054139338E1,-2.997859944200E0,1.936987534261E1));
#4915=CARTESIAN_POINT('',(3.400973168131E1,-3.000055144942E0,
-1.459763978482E1));
#4916=CARTESIAN_POINT('',(3.403635937622E1,-3.000055144942E0,
-1.448837205439E1));
#4917=CARTESIAN_POINT('',(3.435354645463E1,-3.000055144942E0,
-1.317110910280E1));
#4918=CARTESIAN_POINT('',(3.489526287443E1,-3.000055144942E0,
-1.054357658083E1));
#4919=CARTESIAN_POINT('',(3.546330628927E1,-3.000055144942E0,
-6.536233993962E0));
#4920=CARTESIAN_POINT('',(3.578050076808E1,-3.000055144942E0,
-2.176745720936E0));
#4921=CARTESIAN_POINT('',(3.577416569033E1,-3.000055144942E0,2.471013427654E0));
#4922=CARTESIAN_POINT('',(3.540107921343E1,-3.000055144942E0,7.218751167203E0));
#4923=CARTESIAN_POINT('',(3.466954626665E1,-3.000055144942E0,1.186663614017E1));
#4924=CARTESIAN_POINT('',(3.371727901491E1,-3.000055144942E0,1.590604881587E1));
#4925=CARTESIAN_POINT('',(3.297685269626E1,-3.000055144942E0,1.835376158607E1));
#4926=CARTESIAN_POINT('',(3.264780697164E1,-3.000055144942E0,1.934913678636E1));
#4927=(BOUNDED_SURFACE()B_SPLINE_SURFACE(3,3,((#4879,#4880,#4881,#4882,#4883,
#4884,#4885,#4886,#4887,#4888,#4889,#4890),(#4891,#4892,#4893,#4894,#4895,#4896,
#4897,#4898,#4899,#4900,#4901,#4902),(#4903,#4904,#4905,#4906,#4907,#4908,#4909,
#4910,#4911,#4912,#4913,#4914),(#4915,#4916,#4917,#4918,#4919,#4920,#4921,#4922,
#4923,#4924,#4925,#4926)),.UNSPECIFIED.,.F.,.F.,.F.)B_SPLINE_SURFACE_WITH_KNOTS(
(4,4),(4,1,1,1,1,1,1,1,1,4),(0.E0,1.E0),(-1.229790673563E-3,0.E0,
1.358562637800E-2,2.808622418809E-2,4.422837318566E-2,6.134056933855E-2,
7.885991761662E-2,9.625156596530E-2,1.127387928221E-1,1.242004118073E-1),
.UNSPECIFIED.)GEOMETRIC_REPRESENTATION_ITEM()RATIONAL_B_SPLINE_SURFACE(((
1.212280766322E0,1.212280766322E0,1.212280766321E0,1.212280766322E0,
1.212280766322E0,1.212280766322E0,1.212280766322E0,1.212280766322E0,
1.212280766322E0,1.212280766322E0,1.212280766322E0,1.212280766322E0),(
9.292397445595E-1,9.292397445595E-1,9.292397445595E-1,9.292397445595E-1,
9.292397445595E-1,9.292397445595E-1,9.292397445595E-1,9.292397445595E-1,
9.292397445595E-1,9.292397445595E-1,9.292397445595E-1,9.292397445595E-1),(
9.292397445595E-1,9.292397445595E-1,9.292397445595E-1,9.292397445595E-1,
9.292397445595E-1,9.292397445595E-1,9.292397445595E-1,9.292397445595E-1,
9.292397445595E-1,9.292397445595E-1,9.292397445595E-1,9.292397445595E-1),(
1.212280766322E0,1.212280766322E0,1.212280766321E0,1.212280766322E0,
1.212280766322E0,1.212280766322E0,1.212280766322E0,1.212280766322E0,
1.212280766322E0,1.212280766322E0,1.212280766322E0,1.212280766322E0)))REPRESENTATION_ITEM('')SURFACE());
#4928=ORIENTED_EDGE('',*,*,#4614,.F.);
#4930=ORIENTED_EDGE('',*,*,#4929,.T.);
#4932=ORIENTED_EDGE('',*,*,#4931,.T.);
#4933=ORIENTED_EDGE('',*,*,#4872,.T.);
#4934=EDGE_LOOP('',(#4928,#4930,#4932,#4933));
#4935=FACE_OUTER_BOUND('',#4934,.F.);
#4936=ADVANCED_FACE('',(#4935),#4927,.F.);
#4937=CARTESIAN_POINT('',(3.018051130529E1,-3.112111504444E0,
-1.804908432200E1));
#4938=CARTESIAN_POINT('',(3.024736307666E1,-3.112111504444E0,
-1.805498560635E1));
#4939=CARTESIAN_POINT('',(3.039624380972E1,-3.112111504444E0,
-1.806132934468E1));
#4940=CARTESIAN_POINT('',(3.063447008021E1,-3.112111504444E0,
-1.804892219002E1));
#4941=CARTESIAN_POINT('',(3.090094720279E1,-3.112111504444E0,
-1.800772777822E1));
#4942=CARTESIAN_POINT('',(3.118759395055E1,-3.112111504444E0,
-1.793282696940E1));
#4943=CARTESIAN_POINT('',(3.149307531057E1,-3.112111504444E0,
-1.781851633319E1));
#4944=CARTESIAN_POINT('',(3.181581287208E1,-3.112111504444E0,
-1.765857323843E1));
#4945=CARTESIAN_POINT('',(3.215443228600E1,-3.112111504444E0,
-1.744542936689E1));
#4946=CARTESIAN_POINT('',(3.250145616194E1,-3.112111504444E0,
-1.717381940260E1));
#4947=CARTESIAN_POINT('',(3.283210952323E1,-3.112111504444E0,
-1.685583463205E1));
#4948=CARTESIAN_POINT('',(3.312669333556E1,-3.112111504444E0,
-1.651372638258E1));
#4949=CARTESIAN_POINT('',(3.338384397524E1,-3.112111504444E0,
-1.615948582061E1));
#4950=CARTESIAN_POINT('',(3.361818364934E1,-3.112111504444E0,
-1.577703680228E1));
#4951=CARTESIAN_POINT('',(3.383766558405E1,-3.112111504444E0,
-1.534364631427E1));
#4952=CARTESIAN_POINT('',(3.403734928490E1,-3.112111504444E0,
-1.484546789062E1));
#4953=CARTESIAN_POINT('',(3.416132968775E1,-3.112111504444E0,
-1.442212820856E1));
#4954=CARTESIAN_POINT('',(3.421764564339E1,-3.112111504444E0,
-1.416611322866E1));
#4955=CARTESIAN_POINT('',(3.423056651206E1,-3.112111504444E0,
-1.410215781936E1));
#4956=CARTESIAN_POINT('',(3.017981211555E1,-3.046568118104E0,
-1.805705077652E1));
#4957=CARTESIAN_POINT('',(3.024690270858E1,-3.046568118104E0,
-1.806297308485E1));
#4958=CARTESIAN_POINT('',(3.039630157609E1,-3.046568118104E0,
-1.806933831788E1));
#4959=CARTESIAN_POINT('',(3.063530787180E1,-3.046568118104E0,
-1.805688914621E1));
#4960=CARTESIAN_POINT('',(3.090259216417E1,-3.046568118104E0,
-1.801556819201E1));
#4961=CARTESIAN_POINT('',(3.119003274524E1,-3.046568118104E0,
-1.794045790892E1));
#4962=CARTESIAN_POINT('',(3.149628074945E1,-3.046568118104E0,
-1.782585812977E1));
#4963=CARTESIAN_POINT('',(3.181974872399E1,-3.046568118104E0,
-1.766555064934E1));
#4964=CARTESIAN_POINT('',(3.215905855775E1,-3.046568118104E0,
-1.745196966138E1));
#4965=CARTESIAN_POINT('',(3.250672152138E1,-3.046568118104E0,
-1.717985687203E1));
#4966=CARTESIAN_POINT('',(3.283792989251E1,-3.046568118104E0,
-1.686133604266E1));
#4967=CARTESIAN_POINT('',(3.313297327763E1,-3.046568118104E0,
-1.651869259940E1));
#4968=CARTESIAN_POINT('',(3.339050440833E1,-3.046568118104E0,
-1.616392692377E1));
#4969=CARTESIAN_POINT('',(3.362517767319E1,-3.046568118104E0,
-1.578093268998E1));
#4970=CARTESIAN_POINT('',(3.384496372287E1,-3.046568118104E0,
-1.534694103766E1));
#4971=CARTESIAN_POINT('',(3.404492053870E1,-3.046568118104E0,
-1.484808097740E1));
#4972=CARTESIAN_POINT('',(3.416907154564E1,-3.046568118104E0,
-1.442415960873E1));
#4973=CARTESIAN_POINT('',(3.422546634681E1,-3.046568118104E0,
-1.416778647578E1));
#4974=CARTESIAN_POINT('',(3.423840543176E1,-3.046568118104E0,
-1.410374109482E1));
#4975=CARTESIAN_POINT('',(3.018371020007E1,-2.997864548743E0,
-1.801263663350E1));
#4976=CARTESIAN_POINT('',(3.024946932757E1,-2.997864548743E0,
-1.801844173007E1));
#4977=CARTESIAN_POINT('',(3.039597952018E1,-2.997864548743E0,
-1.802468712699E1));
#4978=CARTESIAN_POINT('',(3.063063706178E1,-2.997864548743E0,
-1.801247220629E1));
#4979=CARTESIAN_POINT('',(3.089342126516E1,-2.997864548743E0,
-1.797185674434E1));
#4980=CARTESIAN_POINT('',(3.117643611002E1,-2.997864548743E0,
-1.789791431083E1));
#4981=CARTESIAN_POINT('',(3.147840996131E1,-2.997864548743E0,
-1.778492654566E1));
#4982=CARTESIAN_POINT('',(3.179780577694E1,-2.997864548743E0,
-1.762665056833E1));
#4983=CARTESIAN_POINT('',(3.213326641966E1,-2.997864548743E0,
-1.741550656801E1));
#4984=CARTESIAN_POINT('',(3.247736637643E1,-2.997864548743E0,
-1.714619710149E1));
#4985=CARTESIAN_POINT('',(3.280548048696E1,-2.997864548743E0,
-1.683066487806E1));
#4986=CARTESIAN_POINT('',(3.309796168689E1,-2.997864548743E0,
-1.649100521806E1));
#4987=CARTESIAN_POINT('',(3.335337152479E1,-2.997864548743E0,
-1.613916712750E1));
#4988=CARTESIAN_POINT('',(3.358618497264E1,-2.997864548743E0,
-1.575921254921E1));
#4989=CARTESIAN_POINT('',(3.380427553711E1,-2.997864548743E0,
-1.532857247542E1));
#4990=CARTESIAN_POINT('',(3.400270969716E1,-2.997864548743E0,
-1.483351263843E1));
#4991=CARTESIAN_POINT('',(3.412590956150E1,-2.997864548743E0,
-1.441283425724E1));
#4992=CARTESIAN_POINT('',(3.418186478739E1,-2.997864548743E0,
-1.415845787963E1));
#4993=CARTESIAN_POINT('',(3.419470231390E1,-2.997864548743E0,
-1.409491410378E1));
#4994=CARTESIAN_POINT('',(3.018947996129E1,-3.000055042486E0,
-1.794689690961E1));
#4995=CARTESIAN_POINT('',(3.025326831619E1,-3.000055042486E0,
-1.795252851484E1));
#4996=CARTESIAN_POINT('',(3.039550282819E1,-3.000055042486E0,
-1.795859653599E1));
#4997=CARTESIAN_POINT('',(3.062372354864E1,-3.000055042486E0,
-1.794672834256E1));
#4998=CARTESIAN_POINT('',(3.087984693213E1,-3.000055042486E0,
-1.790715711701E1));
#4999=CARTESIAN_POINT('',(3.115631101058E1,-3.000055042486E0,
-1.783494327950E1));
#5000=CARTESIAN_POINT('',(3.145195846188E1,-3.000055042486E0,
-1.772434154154E1));
#5001=CARTESIAN_POINT('',(3.176532685959E1,-3.000055042486E0,
-1.756907249946E1));
#5002=CARTESIAN_POINT('',(3.209509011093E1,-3.000055042486E0,
-1.736153561353E1));
#5003=CARTESIAN_POINT('',(3.243391627263E1,-3.000055042486E0,
-1.709637549352E1));
#5004=CARTESIAN_POINT('',(3.275745040428E1,-3.000055042486E0,
-1.678526686392E1));
#5005=CARTESIAN_POINT('',(3.304613917829E1,-3.000055042486E0,
-1.645002365946E1));
#5006=CARTESIAN_POINT('',(3.329840917844E1,-3.000055042486E0,
-1.610251884251E1));
#5007=CARTESIAN_POINT('',(3.352846981269E1,-3.000055042486E0,
-1.572706341923E1));
#5008=CARTESIAN_POINT('',(3.374405079976E1,-3.000055042486E0,
-1.530138419422E1));
#5009=CARTESIAN_POINT('',(3.394023119641E1,-3.000055042486E0,
-1.481194926883E1));
#5010=CARTESIAN_POINT('',(3.406202322424E1,-3.000055042486E0,
-1.439607100505E1));
#5011=CARTESIAN_POINT('',(3.411732781150E1,-3.000055042486E0,
-1.414465013071E1));
#5012=CARTESIAN_POINT('',(3.413001501598E1,-3.000055042486E0,
-1.408184880712E1));
#5013=(BOUNDED_SURFACE()B_SPLINE_SURFACE(3,3,((#4937,#4938,#4939,#4940,#4941,
#4942,#4943,#4944,#4945,#4946,#4947,#4948,#4949,#4950,#4951,#4952,#4953,#4954,
#4955),(#4956,#4957,#4958,#4959,#4960,#4961,#4962,#4963,#4964,#4965,#4966,#4967,
#4968,#4969,#4970,#4971,#4972,#4973,#4974),(#4975,#4976,#4977,#4978,#4979,#4980,
#4981,#4982,#4983,#4984,#4985,#4986,#4987,#4988,#4989,#4990,#4991,#4992,#4993),(
#4994,#4995,#4996,#4997,#4998,#4999,#5000,#5001,#5002,#5003,#5004,#5005,#5006,
#5007,#5008,#5009,#5010,#5011,#5012)),.UNSPECIFIED.,.F.,.F.,.F.)B_SPLINE_SURFACE_WITH_KNOTS((4,4),(4,1,1,1,1,1,1,1,1,1,1,1,1,1,1,1,4),(0.E0,1.E0),(
-3.452336476837E-2,0.E0,4.212785982682E-2,8.830683340871E-2,1.392379413442E-1,
1.955254965169E-1,2.576520152626E-1,3.267374855382E-1,4.042915837073E-1,
4.880387332859E-1,5.669807725645E-1,6.411135256707E-1,7.179116984620E-1,
8.026607636587E-1,8.964267301653E-1,1.E0,1.034338992191E0),.UNSPECIFIED.)GEOMETRIC_REPRESENTATION_ITEM()RATIONAL_B_SPLINE_SURFACE(((1.211832791039E0,
1.211832791039E0,1.211832791039E0,1.211832791039E0,1.211832791039E0,
1.211832791039E0,1.211832791039E0,1.211832791039E0,1.211832791039E0,
1.211832791039E0,1.211832791039E0,1.211832791039E0,1.211832791039E0,
1.211832791039E0,1.211832791039E0,1.211832791039E0,1.211832791039E0,
1.211832791039E0,1.211832791039E0),(9.293890696537E-1,9.293890696537E-1,
9.293890696537E-1,9.293890696537E-1,9.293890696537E-1,9.293890696537E-1,
9.293890696537E-1,9.293890696537E-1,9.293890696537E-1,9.293890696537E-1,
9.293890696537E-1,9.293890696537E-1,9.293890696537E-1,9.293890696537E-1,
9.293890696537E-1,9.293890696537E-1,9.293890696537E-1,9.293890696537E-1,
9.293890696537E-1),(9.293890696537E-1,9.293890696537E-1,9.293890696537E-1,
9.293890696537E-1,9.293890696537E-1,9.293890696537E-1,9.293890696537E-1,
9.293890696537E-1,9.293890696537E-1,9.293890696537E-1,9.293890696537E-1,
9.293890696537E-1,9.293890696537E-1,9.293890696537E-1,9.293890696537E-1,
9.293890696537E-1,9.293890696537E-1,9.293890696537E-1,9.293890696537E-1),(
1.211832791039E0,1.211832791039E0,1.211832791039E0,1.211832791039E0,
1.211832791039E0,1.211832791039E0,1.211832791039E0,1.211832791039E0,
1.211832791039E0,1.211832791039E0,1.211832791039E0,1.211832791039E0,
1.211832791039E0,1.211832791039E0,1.211832791039E0,1.211832791039E0,
1.211832791039E0,1.211832791039E0,1.211832791039E0)))REPRESENTATION_ITEM('')SURFACE());
#5015=ORIENTED_EDGE('',*,*,#5014,.F.);
#5017=ORIENTED_EDGE('',*,*,#5016,.T.);
#5019=ORIENTED_EDGE('',*,*,#5018,.T.);
#5020=ORIENTED_EDGE('',*,*,#4929,.F.);
#5021=EDGE_LOOP('',(#5015,#5017,#5019,#5020));
#5022=FACE_OUTER_BOUND('',#5021,.F.);
#5023=ADVANCED_FACE('',(#5022),#5013,.F.);
#5024=CARTESIAN_POINT('',(-5.016497802730E-1,-2.530504091590E1,
-3.476190312700E1));
#5025=CARTESIAN_POINT('',(-3.344669135313E-1,-2.530703414241E1,
-3.476389635350E1));
#5026=CARTESIAN_POINT('',(7.587219081211E-1,-2.531354172468E1,
-3.477040393578E1));
#5027=CARTESIAN_POINT('',(2.718971942655E0,-2.524893245461E1,
-3.470579466570E1));
#5028=CARTESIAN_POINT('',(5.344833144767E0,-2.499428518130E1,
-3.445114739239E1));
#5029=CARTESIAN_POINT('',(7.869905057810E0,-2.459241220728E1,
-3.404927441838E1));
#5030=CARTESIAN_POINT('',(1.033778238079E1,-2.404337680408E1,
-3.350023901517E1));
#5031=CARTESIAN_POINT('',(1.273376626905E1,-2.335364636128E1,
-3.281050857238E1));
#5032=CARTESIAN_POINT('',(1.503648207465E1,-2.253531631368E1,
-3.199217852477E1));
#5033=CARTESIAN_POINT('',(1.726440175967E1,-2.158689523199E1,
-3.104375744308E1));
#5034=CARTESIAN_POINT('',(1.948400348395E1,-2.047332143336E1,
-2.993018364446E1));
#5035=CARTESIAN_POINT('',(2.177272542317E1,-1.912433518568E1,
-2.858119739677E1));
#5036=CARTESIAN_POINT('',(2.414854369589E1,-1.746595917530E1,
-2.692282138639E1));
#5037=CARTESIAN_POINT('',(2.651663553555E1,-1.547978501379E1,
-2.493664722488E1));
#5038=CARTESIAN_POINT('',(2.870726044233E1,-1.323957859504E1,
-2.269644080613E1));
#5039=CARTESIAN_POINT('',(3.058169310697E1,-1.087564033529E1,
-2.033250254639E1));
#5040=CARTESIAN_POINT('',(3.211398098254E1,-8.465083093665E0,
-1.792194530476E1));
#5041=CARTESIAN_POINT('',(3.331248212632E1,-6.054249823635E0,
-1.551111203473E1));
#5042=CARTESIAN_POINT('',(3.391842780692E1,-4.423272469421E0,
-1.388013468052E1));
#5043=CARTESIAN_POINT('',(3.417018947438E1,-3.617924062170E0,
-1.307478627327E1));
#5044=CARTESIAN_POINT('',(-5.142403474477E-1,-2.418945742027E1,
-3.693706161100E1));
#5045=CARTESIAN_POINT('',(-3.428618729050E-1,-2.419150089651E1,
-3.693910508723E1));
#5046=CARTESIAN_POINT('',(7.777655046784E-1,-2.419817239902E1,
-3.694577658975E1));
#5047=CARTESIAN_POINT('',(2.787216011545E0,-2.413193740881E1,
-3.687954159954E1));
#5048=CARTESIAN_POINT('',(5.478398690735E0,-2.387094278749E1,
-3.661854697821E1));
#5049=CARTESIAN_POINT('',(8.065290415717E0,-2.345921259666E1,
-3.620681678739E1));
#5050=CARTESIAN_POINT('',(1.059226233820E1,-2.289700657325E1,
-3.564461076398E1));
#5051=CARTESIAN_POINT('',(1.304407970272E1,-2.219117637732E1,
-3.493878056805E1));
#5052=CARTESIAN_POINT('',(1.539884795502E1,-2.135432013898E1,
-3.410192432971E1));
#5053=CARTESIAN_POINT('',(1.767553991217E1,-2.038510822512E1,
-3.313271241584E1));
#5054=CARTESIAN_POINT('',(1.994214286771E1,-1.924792217495E1,
-3.199552636568E1));
#5055=CARTESIAN_POINT('',(2.227766265822E1,-1.787131275841E1,
-3.061891694914E1));
#5056=CARTESIAN_POINT('',(2.470028522381E1,-1.618021185302E1,
-2.892781604375E1));
#5057=CARTESIAN_POINT('',(2.711328590118E1,-1.415630365231E1,
-2.690390784304E1));
#5058=CARTESIAN_POINT('',(2.934400759145E1,-1.187502321310E1,
-2.462262740383E1));
#5059=CARTESIAN_POINT('',(3.125175549031E1,-9.469010626613E0,
-2.221661481734E1));
#5060=CARTESIAN_POINT('',(3.281067592638E1,-7.016509850820E0,
-1.976411404155E1));
#5061=CARTESIAN_POINT('',(3.402966812634E1,-4.564419495874E0,
-1.731202368660E1));
#5062=CARTESIAN_POINT('',(3.464585938515E1,-2.905846144674E0,
-1.565345033540E1));
#5063=CARTESIAN_POINT('',(3.490186596937E1,-2.086918277231E0,
-1.483452246796E1));
#5064=CARTESIAN_POINT('',(-4.879828715466E-1,-2.175533449481E1,
-3.716145368506E1));
#5065=CARTESIAN_POINT('',(-3.253542864406E-1,-2.175727317584E1,
-3.716339236609E1));
#5066=CARTESIAN_POINT('',(7.380503138743E-1,-2.176360282468E1,
-3.716972201492E1));
#5067=CARTESIAN_POINT('',(2.644893829439E0,-2.170075825419E1,
-3.710687744444E1));
#5068=CARTESIAN_POINT('',(5.199849356473E0,-2.145300095055E1,
-3.685912014079E1));
#5069=CARTESIAN_POINT('',(7.657816609692E0,-2.106182786642E1,
-3.646794705667E1));
#5070=CARTESIAN_POINT('',(1.006154745806E1,-2.052708901251E1,
-3.593320820275E1));
#5071=CARTESIAN_POINT('',(1.239692478164E1,-1.985483465745E1,
-3.526095384770E1));
#5072=CARTESIAN_POINT('',(1.464313828450E1,-1.905661456632E1,
-3.446273375656E1));
#5073=CARTESIAN_POINT('',(1.681811625670E1,-1.813076168206E1,
-3.353688087230E1));
#5074=CARTESIAN_POINT('',(1.898669871167E1,-1.704281869752E1,
-3.244893788777E1));
#5075=CARTESIAN_POINT('',(2.122462214805E1,-1.572381706627E1,
-3.112993625652E1));
#5076=CARTESIAN_POINT('',(2.354963492569E1,-1.410096353452E1,
-2.950708272476E1));
#5077=CARTESIAN_POINT('',(2.586897876397E1,-1.215574921717E1,
-2.756186840742E1));
#5078=CARTESIAN_POINT('',(2.801607909616E1,-9.960128151964E0,
-2.536624734221E1));
#5079=CARTESIAN_POINT('',(2.985434847611E1,-7.641861066146E0,
-2.304798025639E1));
#5080=CARTESIAN_POINT('',(3.135772702866E1,-5.276833024689E0,
-2.068295221493E1));
#5081=CARTESIAN_POINT('',(3.253398537822E1,-2.910783822449E0,
-1.831690301269E1));
#5082=CARTESIAN_POINT('',(3.312880960731E1,-1.309761589939E0,
-1.671588078018E1));
#5083=CARTESIAN_POINT('',(3.337596346888E1,-5.191535228493E-1,
-1.592527271309E1));
#5084=CARTESIAN_POINT('',(-4.472435311505E-1,-2.026146784833E1,
-3.522684999120E1));
#5085=CARTESIAN_POINT('',(-2.981906882648E-1,-2.026324393614E1,
-3.522862607902E1));
#5086=CARTESIAN_POINT('',(6.764308846817E-1,-2.026904318771E1,
-3.523442533059E1));
#5087=CARTESIAN_POINT('',(2.424076267058E0,-2.021145896532E1,
-3.517684110819E1));
#5088=CARTESIAN_POINT('',(4.767670871825E0,-1.998423979690E1,
-3.494962193978E1));
#5089=CARTESIAN_POINT('',(7.025607552407E0,-1.962496174225E1,
-3.459034388512E1));
#5090=CARTESIAN_POINT('',(9.238125807148E0,-1.913283910826E1,
-3.409822125114E1));
#5091=CARTESIAN_POINT('',(1.139284256452E1,-1.851267877836E1,
-3.347806092124E1));
#5092=CARTESIAN_POINT('',(1.347062979117E1,-1.777440394466E1,
-3.273978608754E1));
#5093=CARTESIAN_POINT('',(1.548779515899E1,-1.691582402575E1,
-3.188120616863E1));
#5094=CARTESIAN_POINT('',(1.750429557250E1,-1.590428328264E1,
-3.086966542551E1));
#5095=CARTESIAN_POINT('',(1.959079504461E1,-1.467466203141E1,
-2.964004417428E1));
#5096=CARTESIAN_POINT('',(2.176436301499E1,-1.315769655212E1,
-2.812307869500E1));
#5097=CARTESIAN_POINT('',(2.393839517662E1,-1.133457839182E1,
-2.629996053470E1));
#5098=CARTESIAN_POINT('',(2.595575421212E1,-9.271860672263E0,
-2.423724281514E1));
#5099=CARTESIAN_POINT('',(2.768622537709E1,-7.089733626468E0,
-2.205511576934E1));
#5100=CARTESIAN_POINT('',(2.910342886440E1,-4.860422419062E0,
-1.982580456194E1));
#5101=CARTESIAN_POINT('',(3.021338423478E1,-2.627868904729E0,
-1.759325104760E1));
#5102=CARTESIAN_POINT('',(3.077505681210E1,-1.116139132140E0,
-1.608152127502E1));
#5103=CARTESIAN_POINT('',(3.100847538233E1,-3.694701698934E-1,
-1.533485231277E1));
#5104=(BOUNDED_SURFACE()B_SPLINE_SURFACE(3,3,((#5024,#5025,#5026,#5027,#5028,
#5029,#5030,#5031,#5032,#5033,#5034,#5035,#5036,#5037,#5038,#5039,#5040,#5041,
#5042,#5043),(#5044,#5045,#5046,#5047,#5048,#5049,#5050,#5051,#5052,#5053,#5054,
#5055,#5056,#5057,#5058,#5059,#5060,#5061,#5062,#5063),(#5064,#5065,#5066,#5067,
#5068,#5069,#5070,#5071,#5072,#5073,#5074,#5075,#5076,#5077,#5078,#5079,#5080,
#5081,#5082,#5083),(#5084,#5085,#5086,#5087,#5088,#5089,#5090,#5091,#5092,#5093,
#5094,#5095,#5096,#5097,#5098,#5099,#5100,#5101,#5102,#5103)),.UNSPECIFIED.,.F.,
.F.,.F.)B_SPLINE_SURFACE_WITH_KNOTS((4,4),(4,1,1,1,1,1,1,1,1,1,1,1,1,1,1,1,1,4),
(0.E0,1.E0),(-2.713410072448E-3,0.E0,1.502465845363E-2,2.907551438989E-2,
4.298161964358E-2,5.704160115493E-2,7.113699033937E-2,8.511417104426E-2,
9.909702061496E-2,1.136561546797E-1,1.296955107159E-1,1.479918996011E-1,
1.685332361263E-1,1.901884754517E-1,2.115164121572E-1,2.318379526672E-1,
2.519935842289E-1,2.713218401409E-1),.UNSPECIFIED.)GEOMETRIC_REPRESENTATION_ITEM()RATIONAL_B_SPLINE_SURFACE(((1.302071080572E0,1.302071080572E0,1.302071080572E0,
1.302071080572E0,1.302071080572E0,1.302071080572E0,1.302071080572E0,
1.302071080572E0,1.302071080572E0,1.302071080572E0,1.302071080572E0,
1.302071080572E0,1.302071080572E0,1.302071080572E0,1.302071080572E0,
1.302071080572E0,1.302071080572E0,1.302071080572E0,1.302071080572E0,
1.302071080572E0),(8.993096398092E-1,8.993096398092E-1,8.993096398092E-1,
8.993096398092E-1,8.993096398092E-1,8.993096398092E-1,8.993096398092E-1,
8.993096398092E-1,8.993096398092E-1,8.993096398092E-1,8.993096398092E-1,
8.993096398092E-1,8.993096398092E-1,8.993096398092E-1,8.993096398092E-1,
8.993096398092E-1,8.993096398092E-1,8.993096398092E-1,8.993096398092E-1,
8.993096398092E-1),(8.993096398092E-1,8.993096398092E-1,8.993096398092E-1,
8.993096398092E-1,8.993096398092E-1,8.993096398092E-1,8.993096398092E-1,
8.993096398092E-1,8.993096398092E-1,8.993096398092E-1,8.993096398092E-1,
8.993096398092E-1,8.993096398092E-1,8.993096398092E-1,8.993096398092E-1,
8.993096398092E-1,8.993096398092E-1,8.993096398092E-1,8.993096398092E-1,
8.993096398092E-1),(1.302071080572E0,1.302071080572E0,1.302071080572E0,
1.302071080572E0,1.302071080572E0,1.302071080572E0,1.302071080572E0,
1.302071080572E0,1.302071080572E0,1.302071080572E0,1.302071080572E0,
1.302071080572E0,1.302071080572E0,1.302071080572E0,1.302071080572E0,
1.302071080572E0,1.302071080572E0,1.302071080572E0,1.302071080572E0,
1.302071080572E0)))REPRESENTATION_ITEM('')SURFACE());
#5105=ORIENTED_EDGE('',*,*,#5014,.T.);
#5106=ORIENTED_EDGE('',*,*,#4612,.F.);
#5108=ORIENTED_EDGE('',*,*,#5107,.T.);
#5110=ORIENTED_EDGE('',*,*,#5109,.T.);
#5111=EDGE_LOOP('',(#5105,#5106,#5108,#5110));
#5112=FACE_OUTER_BOUND('',#5111,.F.);
#5113=ADVANCED_FACE('',(#5112),#5104,.F.);
#5114=CARTESIAN_POINT('',(-3.417026338477E1,-3.617685415041E0,
-1.307454756578E1));
#5115=CARTESIAN_POINT('',(-3.406804405025E1,-3.944683360484E0,
-1.340154551122E1));
#5116=CARTESIAN_POINT('',(-3.367099932720E1,-5.124983440299E0,
-1.458184559104E1));
#5117=CARTESIAN_POINT('',(-3.280598827624E1,-7.162858415162E0,
-1.661972056590E1));
#5118=CARTESIAN_POINT('',(-3.139872479083E1,-9.666489763007E0,
-1.912335191375E1));
#5119=CARTESIAN_POINT('',(-2.970172790694E1,-1.204264366148E1,
-2.149950581222E1));
#5120=CARTESIAN_POINT('',(-2.782242174179E1,-1.418272447681E1,
-2.363958662755E1));
#5121=CARTESIAN_POINT('',(-2.586986580342E1,-1.603941009060E1,
-2.549627224134E1));
#5122=CARTESIAN_POINT('',(-2.391264322092E1,-1.762504233938E1,
-2.708190449012E1));
#5123=CARTESIAN_POINT('',(-2.196305119258E1,-1.898860109476E1,
-2.844546324550E1));
#5124=CARTESIAN_POINT('',(-1.998869732100E1,-2.018736892604E1,
-2.964423107678E1));
#5125=CARTESIAN_POINT('',(-1.794222008765E1,-2.126311877764E1,
-3.071998092838E1));
#5126=CARTESIAN_POINT('',(-1.579403344734E1,-2.223039383809E1,
-3.168725598883E1));
#5127=CARTESIAN_POINT('',(-1.354769475023E1,-2.308184364176E1,
-3.253870579250E1));
#5128=CARTESIAN_POINT('',(-1.121866482572E1,-2.380713261384E1,
-3.326399476458E1));
#5129=CARTESIAN_POINT('',(-8.778388952271E0,-2.440909917833E1,
-3.386596132907E1));
#5130=CARTESIAN_POINT('',(-6.142955846175E0,-2.488923806373E1,
-3.434610021447E1));
#5131=CARTESIAN_POINT('',(-3.197012450742E0,-2.522562778743E1,
-3.468248993817E1));
#5132=CARTESIAN_POINT('',(-9.392048062631E-1,-2.531461646044E1,
-3.477147861118E1));
#5133=CARTESIAN_POINT('',(3.341966043743E-1,-2.530703500599E1,
-3.476389715673E1));
#5134=CARTESIAN_POINT('',(5.012381737692E-1,-2.530504255889E1,
-3.476190470963E1));
#5135=CARTESIAN_POINT('',(-3.490194127690E1,-2.086675596099E0,
-1.483427974629E1));
#5136=CARTESIAN_POINT('',(-3.479799832610E1,-2.419187241221E0,
-1.516679139141E1));
#5137=CARTESIAN_POINT('',(-3.439424976295E1,-3.619416846490E0,
-1.636702099668E1));
#5138=CARTESIAN_POINT('',(-3.351455308269E1,-5.691919867496E0,
-1.843952401768E1));
#5139=CARTESIAN_POINT('',(-3.208305850511E1,-8.238708677641E0,
-2.098631282783E1));
#5140=CARTESIAN_POINT('',(-3.035624904561E1,-1.065665995252E1,
-2.340426410270E1));
#5141=CARTESIAN_POINT('',(-2.844308472884E1,-1.283534771338E1,
-2.558295186357E1));
#5142=CARTESIAN_POINT('',(-2.645433101094E1,-1.472649677010E1,
-2.747410092029E1));
#5143=CARTESIAN_POINT('',(-2.445971309934E1,-1.634245957874E1,
-2.909006372893E1));
#5144=CARTESIAN_POINT('',(-2.247171289835E1,-1.773291049627E1,
-3.048051464645E1));
#5145=CARTESIAN_POINT('',(-2.045724355555E1,-1.895606176870E1,
-3.170366591889E1));
#5146=CARTESIAN_POINT('',(-1.836785736266E1,-2.005439360843E1,
-3.280199775862E1));
#5147=CARTESIAN_POINT('',(-1.617315717067E1,-2.104264008561E1,
-3.379024423580E1));
#5148=CARTESIAN_POINT('',(-1.387658783826E1,-2.191315695500E1,
-3.466076110519E1));
#5149=CARTESIAN_POINT('',(-1.149384891617E1,-2.265519767969E1,
-3.540280182988E1));
#5150=CARTESIAN_POINT('',(-8.995702956506E0,-2.327146363861E1,
-3.601906778879E1));
#5151=CARTESIAN_POINT('',(-6.296225408851E0,-2.376329394183E1,
-3.651089809202E1));
#5152=CARTESIAN_POINT('',(-3.277253807900E0,-2.410804420326E1,
-3.685564835344E1));
#5153=CARTESIAN_POINT('',(-9.627785034689E-1,-2.419927449612E1,
-3.694687864630E1));
#5154=CARTESIAN_POINT('',(3.425847849268E-1,-2.419150174499E1,
-3.693910589517E1));
#5155=CARTESIAN_POINT('',(5.138184432039E-1,-2.418945898332E1,
-3.693706313350E1));
#5156=CARTESIAN_POINT('',(-3.337603594720E1,-5.189192244744E-1,
-1.592503841949E1));
#5157=CARTESIAN_POINT('',(-3.327568757715E1,-8.399321160922E-1,
-1.624605131111E1));
#5158=CARTESIAN_POINT('',(-3.288591979087E1,-1.998598938838E0,
-1.740471813386E1));
#5159=CARTESIAN_POINT('',(-3.203684981159E1,-3.998885591501E0,
-1.940500478652E1));
#5160=CARTESIAN_POINT('',(-3.065588888152E1,-6.455670039826E0,
-2.186178923485E1));
#5161=CARTESIAN_POINT('',(-2.899125318524E1,-8.786453395458E0,
-2.419257259048E1));
#5162=CARTESIAN_POINT('',(-2.714869963115E1,-1.088462684177E1,
-2.629074603679E1));
#5163=CARTESIAN_POINT('',(-2.523543594144E1,-1.270390280813E1,
-2.811002200315E1));
#5164=CARTESIAN_POINT('',(-2.331880553308E1,-1.425661160371E1,
-2.966273079873E1));
#5165=CARTESIAN_POINT('',(-2.141090510822E1,-1.559097924474E1,
-3.099709843976E1));
#5166=CARTESIAN_POINT('',(-1.948009609191E1,-1.676327914772E1,
-3.216939834274E1));
#5167=CARTESIAN_POINT('',(-1.748019601134E1,-1.781451652632E1,
-3.322063572134E1));
#5168=CARTESIAN_POINT('',(-1.538249926471E1,-1.875902736941E1,
-3.416514656443E1));
#5169=CARTESIAN_POINT('',(-1.319068531021E1,-1.958978010554E1,
-3.499589930056E1));
#5170=CARTESIAN_POINT('',(-1.091995584822E1,-2.029688525426E1,
-3.570300444928E1));
#5171=CARTESIAN_POINT('',(-8.542497248305E0,-2.088333000031E1,
-3.628944919533E1));
#5172=CARTESIAN_POINT('',(-5.976583603240E0,-2.135077799411E1,
-3.675689718913E1));
#5173=CARTESIAN_POINT('',(-3.109911435162E0,-2.167809245597E1,
-3.708421165099E1));
#5174=CARTESIAN_POINT('',(-9.136158451548E-1,-2.176464787794E1,
-3.717076707296E1));
#5175=CARTESIAN_POINT('',(3.250913365813E-1,-2.175727407372E1,
-3.716339326874E1));
#5176=CARTESIAN_POINT('',(4.875824445686E-1,-2.175533624246E1,
-3.716145543748E1));
#5177=CARTESIAN_POINT('',(-3.100854344976E1,-3.692489118591E-1,
-1.533463105474E1));
#5178=CARTESIAN_POINT('',(-3.091377219042E1,-6.724211077798E-1,
-1.563780325066E1));
#5179=CARTESIAN_POINT('',(-3.054569604103E1,-1.766601901227E0,
-1.673198404410E1));
#5180=CARTESIAN_POINT('',(-2.974414439947E1,-3.654842474153E0,
-1.862022461703E1));
#5181=CARTESIAN_POINT('',(-2.844158809190E1,-5.971982183582E0,
-2.093736432646E1));
#5182=CARTESIAN_POINT('',(-2.687341704195E1,-8.167521634622E0,
-2.313290377750E1));
#5183=CARTESIAN_POINT('',(-2.514041841741E1,-1.014077446369E1,
-2.510615660657E1));
#5184=CARTESIAN_POINT('',(-2.334427999877E1,-1.184853695745E1,
-2.681391910032E1));
#5185=CARTESIAN_POINT('',(-2.154864977649E1,-1.330310506340E1,
-2.826848720628E1));
#5186=CARTESIAN_POINT('',(-1.976502679882E1,-1.455045764933E1,
-2.951583979221E1));
#5187=CARTESIAN_POINT('',(-1.796401954113E1,-1.564385997371E1,
-3.060924211659E1));
#5188=CARTESIAN_POINT('',(-1.610296011826E1,-1.662202874104E1,
-3.158741088391E1));
#5189=CARTESIAN_POINT('',(-1.415576741970E1,-1.749868230389E1,
-3.246406444676E1));
#5190=CARTESIAN_POINT('',(-1.212648489258E1,-1.826773967444E1,
-3.323312181731E1));
#5191=CARTESIAN_POINT('',(-1.002954180596E1,-1.892064112362E1,
-3.388602326650E1));
#5192=CARTESIAN_POINT('',(-7.839333629254E0,-1.946081727336E1,
-3.442619941624E1));
#5193=CARTESIAN_POINT('',(-5.480648788725E0,-1.989043530908E1,
-3.485581745196E1));
#5194=CARTESIAN_POINT('',(-2.850274218980E0,-2.019069755226E1,
-3.515607969514E1));
#5195=CARTESIAN_POINT('',(-8.373383576546E-1,-2.026999975772E1,
-3.523538190060E1));
#5196=CARTESIAN_POINT('',(2.979496739197E-1,-2.026324493278E1,
-3.522862707566E1));
#5197=CARTESIAN_POINT('',(4.468764264934E-1,-2.026146990452E1,
-3.522685204740E1));
#5198=(BOUNDED_SURFACE()B_SPLINE_SURFACE(3,3,((#5114,#5115,#5116,#5117,#5118,
#5119,#5120,#5121,#5122,#5123,#5124,#5125,#5126,#5127,#5128,#5129,#5130,#5131,
#5132,#5133,#5134),(#5135,#5136,#5137,#5138,#5139,#5140,#5141,#5142,#5143,#5144,
#5145,#5146,#5147,#5148,#5149,#5150,#5151,#5152,#5153,#5154,#5155),(#5156,#5157,
#5158,#5159,#5160,#5161,#5162,#5163,#5164,#5165,#5166,#5167,#5168,#5169,#5170,
#5171,#5172,#5173,#5174,#5175,#5176),(#5177,#5178,#5179,#5180,#5181,#5182,#5183,
#5184,#5185,#5186,#5187,#5188,#5189,#5190,#5191,#5192,#5193,#5194,#5195,#5196,
#5197)),.UNSPECIFIED.,.F.,.F.,.F.)B_SPLINE_SURFACE_WITH_KNOTS((4,4),(4,1,1,1,1,
1,1,1,1,1,1,1,1,1,1,1,1,1,4),(0.E0,1.E0),(7.286773168847E-1,7.365258388806E-1,
7.571056531222E-1,7.784825285019E-1,7.995458278953E-1,8.193190229113E-1,
8.372973173924E-1,8.535041825063E-1,8.683373740858E-1,8.823933299372E-1,
8.962337396296E-1,9.101355986273E-1,9.240602477179E-1,9.378520564241E-1,
9.516123538380E-1,9.661074453577E-1,9.820492858784E-1,1.E0,1.002711140262E0),
.UNSPECIFIED.)GEOMETRIC_REPRESENTATION_ITEM()RATIONAL_B_SPLINE_SURFACE(((
1.302071085920E0,1.302071085920E0,1.302071085920E0,1.302071085920E0,
1.302071085920E0,1.302071085920E0,1.302071085920E0,1.302071085920E0,
1.302071085920E0,1.302071085920E0,1.302071085920E0,1.302071085920E0,
1.302071085920E0,1.302071085920E0,1.302071085920E0,1.302071085920E0,
1.302071085920E0,1.302071085920E0,1.302071085920E0,1.302071085920E0,
1.302071085920E0),(8.993096380267E-1,8.993096380267E-1,8.993096380267E-1,
8.993096380267E-1,8.993096380267E-1,8.993096380267E-1,8.993096380267E-1,
8.993096380267E-1,8.993096380267E-1,8.993096380267E-1,8.993096380267E-1,
8.993096380267E-1,8.993096380267E-1,8.993096380267E-1,8.993096380267E-1,
8.993096380267E-1,8.993096380267E-1,8.993096380267E-1,8.993096380267E-1,
8.993096380267E-1,8.993096380267E-1),(8.993096380267E-1,8.993096380267E-1,
8.993096380267E-1,8.993096380267E-1,8.993096380267E-1,8.993096380267E-1,
8.993096380267E-1,8.993096380267E-1,8.993096380267E-1,8.993096380267E-1,
8.993096380267E-1,8.993096380267E-1,8.993096380267E-1,8.993096380267E-1,
8.993096380267E-1,8.993096380267E-1,8.993096380267E-1,8.993096380267E-1,
8.993096380267E-1,8.993096380267E-1,8.993096380267E-1),(1.302071085920E0,
1.302071085920E0,1.302071085920E0,1.302071085920E0,1.302071085920E0,
1.302071085920E0,1.302071085920E0,1.302071085920E0,1.302071085920E0,
1.302071085920E0,1.302071085920E0,1.302071085920E0,1.302071085920E0,
1.302071085920E0,1.302071085920E0,1.302071085920E0,1.302071085920E0,
1.302071085920E0,1.302071085920E0,1.302071085920E0,1.302071085920E0)))REPRESENTATION_ITEM('')SURFACE());
#5200=ORIENTED_EDGE('',*,*,#5199,.T.);
#5202=ORIENTED_EDGE('',*,*,#5201,.T.);
#5203=ORIENTED_EDGE('',*,*,#5107,.F.);
#5205=ORIENTED_EDGE('',*,*,#5204,.F.);
#5206=EDGE_LOOP('',(#5200,#5202,#5203,#5205));
#5207=FACE_OUTER_BOUND('',#5206,.F.);
#5208=ADVANCED_FACE('',(#5207),#5198,.F.);
#5209=CARTESIAN_POINT('',(-3.423058425693E1,-3.112111411294E0,
-1.410207730279E1));
#5210=CARTESIAN_POINT('',(-3.421765814403E1,-3.112111411294E0,
-1.416605890238E1));
#5211=CARTESIAN_POINT('',(-3.415617485745E1,-3.112111411294E0,
-1.444556659628E1));
#5212=CARTESIAN_POINT('',(-3.401584074530E1,-3.112111411294E0,
-1.491389849523E1));
#5213=CARTESIAN_POINT('',(-3.377923044029E1,-3.112111411294E0,
-1.547421615869E1));
#5214=CARTESIAN_POINT('',(-3.351233212558E1,-3.112111411294E0,
-1.596310515667E1));
#5215=CARTESIAN_POINT('',(-3.322623737407E1,-3.112111411294E0,
-1.638627437480E1));
#5216=CARTESIAN_POINT('',(-3.293006604460E1,-3.112111411294E0,
-1.674833247994E1));
#5217=CARTESIAN_POINT('',(-3.263112780239E1,-3.112111411294E0,
-1.705402813542E1));
#5218=CARTESIAN_POINT('',(-3.233438953532E1,-3.112111411294E0,
-1.730894512850E1));
#5219=CARTESIAN_POINT('',(-3.204273935264E1,-3.112111411294E0,
-1.751874444369E1));
#5220=CARTESIAN_POINT('',(-3.175816062218E1,-3.112111411294E0,
-1.768825543436E1));
#5221=CARTESIAN_POINT('',(-3.148350793030E1,-3.112111411294E0,
-1.782097236756E1));
#5222=CARTESIAN_POINT('',(-3.121884036580E1,-3.112111411294E0,
-1.792137245481E1));
#5223=CARTESIAN_POINT('',(-3.095616201311E1,-3.112111411294E0,
-1.799512618088E1));
#5224=CARTESIAN_POINT('',(-3.067834827375E1,-3.112111411294E0,
-1.804512700055E1));
#5225=CARTESIAN_POINT('',(-3.041719536464E1,-3.112111411294E0,
-1.806221822259E1));
#5226=CARTESIAN_POINT('',(-3.024754919576E1,-3.112111411294E0,
-1.805499010364E1));
#5227=CARTESIAN_POINT('',(-3.018080788914E1,-3.112111411294E0,
-1.804909363553E1));
#5228=CARTESIAN_POINT('',(-3.423842314434E1,-3.046568065001E0,
-1.410366044724E1));
#5229=CARTESIAN_POINT('',(-3.422547880233E1,-3.046568065001E0,
-1.416773205244E1));
#5230=CARTESIAN_POINT('',(-3.416390942909E1,-3.046568065001E0,
-1.444763075794E1));
#5231=CARTESIAN_POINT('',(-3.402338249357E1,-3.046568065001E0,
-1.491660509362E1));
#5232=CARTESIAN_POINT('',(-3.378644844609E1,-3.046568065001E0,
-1.547769000430E1));
#5233=CARTESIAN_POINT('',(-3.351917754021E1,-3.046568065001E0,
-1.596726270159E1));
#5234=CARTESIAN_POINT('',(-3.323266751817E1,-3.046568065001E0,
-1.639104761257E1));
#5235=CARTESIAN_POINT('',(-3.293604229676E1,-3.046568065001E0,
-1.675366213334E1));
#5236=CARTESIAN_POINT('',(-3.263661444114E1,-3.046568065001E0,
-1.705986003666E1));
#5237=CARTESIAN_POINT('',(-3.233935198587E1,-3.046568065001E0,
-1.731522889614E1));
#5238=CARTESIAN_POINT('',(-3.204714237065E1,-3.046568065001E0,
-1.752543219284E1));
#5239=CARTESIAN_POINT('',(-3.176196814703E1,-3.046568065001E0,
-1.769529943790E1));
#5240=CARTESIAN_POINT('',(-3.148668708625E1,-3.046568065001E0,
-1.782832152350E1));
#5241=CARTESIAN_POINT('',(-3.122135799213E1,-3.046568065001E0,
-1.792897399515E1));
#5242=CARTESIAN_POINT('',(-3.095796424386E1,-3.046568065001E0,
-1.800293004416E1));
#5243=CARTESIAN_POINT('',(-3.067932629370E1,-3.046568065001E0,
-1.805308107981E1));
#5244=CARTESIAN_POINT('',(-3.041732609904E1,-3.046568065001E0,
-1.807023012748E1));
#5245=CARTESIAN_POINT('',(-3.024708942976E1,-3.046568065001E0,
-1.806297753645E1));
#5246=CARTESIAN_POINT('',(-3.018010953231E1,-3.046568065001E0,
-1.805706010215E1));
#5247=CARTESIAN_POINT('',(-3.419471984841E1,-2.997864551486E0,
-1.409483411424E1));
#5248=CARTESIAN_POINT('',(-3.418187713721E1,-2.997864551486E0,
-1.415840392095E1));
#5249=CARTESIAN_POINT('',(-3.412078771351E1,-2.997864551486E0,
-1.443612266203E1));
#5250=CARTESIAN_POINT('',(-3.398133580514E1,-2.997864551486E0,
-1.490151529016E1));
#5251=CARTESIAN_POINT('',(-3.374620668380E1,-2.997864551486E0,
-1.545832265088E1));
#5252=CARTESIAN_POINT('',(-3.348101304496E1,-2.997864551486E0,
-1.594408359382E1));
#5253=CARTESIAN_POINT('',(-3.319681823551E1,-2.997864551486E0,
-1.636443589945E1));
#5254=CARTESIAN_POINT('',(-3.290272354842E1,-2.997864551486E0,
-1.672394829674E1));
#5255=CARTESIAN_POINT('',(-3.260602538121E1,-2.997864551486E0,
-1.702734607233E1));
#5256=CARTESIAN_POINT('',(-3.231168537535E1,-2.997864551486E0,
-1.728019569025E1));
#5257=CARTESIAN_POINT('',(-3.202259470348E1,-2.997864551486E0,
-1.748814671282E1));
#5258=CARTESIAN_POINT('',(-3.174074046805E1,-2.997864551486E0,
-1.765602777153E1));
#5259=CARTESIAN_POINT('',(-3.146896268403E1,-2.997864551486E0,
-1.778734857416E1));
#5260=CARTESIAN_POINT('',(-3.120732174401E1,-2.997864551486E0,
-1.788659395451E1));
#5261=CARTESIAN_POINT('',(-3.094791646290E1,-2.997864551486E0,
-1.795942201445E1));
#5262=CARTESIAN_POINT('',(-3.067387364549E1,-2.997864551486E0,
-1.800873556731E1));
#5263=CARTESIAN_POINT('',(-3.041659722978E1,-2.997864551486E0,
-1.802556222603E1));
#5264=CARTESIAN_POINT('',(-3.024965271309E1,-2.997864551486E0,
-1.801844607153E1));
#5265=CARTESIAN_POINT('',(-3.018400300516E1,-2.997864551486E0,
-1.801264552773E1));
#5266=CARTESIAN_POINT('',(-3.413003231938E1,-3.000055042425E0,
-1.408176979814E1));
#5267=CARTESIAN_POINT('',(-3.411734003726E1,-3.000055042425E0,
-1.414459686671E1));
#5268=CARTESIAN_POINT('',(-3.405696101191E1,-3.000055042425E0,
-1.441908892871E1));
#5269=CARTESIAN_POINT('',(-3.391910030732E1,-3.000055042425E0,
-1.487918008457E1));
#5270=CARTESIAN_POINT('',(-3.368664275135E1,-3.000055042425E0,
-1.542965602037E1));
#5271=CARTESIAN_POINT('',(-3.342452378387E1,-3.000055042425E0,
-1.590977498677E1));
#5272=CARTESIAN_POINT('',(-3.314375584139E1,-3.000055042425E0,
-1.632504651409E1));
#5273=CARTESIAN_POINT('',(-3.285340673021E1,-3.000055042425E0,
-1.667996729653E1));
#5274=CARTESIAN_POINT('',(-3.256074891727E1,-3.000055042425E0,
-1.697922045692E1));
#5275=CARTESIAN_POINT('',(-3.227073458129E1,-3.000055042425E0,
-1.722834121394E1));
#5276=CARTESIAN_POINT('',(-3.198626042023E1,-3.000055042425E0,
-1.743295852804E1));
#5277=CARTESIAN_POINT('',(-3.170932027259E1,-3.000055042425E0,
-1.759789972867E1));
#5278=CARTESIAN_POINT('',(-3.144272787133E1,-3.000055042425E0,
-1.772670237360E1));
#5279=CARTESIAN_POINT('',(-3.118654596066E1,-3.000055042425E0,
-1.782386504468E1));
#5280=CARTESIAN_POINT('',(-3.093304421793E1,-3.000055042425E0,
-1.789502350915E1));
#5281=CARTESIAN_POINT('',(-3.066580289632E1,-3.000055042425E0,
-1.794309746002E1));
#5282=CARTESIAN_POINT('',(-3.041551839235E1,-3.000055042425E0,
-1.795944693403E1));
#5283=CARTESIAN_POINT('',(-3.025344676252E1,-3.000055042425E0,
-1.795253272635E1));
#5284=CARTESIAN_POINT('',(-3.018976593752E1,-3.000055042425E0,
-1.794690519827E1));
#5285=(BOUNDED_SURFACE()B_SPLINE_SURFACE(3,3,((#5209,#5210,#5211,#5212,#5213,
#5214,#5215,#5216,#5217,#5218,#5219,#5220,#5221,#5222,#5223,#5224,#5225,#5226,
#5227),(#5228,#5229,#5230,#5231,#5232,#5233,#5234,#5235,#5236,#5237,#5238,#5239,
#5240,#5241,#5242,#5243,#5244,#5245,#5246),(#5247,#5248,#5249,#5250,#5251,#5252,
#5253,#5254,#5255,#5256,#5257,#5258,#5259,#5260,#5261,#5262,#5263,#5264,#5265),(
#5266,#5267,#5268,#5269,#5270,#5271,#5272,#5273,#5274,#5275,#5276,#5277,#5278,
#5279,#5280,#5281,#5282,#5283,#5284)),.UNSPECIFIED.,.F.,.F.,.F.)B_SPLINE_SURFACE_WITH_KNOTS((4,4),(4,1,1,1,1,1,1,1,1,1,1,1,1,1,1,1,4),(0.E0,1.E0),(
-3.435313220197E-2,0.E0,1.162131056467E-1,2.223024415761E-1,3.195585430320E-1,
4.087995744391E-1,4.905155528603E-1,5.649893013400E-1,6.329142878004E-1,
6.953057161292E-1,7.527731533047E-1,8.057319146843E-1,8.541253798991E-1,
8.998312800185E-1,9.471229421219E-1,1.E0,1.034477472208E0),.UNSPECIFIED.)GEOMETRIC_REPRESENTATION_ITEM()RATIONAL_B_SPLINE_SURFACE(((1.211832524207E0,
1.211832524207E0,1.211832524207E0,1.211832524207E0,1.211832524207E0,
1.211832524207E0,1.211832524207E0,1.211832524207E0,1.211832524207E0,
1.211832524207E0,1.211832524207E0,1.211832524207E0,1.211832524207E0,
1.211832524207E0,1.211832524207E0,1.211832524207E0,1.211832524207E0,
1.211832524207E0,1.211832524207E0),(9.293891585975E-1,9.293891585975E-1,
9.293891585975E-1,9.293891585975E-1,9.293891585975E-1,9.293891585975E-1,
9.293891585975E-1,9.293891585975E-1,9.293891585975E-1,9.293891585975E-1,
9.293891585975E-1,9.293891585975E-1,9.293891585975E-1,9.293891585975E-1,
9.293891585975E-1,9.293891585975E-1,9.293891585975E-1,9.293891585975E-1,
9.293891585975E-1),(9.293891585975E-1,9.293891585975E-1,9.293891585975E-1,
9.293891585975E-1,9.293891585975E-1,9.293891585975E-1,9.293891585975E-1,
9.293891585975E-1,9.293891585975E-1,9.293891585975E-1,9.293891585975E-1,
9.293891585975E-1,9.293891585975E-1,9.293891585975E-1,9.293891585975E-1,
9.293891585975E-1,9.293891585975E-1,9.293891585975E-1,9.293891585975E-1),(
1.211832524207E0,1.211832524207E0,1.211832524207E0,1.211832524207E0,
1.211832524207E0,1.211832524207E0,1.211832524207E0,1.211832524207E0,
1.211832524207E0,1.211832524207E0,1.211832524207E0,1.211832524207E0,
1.211832524207E0,1.211832524207E0,1.211832524207E0,1.211832524207E0,
1.211832524207E0,1.211832524207E0,1.211832524207E0)))REPRESENTATION_ITEM('')SURFACE());
#5286=ORIENTED_EDGE('',*,*,#5199,.F.);
#5288=ORIENTED_EDGE('',*,*,#5287,.T.);
#5290=ORIENTED_EDGE('',*,*,#5289,.T.);
#5292=ORIENTED_EDGE('',*,*,#5291,.F.);
#5293=EDGE_LOOP('',(#5286,#5288,#5290,#5292));
#5294=FACE_OUTER_BOUND('',#5293,.F.);
#5295=ADVANCED_FACE('',(#5294),#5285,.F.);
#5296=CARTESIAN_POINT('',(-3.274515448960E1,-3.112267764886E0,
1.938143916815E1));
#5297=CARTESIAN_POINT('',(-3.324361368427E1,-3.112267764886E0,
1.787360126268E1));
#5298=CARTESIAN_POINT('',(-3.413028349245E1,-3.112267764886E0,
1.479783437919E1));
#5299=CARTESIAN_POINT('',(-3.509516420115E1,-3.112267764886E0,
1.010898106090E1));
#5300=CARTESIAN_POINT('',(-3.567961234230E1,-3.112267764886E0,
5.470318784598E0));
#5301=CARTESIAN_POINT('',(-3.590258539738E1,-3.112267764886E0,
1.101042467149E0));
#5302=CARTESIAN_POINT('',(-3.583689856936E1,-3.112267764886E0,
-2.831660500101E0));
#5303=CARTESIAN_POINT('',(-3.557342437928E1,-3.112267764886E0,
-6.277472809371E0));
#5304=CARTESIAN_POINT('',(-3.518618348451E1,-3.112267764886E0,
-9.277324551196E0));
#5305=CARTESIAN_POINT('',(-3.472463229141E1,-3.112267764886E0,
-1.190251331336E1));
#5306=CARTESIAN_POINT('',(-3.434617504820E1,-3.112267764886E0,
-1.363984358540E1));
#5307=CARTESIAN_POINT('',(-3.413606184901E1,-3.112267764886E0,
-1.451243515147E1));
#5308=CARTESIAN_POINT('',(-3.410939446227E1,-3.112267764886E0,
-1.462186664660E1));
#5309=CARTESIAN_POINT('',(-3.275285484269E1,-3.046657254550E0,
1.938398474370E1));
#5310=CARTESIAN_POINT('',(-3.325137955101E1,-3.046657254550E0,
1.787594865954E1));
#5311=CARTESIAN_POINT('',(-3.413816585923E1,-3.046657254550E0,
1.479977763577E1));
#5312=CARTESIAN_POINT('',(-3.510317329736E1,-3.046657254550E0,
1.011030845594E1));
#5313=CARTESIAN_POINT('',(-3.568769818419E1,-3.046657254550E0,
5.471037047445E0));
#5314=CARTESIAN_POINT('',(-3.591070051558E1,-3.046657254550E0,
1.101187033710E0));
#5315=CARTESIAN_POINT('',(-3.584500506302E1,-3.046657254550E0,
-2.832032298210E0));
#5316=CARTESIAN_POINT('',(-3.558149627756E1,-3.046657254550E0,
-6.278297064537E0));
#5317=CARTESIAN_POINT('',(-3.519420453151E1,-3.046657254550E0,
-9.278542741798E0));
#5318=CARTESIAN_POINT('',(-3.473259272139E1,-3.046657254550E0,
-1.190407628124E1));
#5319=CARTESIAN_POINT('',(-3.435408576685E1,-3.046657254550E0,
-1.364163475824E1));
#5320=CARTESIAN_POINT('',(-3.414394496579E1,-3.046657254550E0,
-1.451434095347E1));
#5321=CARTESIAN_POINT('',(-3.411727407580E1,-3.046657254550E0,
-1.462378682439E1));
#5322=CARTESIAN_POINT('',(-3.271050682446E1,-2.997859944222E0,
1.936998537528E1));
#5323=CARTESIAN_POINT('',(-3.320867124114E1,-2.997859944222E0,
1.786303917296E1));
#5324=CARTESIAN_POINT('',(-3.409481685844E1,-2.997859944222E0,
1.478909071479E1));
#5325=CARTESIAN_POINT('',(-3.505912734934E1,-2.997859944222E0,
1.010300845960E1));
#5326=CARTESIAN_POINT('',(-3.564323017405E1,-2.997859944222E0,
5.467086967785E0));
#5327=CARTESIAN_POINT('',(-3.586607150065E1,-2.997859944222E0,
1.100391991290E0));
#5328=CARTESIAN_POINT('',(-3.580042347861E1,-2.997859944222E0,
-2.829987598065E0));
#5329=CARTESIAN_POINT('',(-3.553710495013E1,-2.997859944222E0,
-6.273764081131E0));
#5330=CARTESIAN_POINT('',(-3.515009286020E1,-2.997859944222E0,
-9.271843314228E0));
#5331=CARTESIAN_POINT('',(-3.468881441282E1,-2.997859944222E0,
-1.189548075433E1));
#5332=CARTESIAN_POINT('',(-3.431058084524E1,-2.997859944222E0,
-1.363178422032E1));
#5333=CARTESIAN_POINT('',(-3.410059184043E1,-2.997859944222E0,
-1.450386001358E1));
#5334=CARTESIAN_POINT('',(-3.407394021654E1,-2.997859944222E0,
-1.461322682496E1));
#5335=CARTESIAN_POINT('',(-3.264777244040E1,-3.000055144941E0,
1.934924670103E1));
#5336=CARTESIAN_POINT('',(-3.314540312079E1,-3.000055144941E0,
1.784391505044E1));
#5337=CARTESIAN_POINT('',(-3.403059961811E1,-3.000055144941E0,
1.477325910252E1));
#5338=CARTESIAN_POINT('',(-3.499387765090E1,-3.000055144941E0,
1.009219423987E1));
#5339=CARTESIAN_POINT('',(-3.557735523247E1,-3.000055144941E0,
5.461235316994E0));
#5340=CARTESIAN_POINT('',(-3.579995804648E1,-3.000055144941E0,
1.099214214888E0));
#5341=CARTESIAN_POINT('',(-3.573438028803E1,-3.000055144941E0,
-2.826958577828E0));
#5342=CARTESIAN_POINT('',(-3.547134360638E1,-3.000055144941E0,
-6.267048916319E0));
#5343=CARTESIAN_POINT('',(-3.508474579923E1,-3.000055144941E0,
-9.261918777501E0));
#5344=CARTESIAN_POINT('',(-3.462396119564E1,-3.000055144941E0,
-1.188274733472E1));
#5345=CARTESIAN_POINT('',(-3.424613262369E1,-3.000055144941E0,
-1.361719162649E1));
#5346=CARTESIAN_POINT('',(-3.403636848995E1,-3.000055144941E0,
-1.448833354182E1));
#5347=CARTESIAN_POINT('',(-3.400974540687E1,-3.000055144941E0,
-1.459758323437E1));
#5348=(BOUNDED_SURFACE()B_SPLINE_SURFACE(3,3,((#5296,#5297,#5298,#5299,#5300,
#5301,#5302,#5303,#5304,#5305,#5306,#5307,#5308),(#5309,#5310,#5311,#5312,#5313,
#5314,#5315,#5316,#5317,#5318,#5319,#5320,#5321),(#5322,#5323,#5324,#5325,#5326,
#5327,#5328,#5329,#5330,#5331,#5332,#5333,#5334),(#5335,#5336,#5337,#5338,#5339,
#5340,#5341,#5342,#5343,#5344,#5345,#5346,#5347)),.UNSPECIFIED.,.F.,.F.,.F.)B_SPLINE_SURFACE_WITH_KNOTS((4,4),(4,1,1,1,1,1,1,1,1,1,4),(0.E0,1.E0),(
8.757942778315E-1,8.931270102771E-1,9.107044134015E-1,9.280007691484E-1,
9.441161415035E-1,9.584240118088E-1,9.709103682205E-1,9.818238998983E-1,
9.914315455707E-1,1.E0,1.001229605710E0),.UNSPECIFIED.)GEOMETRIC_REPRESENTATION_ITEM()RATIONAL_B_SPLINE_SURFACE(((1.212280764175E0,1.212280764175E0,
1.212280764175E0,1.212280764175E0,1.212280764175E0,1.212280764175E0,
1.212280764175E0,1.212280764175E0,1.212280764175E0,1.212280764175E0,
1.212280764175E0,1.212280764175E0,1.212280764175E0),(9.292397452750E-1,
9.292397452750E-1,9.292397452750E-1,9.292397452750E-1,9.292397452750E-1,
9.292397452750E-1,9.292397452750E-1,9.292397452750E-1,9.292397452750E-1,
9.292397452750E-1,9.292397452750E-1,9.292397452750E-1,9.292397452750E-1),(
9.292397452750E-1,9.292397452750E-1,9.292397452750E-1,9.292397452750E-1,
9.292397452750E-1,9.292397452750E-1,9.292397452750E-1,9.292397452750E-1,
9.292397452750E-1,9.292397452750E-1,9.292397452750E-1,9.292397452750E-1,
9.292397452750E-1),(1.212280764175E0,1.212280764175E0,1.212280764175E0,
1.212280764175E0,1.212280764175E0,1.212280764175E0,1.212280764175E0,
1.212280764175E0,1.212280764175E0,1.212280764175E0,1.212280764175E0,
1.212280764175E0,1.212280764175E0)))REPRESENTATION_ITEM('')SURFACE());
#5350=ORIENTED_EDGE('',*,*,#5349,.T.);
#5351=ORIENTED_EDGE('',*,*,#5287,.F.);
#5353=ORIENTED_EDGE('',*,*,#5352,.F.);
#5355=ORIENTED_EDGE('',*,*,#5354,.T.);
#5356=EDGE_LOOP('',(#5350,#5351,#5353,#5355));
#5357=FACE_OUTER_BOUND('',#5356,.F.);
#5358=ADVANCED_FACE('',(#5357),#5348,.F.);
#5359=CARTESIAN_POINT('',(9.79E1,-3.E0,1.907097508707E1));
#5360=DIRECTION('',(0.E0,-1.E0,0.E0));
#5361=DIRECTION('',(0.E0,0.E0,-1.E0));
#5362=AXIS2_PLACEMENT_3D('',#5359,#5360,#5361);
#5363=PLANE('',#5362);
#5364=ORIENTED_EDGE('',*,*,#4831,.F.);
#5365=ORIENTED_EDGE('',*,*,#4931,.F.);
#5366=ORIENTED_EDGE('',*,*,#5018,.F.);
#5368=ORIENTED_EDGE('',*,*,#5367,.F.);
#5369=ORIENTED_EDGE('',*,*,#5289,.F.);
#5370=ORIENTED_EDGE('',*,*,#5349,.F.);
#5371=EDGE_LOOP('',(#5364,#5365,#5366,#5368,#5369,#5370));
#5372=FACE_OUTER_BOUND('',#5371,.F.);
#5374=ORIENTED_EDGE('',*,*,#5373,.F.);
#5376=ORIENTED_EDGE('',*,*,#5375,.F.);
#5377=EDGE_LOOP('',(#5374,#5376));
#5378=FACE_BOUND('',#5377,.F.);
#5379=ADVANCED_FACE('',(#5372,#5378),#5363,.T.);
#5380=CARTESIAN_POINT('',(0.E0,-2.9E0,0.E0));
#5381=DIRECTION('',(0.E0,1.E0,0.E0));
#5382=DIRECTION('',(3.388286877101E-2,0.E0,-9.994258107553E-1));
#5383=AXIS2_PLACEMENT_3D('',#5380,#5381,#5382);
#5384=TOROIDAL_SURFACE('',#5383,1.46E1,1.E-1);
#5385=ORIENTED_EDGE('',*,*,#5373,.T.);
#5387=ORIENTED_EDGE('',*,*,#5386,.T.);
#5389=ORIENTED_EDGE('',*,*,#5388,.F.);
#5391=ORIENTED_EDGE('',*,*,#5390,.F.);
#5392=EDGE_LOOP('',(#5385,#5387,#5389,#5391));
#5393=FACE_OUTER_BOUND('',#5392,.F.);
#5394=ADVANCED_FACE('',(#5393),#5384,.T.);
#5395=CARTESIAN_POINT('',(0.E0,-2.9E0,0.E0));
#5396=DIRECTION('',(0.E0,1.E0,0.E0));
#5397=DIRECTION('',(-3.388286877101E-2,0.E0,9.994258107553E-1));
#5398=AXIS2_PLACEMENT_3D('',#5395,#5396,#5397);
#5399=TOROIDAL_SURFACE('',#5398,1.46E1,1.E-1);
#5400=ORIENTED_EDGE('',*,*,#5375,.T.);
#5401=ORIENTED_EDGE('',*,*,#5390,.T.);
#5403=ORIENTED_EDGE('',*,*,#5402,.F.);
#5404=ORIENTED_EDGE('',*,*,#5386,.F.);
#5405=EDGE_LOOP('',(#5400,#5401,#5403,#5404));
#5406=FACE_OUTER_BOUND('',#5405,.F.);
#5407=ADVANCED_FACE('',(#5406),#5399,.T.);
#5408=CARTESIAN_POINT('',(0.E0,-3.3E0,0.E0));
#5409=DIRECTION('',(0.E0,1.E0,0.E0));
#5410=DIRECTION('',(0.E0,0.E0,-1.E0));
#5411=AXIS2_PLACEMENT_3D('',#5408,#5409,#5410);
#5412=CYLINDRICAL_SURFACE('',#5411,1.45E1);
#5414=ORIENTED_EDGE('',*,*,#5413,.T.);
#5416=ORIENTED_EDGE('',*,*,#5415,.F.);
#5417=ORIENTED_EDGE('',*,*,#5402,.T.);
#5419=ORIENTED_EDGE('',*,*,#5418,.T.);
#5420=EDGE_LOOP('',(#5414,#5416,#5417,#5419));
#5421=FACE_OUTER_BOUND('',#5420,.F.);
#5422=ADVANCED_FACE('',(#5421),#5412,.F.);
#5423=CARTESIAN_POINT('',(0.E0,9.E-1,0.E0));
#5424=DIRECTION('',(0.E0,1.E0,0.E0));
#5425=DIRECTION('',(-4.812312132995E-2,0.E0,-9.988414114330E-1));
#5426=AXIS2_PLACEMENT_3D('',#5423,#5424,#5425);
#5427=TOROIDAL_SURFACE('',#5426,1.46E1,1.E-1);
#5429=ORIENTED_EDGE('',*,*,#5428,.T.);
#5431=ORIENTED_EDGE('',*,*,#5430,.T.);
#5432=ORIENTED_EDGE('',*,*,#5413,.F.);
#5434=ORIENTED_EDGE('',*,*,#5433,.F.);
#5435=EDGE_LOOP('',(#5429,#5431,#5432,#5434));
#5436=FACE_OUTER_BOUND('',#5435,.F.);
#5437=ADVANCED_FACE('',(#5436),#5427,.T.);
#5438=CARTESIAN_POINT('',(0.E0,1.E0,0.E0));
#5439=DIRECTION('',(0.E0,1.E0,0.E0));
#5440=DIRECTION('',(0.E0,0.E0,-1.E0));
#5441=AXIS2_PLACEMENT_3D('',#5438,#5439,#5440);
#5442=PLANE('',#5441);
#5444=ORIENTED_EDGE('',*,*,#5443,.F.);
#5446=ORIENTED_EDGE('',*,*,#5445,.F.);
#5447=EDGE_LOOP('',(#5444,#5446));
#5448=FACE_OUTER_BOUND('',#5447,.F.);
#5449=ORIENTED_EDGE('',*,*,#5428,.F.);
#5451=ORIENTED_EDGE('',*,*,#5450,.F.);
#5452=EDGE_LOOP('',(#5449,#5451));
#5453=FACE_BOUND('',#5452,.F.);
#5454=ADVANCED_FACE('',(#5448,#5453),#5442,.T.);
#5455=CARTESIAN_POINT('',(0.E0,1.1E0,0.E0));
#5456=DIRECTION('',(0.E0,1.E0,0.E0));
#5457=DIRECTION('',(-2.861247936757E-2,0.E0,9.995905791995E-1));
#5458=AXIS2_PLACEMENT_3D('',#5455,#5456,#5457);
#5459=TOROIDAL_SURFACE('',#5458,1.79E1,1.E-1);
#5461=ORIENTED_EDGE('',*,*,#5460,.F.);
#5463=ORIENTED_EDGE('',*,*,#5462,.T.);
#5464=ORIENTED_EDGE('',*,*,#5443,.T.);
#5466=ORIENTED_EDGE('',*,*,#5465,.F.);
#5467=EDGE_LOOP('',(#5461,#5463,#5464,#5466));
#5468=FACE_OUTER_BOUND('',#5467,.F.);
#5469=ADVANCED_FACE('',(#5468),#5459,.F.);
#5470=CARTESIAN_POINT('',(0.E0,-3.3E0,0.E0));
#5471=DIRECTION('',(0.E0,1.E0,0.E0));
#5472=DIRECTION('',(0.E0,0.E0,-1.E0));
#5473=AXIS2_PLACEMENT_3D('',#5470,#5471,#5472);
#5474=CYLINDRICAL_SURFACE('',#5473,1.8E1);
#5476=ORIENTED_EDGE('',*,*,#5475,.F.);
#5478=ORIENTED_EDGE('',*,*,#5477,.F.);
#5480=ORIENTED_EDGE('',*,*,#5479,.F.);
#5481=ORIENTED_EDGE('',*,*,#5460,.T.);
#5483=ORIENTED_EDGE('',*,*,#5482,.T.);
#5484=EDGE_LOOP('',(#5476,#5478,#5480,#5481,#5483));
#5485=FACE_OUTER_BOUND('',#5484,.F.);
#5486=ADVANCED_FACE('',(#5485),#5474,.F.);
#5487=CARTESIAN_POINT('',(0.E0,2.9E0,0.E0));
#5488=DIRECTION('',(0.E0,1.E0,0.E0));
#5489=DIRECTION('',(2.861247936757E-2,0.E0,-9.995905791995E-1));
#5490=AXIS2_PLACEMENT_3D('',#5487,#5488,#5489);
#5491=TOROIDAL_SURFACE('',#5490,1.81E1,1.E-1);
#5493=ORIENTED_EDGE('',*,*,#5492,.T.);
#5495=ORIENTED_EDGE('',*,*,#5494,.F.);
#5496=ORIENTED_EDGE('',*,*,#5475,.T.);
#5498=ORIENTED_EDGE('',*,*,#5497,.T.);
#5500=ORIENTED_EDGE('',*,*,#5499,.T.);
#5501=EDGE_LOOP('',(#5493,#5495,#5496,#5498,#5500));
#5502=FACE_OUTER_BOUND('',#5501,.F.);
#5503=ADVANCED_FACE('',(#5502),#5491,.T.);
#5504=CARTESIAN_POINT('',(9.79E1,3.E0,-1.907097508707E1));
#5505=DIRECTION('',(0.E0,1.E0,0.E0));
#5506=DIRECTION('',(0.E0,0.E0,1.E0));
#5507=AXIS2_PLACEMENT_3D('',#5504,#5505,#5506);
#5508=PLANE('',#5507);
#5509=ORIENTED_EDGE('',*,*,#5492,.F.);
#5511=ORIENTED_EDGE('',*,*,#5510,.F.);
#5513=ORIENTED_EDGE('',*,*,#5512,.F.);
#5515=ORIENTED_EDGE('',*,*,#5514,.F.);
#5517=ORIENTED_EDGE('',*,*,#5516,.F.);
#5519=ORIENTED_EDGE('',*,*,#5518,.F.);
#5521=ORIENTED_EDGE('',*,*,#5520,.F.);
#5523=ORIENTED_EDGE('',*,*,#5522,.F.);
#5524=EDGE_LOOP('',(#5509,#5511,#5513,#5515,#5517,#5519,#5521,#5523));
#5525=FACE_OUTER_BOUND('',#5524,.F.);
#5526=ADVANCED_FACE('',(#5525),#5508,.T.);
#5527=CARTESIAN_POINT('',(-2.121644E2,3.1E0,1.795857864376E1));
#5528=DIRECTION('',(1.E0,0.E0,0.E0));
#5529=DIRECTION('',(0.E0,-7.071067811865E-1,7.071067811865E-1));
#5530=AXIS2_PLACEMENT_3D('',#5527,#5528,#5529);
#5531=CYLINDRICAL_SURFACE('',#5530,1.E-1);
#5533=ORIENTED_EDGE('',*,*,#5532,.T.);
#5535=ORIENTED_EDGE('',*,*,#5534,.T.);
#5537=ORIENTED_EDGE('',*,*,#5536,.T.);
#5538=ORIENTED_EDGE('',*,*,#5510,.T.);
#5539=EDGE_LOOP('',(#5533,#5535,#5537,#5538));
#5540=FACE_OUTER_BOUND('',#5539,.F.);
#5541=ADVANCED_FACE('',(#5540),#5531,.F.);
#5542=CARTESIAN_POINT('',(-2.121644E2,3.1E0,1.795857864376E1));
#5543=DIRECTION('',(1.E0,0.E0,0.E0));
#5544=DIRECTION('',(0.E0,-7.071067811865E-1,7.071067811865E-1));
#5545=AXIS2_PLACEMENT_3D('',#5542,#5543,#5544);
#5546=CYLINDRICAL_SURFACE('',#5545,1.E-1);
#5548=ORIENTED_EDGE('',*,*,#5547,.T.);
#5549=ORIENTED_EDGE('',*,*,#5522,.T.);
#5551=ORIENTED_EDGE('',*,*,#5550,.F.);
#5553=ORIENTED_EDGE('',*,*,#5552,.T.);
#5554=EDGE_LOOP('',(#5548,#5549,#5551,#5553));
#5555=FACE_OUTER_BOUND('',#5554,.F.);
#5556=ADVANCED_FACE('',(#5555),#5546,.F.);
#5557=CARTESIAN_POINT('',(-2.436100879578E0,2.898413865924E0,1.783443808082E1));
#5558=CARTESIAN_POINT('',(-2.372678216228E0,2.897340241764E0,1.784310152517E1));
#5559=CARTESIAN_POINT('',(-2.252504738788E0,2.896428734076E0,1.785886401411E1));
#5560=CARTESIAN_POINT('',(-2.075449482093E0,2.897627939665E0,1.788027099943E1));
#5561=CARTESIAN_POINT('',(-1.903067618765E0,2.900647742955E0,1.789944829837E1));
#5562=CARTESIAN_POINT('',(-1.725264972392E0,2.905279037862E0,1.791748646784E1));
#5563=CARTESIAN_POINT('',(-1.536227779193E0,2.911453849734E0,1.793473178597E1));
#5564=CARTESIAN_POINT('',(-1.329797075166E0,2.919166379381E0,1.795129868720E1));
#5565=CARTESIAN_POINT('',(-1.101328578308E0,2.928244957582E0,1.796686515488E1));
#5566=CARTESIAN_POINT('',(-8.516298780348E-1,2.937951540559E0,
1.798052106265E1));
#5567=CARTESIAN_POINT('',(-5.837928166412E-1,2.946978023509E0,
1.799128340955E1));
#5568=CARTESIAN_POINT('',(-2.982385806767E-1,2.953728283239E0,
1.799838171855E1));
#5569=CARTESIAN_POINT('',(-3.795969524284E-2,2.955994983625E0,
1.800059281616E1));
#5570=CARTESIAN_POINT('',(1.279456654821E-1,2.955087456016E0,1.799970826572E1));
#5571=CARTESIAN_POINT('',(1.919114788955E-1,2.954363484541E0,1.799902600102E1));
#5572=CARTESIAN_POINT('',(-2.434800686841E0,2.959915237718E0,1.783266471422E1));
#5573=CARTESIAN_POINT('',(-2.371774132805E0,2.958847484221E0,1.784127029192E1));
#5574=CARTESIAN_POINT('',(-2.252264481712E0,2.957940241033E0,1.785694302151E1));
#5575=CARTESIAN_POINT('',(-2.075984823788E0,2.959133831987E0,1.787826075407E1));
#5576=CARTESIAN_POINT('',(-1.904204724550E0,2.962143160661E0,1.789738177106E1));
#5577=CARTESIAN_POINT('',(-1.726882656639E0,2.966762288854E0,1.791538733283E1));
#5578=CARTESIAN_POINT('',(-1.538214645439E0,2.972925631218E0,1.793262039836E1));
#5579=CARTESIAN_POINT('',(-1.332029067318E0,2.980629806766E0,1.794919436702E1));
#5580=CARTESIAN_POINT('',(-1.103641000938E0,2.989706209556E0,1.796478689988E1));
#5581=CARTESIAN_POINT('',(-8.537948248587E-1,2.999419776883E0,
1.797848476620E1));
#5582=CARTESIAN_POINT('',(-5.855244740435E-1,3.008462310929E0,
1.798929624393E1));
#5583=CARTESIAN_POINT('',(-2.992247712805E-1,3.015231640951E0,
1.799643705964E1));
#5584=CARTESIAN_POINT('',(-3.808566937738E-2,3.017506486477E0,
1.799866355815E1));
#5585=CARTESIAN_POINT('',(1.283693777150E-1,3.016595681036E0,1.799777292536E1));
#5586=CARTESIAN_POINT('',(1.925383728513E-1,3.015868857736E0,1.799708619212E1));
#5587=CARTESIAN_POINT('',(-2.439955095920E0,3.003424744081E0,1.787587997922E1));
#5588=CARTESIAN_POINT('',(-2.377050678132E0,3.002361143818E0,1.788446621371E1));
#5589=CARTESIAN_POINT('',(-2.257711087532E0,3.001456917576E0,1.790011473475E1));
#5590=CARTESIAN_POINT('',(-2.081538743999E0,3.002646536423E0,1.792142269176E1));
#5591=CARTESIAN_POINT('',(-1.909754609733E0,3.005648454769E0,1.794055170308E1));
#5592=CARTESIAN_POINT('',(-1.732329241186E0,3.010258975550E0,1.795857917025E1));
#5593=CARTESIAN_POINT('',(-1.543451093806E0,3.016414203742E0,1.797584656715E1));
#5594=CARTESIAN_POINT('',(-1.336924228879E0,3.024112469133E0,1.799246684608E1));
#5595=CARTESIAN_POINT('',(-1.108023388862E0,3.033187332917E0,1.800811663713E1));
#5596=CARTESIAN_POINT('',(-8.574502390978E-1,3.042905841363E0,
1.802187824354E1));
#5597=CARTESIAN_POINT('',(-5.882054497846E-1,3.051959730852E0,
1.803275132127E1));
#5598=CARTESIAN_POINT('',(-3.006662393820E-1,3.058742552263E0,
1.803993991360E1));
#5599=CARTESIAN_POINT('',(-3.826945884200E-2,3.061023160117E0,
1.804218282288E1));
#5600=CARTESIAN_POINT('',(1.289882211591E-1,3.060110035754E0,1.804128568071E1));
#5601=CARTESIAN_POINT('',(1.934604826597E-1,3.059381194913E0,1.804059408440E1));
#5602=CARTESIAN_POINT('',(-2.448312160292E0,3.001491985609E0,1.793681911500E1));
#5603=CARTESIAN_POINT('',(-2.385178849222E0,3.000428200853E0,1.794543673344E1));
#5604=CARTESIAN_POINT('',(-2.265408261111E0,2.999523840594E0,1.796114187008E1));
#5605=CARTESIAN_POINT('',(-2.088607242319E0,3.000713635888E0,1.798252569619E1));
#5606=CARTESIAN_POINT('',(-1.916215819627E0,3.003715883412E0,1.800172193444E1));
#5607=CARTESIAN_POINT('',(-1.738168444317E0,3.008326786547E0,1.801981199988E1));
#5608=CARTESIAN_POINT('',(-1.548633418710E0,3.014482375183E0,1.803713865225E1));
#5609=CARTESIAN_POINT('',(-1.341394174085E0,3.022180903112E0,1.805381526688E1));
#5610=CARTESIAN_POINT('',(-1.111710868174E0,3.031255835261E0,1.806951738459E1));
#5611=CARTESIAN_POINT('',(-8.602898987507E-1,3.040974124215E0,
1.808332429864E1));
#5612=CARTESIAN_POINT('',(-5.901443007515E-1,3.050027509278E0,
1.809423258175E1));
#5613=CARTESIAN_POINT('',(-3.016535544126E-1,3.056809731381E0,
1.810144407807E1));
#5614=CARTESIAN_POINT('',(-3.839510979967E-2,3.059090083263E0,
1.810369405436E1));
#5615=CARTESIAN_POINT('',(1.294117639036E-1,3.058177061911E0,1.810279408256E1));
#5616=CARTESIAN_POINT('',(1.940960439051E-1,3.057448310692E0,1.810210029676E1));
#5617=(BOUNDED_SURFACE()B_SPLINE_SURFACE(3,3,((#5557,#5558,#5559,#5560,#5561,
#5562,#5563,#5564,#5565,#5566,#5567,#5568,#5569,#5570,#5571),(#5572,#5573,#5574,
#5575,#5576,#5577,#5578,#5579,#5580,#5581,#5582,#5583,#5584,#5585,#5586),(#5587,
#5588,#5589,#5590,#5591,#5592,#5593,#5594,#5595,#5596,#5597,#5598,#5599,#5600,
#5601),(#5602,#5603,#5604,#5605,#5606,#5607,#5608,#5609,#5610,#5611,#5612,#5613,
#5614,#5615,#5616)),.UNSPECIFIED.,.F.,.F.,.F.)B_SPLINE_SURFACE_WITH_KNOTS((4,4),
(4,1,1,1,1,1,1,1,1,1,1,1,4),(0.E0,1.E0),(-8.510349042461E-2,0.E0,
7.605488433221E-2,1.521199880280E-1,2.308057855087E-1,3.139771277053E-1,
4.049368429428E-1,5.067355688388E-1,6.191925619318E-1,7.383146328142E-1,
8.641119021956E-1,1.E0,1.085282322599E0),.UNSPECIFIED.)GEOMETRIC_REPRESENTATION_ITEM()RATIONAL_B_SPLINE_SURFACE(((1.187262732494E0,1.187262732494E0,
1.187262732494E0,1.187262732494E0,1.187262732494E0,1.187262732494E0,
1.187262732494E0,1.187262732494E0,1.187262732494E0,1.187262732494E0,
1.187262732494E0,1.187262732494E0,1.187262732494E0,1.187262732494E0,
1.187262732494E0),(9.375790891686E-1,9.375790891686E-1,9.375790891686E-1,
9.375790891686E-1,9.375790891686E-1,9.375790891686E-1,9.375790891686E-1,
9.375790891686E-1,9.375790891686E-1,9.375790891686E-1,9.375790891686E-1,
9.375790891686E-1,9.375790891686E-1,9.375790891686E-1,9.375790891686E-1),(
9.375790891686E-1,9.375790891686E-1,9.375790891686E-1,9.375790891686E-1,
9.375790891686E-1,9.375790891686E-1,9.375790891686E-1,9.375790891686E-1,
9.375790891686E-1,9.375790891686E-1,9.375790891686E-1,9.375790891686E-1,
9.375790891686E-1,9.375790891686E-1,9.375790891686E-1),(1.187262732494E0,
1.187262732494E0,1.187262732494E0,1.187262732494E0,1.187262732494E0,
1.187262732494E0,1.187262732494E0,1.187262732494E0,1.187262732494E0,
1.187262732494E0,1.187262732494E0,1.187262732494E0,1.187262732494E0,
1.187262732494E0,1.187262732494E0)))REPRESENTATION_ITEM('')SURFACE());
#5619=ORIENTED_EDGE('',*,*,#5618,.T.);
#5621=ORIENTED_EDGE('',*,*,#5620,.T.);
#5622=ORIENTED_EDGE('',*,*,#5532,.F.);
#5623=ORIENTED_EDGE('',*,*,#5499,.F.);
#5624=EDGE_LOOP('',(#5619,#5621,#5622,#5623));
#5625=FACE_OUTER_BOUND('',#5624,.F.);
#5626=ADVANCED_FACE('',(#5625),#5617,.T.);
#5627=CARTESIAN_POINT('',(0.E0,-3.3E0,0.E0));
#5628=DIRECTION('',(0.E0,1.E0,0.E0));
#5629=DIRECTION('',(0.E0,0.E0,-1.E0));
#5630=AXIS2_PLACEMENT_3D('',#5627,#5628,#5629);
#5631=CYLINDRICAL_SURFACE('',#5630,1.8E1);
#5632=ORIENTED_EDGE('',*,*,#5497,.F.);
#5633=ORIENTED_EDGE('',*,*,#5482,.F.);
#5635=ORIENTED_EDGE('',*,*,#5634,.T.);
#5636=ORIENTED_EDGE('',*,*,#5479,.T.);
#5637=ORIENTED_EDGE('',*,*,#5618,.F.);
#5638=EDGE_LOOP('',(#5632,#5633,#5635,#5636,#5637));
#5639=FACE_OUTER_BOUND('',#5638,.F.);
#5640=ADVANCED_FACE('',(#5639),#5631,.F.);
#5641=CARTESIAN_POINT('',(0.E0,1.1E0,0.E0));
#5642=DIRECTION('',(0.E0,1.E0,0.E0));
#5643=DIRECTION('',(2.861247936757E-2,0.E0,-9.995905791995E-1));
#5644=AXIS2_PLACEMENT_3D('',#5641,#5642,#5643);
#5645=TOROIDAL_SURFACE('',#5644,1.79E1,1.E-1);
#5646=ORIENTED_EDGE('',*,*,#5634,.F.);
#5647=ORIENTED_EDGE('',*,*,#5465,.T.);
#5648=ORIENTED_EDGE('',*,*,#5445,.T.);
#5649=ORIENTED_EDGE('',*,*,#5462,.F.);
#5650=EDGE_LOOP('',(#5646,#5647,#5648,#5649));
#5651=FACE_OUTER_BOUND('',#5650,.F.);
#5652=ADVANCED_FACE('',(#5651),#5645,.F.);
#5653=CARTESIAN_POINT('',(-1.919168771327E-1,2.954368083307E0,
1.799902597203E1));
#5654=CARTESIAN_POINT('',(-1.279491210667E-1,2.955088506958E0,
1.799970825381E1));
#5655=CARTESIAN_POINT('',(3.180594350373E-2,2.955959918855E0,1.800056001992E1));
#5656=CARTESIAN_POINT('',(2.857751575863E-1,2.953886929896E0,1.799853276243E1));
#5657=CARTESIAN_POINT('',(5.643365557472E-1,2.947537791217E0,1.799189774645E1));
#5658=CARTESIAN_POINT('',(8.272872732034E-1,2.938830574932E0,1.798162391747E1));
#5659=CARTESIAN_POINT('',(1.067917895167E0,2.929570090004E0,1.796882707827E1));
#5660=CARTESIAN_POINT('',(1.285517771147E0,2.920912233556E0,1.795448317182E1));
#5661=CARTESIAN_POINT('',(1.484252569193E0,2.913334627350E0,1.793908947262E1));
#5662=CARTESIAN_POINT('',(1.671125888138E0,2.906941414397E0,1.792261839446E1));
#5663=CARTESIAN_POINT('',(1.855117599912E0,2.901739703843E0,1.790451683001E1));
#5664=CARTESIAN_POINT('',(2.046245607905E0,2.897927440340E0,1.788372797253E1));
#5665=CARTESIAN_POINT('',(2.240857588830E0,2.896340976824E0,1.786039193968E1));
#5666=CARTESIAN_POINT('',(2.372718067031E0,2.897339651752E0,1.784309629021E1));
#5667=CARTESIAN_POINT('',(2.436160594826E0,2.898409917638E0,1.783442988438E1));
#5668=CARTESIAN_POINT('',(-1.925434381938E-1,3.015873509331E0,
1.799708616649E1));
#5669=CARTESIAN_POINT('',(-1.283727647805E-1,3.016596744338E0,
1.799777291293E1));
#5670=CARTESIAN_POINT('',(3.191142423075E-2,3.017471283773E0,1.799863052697E1));
#5671=CARTESIAN_POINT('',(2.867204578635E-1,3.015390887945E0,1.799658920596E1));
#5672=CARTESIAN_POINT('',(5.660253015576E-1,3.009023435863E0,1.798991393838E1));
#5673=CARTESIAN_POINT('',(8.294216043317E-1,3.000300051193E0,1.797959210281E1));
#5674=CARTESIAN_POINT('',(1.070220136820E0,2.991031911587E0,1.796675407117E1));
#5675=CARTESIAN_POINT('',(1.287776945787E0,2.982374774410E0,1.795238299169E1));
#5676=CARTESIAN_POINT('',(1.486314004345E0,2.974803889430E0,1.793697838574E1));
#5677=CARTESIAN_POINT('',(1.672863037965E0,2.968421126575E0,1.792051374526E1));
#5678=CARTESIAN_POINT('',(1.856399925942E0,2.963231840818E0,1.790243882279E1));
#5679=CARTESIAN_POINT('',(2.046900935533E0,2.959431975775E0,1.788170469785E1));
#5680=CARTESIAN_POINT('',(2.240681542434E0,2.957852871297E0,1.785846226636E1));
#5681=CARTESIAN_POINT('',(2.371813915089E0,2.958846919764E0,1.784126506905E1));
#5682=CARTESIAN_POINT('',(2.434860870386E0,2.959911433365E0,1.783265645737E1));
#5683=CARTESIAN_POINT('',(-1.934653259119E-1,3.059385883882E0,
1.804059406106E1));
#5684=CARTESIAN_POINT('',(-1.289915683580E-1,3.060111107800E0,
1.804128566788E1));
#5685=CARTESIAN_POINT('',(3.206536855966E-2,3.060987859831E0,1.804214954369E1));
#5686=CARTESIAN_POINT('',(2.881019151826E-1,3.058902223969E0,1.804009321662E1));
#5687=CARTESIAN_POINT('',(5.686273997017E-1,3.052521815962E0,1.803337292331E1));
#5688=CARTESIAN_POINT('',(8.329946572728E-1,3.043786992874E0,1.802299150134E1));
#5689=CARTESIAN_POINT('',(1.074512011508E0,3.034513437921E0,1.801009241378E1));
#5690=CARTESIAN_POINT('',(1.292580931028E0,3.025856809597E0,1.799566634067E1));
#5691=CARTESIAN_POINT('',(1.491473616528E0,3.018290679587E0,1.798021563320E1));
#5692=CARTESIAN_POINT('',(1.678259158853E0,3.011915309715E0,1.796371447737E1));
#5693=CARTESIAN_POINT('',(1.861933003433E0,3.006734813955E0,1.794561327017E1));
#5694=CARTESIAN_POINT('',(2.052466936082E0,3.002943720275E0,1.792486603615E1));
#5695=CARTESIAN_POINT('',(2.246144540551E0,3.001369821991E0,1.790163164714E1));
#5696=CARTESIAN_POINT('',(2.377090511300E0,3.002360597441E0,1.788446098634E1));
#5697=CARTESIAN_POINT('',(2.440015759724E0,3.003421041554E0,1.787587165918E1));
#5698=CARTESIAN_POINT('',(-1.941009159897E-1,3.057452998001E0,
1.810210027323E1));
#5699=CARTESIAN_POINT('',(-1.294151250406E-1,3.058178133568E0,
1.810279406971E1));
#5700=CARTESIAN_POINT('',(3.217065212230E-2,3.059054787312E0,1.810366067054E1));
#5701=CARTESIAN_POINT('',(2.890479601249E-1,3.056969384221E0,1.810159786228E1));
#5702=CARTESIAN_POINT('',(5.705011713991E-1,3.050589551736E0,1.809485617610E1));
#5703=CARTESIAN_POINT('',(8.357521722450E-1,3.041855236759E0,1.808444118133E1));
#5704=CARTESIAN_POINT('',(1.078085750649E0,3.032581922364E0,1.807149969490E1));
#5705=CARTESIAN_POINT('',(1.296898864775E0,3.023925271436E0,1.805702550337E1));
#5706=CARTESIAN_POINT('',(1.496476176552E0,3.016358930204E0,1.804152258530E1));
#5707=CARTESIAN_POINT('',(1.683909806900E0,3.009983231924E0,1.802496499884E1));
#5708=CARTESIAN_POINT('',(1.868225981769E0,3.004802345699E0,1.800680116340E1));
#5709=CARTESIAN_POINT('',(2.059431987589E0,3.001010862381E0,1.798598124928E1));
#5710=CARTESIAN_POINT('',(2.253799946048E0,2.999436732831E0,1.796266426984E1));
#5711=CARTESIAN_POINT('',(2.385218820575E0,3.000427653673E0,1.794543148782E1));
#5712=CARTESIAN_POINT('',(2.448373013319E0,3.001488278559E0,1.793681076887E1));
#5713=(BOUNDED_SURFACE()B_SPLINE_SURFACE(3,3,((#5653,#5654,#5655,#5656,#5657,
#5658,#5659,#5660,#5661,#5662,#5663,#5664,#5665,#5666,#5667),(#5668,#5669,#5670,
#5671,#5672,#5673,#5674,#5675,#5676,#5677,#5678,#5679,#5680,#5681,#5682),(#5683,
#5684,#5685,#5686,#5687,#5688,#5689,#5690,#5691,#5692,#5693,#5694,#5695,#5696,
#5697),(#5698,#5699,#5700,#5701,#5702,#5703,#5704,#5705,#5706,#5707,#5708,#5709,
#5710,#5711,#5712)),.UNSPECIFIED.,.F.,.F.,.F.)B_SPLINE_SURFACE_WITH_KNOTS((4,4),
(4,1,1,1,1,1,1,1,1,1,1,1,4),(0.E0,1.E0),(-8.528454313600E-2,0.E0,
1.276864592200E-1,2.532732477502E-1,3.714699118586E-1,4.785275901370E-1,
5.745233614440E-1,6.621369311072E-1,7.441356095671E-1,8.244074562831E-1,
9.082988048110E-1,1.E0,1.085130234377E0),.UNSPECIFIED.)GEOMETRIC_REPRESENTATION_ITEM()RATIONAL_B_SPLINE_SURFACE(((1.187262732494E0,1.187262732494E0,
1.187262732494E0,1.187262732494E0,1.187262732494E0,1.187262732494E0,
1.187262732494E0,1.187262732494E0,1.187262732494E0,1.187262732494E0,
1.187262732494E0,1.187262732494E0,1.187262732494E0,1.187262732494E0,
1.187262732494E0),(9.375790891686E-1,9.375790891686E-1,9.375790891686E-1,
9.375790891686E-1,9.375790891686E-1,9.375790891686E-1,9.375790891686E-1,
9.375790891686E-1,9.375790891686E-1,9.375790891686E-1,9.375790891686E-1,
9.375790891686E-1,9.375790891686E-1,9.375790891686E-1,9.375790891686E-1),(
9.375790891686E-1,9.375790891686E-1,9.375790891686E-1,9.375790891686E-1,
9.375790891686E-1,9.375790891686E-1,9.375790891686E-1,9.375790891686E-1,
9.375790891686E-1,9.375790891686E-1,9.375790891686E-1,9.375790891686E-1,
9.375790891686E-1,9.375790891686E-1,9.375790891686E-1),(1.187262732494E0,
1.187262732494E0,1.187262732494E0,1.187262732494E0,1.187262732494E0,
1.187262732494E0,1.187262732494E0,1.187262732494E0,1.187262732494E0,
1.187262732494E0,1.187262732494E0,1.187262732494E0,1.187262732494E0,
1.187262732494E0,1.187262732494E0)))REPRESENTATION_ITEM('')SURFACE());
#5714=ORIENTED_EDGE('',*,*,#5477,.T.);
#5715=ORIENTED_EDGE('',*,*,#5494,.T.);
#5716=ORIENTED_EDGE('',*,*,#5547,.F.);
#5717=ORIENTED_EDGE('',*,*,#5620,.F.);
#5718=EDGE_LOOP('',(#5714,#5715,#5716,#5717));
#5719=FACE_OUTER_BOUND('',#5718,.F.);
#5720=ADVANCED_FACE('',(#5719),#5713,.T.);
#5721=CARTESIAN_POINT('',(9.79E1,3.E0,1.8E1));
#5722=DIRECTION('',(0.E0,7.071067811865E-1,-7.071067811865E-1));
#5723=DIRECTION('',(0.E0,7.071067811865E-1,7.071067811865E-1));
#5724=AXIS2_PLACEMENT_3D('',#5721,#5722,#5723);
#5725=PLANE('',#5724);
#5726=ORIENTED_EDGE('',*,*,#5552,.F.);
#5728=ORIENTED_EDGE('',*,*,#5727,.F.);
#5730=ORIENTED_EDGE('',*,*,#5729,.F.);
#5731=ORIENTED_EDGE('',*,*,#5534,.F.);
#5732=EDGE_LOOP('',(#5726,#5728,#5730,#5731));
#5733=FACE_OUTER_BOUND('',#5732,.F.);
#5734=ADVANCED_FACE('',(#5733),#5725,.T.);
#5735=CARTESIAN_POINT('',(-5.016485672170E-1,2.530504093868E1,
3.476190315004E1));
#5736=CARTESIAN_POINT('',(-3.344660911106E-1,2.530703414973E1,
3.476389636109E1));
#5737=CARTESIAN_POINT('',(7.584700050709E-1,2.531354019567E1,3.477040240703E1));
#5738=CARTESIAN_POINT('',(2.718790048746E0,2.524894633669E1,3.470580854805E1));
#5739=CARTESIAN_POINT('',(5.345470810705E0,2.499423652646E1,3.445109873782E1));
#5740=CARTESIAN_POINT('',(7.872309069814E0,2.459199966845E1,3.404886187981E1));
#5741=CARTESIAN_POINT('',(1.034207433043E1,2.404232272642E1,3.349918493778E1));
#5742=CARTESIAN_POINT('',(1.273962215174E1,2.335179854946E1,3.280866076082E1));
#5743=CARTESIAN_POINT('',(1.504395573186E1,2.253244671084E1,3.198930892220E1));
#5744=CARTESIAN_POINT('',(1.727439994002E1,2.158235059317E1,3.103921280453E1));
#5745=CARTESIAN_POINT('',(1.949801974878E1,2.046583675663E1,2.992269896799E1));
#5746=CARTESIAN_POINT('',(2.179191979483E1,1.911222975067E1,2.856909196203E1));
#5747=CARTESIAN_POINT('',(2.417243624888E1,1.744791822708E1,2.690478043844E1));
#5748=CARTESIAN_POINT('',(2.654242666535E1,1.545607054984E1,2.491293276120E1));
#5749=CARTESIAN_POINT('',(2.873137531720E1,1.321222663650E1,2.266908884786E1));
#5750=CARTESIAN_POINT('',(3.060262650402E1,1.084622622146E1,2.030308843282E1));
#5751=CARTESIAN_POINT('',(3.213297321490E1,8.431797071372E0,1.788865928273E1));
#5752=CARTESIAN_POINT('',(3.332232338667E1,6.030003019935E0,1.548686523130E1));
#5753=CARTESIAN_POINT('',(3.392271958383E1,4.409542978766E0,1.386640519013E1));
#5754=CARTESIAN_POINT('',(3.417018940974E1,3.617924081258E0,1.307478629262E1));
#5755=CARTESIAN_POINT('',(-5.142391038101E-1,2.418945744382E1,
3.693706163472E1));
#5756=CARTESIAN_POINT('',(-3.428610297909E-1,2.419150090405E1,
3.693910509496E1));
#5757=CARTESIAN_POINT('',(7.775072787566E-1,2.419817083097E1,3.694577502187E1));
#5758=CARTESIAN_POINT('',(2.787029554022E0,2.413195164270E1,3.687955583361E1));
#5759=CARTESIAN_POINT('',(5.479052310520E0,2.387089290506E1,3.661849709597E1));
#5760=CARTESIAN_POINT('',(8.067753077875E0,2.345878996064E1,3.620639415155E1));
#5761=CARTESIAN_POINT('',(1.059665613328E1,2.289592741749E1,3.564353160840E1));
#5762=CARTESIAN_POINT('',(1.305007037853E1,2.218928593771E1,3.493689012862E1));
#5763=CARTESIAN_POINT('',(1.540648834584E1,2.135138639523E1,3.409899058613E1));
#5764=CARTESIAN_POINT('',(1.768575414130E1,2.038046520807E1,3.312806939897E1));
#5765=CARTESIAN_POINT('',(1.995645192797E1,1.924028085505E1,3.198788504595E1));
#5766=CARTESIAN_POINT('',(2.229724352582E1,1.785896305406E1,3.060656724497E1));
#5767=CARTESIAN_POINT('',(2.472464038094E1,1.616182075600E1,2.890942494691E1));
#5768=CARTESIAN_POINT('',(2.713955739961E1,1.413214640703E1,2.687975059794E1));
#5769=CARTESIAN_POINT('',(2.936855673143E1,1.184717765057E1,2.459478184147E1));
#5770=CARTESIAN_POINT('',(3.127305634375E1,9.439079364784E0,2.218668355569E1));
#5771=CARTESIAN_POINT('',(3.282999544058E1,6.982649499195E0,1.973025369010E1));
#5772=CARTESIAN_POINT('',(3.403967588549E1,4.539761610412E0,1.728736580132E1));
#5773=CARTESIAN_POINT('',(3.465022356100E1,2.891885153075E0,1.563948934398E1));
#5774=CARTESIAN_POINT('',(3.490186591749E1,2.086918297309E0,1.483452248822E1));
#5775=CARTESIAN_POINT('',(-4.879816916801E-1,2.175533451667E1,
3.716145370690E1));
#5776=CARTESIAN_POINT('',(-3.253534864782E-1,2.175727318286E1,
3.716339237308E1));
#5777=CARTESIAN_POINT('',(7.378052742154E-1,2.176360133797E1,3.716972052819E1));
#5778=CARTESIAN_POINT('',(2.644716889243E0,2.170077175430E1,3.710689094452E1));
#5779=CARTESIAN_POINT('',(5.200469704637E0,2.145295362817E1,3.685907281839E1));
#5780=CARTESIAN_POINT('',(7.660156957565E0,2.106142628789E1,3.646754547812E1));
#5781=CARTESIAN_POINT('',(1.006572885558E1,2.052606215676E1,3.593218134699E1));
#5782=CARTESIAN_POINT('',(1.240263434786E1,1.985303311752E1,3.525915230774E1));
#5783=CARTESIAN_POINT('',(1.465043095420E1,1.905381458763E1,3.445993377785E1));
#5784=CARTESIAN_POINT('',(1.682787991850E1,1.812632383157E1,3.353244302180E1));
#5785=CARTESIAN_POINT('',(1.900039715035E1,1.703550405504E1,3.244162324527E1));
#5786=CARTESIAN_POINT('',(2.124339698278E1,1.571197678268E1,3.111809597291E1));
#5787=CARTESIAN_POINT('',(2.357302532720E1,1.408330266860E1,2.948942185882E1));
#5788=CARTESIAN_POINT('',(2.589424845912E1,1.213251538706E1,2.753863457728E1));
#5789=CARTESIAN_POINT('',(2.803972258116E1,9.933311994659E0,2.533943118488E1));
#5790=CARTESIAN_POINT('',(2.987488300334E1,7.613008310302E0,2.301912750053E1));
#5791=CARTESIAN_POINT('',(3.137636400016E1,5.244170430044E0,2.065028962027E1));
#5792=CARTESIAN_POINT('',(3.254364590577E1,2.886983243153E0,1.829310243338E1));
#5793=CARTESIAN_POINT('',(3.313302279569E1,1.296283390887E0,1.670240258111E1));
#5794=CARTESIAN_POINT('',(3.337596339001E1,5.191535409933E-1,1.592527273122E1));
#5795=CARTESIAN_POINT('',(-4.472424502286E-1,2.026146786748E1,
3.522685001036E1));
#5796=CARTESIAN_POINT('',(-2.981899552547E-1,2.026324394224E1,
3.522862608511E1));
#5797=CARTESIAN_POINT('',(6.762063039475E-1,2.026904182712E1,3.523442397E1));
#5798=CARTESIAN_POINT('',(2.423914093317E0,2.021147132684E1,3.517685346971E1));
#5799=CARTESIAN_POINT('',(4.768239597989E0,1.998419644643E1,3.494957858930E1));
#5800=CARTESIAN_POINT('',(7.027758125655E0,1.962459283500E1,3.458997497787E1));
#5801=CARTESIAN_POINT('',(9.241977662881E0,1.913189339761E1,3.409727554049E1));
#5802=CARTESIAN_POINT('',(1.139811597996E1,1.851101516911E1,3.347639731198E1));
#5803=CARTESIAN_POINT('',(1.347738296012E1,1.777181150679E1,3.273719364967E1));
#5804=CARTESIAN_POINT('',(1.549685975076E1,1.691170449786E1,3.187708664074E1));
#5805=CARTESIAN_POINT('',(1.751704661172E1,1.589747549086E1,3.086285763374E1));
#5806=CARTESIAN_POINT('',(1.960831929283E1,1.466361213083E1,2.962899427370E1));
#5807=CARTESIAN_POINT('',(2.178625656639E1,1.314116866372E1,2.810655080659E1));
#5808=CARTESIAN_POINT('',(2.396211054101E1,1.131277727068E1,2.627815941356E1));
#5809=CARTESIAN_POINT('',(2.597799254361E1,9.246641671015E0,2.421202381389E1));
#5810=CARTESIAN_POINT('',(2.770557092398E1,7.062554208117E0,2.202793635099E1));
#5811=CARTESIAN_POINT('',(2.912100684846E1,4.829618183760E0,1.979500032664E1));
#5812=CARTESIAN_POINT('',(3.022250602114E1,2.605398464099E0,1.757078060698E1));
#5813=CARTESIAN_POINT('',(3.077903573854E1,1.103410001511E0,1.606879214439E1));
#5814=CARTESIAN_POINT('',(3.100847526168E1,3.694701848864E-1,1.533485232776E1));
#5815=(BOUNDED_SURFACE()B_SPLINE_SURFACE(3,3,((#5735,#5736,#5737,#5738,#5739,
#5740,#5741,#5742,#5743,#5744,#5745,#5746,#5747,#5748,#5749,#5750,#5751,#5752,
#5753,#5754),(#5755,#5756,#5757,#5758,#5759,#5760,#5761,#5762,#5763,#5764,#5765,
#5766,#5767,#5768,#5769,#5770,#5771,#5772,#5773,#5774),(#5775,#5776,#5777,#5778,
#5779,#5780,#5781,#5782,#5783,#5784,#5785,#5786,#5787,#5788,#5789,#5790,#5791,
#5792,#5793,#5794),(#5795,#5796,#5797,#5798,#5799,#5800,#5801,#5802,#5803,#5804,
#5805,#5806,#5807,#5808,#5809,#5810,#5811,#5812,#5813,#5814)),.UNSPECIFIED.,.F.,
.F.,.F.)B_SPLINE_SURFACE_WITH_KNOTS((4,4),(4,1,1,1,1,1,1,1,1,1,1,1,1,1,1,1,1,4),
(0.E0,1.E0),(-2.713512648921E-3,0.E0,1.502116857080E-2,2.907784419742E-2,
4.299666461725E-2,5.706955078360E-2,7.117473104955E-2,8.516151031336E-2,
9.916102247647E-2,1.137511690063E-1,1.298380191575E-1,1.481922052756E-1,
1.687829532071E-1,1.904554305860E-1,2.117744449969E-1,2.321076037848E-1,
2.523330942674E-1,2.713325686792E-1),.UNSPECIFIED.)GEOMETRIC_REPRESENTATION_ITEM()RATIONAL_B_SPLINE_SURFACE(((1.302071080549E0,1.302071080549E0,1.302071080549E0,
1.302071080549E0,1.302071080549E0,1.302071080549E0,1.302071080549E0,
1.302071080549E0,1.302071080549E0,1.302071080549E0,1.302071080549E0,
1.302071080549E0,1.302071080549E0,1.302071080549E0,1.302071080549E0,
1.302071080549E0,1.302071080549E0,1.302071080549E0,1.302071080549E0,
1.302071080549E0),(8.993096398170E-1,8.993096398170E-1,8.993096398170E-1,
8.993096398170E-1,8.993096398170E-1,8.993096398170E-1,8.993096398170E-1,
8.993096398170E-1,8.993096398170E-1,8.993096398170E-1,8.993096398170E-1,
8.993096398170E-1,8.993096398170E-1,8.993096398170E-1,8.993096398170E-1,
8.993096398170E-1,8.993096398170E-1,8.993096398170E-1,8.993096398170E-1,
8.993096398170E-1),(8.993096398170E-1,8.993096398170E-1,8.993096398170E-1,
8.993096398170E-1,8.993096398170E-1,8.993096398170E-1,8.993096398170E-1,
8.993096398170E-1,8.993096398170E-1,8.993096398170E-1,8.993096398170E-1,
8.993096398170E-1,8.993096398170E-1,8.993096398170E-1,8.993096398170E-1,
8.993096398170E-1,8.993096398170E-1,8.993096398170E-1,8.993096398170E-1,
8.993096398170E-1),(1.302071080549E0,1.302071080549E0,1.302071080549E0,
1.302071080549E0,1.302071080549E0,1.302071080549E0,1.302071080549E0,
1.302071080549E0,1.302071080549E0,1.302071080549E0,1.302071080549E0,
1.302071080549E0,1.302071080549E0,1.302071080549E0,1.302071080549E0,
1.302071080549E0,1.302071080549E0,1.302071080549E0,1.302071080549E0,
1.302071080549E0)))REPRESENTATION_ITEM('')SURFACE());
#5817=ORIENTED_EDGE('',*,*,#5816,.T.);
#5818=ORIENTED_EDGE('',*,*,#4662,.F.);
#5820=ORIENTED_EDGE('',*,*,#5819,.T.);
#5821=ORIENTED_EDGE('',*,*,#5727,.T.);
#5822=EDGE_LOOP('',(#5817,#5818,#5820,#5821));
#5823=FACE_OUTER_BOUND('',#5822,.F.);
#5824=ADVANCED_FACE('',(#5823),#5815,.F.);
#5825=CARTESIAN_POINT('',(3.018051125199E1,3.112111507002E0,1.804908432214E1));
#5826=CARTESIAN_POINT('',(3.024736302317E1,3.112111507002E0,1.805498560621E1));
#5827=CARTESIAN_POINT('',(3.039624385655E1,3.112111507002E0,1.806132934846E1));
#5828=CARTESIAN_POINT('',(3.063447032516E1,3.112111507002E0,1.804892216884E1));
#5829=CARTESIAN_POINT('',(3.090094773984E1,3.112111507002E0,1.800772766766E1));
#5830=CARTESIAN_POINT('',(3.118759477937E1,3.112111507002E0,1.793282670862E1));
#5831=CARTESIAN_POINT('',(3.149307644366E1,3.112111507002E0,1.781851585082E1));
#5832=CARTESIAN_POINT('',(3.181581431253E1,3.112111507002E0,1.765857245857E1));
#5833=CARTESIAN_POINT('',(3.215443398210E1,3.112111507002E0,1.744542821781E1));
#5834=CARTESIAN_POINT('',(3.250145790441E1,3.112111507002E0,1.717381793065E1));
#5835=CARTESIAN_POINT('',(3.283211102735E1,3.112111507002E0,1.685583305912E1));
#5836=CARTESIAN_POINT('',(3.312669444921E1,3.112111507002E0,1.651372495785E1));
#5837=CARTESIAN_POINT('',(3.338384472737E1,3.112111507002E0,1.615948463804E1));
#5838=CARTESIAN_POINT('',(3.361818412682E1,3.112111507002E0,1.577703582517E1));
#5839=CARTESIAN_POINT('',(3.383766583361E1,3.112111507002E0,1.534364555771E1));
#5840=CARTESIAN_POINT('',(3.403734929740E1,3.112111507003E0,1.484546744915E1));
#5841=CARTESIAN_POINT('',(3.416132967442E1,3.112111507002E0,1.442212805722E1));
#5842=CARTESIAN_POINT('',(3.421764559675E1,3.112111507002E0,1.416611322576E1));
#5843=CARTESIAN_POINT('',(3.423056646105E1,3.112111507002E0,1.410215781406E1));
#5844=CARTESIAN_POINT('',(3.017981206213E1,3.046568119562E0,1.805705077850E1));
#5845=CARTESIAN_POINT('',(3.024690265502E1,3.046568119562E0,1.806297308656E1));
#5846=CARTESIAN_POINT('',(3.039630162328E1,3.046568119562E0,1.806933832353E1));
#5847=CARTESIAN_POINT('',(3.063530811786E1,3.046568119562E0,1.805688912681E1));
#5848=CARTESIAN_POINT('',(3.090259270321E1,3.046568119562E0,1.801556808295E1));
#5849=CARTESIAN_POINT('',(3.119003357676E1,3.046568119562E0,1.794045764923E1));
#5850=CARTESIAN_POINT('',(3.149628188579E1,3.046568119562E0,1.782585764801E1));
#5851=CARTESIAN_POINT('',(3.181975016812E1,3.046568119562E0,1.766554986956E1));
#5852=CARTESIAN_POINT('',(3.215906025804E1,3.046568119562E0,1.745196851163E1));
#5853=CARTESIAN_POINT('',(3.250672326811E1,3.046568119562E0,1.717985539882E1));
#5854=CARTESIAN_POINT('',(3.283793140054E1,3.046568119562E0,1.686133446825E1));
#5855=CARTESIAN_POINT('',(3.313297439466E1,3.046568119562E0,1.651869117333E1));
#5856=CARTESIAN_POINT('',(3.339050516339E1,3.046568119562E0,1.616392574012E1));
#5857=CARTESIAN_POINT('',(3.362517815325E1,3.046568119562E0,1.578093171200E1));
#5858=CARTESIAN_POINT('',(3.384496397471E1,3.046568119562E0,1.534694028050E1));
#5859=CARTESIAN_POINT('',(3.404492055320E1,3.046568119562E0,1.484808053573E1));
#5860=CARTESIAN_POINT('',(3.416907153407E1,3.046568119562E0,1.442415945792E1));
#5861=CARTESIAN_POINT('',(3.422546630194E1,3.046568119562E0,1.416778647344E1));
#5862=CARTESIAN_POINT('',(3.423840538256E1,3.046568119562E0,1.410374108999E1));
#5863=CARTESIAN_POINT('',(3.018371014647E1,2.997864548668E0,1.801263663520E1));
#5864=CARTESIAN_POINT('',(3.024946927388E1,2.997864548668E0,1.801844173150E1));
#5865=CARTESIAN_POINT('',(3.039597956542E1,2.997864548668E0,1.802468713229E1));
#5866=CARTESIAN_POINT('',(3.063063730270E1,2.997864548668E0,1.801247218701E1));
#5867=CARTESIAN_POINT('',(3.089342179513E1,2.997864548668E0,1.797185663678E1));
#5868=CARTESIAN_POINT('',(3.117643692953E1,2.997864548668E0,1.789791405460E1));
#5869=CARTESIAN_POINT('',(3.147841108357E1,2.997864548668E0,1.778492606967E1));
#5870=CARTESIAN_POINT('',(3.179780720551E1,2.997864548668E0,1.762664979688E1));
#5871=CARTESIAN_POINT('',(3.213326810237E1,2.997864548668E0,1.741550543022E1));
#5872=CARTESIAN_POINT('',(3.247736810598E1,2.997864548668E0,1.714619564289E1));
#5873=CARTESIAN_POINT('',(3.280548198045E1,2.997864548668E0,1.683066331879E1));
#5874=CARTESIAN_POINT('',(3.309796279291E1,2.997864548668E0,1.649100380567E1));
#5875=CARTESIAN_POINT('',(3.335337227188E1,2.997864548668E0,1.613916595544E1));
#5876=CARTESIAN_POINT('',(3.358618544704E1,2.997864548668E0,1.575921158099E1));
#5877=CARTESIAN_POINT('',(3.380427578539E1,2.997864548668E0,1.532857172570E1));
#5878=CARTESIAN_POINT('',(3.400270971006E1,2.997864548668E0,1.483351220113E1));
#5879=CARTESIAN_POINT('',(3.412590954984E1,2.997864548668E0,1.441283410601E1));
#5880=CARTESIAN_POINT('',(3.418186474244E1,2.997864548668E0,1.415845787627E1));
#5881=CARTESIAN_POINT('',(3.419470226448E1,2.997864548668E0,1.409491409828E1));
#5882=CARTESIAN_POINT('',(3.018947990752E1,3.000055042487E0,1.794689690998E1));
#5883=CARTESIAN_POINT('',(3.025326826237E1,3.000055042487E0,1.795252851494E1));
#5884=CARTESIAN_POINT('',(3.039550287053E1,3.000055042487E0,1.795859653987E1));
#5885=CARTESIAN_POINT('',(3.062372378186E1,3.000055042487E0,1.794672832254E1));
#5886=CARTESIAN_POINT('',(3.087984744848E1,3.000055042487E0,1.790715701078E1));
#5887=CARTESIAN_POINT('',(3.115631181203E1,3.000055042487E0,1.783494302750E1));
#5888=CARTESIAN_POINT('',(3.145195956294E1,3.000055042487E0,1.772434107324E1));
#5889=CARTESIAN_POINT('',(3.176532826468E1,3.000055042487E0,1.756907173956E1));
#5890=CARTESIAN_POINT('',(3.209509176706E1,3.000055042487E0,1.736153449270E1));
#5891=CARTESIAN_POINT('',(3.243391797618E1,3.000055042487E0,1.709637405585E1));
#5892=CARTESIAN_POINT('',(3.275745187558E1,3.000055042487E0,1.678526532644E1));
#5893=CARTESIAN_POINT('',(3.304614026729E1,3.000055042487E0,1.645002226676E1));
#5894=CARTESIAN_POINT('',(3.329840991297E1,3.000055042487E0,1.610251768710E1));
#5895=CARTESIAN_POINT('',(3.352847027792E1,3.000055042487E0,1.572706246500E1));
#5896=CARTESIAN_POINT('',(3.374405104194E1,3.000055042487E0,1.530138345511E1));
#5897=CARTESIAN_POINT('',(3.394023120607E1,3.000055042487E0,1.481194883770E1));
#5898=CARTESIAN_POINT('',(3.406202321157E1,3.000055042487E0,1.439607085296E1));
#5899=CARTESIAN_POINT('',(3.411732776553E1,3.000055042487E0,1.414465012565E1));
#5900=CARTESIAN_POINT('',(3.413001496534E1,3.000055042487E0,1.408184880045E1));
#5901=(BOUNDED_SURFACE()B_SPLINE_SURFACE(3,3,((#5825,#5826,#5827,#5828,#5829,
#5830,#5831,#5832,#5833,#5834,#5835,#5836,#5837,#5838,#5839,#5840,#5841,#5842,
#5843),(#5844,#5845,#5846,#5847,#5848,#5849,#5850,#5851,#5852,#5853,#5854,#5855,
#5856,#5857,#5858,#5859,#5860,#5861,#5862),(#5863,#5864,#5865,#5866,#5867,#5868,
#5869,#5870,#5871,#5872,#5873,#5874,#5875,#5876,#5877,#5878,#5879,#5880,#5881),(
#5882,#5883,#5884,#5885,#5886,#5887,#5888,#5889,#5890,#5891,#5892,#5893,#5894,
#5895,#5896,#5897,#5898,#5899,#5900)),.UNSPECIFIED.,.F.,.F.,.F.)B_SPLINE_SURFACE_WITH_KNOTS((4,4),(4,1,1,1,1,1,1,1,1,1,1,1,1,1,1,1,4),(0.E0,1.E0),(
-3.452336453023E-2,0.E0,4.212791144430E-2,8.830693545419E-2,1.392380973461E-1,
1.955257143475E-1,2.576523066502E-1,3.267378548500E-1,4.042920165536E-1,
4.880391473657E-1,5.669810883656E-1,6.411137659219E-1,7.179118975019E-1,
8.026609114731E-1,8.964268120961E-1,1.E0,1.034338991972E0),.UNSPECIFIED.)GEOMETRIC_REPRESENTATION_ITEM()RATIONAL_B_SPLINE_SURFACE(((1.211832798367E0,
1.211832798367E0,1.211832798367E0,1.211832798367E0,1.211832798367E0,
1.211832798367E0,1.211832798367E0,1.211832798367E0,1.211832798367E0,
1.211832798367E0,1.211832798367E0,1.211832798367E0,1.211832798367E0,
1.211832798367E0,1.211832798367E0,1.211832798367E0,1.211832798367E0,
1.211832798367E0,1.211832798367E0),(9.293890672111E-1,9.293890672111E-1,
9.293890672111E-1,9.293890672111E-1,9.293890672111E-1,9.293890672111E-1,
9.293890672111E-1,9.293890672111E-1,9.293890672111E-1,9.293890672111E-1,
9.293890672111E-1,9.293890672111E-1,9.293890672111E-1,9.293890672111E-1,
9.293890672111E-1,9.293890672111E-1,9.293890672111E-1,9.293890672111E-1,
9.293890672111E-1),(9.293890672111E-1,9.293890672111E-1,9.293890672111E-1,
9.293890672111E-1,9.293890672111E-1,9.293890672111E-1,9.293890672111E-1,
9.293890672111E-1,9.293890672111E-1,9.293890672111E-1,9.293890672111E-1,
9.293890672111E-1,9.293890672111E-1,9.293890672111E-1,9.293890672111E-1,
9.293890672111E-1,9.293890672111E-1,9.293890672111E-1,9.293890672111E-1),(
1.211832798367E0,1.211832798367E0,1.211832798367E0,1.211832798367E0,
1.211832798367E0,1.211832798367E0,1.211832798367E0,1.211832798367E0,
1.211832798367E0,1.211832798367E0,1.211832798367E0,1.211832798367E0,
1.211832798367E0,1.211832798367E0,1.211832798367E0,1.211832798367E0,
1.211832798367E0,1.211832798367E0,1.211832798367E0)))REPRESENTATION_ITEM('')SURFACE());
#5902=ORIENTED_EDGE('',*,*,#5816,.F.);
#5903=ORIENTED_EDGE('',*,*,#5550,.T.);
#5904=ORIENTED_EDGE('',*,*,#5520,.T.);
#5906=ORIENTED_EDGE('',*,*,#5905,.F.);
#5907=EDGE_LOOP('',(#5902,#5903,#5904,#5906));
#5908=FACE_OUTER_BOUND('',#5907,.F.);
#5909=ADVANCED_FACE('',(#5908),#5901,.F.);
#5910=CARTESIAN_POINT('',(3.410936919254E1,3.112267764705E0,1.462197012847E1));
#5911=CARTESIAN_POINT('',(3.413604517962E1,3.112267764705E0,1.451250424033E1));
#5912=CARTESIAN_POINT('',(3.434215253560E1,3.112267764705E0,1.365655242991E1));
#5913=CARTESIAN_POINT('',(3.470478505601E1,3.112267764705E0,1.199519374810E1));
#5914=CARTESIAN_POINT('',(3.514435258423E1,3.112267764705E0,9.528351088304E0));
#5915=CARTESIAN_POINT('',(3.551434086039E1,3.112267764705E0,6.786668395069E0));
#5916=CARTESIAN_POINT('',(3.578488129996E1,3.112267764705E0,3.680285578514E0));
#5917=CARTESIAN_POINT('',(3.590284117715E1,3.112267764705E0,1.562571442403E-1));
#5918=CARTESIAN_POINT('',(3.579683035020E1,3.112267764705E0,-3.746287145246E0));
#5919=CARTESIAN_POINT('',(3.541458393647E1,3.112267764705E0,-7.823454282506E0));
#5920=CARTESIAN_POINT('',(3.477040384662E1,3.112267764705E0,-1.179760849128E1));
#5921=CARTESIAN_POINT('',(3.393272038903E1,3.112267764705E0,-1.546954103689E1));
#5922=CARTESIAN_POINT('',(3.321216814506E1,3.112267764705E0,-1.795029666602E1));
#5923=CARTESIAN_POINT('',(3.280149465928E1,3.112267764705E0,-1.921100969852E1));
#5924=CARTESIAN_POINT('',(3.274516861412E1,3.112267764705E0,-1.938139559448E1));
#5925=CARTESIAN_POINT('',(3.411724880262E1,3.046657254446E0,1.462389031982E1));
#5926=CARTESIAN_POINT('',(3.414392829409E1,3.046657254446E0,1.451441005137E1));
#5927=CARTESIAN_POINT('',(3.435006272570E1,3.046657254446E0,1.365834579772E1));
#5928=CARTESIAN_POINT('',(3.471274287893E1,3.046657254446E0,1.199676888967E1));
#5929=CARTESIAN_POINT('',(3.515236813750E1,3.046657254446E0,9.529602246317E0));
#5930=CARTESIAN_POINT('',(3.552240500012E1,3.046657254446E0,6.787559514993E0));
#5931=CARTESIAN_POINT('',(3.579298096355E1,3.046657254446E0,3.680768804335E0));
#5932=CARTESIAN_POINT('',(3.591095632881E1,3.046657254446E0,1.562776605528E-1));
#5933=CARTESIAN_POINT('',(3.580493158277E1,3.046657254446E0,-3.746779035547E0));
#5934=CARTESIAN_POINT('',(3.542263497760E1,3.046657254446E0,-7.824481541829E0));
#5935=CARTESIAN_POINT('',(3.477837029036E1,3.046657254446E0,-1.179915766941E1));
#5936=CARTESIAN_POINT('',(3.394057679833E1,3.046657254446E0,-1.547157255310E1));
#5937=CARTESIAN_POINT('',(3.321992987692E1,3.046657254446E0,-1.795265414854E1));
#5938=CARTESIAN_POINT('',(3.280920241717E1,3.046657254446E0,-1.921353287408E1));
#5939=CARTESIAN_POINT('',(3.275286896896E1,3.046657254446E0,-1.938394116426E1));
#5940=CARTESIAN_POINT('',(3.407391496160E1,2.997859944227E0,1.461333024566E1));
#5941=CARTESIAN_POINT('',(3.410057518076E1,2.997859944227E0,1.450392906158E1));
#5942=CARTESIAN_POINT('',(3.430656071021E1,2.997859944227E0,1.364848318847E1));
#5943=CARTESIAN_POINT('',(3.466897890718E1,2.997859944227E0,1.198810641353E1));
#5944=CARTESIAN_POINT('',(3.510828667822E1,2.997859944227E0,9.522721514680E0));
#5945=CARTESIAN_POINT('',(3.547805634003E1,2.997859944227E0,6.782658809412E0));
#5946=CARTESIAN_POINT('',(3.574843694037E1,2.997859944227E0,3.678111308511E0));
#5947=CARTESIAN_POINT('',(3.586632712914E1,2.997859944227E0,1.561648312866E-1));
#5948=CARTESIAN_POINT('',(3.576037893095E1,2.997859944227E0,-3.744073889496E0));
#5949=CARTESIAN_POINT('',(3.537835835319E1,2.997859944227E0,-7.818832138916E0));
#5950=CARTESIAN_POINT('',(3.473455890849E1,2.997859944227E0,-1.179063797898E1));
#5951=CARTESIAN_POINT('',(3.389737054985E1,2.997859944227E0,-1.546040024897E1));
#5952=CARTESIAN_POINT('',(3.317724430609E1,2.997859944227E0,-1.793968919579E1));
#5953=CARTESIAN_POINT('',(3.276681367564E1,2.997859944227E0,-1.919965669400E1));
#5954=CARTESIAN_POINT('',(3.271052094048E1,2.997859944227E0,-1.936994182739E1));
#5955=CARTESIAN_POINT('',(3.400972017903E1,3.000055144941E0,1.459768654438E1));
#5956=CARTESIAN_POINT('',(3.403635184818E1,3.000055144941E0,1.448840251593E1));
#5957=CARTESIAN_POINT('',(3.424211679385E1,3.000055144941E0,1.363387271219E1));
#5958=CARTESIAN_POINT('',(3.460414692865E1,3.000055144941E0,1.197527381528E1));
#5959=CARTESIAN_POINT('',(3.504298437344E1,3.000055144941E0,9.512528393993E0));
#5960=CARTESIAN_POINT('',(3.541235820377E1,3.000055144941E0,6.775398900717E0));
#5961=CARTESIAN_POINT('',(3.568244939308E1,3.000055144941E0,3.674174492328E0));
#5962=CARTESIAN_POINT('',(3.580021340136E1,3.000055144941E0,1.559976859321E-1));
#5963=CARTESIAN_POINT('',(3.569437860119E1,3.000055144941E0,-3.740066484233E0));
#5964=CARTESIAN_POINT('',(3.531276693065E1,3.000055144941E0,-7.810463109465E0));
#5965=CARTESIAN_POINT('',(3.466965669656E1,3.000055144941E0,-1.177801690358E1));
#5966=CARTESIAN_POINT('',(3.383336478295E1,3.000055144941E0,-1.544384958977E1));
#5967=CARTESIAN_POINT('',(3.311400987143E1,3.000055144941E0,-1.792048290567E1));
#5968=CARTESIAN_POINT('',(3.270401896410E1,3.000055144941E0,-1.917910051108E1));
#5969=CARTESIAN_POINT('',(3.264778654131E1,3.000055144941E0,-1.934920319989E1));
#5970=(BOUNDED_SURFACE()B_SPLINE_SURFACE(3,3,((#5910,#5911,#5912,#5913,#5914,
#5915,#5916,#5917,#5918,#5919,#5920,#5921,#5922,#5923,#5924),(#5925,#5926,#5927,
#5928,#5929,#5930,#5931,#5932,#5933,#5934,#5935,#5936,#5937,#5938,#5939),(#5940,
#5941,#5942,#5943,#5944,#5945,#5946,#5947,#5948,#5949,#5950,#5951,#5952,#5953,
#5954),(#5955,#5956,#5957,#5958,#5959,#5960,#5961,#5962,#5963,#5964,#5965,#5966,
#5967,#5968,#5969)),.UNSPECIFIED.,.F.,.F.,.F.)B_SPLINE_SURFACE_WITH_KNOTS((4,4),
(4,1,1,1,1,1,1,1,1,1,1,1,4),(0.E0,1.E0),(-1.244977021336E-3,0.E0,
8.483320730160E-3,1.753996242095E-2,2.768032326318E-2,3.904265901104E-2,
5.198041787115E-2,6.662083203348E-2,8.215082475668E-2,9.719421706687E-2,
1.110748780737E-1,1.237413644064E-1,1.257240672129E-1),.UNSPECIFIED.)GEOMETRIC_REPRESENTATION_ITEM()RATIONAL_B_SPLINE_SURFACE(((1.212280763656E0,
1.212280763656E0,1.212280763656E0,1.212280763656E0,1.212280763656E0,
1.212280763656E0,1.212280763656E0,1.212280763656E0,1.212280763656E0,
1.212280763656E0,1.212280763656E0,1.212280763656E0,1.212280763656E0,
1.212280763656E0,1.212280763656E0),(9.292397454481E-1,9.292397454481E-1,
9.292397454481E-1,9.292397454481E-1,9.292397454481E-1,9.292397454481E-1,
9.292397454481E-1,9.292397454481E-1,9.292397454481E-1,9.292397454481E-1,
9.292397454481E-1,9.292397454481E-1,9.292397454481E-1,9.292397454481E-1,
9.292397454481E-1),(9.292397454481E-1,9.292397454481E-1,9.292397454481E-1,
9.292397454481E-1,9.292397454481E-1,9.292397454481E-1,9.292397454481E-1,
9.292397454481E-1,9.292397454481E-1,9.292397454481E-1,9.292397454481E-1,
9.292397454481E-1,9.292397454481E-1,9.292397454481E-1,9.292397454481E-1),(
1.212280763656E0,1.212280763656E0,1.212280763656E0,1.212280763656E0,
1.212280763656E0,1.212280763656E0,1.212280763656E0,1.212280763656E0,
1.212280763656E0,1.212280763656E0,1.212280763656E0,1.212280763656E0,
1.212280763656E0,1.212280763656E0,1.212280763656E0)))REPRESENTATION_ITEM('')SURFACE());
#5971=ORIENTED_EDGE('',*,*,#4664,.F.);
#5972=ORIENTED_EDGE('',*,*,#5905,.T.);
#5973=ORIENTED_EDGE('',*,*,#5518,.T.);
#5975=ORIENTED_EDGE('',*,*,#5974,.T.);
#5976=EDGE_LOOP('',(#5971,#5972,#5973,#5975));
#5977=FACE_OUTER_BOUND('',#5976,.F.);
#5978=ADVANCED_FACE('',(#5977),#5970,.F.);
#5979=CARTESIAN_POINT('',(3.284716297872E1,3.132087923754E0,-1.905538848139E1));
#5980=CARTESIAN_POINT('',(3.284684195664E1,3.131955671050E0,-1.905653795394E1));
#5981=CARTESIAN_POINT('',(3.284150184649E1,3.129605117446E0,-1.907567957373E1));
#5982=CARTESIAN_POINT('',(3.283140959042E1,3.120193885276E0,-1.911265676884E1));
#5983=CARTESIAN_POINT('',(3.281845246825E1,3.093730137030E0,-1.916278820327E1));
#5984=CARTESIAN_POINT('',(3.281154826163E1,3.067122042862E0,-1.919224559257E1));
#5985=CARTESIAN_POINT('',(3.280867110163E1,3.051178819865E0,-1.920575301213E1));
#5986=CARTESIAN_POINT('',(3.280852152176E1,3.050333535357E0,-1.920645871078E1));
#5987=CARTESIAN_POINT('',(3.287030761945E1,3.059292930767E0,-1.906404726833E1));
#5988=CARTESIAN_POINT('',(3.286998962743E1,3.059116251336E0,-1.906481584883E1));
#5989=CARTESIAN_POINT('',(3.286470111945E1,3.056074776070E0,-1.907759287348E1));
#5990=CARTESIAN_POINT('',(3.285475662953E1,3.046954843627E0,-1.910154349056E1));
#5991=CARTESIAN_POINT('',(3.284211948799E1,3.026207822133E0,-1.913206877466E1));
#5992=CARTESIAN_POINT('',(3.283546228314E1,3.007820976583E0,-1.914883929441E1));
#5993=CARTESIAN_POINT('',(3.283269874403E1,2.997382824538E0,-1.915637054307E1));
#5994=CARTESIAN_POINT('',(3.283255504519E1,2.996830780068E0,-1.915676353149E1));
#5995=CARTESIAN_POINT('',(3.282649004593E1,2.997551708116E0,-1.905071324109E1));
#5996=CARTESIAN_POINT('',(3.282616631738E1,2.997443326828E0,-1.905118388012E1));
#5997=CARTESIAN_POINT('',(3.282078011587E1,2.995577687875E0,-1.905900782320E1));
#5998=CARTESIAN_POINT('',(3.281055587417E1,2.989986963401E0,-1.907367226229E1));
#5999=CARTESIAN_POINT('',(3.279731294338E1,2.977275920073E0,-1.909235785853E1));
#6000=CARTESIAN_POINT('',(3.279018811328E1,2.966015469393E0,-1.910262089636E1));
#6001=CARTESIAN_POINT('',(3.278720946641E1,2.959624166799E0,-1.910722938150E1));
#6002=CARTESIAN_POINT('',(3.278705463358E1,2.959286151844E0,-1.910746985580E1));
#6003=CARTESIAN_POINT('',(3.275344845999E1,3.000039329955E0,-1.902687042698E1));
#6004=CARTESIAN_POINT('',(3.275311516894E1,3.000053149412E0,-1.902738267937E1));
#6005=CARTESIAN_POINT('',(3.274756611748E1,3.000217407225E0,-1.903593093174E1));
#6006=CARTESIAN_POINT('',(3.273687554429E1,2.998354243095E0,-1.905304738078E1));
#6007=CARTESIAN_POINT('',(3.272262279473E1,2.989077385083E0,-1.907785676836E1));
#6008=CARTESIAN_POINT('',(3.271471845800E1,2.977710816448E0,-1.909339632771E1));
#6009=CARTESIAN_POINT('',(3.271138123784E1,2.970422763472E0,-1.910065270792E1));
#6010=CARTESIAN_POINT('',(3.271120784523E1,2.970035233042E0,-1.910103221811E1));
#6011=(BOUNDED_SURFACE()B_SPLINE_SURFACE(3,3,((#5979,#5980,#5981,#5982,#5983,
#5984,#5985,#5986),(#5987,#5988,#5989,#5990,#5991,#5992,#5993,#5994),(#5995,
#5996,#5997,#5998,#5999,#6000,#6001,#6002),(#6003,#6004,#6005,#6006,#6007,#6008,
#6009,#6010)),.UNSPECIFIED.,.F.,.F.,.F.)B_SPLINE_SURFACE_WITH_KNOTS((4,4),(4,1,
1,1,1,4),(0.E0,1.E0),(-2.000000000004E-2,0.E0,3.134962645589E-1,
6.406881412054E-1,1.E0,1.02E0),.UNSPECIFIED.)GEOMETRIC_REPRESENTATION_ITEM()RATIONAL_B_SPLINE_SURFACE(((1.274395606167E0,1.274395606167E0,1.274395606167E0,
1.274395606167E0,1.274395606167E0,1.274395606167E0,1.274395606167E0,
1.274395606167E0),(9.085347979445E-1,9.085347979445E-1,9.085347979445E-1,
9.085347979445E-1,9.085347979445E-1,9.085347979445E-1,9.085347979445E-1,
9.085347979445E-1),(9.085347979445E-1,9.085347979445E-1,9.085347979445E-1,
9.085347979445E-1,9.085347979445E-1,9.085347979445E-1,9.085347979445E-1,
9.085347979445E-1),(1.274395606167E0,1.274395606167E0,1.274395606167E0,
1.274395606167E0,1.274395606167E0,1.274395606167E0,1.274395606167E0,
1.274395606167E0)))REPRESENTATION_ITEM('')SURFACE());
#6012=ORIENTED_EDGE('',*,*,#4666,.T.);
#6013=ORIENTED_EDGE('',*,*,#5974,.F.);
#6015=ORIENTED_EDGE('',*,*,#6014,.F.);
#6017=ORIENTED_EDGE('',*,*,#6016,.F.);
#6018=EDGE_LOOP('',(#6012,#6013,#6015,#6017));
#6019=FACE_OUTER_BOUND('',#6018,.F.);
#6020=ADVANCED_FACE('',(#6019),#6011,.F.);
#6021=CARTESIAN_POINT('',(2.531644E2,2.9E0,-1.902955373083E1));
#6022=DIRECTION('',(-1.E0,0.E0,0.E0));
#6023=DIRECTION('',(0.E0,1.E0,3.552713678801E-14));
#6024=AXIS2_PLACEMENT_3D('',#6021,#6022,#6023);
#6025=CYLINDRICAL_SURFACE('',#6024,1.E-1);
#6027=ORIENTED_EDGE('',*,*,#6026,.F.);
#6028=ORIENTED_EDGE('',*,*,#6014,.T.);
#6029=ORIENTED_EDGE('',*,*,#5516,.T.);
#6031=ORIENTED_EDGE('',*,*,#6030,.T.);
#6032=EDGE_LOOP('',(#6027,#6028,#6029,#6031));
#6033=FACE_OUTER_BOUND('',#6032,.F.);
#6034=ADVANCED_FACE('',(#6033),#6025,.T.);
#6035=CARTESIAN_POINT('',(9.79E1,-1.976109555159E1,-4.183207063866E1));
#6036=DIRECTION('',(0.E0,7.071067811865E-1,-7.071067811865E-1));
#6037=DIRECTION('',(0.E0,7.071067811865E-1,7.071067811865E-1));
#6038=AXIS2_PLACEMENT_3D('',#6035,#6036,#6037);
#6039=PLANE('',#6038);
#6040=ORIENTED_EDGE('',*,*,#6026,.T.);
#6042=ORIENTED_EDGE('',*,*,#6041,.F.);
#6044=ORIENTED_EDGE('',*,*,#6043,.F.);
#6045=EDGE_LOOP('',(#6040,#6042,#6044));
#6046=FACE_OUTER_BOUND('',#6045,.F.);
#6047=ADVANCED_FACE('',(#6046),#6039,.T.);
#6048=CARTESIAN_POINT('',(4.984533255621E-1,-1.966411040560E1,
-4.192128806594E1));
#6049=CARTESIAN_POINT('',(3.323302956380E-1,-1.966630653747E1,
-4.192348419781E1));
#6050=CARTESIAN_POINT('',(-1.863194828311E-1,-1.966973233305E1,
-4.192690999340E1));
#6051=CARTESIAN_POINT('',(-1.078773743610E0,-1.965722803830E1,
-4.191440569864E1));
#6052=CARTESIAN_POINT('',(-2.229695894135E0,-1.960786449187E1,
-4.186504215221E1));
#6053=CARTESIAN_POINT('',(-3.507742989432E0,-1.951232284198E1,
-4.176950050232E1));
#6054=CARTESIAN_POINT('',(-4.933060175970E0,-1.935393025505E1,
-4.161110791539E1));
#6055=CARTESIAN_POINT('',(-6.460661152689E0,-1.912196350270E1,
-4.137914116304E1));
#6056=CARTESIAN_POINT('',(-8.020686859027E0,-1.881727110173E1,
-4.107444876207E1));
#6057=CARTESIAN_POINT('',(-9.554971411571E0,-1.844973139854E1,
-4.070690905888E1));
#6058=CARTESIAN_POINT('',(-1.104833944157E1,-1.802591522124E1,
-4.028309288158E1));
#6059=CARTESIAN_POINT('',(-1.252822299938E1,-1.753969717273E1,
-3.979687483307E1));
#6060=CARTESIAN_POINT('',(-1.404496358253E1,-1.697008300467E1,
-3.922726066501E1));
#6061=CARTESIAN_POINT('',(-1.564985253413E1,-1.628400059279E1,
-3.854117825313E1));
#6062=CARTESIAN_POINT('',(-1.737820529976E1,-1.544180464628E1,
-3.769898230662E1));
#6063=CARTESIAN_POINT('',(-1.923865563885E1,-1.440335098056E1,
-3.666052864090E1));
#6064=CARTESIAN_POINT('',(-2.121442081882E1,-1.313067994182E1,
-3.538785760216E1));
#6065=CARTESIAN_POINT('',(-2.327271308965E1,-1.158617471676E1,
-3.384335237711E1));
#6066=CARTESIAN_POINT('',(-2.537159359798E1,-9.726850642886E0,
-3.198402830323E1));
#6067=CARTESIAN_POINT('',(-2.746202143962E1,-7.494818541593E0,
-2.975199620193E1));
#6068=CARTESIAN_POINT('',(-2.945319150621E1,-4.843285623484E0,
-2.710046328383E1));
#6069=CARTESIAN_POINT('',(-3.115822357678E1,-1.846712342102E0,
-2.410389000244E1));
#6070=CARTESIAN_POINT('',(-3.227039249191E1,9.578755608026E-1,
-2.129930209954E1));
#6071=CARTESIAN_POINT('',(-3.274028411715E1,2.723976662786E0,
-1.953320099756E1));
#6072=CARTESIAN_POINT('',(-3.288749534332E1,3.400485551652E0,
-1.885669210869E1));
#6073=CARTESIAN_POINT('',(4.989078360846E-1,-1.973288191444E1,
-4.188693614948E1));
#6074=CARTESIAN_POINT('',(3.326333557348E-1,-1.973508005214E1,
-4.188913428718E1));
#6075=CARTESIAN_POINT('',(-1.864893921829E-1,-1.973850897401E1,
-4.189256320906E1));
#6076=CARTESIAN_POINT('',(-1.079757503086E0,-1.972599326914E1,
-4.188004750419E1));
#6077=CARTESIAN_POINT('',(-2.231726549987E0,-1.967658479075E1,
-4.183063902580E1));
#6078=CARTESIAN_POINT('',(-3.510929570260E0,-1.958095665351E1,
-4.173501088855E1));
#6079=CARTESIAN_POINT('',(-4.937522932540E0,-1.942242209148E1,
-4.157647632653E1));
#6080=CARTESIAN_POINT('',(-6.466470709300E0,-1.919025056487E1,
-4.134430479992E1));
#6081=CARTESIAN_POINT('',(-8.027843790066E0,-1.888529466615E1,
-4.103934890120E1));
#6082=CARTESIAN_POINT('',(-9.563421718249E0,-1.851744476739E1,
-4.067149900243E1));
#6083=CARTESIAN_POINT('',(-1.105801566990E1,-1.809328030462E1,
-4.024733453967E1));
#6084=CARTESIAN_POINT('',(-1.253908041675E1,-1.760667379040E1,
-3.976072802545E1));
#6085=CARTESIAN_POINT('',(-1.405699596299E1,-1.703661792094E1,
-3.919067215598E1));
#6086=CARTESIAN_POINT('',(-1.566308846911E1,-1.635002043356E1,
-3.850407466860E1));
#6087=CARTESIAN_POINT('',(-1.739269219927E1,-1.550721417006E1,
-3.766126840510E1));
#6088=CARTESIAN_POINT('',(-1.925443844270E1,-1.446803617348E1,
-3.662209040853E1));
#6089=CARTESIAN_POINT('',(-2.123152555222E1,-1.319451235224E1,
-3.534856658728E1));
#6090=CARTESIAN_POINT('',(-2.329114050193E1,-1.164901305665E1,
-3.380306729169E1));
#6091=CARTESIAN_POINT('',(-2.539131872272E1,-9.788537528246E0,
-3.194259176329E1));
#6092=CARTESIAN_POINT('',(-2.748299451950E1,-7.555170755559E0,
-2.970922499060E1));
#6093=CARTESIAN_POINT('',(-2.947531831053E1,-4.902098980334E0,
-2.705615321538E1));
#6094=CARTESIAN_POINT('',(-3.118131631018E1,-1.903825623560E0,
-2.405787985860E1));
#6095=CARTESIAN_POINT('',(-3.229410745031E1,9.023326782151E-1,
-2.125172155683E1));
#6096=CARTESIAN_POINT('',(-3.276426137687E1,2.669419539101E0,
-1.948463469594E1));
#6097=CARTESIAN_POINT('',(-3.291155479109E1,3.346306149879E0,
-1.880774808517E1));
#6098=CARTESIAN_POINT('',(4.980473537302E-1,-1.974380828772E1,
-4.181084637421E1));
#6099=CARTESIAN_POINT('',(3.320596003372E-1,-1.974600262797E1,
-4.181304071446E1));
#6100=CARTESIAN_POINT('',(-1.861677186641E-1,-1.974942563113E1,
-4.181646371762E1));
#6101=CARTESIAN_POINT('',(-1.077895043081E0,-1.973693152797E1,
-4.180396961446E1));
#6102=CARTESIAN_POINT('',(-2.227882098777E0,-1.968760811507E1,
-4.175464620156E1));
#6103=CARTESIAN_POINT('',(-3.504896714172E0,-1.959214371625E1,
-4.165918180274E1));
#6104=CARTESIAN_POINT('',(-4.929074012019E0,-1.943387794244E1,
-4.150091602892E1));
#6105=CARTESIAN_POINT('',(-6.455472017953E0,-1.920209409582E1,
-4.126913218230E1));
#6106=CARTESIAN_POINT('',(-8.014294240461E0,-1.889763705279E1,
-4.096467513928E1));
#6107=CARTESIAN_POINT('',(-9.547423541254E0,-1.853037441837E1,
-4.059741250485E1));
#6108=CARTESIAN_POINT('',(-1.103969656985E1,-1.810686933196E1,
-4.017390741845E1));
#6109=CARTESIAN_POINT('',(-1.251852508173E1,-1.762099826362E1,
-3.968803635011E1));
#6110=CARTESIAN_POINT('',(-1.403421618E1,-1.705177862619E1,-3.911881671268E1));
#6111=CARTESIAN_POINT('',(-1.563803010868E1,-1.636615628320E1,
-3.843319436968E1));
#6112=CARTESIAN_POINT('',(-1.736526550443E1,-1.552450547589E1,
-3.759154356237E1));
#6113=CARTESIAN_POINT('',(-1.922455833313E1,-1.448669878733E1,
-3.655373687382E1));
#6114=CARTESIAN_POINT('',(-2.119914275680E1,-1.321478945960E1,
-3.528182754609E1));
#6115=CARTESIAN_POINT('',(-2.325625360203E1,-1.167117214499E1,
-3.373821023148E1));
#6116=CARTESIAN_POINT('',(-2.535397498493E1,-9.812876557979E0,
-3.187991464446E1));
#6117=CARTESIAN_POINT('',(-2.744328814471E1,-7.582036594080E0,
-2.964907468057E1));
#6118=CARTESIAN_POINT('',(-2.943342769694E1,-4.931878193417E0,
-2.699891627990E1));
#6119=CARTESIAN_POINT('',(-3.113759699319E1,-1.936823430722E0,
-2.400386151721E1));
#6120=CARTESIAN_POINT('',(-3.224921013280E1,8.663617814323E-1,
-2.120067630505E1));
#6121=CARTESIAN_POINT('',(-3.271886746876E1,2.631582396985E0,
-1.943545568950E1));
#6122=CARTESIAN_POINT('',(-3.286600528402E1,3.307753902119E0,
-1.875928418437E1));
#6123=CARTESIAN_POINT('',(4.966129750781E-1,-1.968747910835E1,
-4.175855160302E1));
#6124=CARTESIAN_POINT('',(3.311031803830E-1,-1.968966711845E1,
-4.176073961312E1));
#6125=CARTESIAN_POINT('',(-1.856315058923E-1,-1.969308025543E1,
-4.176415275010E1));
#6126=CARTESIAN_POINT('',(-1.074790420588E0,-1.968062216117E1,
-4.175169465584E1));
#6127=CARTESIAN_POINT('',(-2.221473601594E0,-1.963144054795E1,
-4.170251304262E1));
#6128=CARTESIAN_POINT('',(-3.494840261601E0,-1.953624909245E1,
-4.160732158712E1));
#6129=CARTESIAN_POINT('',(-4.914990107604E0,-1.937843137439E1,
-4.144950386906E1));
#6130=CARTESIAN_POINT('',(-6.437137780196E0,-1.914729376984E1,
-4.121836626451E1));
#6131=CARTESIAN_POINT('',(-7.991707856671E0,-1.884366829292E1,
-4.091474078759E1));
#6132=CARTESIAN_POINT('',(-9.520755424890E0,-1.847738459714E1,
-4.054845709181E1));
#6133=CARTESIAN_POINT('',(-1.100915959730E1,-1.805497865631E1,
-4.012605115098E1));
#6134=CARTESIAN_POINT('',(-1.248426042356E1,-1.757033353743E1,
-3.964140603209E1));
#6135=CARTESIAN_POINT('',(-1.399624348451E1,-1.700250785465E1,
-3.907358034931E1));
#6136=CARTESIAN_POINT('',(-1.559625914489E1,-1.631851102586E1,
-3.838958352052E1));
#6137=CARTESIAN_POINT('',(-1.731954665224E1,-1.547878630300E1,
-3.754985879767E1));
#6138=CARTESIAN_POINT('',(-1.917474976813E1,-1.444326551251E1,
-3.651433800718E1));
#6139=CARTESIAN_POINT('',(-2.114516234660E1,-1.317404746024E1,
-3.524511995490E1));
#6140=CARTESIAN_POINT('',(-2.319809898189E1,-1.163356730855E1,
-3.370463980321E1));
#6141=CARTESIAN_POINT('',(-2.529172494576E1,-9.778905568734E0,
-3.184997806340E1));
#6142=CARTESIAN_POINT('',(-2.737709971437E1,-7.552277661673E0,
-2.962335015634E1));
#6143=CARTESIAN_POINT('',(-2.936359825588E1,-4.906975702582E0,
-2.697804819725E1));
#6144=CARTESIAN_POINT('',(-3.106471920008E1,-1.917286166278E0,
-2.398835866094E1));
#6145=CARTESIAN_POINT('',(-3.217436867503E1,8.809430624536E-1,
-2.119012943221E1));
#6146=CARTESIAN_POINT('',(-3.264319822069E1,2.643052745572E0,
-1.942801974909E1));
#6147=CARTESIAN_POINT('',(-3.279007666070E1,3.318032207352E0,
-1.875304028731E1));
#6148=(BOUNDED_SURFACE()B_SPLINE_SURFACE(3,3,((#6048,#6049,#6050,#6051,#6052,
#6053,#6054,#6055,#6056,#6057,#6058,#6059,#6060,#6061,#6062,#6063,#6064,#6065,
#6066,#6067,#6068,#6069,#6070,#6071,#6072),(#6073,#6074,#6075,#6076,#6077,#6078,
#6079,#6080,#6081,#6082,#6083,#6084,#6085,#6086,#6087,#6088,#6089,#6090,#6091,
#6092,#6093,#6094,#6095,#6096,#6097),(#6098,#6099,#6100,#6101,#6102,#6103,#6104,
#6105,#6106,#6107,#6108,#6109,#6110,#6111,#6112,#6113,#6114,#6115,#6116,#6117,
#6118,#6119,#6120,#6121,#6122),(#6123,#6124,#6125,#6126,#6127,#6128,#6129,#6130,
#6131,#6132,#6133,#6134,#6135,#6136,#6137,#6138,#6139,#6140,#6141,#6142,#6143,
#6144,#6145,#6146,#6147)),.UNSPECIFIED.,.F.,.F.,.F.)B_SPLINE_SURFACE_WITH_KNOTS(
(4,4),(4,1,1,1,1,1,1,1,1,1,1,1,1,1,1,1,1,1,1,1,1,1,4),(0.E0,1.E0),(
-2.765544205992E-3,0.E0,5.866687351356E-3,1.208640825182E-2,1.918510644549E-2,
2.724847031909E-2,3.608916093226E-2,4.517656459850E-2,5.417282917859E-2,
6.304088215256E-2,7.195154308889E-2,8.132725555408E-2,9.162013601945E-2,
1.031600599075E-1,1.162558689019E-1,1.310601768442E-1,1.476288877360E-1,
1.661886858283E-1,1.870292344175E-1,2.106007221841E-1,2.367889987465E-1,
2.629648037070E-1,2.790829007215E-1),.UNSPECIFIED.)GEOMETRIC_REPRESENTATION_ITEM()RATIONAL_B_SPLINE_SURFACE(((1.274395574758E0,1.274395574758E0,1.274395574758E0,
1.274395574758E0,1.274395574758E0,1.274395574758E0,1.274395574758E0,
1.274395574758E0,1.274395574758E0,1.274395574758E0,1.274395574758E0,
1.274395574758E0,1.274395574758E0,1.274395574758E0,1.274395574758E0,
1.274395574758E0,1.274395574758E0,1.274395574758E0,1.274395574758E0,
1.274395574758E0,1.274395574758E0,1.274395574758E0,1.274395574758E0,
1.274395574758E0,1.274395574758E0),(9.085348084142E-1,9.085348084142E-1,
9.085348084142E-1,9.085348084142E-1,9.085348084142E-1,9.085348084142E-1,
9.085348084142E-1,9.085348084142E-1,9.085348084142E-1,9.085348084142E-1,
9.085348084142E-1,9.085348084142E-1,9.085348084142E-1,9.085348084142E-1,
9.085348084142E-1,9.085348084142E-1,9.085348084142E-1,9.085348084142E-1,
9.085348084142E-1,9.085348084142E-1,9.085348084142E-1,9.085348084142E-1,
9.085348084142E-1,9.085348084142E-1,9.085348084142E-1),(9.085348084142E-1,
9.085348084142E-1,9.085348084142E-1,9.085348084142E-1,9.085348084142E-1,
9.085348084142E-1,9.085348084142E-1,9.085348084142E-1,9.085348084142E-1,
9.085348084142E-1,9.085348084142E-1,9.085348084142E-1,9.085348084142E-1,
9.085348084142E-1,9.085348084142E-1,9.085348084142E-1,9.085348084142E-1,
9.085348084142E-1,9.085348084142E-1,9.085348084142E-1,9.085348084142E-1,
9.085348084142E-1,9.085348084142E-1,9.085348084142E-1,9.085348084142E-1),(
1.274395574758E0,1.274395574758E0,1.274395574758E0,1.274395574758E0,
1.274395574758E0,1.274395574758E0,1.274395574758E0,1.274395574758E0,
1.274395574758E0,1.274395574758E0,1.274395574758E0,1.274395574758E0,
1.274395574758E0,1.274395574758E0,1.274395574758E0,1.274395574758E0,
1.274395574758E0,1.274395574758E0,1.274395574758E0,1.274395574758E0,
1.274395574758E0,1.274395574758E0,1.274395574758E0,1.274395574758E0,
1.274395574758E0)))REPRESENTATION_ITEM('')SURFACE());
#6150=ORIENTED_EDGE('',*,*,#6149,.F.);
#6152=ORIENTED_EDGE('',*,*,#6151,.T.);
#6153=ORIENTED_EDGE('',*,*,#6041,.T.);
#6155=ORIENTED_EDGE('',*,*,#6154,.T.);
#6156=EDGE_LOOP('',(#6150,#6152,#6153,#6155));
#6157=FACE_OUTER_BOUND('',#6156,.F.);
#6158=ADVANCED_FACE('',(#6157),#6148,.F.);
#6159=CARTESIAN_POINT('',(1.045078316205E0,-1.661104416228E1,4.500554294123E1));
#6160=CARTESIAN_POINT('',(2.772066570193E0,-4.406073641011E1,1.894484235771E1));
#6161=CARTESIAN_POINT('',(2.772066570193E0,-4.406073641011E1,
-1.894484235771E1));
#6162=CARTESIAN_POINT('',(1.045078316205E0,-1.661104416228E1,
-4.500554294123E1));
#6163=CARTESIAN_POINT('',(-9.177334960908E0,-1.725418389214E1,
4.500554294123E1));
#6164=CARTESIAN_POINT('',(-2.434284881249E1,-4.576666228902E1,
1.894484235771E1));
#6165=CARTESIAN_POINT('',(-2.434284881249E1,-4.576666228902E1,
-1.894484235771E1));
#6166=CARTESIAN_POINT('',(-9.177334960908E0,-1.725418389214E1,
-4.500554294123E1));
#6167=CARTESIAN_POINT('',(-1.664388707148E1,-1.024262475737E1,
4.500554294123E1));
#6168=CARTESIAN_POINT('',(-4.414785211163E1,-2.716852626320E1,
1.894484235771E1));
#6169=CARTESIAN_POINT('',(-4.414785211163E1,-2.716852626320E1,
-1.894484235771E1));
#6170=CARTESIAN_POINT('',(-1.664388707148E1,-1.024262475737E1,
-4.500554294123E1));
#6171=CARTESIAN_POINT('',(-1.664388707148E1,0.E0,4.500554294123E1));
#6172=CARTESIAN_POINT('',(-4.414785211163E1,1.229501274344E-14,
1.894484235771E1));
#6173=CARTESIAN_POINT('',(-4.414785211163E1,1.027698633570E-14,
-1.894484235771E1));
#6174=CARTESIAN_POINT('',(-1.664388707148E1,0.E0,-4.500554294123E1));
#6175=CARTESIAN_POINT('',(-1.664388707148E1,1.024262475737E1,4.500554294123E1));
#6176=CARTESIAN_POINT('',(-4.414785211163E1,2.716852626320E1,1.894484235771E1));
#6177=CARTESIAN_POINT('',(-4.414785211163E1,2.716852626320E1,
-1.894484235771E1));
#6178=CARTESIAN_POINT('',(-1.664388707148E1,1.024262475737E1,
-4.500554294123E1));
#6179=CARTESIAN_POINT('',(-9.177334960908E0,1.725418389214E1,4.500554294123E1));
#6180=CARTESIAN_POINT('',(-2.434284881249E1,4.576666228902E1,1.894484235771E1));
#6181=CARTESIAN_POINT('',(-2.434284881249E1,4.576666228902E1,
-1.894484235771E1));
#6182=CARTESIAN_POINT('',(-9.177334960908E0,1.725418389214E1,
-4.500554294123E1));
#6183=CARTESIAN_POINT('',(1.045078316205E0,1.661104416228E1,4.500554294123E1));
#6184=CARTESIAN_POINT('',(2.772066570193E0,4.406073641011E1,1.894484235771E1));
#6185=CARTESIAN_POINT('',(2.772066570193E0,4.406073641011E1,-1.894484235771E1));
#6186=CARTESIAN_POINT('',(1.045078316205E0,1.661104416228E1,-4.500554294123E1));
#6187=(BOUNDED_SURFACE()B_SPLINE_SURFACE(3,3,((#6159,#6160,#6161,#6162),(#6163,
#6164,#6165,#6166),(#6167,#6168,#6169,#6170),(#6171,#6172,#6173,#6174),(#6175,
#6176,#6177,#6178),(#6179,#6180,#6181,#6182),(#6183,#6184,#6185,#6186)),
.UNSPECIFIED.,.F.,.F.,.F.)B_SPLINE_SURFACE_WITH_KNOTS((4,3,4),(4,4),(0.E0,1.E0,
2.E0),(0.E0,1.E0),.UNSPECIFIED.)GEOMETRIC_REPRESENTATION_ITEM()RATIONAL_B_SPLINE_SURFACE(((1.406872230661E0,1.114059566439E0,1.114059566439E0,1.406872230661E0),(
1.111004286161E0,8.797706901713E-1,8.797706901713E-1,1.111004286161E0),(
1.111004286161E0,8.797706901713E-1,8.797706901713E-1,1.111004286161E0),(
1.406872230661E0,1.114059566439E0,1.114059566439E0,1.406872230661E0),(
1.111004286161E0,8.797706901713E-1,8.797706901713E-1,1.111004286161E0),(
1.111004286161E0,8.797706901713E-1,8.797706901713E-1,1.111004286161E0),(
1.406872230661E0,1.114059566439E0,1.114059566439E0,1.406872230661E0)))REPRESENTATION_ITEM('')SURFACE());
#6189=ORIENTED_EDGE('',*,*,#6188,.T.);
#6191=ORIENTED_EDGE('',*,*,#6190,.F.);
#6192=ORIENTED_EDGE('',*,*,#5352,.T.);
#6193=ORIENTED_EDGE('',*,*,#5204,.T.);
#6194=ORIENTED_EDGE('',*,*,#4610,.F.);
#6196=ORIENTED_EDGE('',*,*,#6195,.F.);
#6197=ORIENTED_EDGE('',*,*,#4607,.T.);
#6198=EDGE_LOOP('',(#6189,#6191,#6192,#6193,#6194,#6196,#6197));
#6199=FACE_OUTER_BOUND('',#6198,.F.);
#6200=ADVANCED_FACE('',(#6199),#6187,.F.);
#6201=CARTESIAN_POINT('',(1.045078316205E0,-1.661104416228E1,4.500554294123E1));
#6202=CARTESIAN_POINT('',(2.772066570193E0,-4.406073641011E1,1.894484235771E1));
#6203=CARTESIAN_POINT('',(2.772066570193E0,-4.406073641011E1,
-1.894484235771E1));
#6204=CARTESIAN_POINT('',(1.045078316205E0,-1.661104416228E1,
-4.500554294123E1));
#6205=CARTESIAN_POINT('',(-9.177334960908E0,-1.725418389214E1,
4.500554294123E1));
#6206=CARTESIAN_POINT('',(-2.434284881249E1,-4.576666228902E1,
1.894484235771E1));
#6207=CARTESIAN_POINT('',(-2.434284881249E1,-4.576666228902E1,
-1.894484235771E1));
#6208=CARTESIAN_POINT('',(-9.177334960908E0,-1.725418389214E1,
-4.500554294123E1));
#6209=CARTESIAN_POINT('',(-1.664388707148E1,-1.024262475737E1,
4.500554294123E1));
#6210=CARTESIAN_POINT('',(-4.414785211163E1,-2.716852626320E1,
1.894484235771E1));
#6211=CARTESIAN_POINT('',(-4.414785211163E1,-2.716852626320E1,
-1.894484235771E1));
#6212=CARTESIAN_POINT('',(-1.664388707148E1,-1.024262475737E1,
-4.500554294123E1));
#6213=CARTESIAN_POINT('',(-1.664388707148E1,0.E0,4.500554294123E1));
#6214=CARTESIAN_POINT('',(-4.414785211163E1,1.229501274344E-14,
1.894484235771E1));
#6215=CARTESIAN_POINT('',(-4.414785211163E1,1.027698633570E-14,
-1.894484235771E1));
#6216=CARTESIAN_POINT('',(-1.664388707148E1,0.E0,-4.500554294123E1));
#6217=CARTESIAN_POINT('',(-1.664388707148E1,1.024262475737E1,4.500554294123E1));
#6218=CARTESIAN_POINT('',(-4.414785211163E1,2.716852626320E1,1.894484235771E1));
#6219=CARTESIAN_POINT('',(-4.414785211163E1,2.716852626320E1,
-1.894484235771E1));
#6220=CARTESIAN_POINT('',(-1.664388707148E1,1.024262475737E1,
-4.500554294123E1));
#6221=CARTESIAN_POINT('',(-9.177334960908E0,1.725418389214E1,4.500554294123E1));
#6222=CARTESIAN_POINT('',(-2.434284881249E1,4.576666228902E1,1.894484235771E1));
#6223=CARTESIAN_POINT('',(-2.434284881249E1,4.576666228902E1,
-1.894484235771E1));
#6224=CARTESIAN_POINT('',(-9.177334960908E0,1.725418389214E1,
-4.500554294123E1));
#6225=CARTESIAN_POINT('',(1.045078316205E0,1.661104416228E1,4.500554294123E1));
#6226=CARTESIAN_POINT('',(2.772066570193E0,4.406073641011E1,1.894484235771E1));
#6227=CARTESIAN_POINT('',(2.772066570193E0,4.406073641011E1,-1.894484235771E1));
#6228=CARTESIAN_POINT('',(1.045078316205E0,1.661104416228E1,-4.500554294123E1));
#6229=(BOUNDED_SURFACE()B_SPLINE_SURFACE(3,3,((#6201,#6202,#6203,#6204),(#6205,
#6206,#6207,#6208),(#6209,#6210,#6211,#6212),(#6213,#6214,#6215,#6216),(#6217,
#6218,#6219,#6220),(#6221,#6222,#6223,#6224),(#6225,#6226,#6227,#6228)),
.UNSPECIFIED.,.F.,.F.,.F.)B_SPLINE_SURFACE_WITH_KNOTS((4,3,4),(4,4),(0.E0,1.E0,
2.E0),(0.E0,1.E0),.UNSPECIFIED.)GEOMETRIC_REPRESENTATION_ITEM()RATIONAL_B_SPLINE_SURFACE(((1.406872230661E0,1.114059566439E0,1.114059566439E0,1.406872230661E0),(
1.111004286161E0,8.797706901713E-1,8.797706901713E-1,1.111004286161E0),(
1.111004286161E0,8.797706901713E-1,8.797706901713E-1,1.111004286161E0),(
1.406872230661E0,1.114059566439E0,1.114059566439E0,1.406872230661E0),(
1.111004286161E0,8.797706901713E-1,8.797706901713E-1,1.111004286161E0),(
1.111004286161E0,8.797706901713E-1,8.797706901713E-1,1.111004286161E0),(
1.406872230661E0,1.114059566439E0,1.114059566439E0,1.406872230661E0)))REPRESENTATION_ITEM('')SURFACE());
#6231=ORIENTED_EDGE('',*,*,#6230,.T.);
#6233=ORIENTED_EDGE('',*,*,#6232,.T.);
#6234=ORIENTED_EDGE('',*,*,#4660,.T.);
#6236=ORIENTED_EDGE('',*,*,#6235,.F.);
#6237=ORIENTED_EDGE('',*,*,#4656,.T.);
#6239=ORIENTED_EDGE('',*,*,#6238,.T.);
#6240=ORIENTED_EDGE('',*,*,#4652,.F.);
#6241=ORIENTED_EDGE('',*,*,#6149,.T.);
#6243=ORIENTED_EDGE('',*,*,#6242,.F.);
#6244=EDGE_LOOP('',(#6231,#6233,#6234,#6236,#6237,#6239,#6240,#6241,#6243));
#6245=FACE_OUTER_BOUND('',#6244,.F.);
#6246=ADVANCED_FACE('',(#6245),#6229,.F.);
#6247=CARTESIAN_POINT('',(4.984574088777E-1,1.966411034294E1,4.192128800457E1));
#6248=CARTESIAN_POINT('',(3.323330508164E-1,1.966630651623E1,4.192348417786E1));
#6249=CARTESIAN_POINT('',(-1.862727467245E-1,1.966973205562E1,
4.192690971725E1));
#6250=CARTESIAN_POINT('',(-1.077565653930E0,1.965724562692E1,4.191442328854E1));
#6251=CARTESIAN_POINT('',(-2.225939918304E0,1.960804664517E1,4.186522430680E1));
#6252=CARTESIAN_POINT('',(-3.500125329634E0,1.951298273103E1,4.177016039265E1));
#6253=CARTESIAN_POINT('',(-4.922103864137E0,1.935533163997E1,4.161250930160E1));
#6254=CARTESIAN_POINT('',(-6.447991163097E0,1.912415121125E1,4.138132887288E1));
#6255=CARTESIAN_POINT('',(-8.008194564989E0,1.881999791179E1,4.107717557342E1));
#6256=CARTESIAN_POINT('',(-9.543769748568E0,1.845267981786E1,4.070985747949E1));
#6257=CARTESIAN_POINT('',(-1.103833896128E1,1.802898696593E1,4.028616462756E1));
#6258=CARTESIAN_POINT('',(-1.251843842758E1,1.754313059301E1,3.980030825464E1));
#6259=CARTESIAN_POINT('',(-1.403401233125E1,1.697444181735E1,3.923161947898E1));
#6260=CARTESIAN_POINT('',(-1.563639696722E1,1.629008546955E1,3.854726313118E1));
#6261=CARTESIAN_POINT('',(-1.736134315357E1,1.545051149168E1,3.770768915331E1));
#6262=CARTESIAN_POINT('',(-1.921814173834E1,1.441553838295E1,3.667271604458E1));
#6263=CARTESIAN_POINT('',(-2.119055263764E1,1.314713253227E1,3.540431019390E1));
#6264=CARTESIAN_POINT('',(-2.324615215920E1,1.160763861480E1,3.386481627643E1));
#6265=CARTESIAN_POINT('',(-2.534290140508E1,9.754452893842E0,3.201163055547E1));
#6266=CARTESIAN_POINT('',(-2.743260728113E1,7.529444839378E0,2.978662250101E1));
#6267=CARTESIAN_POINT('',(-2.942341013020E1,4.887797885068E0,2.714497554670E1));
#6268=CARTESIAN_POINT('',(-3.112555652561E1,1.911458515728E0,2.416863617736E1));
#6269=CARTESIAN_POINT('',(-3.225396668067E1,-9.059701275969E-1,
2.135120753403E1));
#6270=CARTESIAN_POINT('',(-3.273318602927E1,-2.691355941861E0,
1.956582171977E1));
#6271=CARTESIAN_POINT('',(-3.288749570259E1,-3.400484792455E0,
1.885669286917E1));
#6272=CARTESIAN_POINT('',(4.989119231436E-1,1.973288185253E1,4.188693608846E1));
#6273=CARTESIAN_POINT('',(3.326361134380E-1,1.973508003170E1,4.188913426762E1));
#6274=CARTESIAN_POINT('',(-1.864426134648E-1,1.973850869715E1,
4.189256293308E1));
#6275=CARTESIAN_POINT('',(-1.078548311750E0,1.972601087462E1,4.188006511055E1));
#6276=CARTESIAN_POINT('',(-2.227967159558E0,1.967676711067E1,4.183082134660E1));
#6277=CARTESIAN_POINT('',(-3.503305039277E0,1.958161713943E1,4.173567137535E1));
#6278=CARTESIAN_POINT('',(-4.926556866283E0,1.942382472702E1,4.157787896295E1));
#6279=CARTESIAN_POINT('',(-6.453789652001E0,1.919244018881E1,4.134649442473E1));
#6280=CARTESIAN_POINT('',(-8.015340837146E0,1.888802380762E1,4.104207804354E1));
#6281=CARTESIAN_POINT('',(-9.552210743380E0,1.852039564225E1,4.067444987818E1));
#6282=CARTESIAN_POINT('',(-1.104800709922E1,1.809635453852E1,4.025040877444E1));
#6283=CARTESIAN_POINT('',(-1.252928814616E1,1.761010991647E1,3.976416415239E1));
#6284=CARTESIAN_POINT('',(-1.404603634859E1,1.704098006773E1,3.919503430365E1));
#6285=CARTESIAN_POINT('',(-1.564962296331E1,1.635610981263E1,3.851016404855E1));
#6286=CARTESIAN_POINT('',(-1.737581804877E1,1.551592722561E1,3.766998146153E1));
#6287=CARTESIAN_POINT('',(-1.923391050932E1,1.448023193005E1,3.663428616597E1));
#6288=CARTESIAN_POINT('',(-2.120764170046E1,1.321097576795E1,3.536503000387E1));
#6289=CARTESIAN_POINT('',(-2.326456281873E1,1.167049052267E1,3.382454475859E1));
#6290=CARTESIAN_POINT('',(-2.536260909510E1,9.816156589268E0,3.197021082519E1));
#6291=CARTESIAN_POINT('',(-2.745356307269E1,7.589817451885E0,2.974387168781E1));
#6292=CARTESIAN_POINT('',(-2.944551988249E1,4.946636781266E0,2.710069101719E1));
#6293=CARTESIAN_POINT('',(-3.114863086873E1,1.968608304218E0,2.412266254014E1));
#6294=CARTESIAN_POINT('',(-3.227767248205E1,-8.503982846934E-1,
2.130365595123E1));
#6295=CARTESIAN_POINT('',(-3.275715932590E1,-2.636780604219E0,
1.951727363171E1));
#6296=CARTESIAN_POINT('',(-3.291155514939E1,-3.346305389661E0,
1.880774884626E1));
#6297=CARTESIAN_POINT('',(4.980514337324E-1,1.974380822637E1,4.181084631281E1));
#6298=CARTESIAN_POINT('',(3.320623532804E-1,1.974600260801E1,4.181304069444E1));
#6299=CARTESIAN_POINT('',(-1.861210206297E-1,1.974942535518E1,
4.181646344162E1));
#6300=CARTESIAN_POINT('',(-1.076687937473E0,1.973694910351E1,4.180398718995E1));
#6301=CARTESIAN_POINT('',(-2.224129173021E0,1.968779012153E1,4.175482820797E1));
#6302=CARTESIAN_POINT('',(-3.497285191972E0,1.959280307415E1,4.165984116059E1));
#6303=CARTESIAN_POINT('',(-4.918126413198E0,1.943527821227E1,4.150231629871E1));
#6304=CARTESIAN_POINT('',(-6.442811914496E0,1.920428009549E1,4.127131818193E1));
#6305=CARTESIAN_POINT('',(-8.001811467483E0,1.890036178237E1,4.096739986881E1));
#6306=CARTESIAN_POINT('',(-9.536230196230E0,1.853332064629E1,4.060035873273E1));
#6307=CARTESIAN_POINT('',(-1.102970331658E1,1.810993885518E1,4.017697694161E1));
#6308=CARTESIAN_POINT('',(-1.250874738726E1,1.762442926894E1,3.969146735538E1));
#6309=CARTESIAN_POINT('',(-1.402327239952E1,1.705613446269E1,3.912317254912E1));
#6310=CARTESIAN_POINT('',(-1.562458342012E1,1.637223714027E1,3.843927522671E1));
#6311=CARTESIAN_POINT('',(-1.734841408154E1,1.553320677612E1,3.760024486256E1));
#6312=CARTESIAN_POINT('',(-1.920405696792E1,1.449887872944E1,3.656591681588E1));
#6313=CARTESIAN_POINT('',(-2.117528857383E1,1.323123238254E1,3.529827046898E1));
#6314=CARTESIAN_POINT('',(-2.322970763647E1,1.169262392562E1,3.375966201206E1));
#6315=CARTESIAN_POINT('',(-2.532529836614E1,9.840463795594E0,3.190750188203E1));
#6316=CARTESIAN_POINT('',(-2.741388942965E1,7.616644673187E0,2.968368275962E1));
#6317=CARTESIAN_POINT('',(-2.940366155337E1,4.976367644417E0,2.704340573086E1));
#6318=CARTESIAN_POINT('',(-3.110494636988E1,2.001536997243E0,2.406857508368E1));
#6319=CARTESIAN_POINT('',(-3.223279250226E1,-8.144822146587E-1,
2.125255587178E1));
#6320=CARTESIAN_POINT('',(-3.271177292233E1,-2.598977943840E0,
1.946806014260E1));
#6321=CARTESIAN_POINT('',(-3.286600564574E1,-3.307753142811E0,
1.875928494363E1));
#6322=CARTESIAN_POINT('',(4.966170433078E-1,1.968747904679E1,4.175855154146E1));
#6323=CARTESIAN_POINT('',(3.311059253856E-1,1.968966709814E1,4.176073959281E1));
#6324=CARTESIAN_POINT('',(-1.855849423501E-1,1.969307997985E1,
4.176415247452E1));
#6325=CARTESIAN_POINT('',(-1.073586791759E0,1.968063968568E1,4.175171218034E1));
#6326=CARTESIAN_POINT('',(-2.217731452064E0,1.963162203075E1,4.170269452541E1));
#6327=CARTESIAN_POINT('',(-3.487250424294E0,1.953690656887E1,4.160797906353E1));
#6328=CARTESIAN_POINT('',(-4.904073292934E0,1.937982769957E1,4.145090019424E1));
#6329=CARTESIAN_POINT('',(-6.424512605574E0,1.914947372693E1,4.122054622160E1));
#6330=CARTESIAN_POINT('',(-7.979258722449E0,1.884638566699E1,4.091745816166E1));
#6331=CARTESIAN_POINT('',(-9.509591467719E0,1.848032307774E1,4.055139557241E1));
#6332=CARTESIAN_POINT('',(-1.099919187715E1,1.805804032596E1,4.012911282063E1));
#6333=CARTESIAN_POINT('',(-1.247450702650E1,1.757375600563E1,3.964482850030E1));
#6334=CARTESIAN_POINT('',(-1.398532609810E1,1.700685317112E1,3.907792566579E1));
#6335=CARTESIAN_POINT('',(-1.558284382341E1,1.632457767613E1,3.839565017079E1));
#6336=CARTESIAN_POINT('',(-1.730273311477E1,1.548746800667E1,3.755854050134E1));
#6337=CARTESIAN_POINT('',(-1.915429269034E1,1.445541909170E1,3.652649158636E1));
#6338=CARTESIAN_POINT('',(-2.112135761963E1,1.319045622176E1,3.526152871642E1));
#6339=CARTESIAN_POINT('',(-2.317160588758E1,1.165497627197E1,3.372604876664E1));
#6340=CARTESIAN_POINT('',(-2.526310335054E1,9.806439757411E0,3.187751225208E1));
#6341=CARTESIAN_POINT('',(-2.734775556099E1,7.586821366941E0,2.965789386161E1));
#6342=CARTESIAN_POINT('',(-2.933388592837E1,4.951384555857E0,2.702245705052E1));
#6343=CARTESIAN_POINT('',(-3.103212661633E1,1.981884522273E0,2.405295701694E1));
#6344=CARTESIAN_POINT('',(-3.215797994509E1,-8.291548898522E-1,
2.124191760481E1));
#6345=CARTESIAN_POINT('',(-3.263611618346E1,-2.610505772519E0,
1.946056672215E1));
#6346=CARTESIAN_POINT('',(-3.279007702765E1,-3.318031450414E0,
1.875304104425E1));
#6347=(BOUNDED_SURFACE()B_SPLINE_SURFACE(3,3,((#6247,#6248,#6249,#6250,#6251,
#6252,#6253,#6254,#6255,#6256,#6257,#6258,#6259,#6260,#6261,#6262,#6263,#6264,
#6265,#6266,#6267,#6268,#6269,#6270,#6271),(#6272,#6273,#6274,#6275,#6276,#6277,
#6278,#6279,#6280,#6281,#6282,#6283,#6284,#6285,#6286,#6287,#6288,#6289,#6290,
#6291,#6292,#6293,#6294,#6295,#6296),(#6297,#6298,#6299,#6300,#6301,#6302,#6303,
#6304,#6305,#6306,#6307,#6308,#6309,#6310,#6311,#6312,#6313,#6314,#6315,#6316,
#6317,#6318,#6319,#6320,#6321),(#6322,#6323,#6324,#6325,#6326,#6327,#6328,#6329,
#6330,#6331,#6332,#6333,#6334,#6335,#6336,#6337,#6338,#6339,#6340,#6341,#6342,
#6343,#6344,#6345,#6346)),.UNSPECIFIED.,.F.,.F.,.F.)B_SPLINE_SURFACE_WITH_KNOTS(
(4,4),(4,1,1,1,1,1,1,1,1,1,1,1,1,1,1,1,1,1,1,1,1,1,4),(0.E0,1.E0),(
-2.765475680420E-3,0.E0,5.865738892078E-3,1.206665550144E-2,1.914195684651E-2,
2.718179171483E-2,3.601110048116E-2,4.510082424837E-2,5.410470595586E-2,
6.298055198766E-2,7.189234373285E-2,8.125788628129E-2,9.153151227935E-2,
1.030431903531E-1,1.161037326788E-1,1.308719262556E-1,1.474018391921E-1,
1.659185365128E-1,1.867043807647E-1,2.102276150822E-1,2.363087302571E-1,
2.621793767818E-1,2.790744438360E-1),.UNSPECIFIED.)GEOMETRIC_REPRESENTATION_ITEM()RATIONAL_B_SPLINE_SURFACE(((1.274395578024E0,1.274395578024E0,1.274395578024E0,
1.274395578024E0,1.274395578024E0,1.274395578024E0,1.274395578024E0,
1.274395578024E0,1.274395578024E0,1.274395578024E0,1.274395578024E0,
1.274395578024E0,1.274395578024E0,1.274395578024E0,1.274395578024E0,
1.274395578024E0,1.274395578024E0,1.274395578024E0,1.274395578024E0,
1.274395578024E0,1.274395578024E0,1.274395578024E0,1.274395578024E0,
1.274395578024E0,1.274395578024E0),(9.085348073254E-1,9.085348073254E-1,
9.085348073254E-1,9.085348073254E-1,9.085348073254E-1,9.085348073254E-1,
9.085348073254E-1,9.085348073254E-1,9.085348073254E-1,9.085348073254E-1,
9.085348073254E-1,9.085348073254E-1,9.085348073254E-1,9.085348073254E-1,
9.085348073254E-1,9.085348073254E-1,9.085348073254E-1,9.085348073254E-1,
9.085348073254E-1,9.085348073254E-1,9.085348073254E-1,9.085348073254E-1,
9.085348073254E-1,9.085348073254E-1,9.085348073254E-1),(9.085348073254E-1,
9.085348073254E-1,9.085348073254E-1,9.085348073254E-1,9.085348073254E-1,
9.085348073254E-1,9.085348073254E-1,9.085348073254E-1,9.085348073254E-1,
9.085348073254E-1,9.085348073254E-1,9.085348073254E-1,9.085348073254E-1,
9.085348073254E-1,9.085348073254E-1,9.085348073254E-1,9.085348073254E-1,
9.085348073254E-1,9.085348073254E-1,9.085348073254E-1,9.085348073254E-1,
9.085348073254E-1,9.085348073254E-1,9.085348073254E-1,9.085348073254E-1),(
1.274395578024E0,1.274395578024E0,1.274395578024E0,1.274395578024E0,
1.274395578024E0,1.274395578024E0,1.274395578024E0,1.274395578024E0,
1.274395578024E0,1.274395578024E0,1.274395578024E0,1.274395578024E0,
1.274395578024E0,1.274395578024E0,1.274395578024E0,1.274395578024E0,
1.274395578024E0,1.274395578024E0,1.274395578024E0,1.274395578024E0,
1.274395578024E0,1.274395578024E0,1.274395578024E0,1.274395578024E0,
1.274395578024E0)))REPRESENTATION_ITEM('')SURFACE());
#6348=ORIENTED_EDGE('',*,*,#6188,.F.);
#6349=ORIENTED_EDGE('',*,*,#4802,.T.);
#6350=ORIENTED_EDGE('',*,*,#4817,.T.);
#6352=ORIENTED_EDGE('',*,*,#6351,.T.);
#6353=EDGE_LOOP('',(#6348,#6349,#6350,#6352));
#6354=FACE_OUTER_BOUND('',#6353,.F.);
#6355=ADVANCED_FACE('',(#6354),#6347,.F.);
#6356=CARTESIAN_POINT('',(-3.280852154141E1,-3.050333377392E0,
1.920645873848E1));
#6357=CARTESIAN_POINT('',(-3.280867110402E1,-3.051178729732E0,
1.920575298164E1));
#6358=CARTESIAN_POINT('',(-3.281128718402E1,-3.065675743331E0,
1.919347155606E1));
#6359=CARTESIAN_POINT('',(-3.281770873385E1,-3.091217358899E0,
1.916587035390E1));
#6360=CARTESIAN_POINT('',(-3.283037051552E1,-3.118918968707E0,
1.911651378512E1));
#6361=CARTESIAN_POINT('',(-3.284094068940E1,-3.129357143063E0,
1.907768842801E1));
#6362=CARTESIAN_POINT('',(-3.284684212136E1,-3.131955874767E0,
1.905653766351E1));
#6363=CARTESIAN_POINT('',(-3.284716320088E1,-3.132088204260E0,
1.905538811222E1));
#6364=CARTESIAN_POINT('',(-3.283255506917E1,-2.996830666837E0,
1.915676354864E1));
#6365=CARTESIAN_POINT('',(-3.283269874319E1,-2.997382761072E0,
1.915637052163E1));
#6366=CARTESIAN_POINT('',(-3.283521154630E1,-3.006874205605E0,
1.914952282985E1));
#6367=CARTESIAN_POINT('',(-3.284140128338E1,-3.024425266166E0,
1.913383767070E1));
#6368=CARTESIAN_POINT('',(-3.285373629792E1,-3.045808280861E0,
1.910399443114E1));
#6369=CARTESIAN_POINT('',(-3.286414517512E1,-3.055754675662E0,
1.907893371358E1));
#6370=CARTESIAN_POINT('',(-3.286998981402E1,-3.059116414770E0,
1.906481567140E1));
#6371=CARTESIAN_POINT('',(-3.287030787283E1,-3.059293153636E0,
1.906404704454E1));
#6372=CARTESIAN_POINT('',(-3.278705464935E1,-2.959286082490E0,
1.910746986631E1));
#6373=CARTESIAN_POINT('',(-3.278720947169E1,-2.959624127928E0,
1.910722936836E1));
#6374=CARTESIAN_POINT('',(-3.278991779924E1,-2.965435759813E0,
1.910303916200E1));
#6375=CARTESIAN_POINT('',(-3.279654640562E1,-2.976184152065E0,
1.909344040426E1));
#6376=CARTESIAN_POINT('',(-3.280950005765E1,-2.989284227930E0,
1.907517281342E1));
#6377=CARTESIAN_POINT('',(-3.282021430271E1,-2.995381339351E0,
1.905982887935E1));
#6378=CARTESIAN_POINT('',(-3.282616646257E1,-2.997443426966E0,
1.905118377151E1));
#6379=CARTESIAN_POINT('',(-3.282649024021E1,-2.997551844667E0,
1.905071310410E1));
#6380=CARTESIAN_POINT('',(-3.271120784732E1,-2.970035168920E0,
1.910103223158E1));
#6381=CARTESIAN_POINT('',(-3.271138125330E1,-2.970422725943E0,
1.910065269520E1));
#6382=CARTESIAN_POINT('',(-3.271441550980E1,-2.977049566831E0,
1.909405494734E1));
#6383=CARTESIAN_POINT('',(-3.272177568817E1,-2.988042024709E0,
1.907947099221E1));
#6384=CARTESIAN_POINT('',(-3.273576057630E1,-2.998028558947E0,
1.905487175850E1));
#6385=CARTESIAN_POINT('',(-3.274698385347E1,-3.000234106288E0,
1.903682810185E1));
#6386=CARTESIAN_POINT('',(-3.275311524512E1,-3.000053217754E0,
1.902738253612E1));
#6387=CARTESIAN_POINT('',(-3.275344855574E1,-3.000039425848E0,
1.902687024347E1));
#6388=(BOUNDED_SURFACE()B_SPLINE_SURFACE(3,3,((#6356,#6357,#6358,#6359,#6360,
#6361,#6362,#6363),(#6364,#6365,#6366,#6367,#6368,#6369,#6370,#6371),(#6372,
#6373,#6374,#6375,#6376,#6377,#6378,#6379),(#6380,#6381,#6382,#6383,#6384,#6385,
#6386,#6387)),.UNSPECIFIED.,.F.,.F.,.F.)B_SPLINE_SURFACE_WITH_KNOTS((4,4),(4,1,
1,1,1,4),(0.E0,1.E0),(-2.000000000017E-2,0.E0,3.248795641701E-1,
6.515406812854E-1,1.E0,1.02E0),.UNSPECIFIED.)GEOMETRIC_REPRESENTATION_ITEM()RATIONAL_B_SPLINE_SURFACE(((1.274395606167E0,1.274395606167E0,1.274395606167E0,
1.274395606167E0,1.274395606167E0,1.274395606167E0,1.274395606167E0,
1.274395606167E0),(9.085347979445E-1,9.085347979445E-1,9.085347979445E-1,
9.085347979445E-1,9.085347979445E-1,9.085347979445E-1,9.085347979445E-1,
9.085347979445E-1),(9.085347979445E-1,9.085347979445E-1,9.085347979445E-1,
9.085347979445E-1,9.085347979445E-1,9.085347979445E-1,9.085347979445E-1,
9.085347979445E-1),(1.274395606167E0,1.274395606167E0,1.274395606167E0,
1.274395606167E0,1.274395606167E0,1.274395606167E0,1.274395606167E0,
1.274395606167E0)))REPRESENTATION_ITEM('')SURFACE());
#6389=ORIENTED_EDGE('',*,*,#6190,.T.);
#6390=ORIENTED_EDGE('',*,*,#6351,.F.);
#6391=ORIENTED_EDGE('',*,*,#4833,.F.);
#6392=ORIENTED_EDGE('',*,*,#5354,.F.);
#6393=EDGE_LOOP('',(#6389,#6390,#6391,#6392));
#6394=FACE_OUTER_BOUND('',#6393,.F.);
#6395=ADVANCED_FACE('',(#6394),#6388,.F.);
#6396=CARTESIAN_POINT('',(0.E0,0.E0,4.372184808537E1));
#6397=DIRECTION('',(0.E0,0.E0,-1.E0));
#6398=DIRECTION('',(1.312434318594E-2,9.999138720990E-1,0.E0));
#6399=AXIS2_PLACEMENT_3D('',#6396,#6397,#6398);
#6400=TOROIDAL_SURFACE('',#6399,1.81E1,1.E-1);
#6401=ORIENTED_EDGE('',*,*,#6195,.T.);
#6402=ORIENTED_EDGE('',*,*,#4571,.T.);
#6404=ORIENTED_EDGE('',*,*,#6403,.F.);
#6405=ORIENTED_EDGE('',*,*,#4568,.F.);
#6406=EDGE_LOOP('',(#6401,#6402,#6404,#6405));
#6407=FACE_OUTER_BOUND('',#6406,.F.);
#6408=ADVANCED_FACE('',(#6407),#6400,.T.);
#6409=CARTESIAN_POINT('',(0.E0,0.E0,1.2625E2));
#6410=DIRECTION('',(0.E0,0.E0,-1.E0));
#6411=DIRECTION('',(0.E0,-1.E0,0.E0));
#6412=AXIS2_PLACEMENT_3D('',#6409,#6410,#6411);
#6413=CYLINDRICAL_SURFACE('',#6412,1.8E1);
#6414=ORIENTED_EDGE('',*,*,#6403,.T.);
#6415=ORIENTED_EDGE('',*,*,#4556,.F.);
#6417=ORIENTED_EDGE('',*,*,#6416,.T.);
#6418=ORIENTED_EDGE('',*,*,#4553,.T.);
#6419=EDGE_LOOP('',(#6414,#6415,#6417,#6418));
#6420=FACE_OUTER_BOUND('',#6419,.F.);
#6421=ADVANCED_FACE('',(#6420),#6413,.F.);
#6422=CARTESIAN_POINT('',(0.E0,0.E0,8.49E1));
#6423=DIRECTION('',(0.E0,0.E0,-1.E0));
#6424=DIRECTION('',(2.861247936757E-2,-9.995905791995E-1,0.E0));
#6425=AXIS2_PLACEMENT_3D('',#6422,#6423,#6424);
#6426=TOROIDAL_SURFACE('',#6425,1.79E1,1.E-1);
#6427=ORIENTED_EDGE('',*,*,#6416,.F.);
#6428=ORIENTED_EDGE('',*,*,#4541,.T.);
#6429=ORIENTED_EDGE('',*,*,#4521,.T.);
#6430=ORIENTED_EDGE('',*,*,#4538,.F.);
#6431=EDGE_LOOP('',(#6427,#6428,#6429,#6430));
#6432=FACE_OUTER_BOUND('',#6431,.F.);
#6433=ADVANCED_FACE('',(#6432),#6426,.F.);
#6434=CARTESIAN_POINT('',(-3.274516694584E1,3.112267764865E0,
-1.938140111294E1));
#6435=CARTESIAN_POINT('',(-3.304955936919E1,3.112267764865E0,
-1.846061130655E1));
#6436=CARTESIAN_POINT('',(-3.367506181301E1,3.112267764865E0,
-1.640727019574E1));
#6437=CARTESIAN_POINT('',(-3.451445254349E1,3.112267764865E0,
-1.302916833354E1));
#6438=CARTESIAN_POINT('',(-3.524669138357E1,3.112267764865E0,
-9.063317546714E0));
#6439=CARTESIAN_POINT('',(-3.574835973560E1,3.112267764865E0,
-4.652259376779E0));
#6440=CARTESIAN_POINT('',(-3.592063475235E1,3.112267764865E0,
-1.069888761582E-1));
#6441=CARTESIAN_POINT('',(-3.576820331941E1,3.112267764865E0,4.179065135556E0));
#6442=CARTESIAN_POINT('',(-3.538285043049E1,3.112267764865E0,7.972872829477E0));
#6443=CARTESIAN_POINT('',(-3.485220678529E1,3.112267764865E0,1.128689696572E1));
#6444=CARTESIAN_POINT('',(-3.439315792398E1,3.112267764865E0,1.344472525854E1));
#6445=CARTESIAN_POINT('',(-3.413606228424E1,3.112267764865E0,1.451243355335E1));
#6446=CARTESIAN_POINT('',(-3.410939517030E1,3.112267764865E0,1.462186383742E1));
#6447=CARTESIAN_POINT('',(-3.275286730056E1,3.046657254538E0,
-1.938394668349E1));
#6448=CARTESIAN_POINT('',(-3.305729973094E1,3.046657254538E0,
-1.846303585548E1));
#6449=CARTESIAN_POINT('',(-3.368288437047E1,3.046657254538E0,
-1.640942491663E1));
#6450=CARTESIAN_POINT('',(-3.452238536972E1,3.046657254538E0,
-1.303087927359E1));
#6451=CARTESIAN_POINT('',(-3.525472037804E1,3.046657254538E0,
-9.064507623318E0));
#6452=CARTESIAN_POINT('',(-3.575645460425E1,3.046657254538E0,
-4.652870222800E0));
#6453=CARTESIAN_POINT('',(-3.592875224035E1,3.046657254538E0,
-1.070029239576E-1));
#6454=CARTESIAN_POINT('',(-3.577630079343E1,3.046657254538E0,4.179613850937E0));
#6455=CARTESIAN_POINT('',(-3.539089730428E1,3.046657254538E0,7.973919713489E0));
#6456=CARTESIAN_POINT('',(-3.486018397156E1,3.046657254538E0,1.128837907384E1));
#6457=CARTESIAN_POINT('',(-3.440107481467E1,3.046657254538E0,1.344649079940E1));
#6458=CARTESIAN_POINT('',(-3.414394540105E1,3.046657254538E0,1.451433935513E1));
#6459=CARTESIAN_POINT('',(-3.411727478388E1,3.046657254538E0,1.462378401484E1));
#6460=CARTESIAN_POINT('',(-3.271051927332E1,2.997859944223E0,
-1.936994734258E1));
#6461=CARTESIAN_POINT('',(-3.301473168540E1,2.997859944223E0,
-1.844970207177E1));
#6462=CARTESIAN_POINT('',(-3.363986429043E1,2.997859944223E0,
-1.639757504965E1));
#6463=CARTESIAN_POINT('',(-3.447875886761E1,2.997859944223E0,
-1.302146997517E1));
#6464=CARTESIAN_POINT('',(-3.521056499959E1,2.997859944223E0,
-9.057962808397E0));
#6465=CARTESIAN_POINT('',(-3.571193695141E1,2.997859944223E0,
-4.649510880941E0));
#6466=CARTESIAN_POINT('',(-3.588411019263E1,2.997859944223E0,
-1.069256682188E-1));
#6467=CARTESIAN_POINT('',(-3.573176881239E1,2.997859944223E0,4.176596195938E0));
#6468=CARTESIAN_POINT('',(-3.534664359869E1,2.997859944223E0,7.968162384863E0));
#6469=CARTESIAN_POINT('',(-3.481631351190E1,2.997859944223E0,1.128022823439E1));
#6470=CARTESIAN_POINT('',(-3.435753594995E1,2.997859944223E0,1.343678122428E1));
#6471=CARTESIAN_POINT('',(-3.410059227545E1,2.997859944223E0,1.450385841640E1));
#6472=CARTESIAN_POINT('',(-3.407394092423E1,2.997859944223E0,1.461322401746E1));
#6473=CARTESIAN_POINT('',(-3.264778487592E1,3.000055144941E0,
-1.934920870909E1));
#6474=CARTESIAN_POINT('',(-3.295167135272E1,3.000055144941E0,
-1.842994939517E1));
#6475=CARTESIAN_POINT('',(-3.357613431353E1,3.000055144941E0,
-1.638002064836E1));
#6476=CARTESIAN_POINT('',(-3.441413053663E1,3.000055144941E0,
-1.300753103386E1));
#6477=CARTESIAN_POINT('',(-3.514515319084E1,3.000055144941E0,
-9.048267314958E0));
#6478=CARTESIAN_POINT('',(-3.564598846912E1,3.000055144941E0,
-4.644534349545E0));
#6479=CARTESIAN_POINT('',(-3.581797743168E1,3.000055144941E0,
-1.068112215129E-1));
#6480=CARTESIAN_POINT('',(-3.566579910429E1,3.000055144941E0,4.172125839695E0));
#6481=CARTESIAN_POINT('',(-3.528108612803E1,3.000055144941E0,7.959633474177E0));
#6482=CARTESIAN_POINT('',(-3.475132378203E1,3.000055144941E0,1.126815357509E1));
#6483=CARTESIAN_POINT('',(-3.429303744506E1,3.000055144941E0,1.342239745286E1));
#6484=CARTESIAN_POINT('',(-3.403636892463E1,3.000055144941E0,1.448833194639E1));
#6485=CARTESIAN_POINT('',(-3.400974611401E1,3.000055144941E0,1.459758042989E1));
#6486=(BOUNDED_SURFACE()B_SPLINE_SURFACE(3,3,((#6434,#6435,#6436,#6437,#6438,
#6439,#6440,#6441,#6442,#6443,#6444,#6445,#6446),(#6447,#6448,#6449,#6450,#6451,
#6452,#6453,#6454,#6455,#6456,#6457,#6458,#6459),(#6460,#6461,#6462,#6463,#6464,
#6465,#6466,#6467,#6468,#6469,#6470,#6471,#6472),(#6473,#6474,#6475,#6476,#6477,
#6478,#6479,#6480,#6481,#6482,#6483,#6484,#6485)),.UNSPECIFIED.,.F.,.F.,.F.)B_SPLINE_SURFACE_WITH_KNOTS((4,4),(4,1,1,1,1,1,1,1,1,1,4),(0.E0,1.E0),(
8.743995458778E-1,8.851043541823E-1,8.980861737825E-1,9.128044612450E-1,
9.295934908338E-1,9.470500737930E-1,9.629669311735E-1,9.768997176281E-1,
9.891200222111E-1,1.E0,1.001243378399E0),.UNSPECIFIED.)GEOMETRIC_REPRESENTATION_ITEM()RATIONAL_B_SPLINE_SURFACE(((1.212280764114E0,1.212280764114E0,
1.212280764114E0,1.212280764114E0,1.212280764114E0,1.212280764114E0,
1.212280764114E0,1.212280764114E0,1.212280764114E0,1.212280764114E0,
1.212280764114E0,1.212280764114E0,1.212280764114E0),(9.292397452952E-1,
9.292397452952E-1,9.292397452952E-1,9.292397452952E-1,9.292397452952E-1,
9.292397452952E-1,9.292397452952E-1,9.292397452952E-1,9.292397452952E-1,
9.292397452952E-1,9.292397452952E-1,9.292397452952E-1,9.292397452952E-1),(
9.292397452952E-1,9.292397452952E-1,9.292397452952E-1,9.292397452952E-1,
9.292397452952E-1,9.292397452952E-1,9.292397452952E-1,9.292397452952E-1,
9.292397452952E-1,9.292397452952E-1,9.292397452952E-1,9.292397452952E-1,
9.292397452952E-1),(1.212280764114E0,1.212280764114E0,1.212280764114E0,
1.212280764114E0,1.212280764114E0,1.212280764114E0,1.212280764114E0,
1.212280764114E0,1.212280764114E0,1.212280764114E0,1.212280764114E0,
1.212280764114E0,1.212280764114E0)))REPRESENTATION_ITEM('')SURFACE());
#6487=ORIENTED_EDGE('',*,*,#5514,.T.);
#6489=ORIENTED_EDGE('',*,*,#6488,.F.);
#6490=ORIENTED_EDGE('',*,*,#6230,.F.);
#6492=ORIENTED_EDGE('',*,*,#6491,.T.);
#6493=EDGE_LOOP('',(#6487,#6489,#6490,#6492));
#6494=FACE_OUTER_BOUND('',#6493,.F.);
#6495=ADVANCED_FACE('',(#6494),#6486,.F.);
#6496=CARTESIAN_POINT('',(-3.423058425381E1,3.112111411291E0,1.410207730246E1));
#6497=CARTESIAN_POINT('',(-3.421765814120E1,3.112111411291E0,1.416605890215E1));
#6498=CARTESIAN_POINT('',(-3.415617485428E1,3.112111411291E0,1.444556659936E1));
#6499=CARTESIAN_POINT('',(-3.401584073687E1,3.112111411290E0,1.491389850210E1));
#6500=CARTESIAN_POINT('',(-3.377923043395E1,3.112111411290E0,1.547421617355E1));
#6501=CARTESIAN_POINT('',(-3.351233211826E1,3.112111411290E0,1.596310517875E1));
#6502=CARTESIAN_POINT('',(-3.322623736195E1,3.112111411290E0,1.638627439992E1));
#6503=CARTESIAN_POINT('',(-3.293006602689E1,3.112111411290E0,1.674833250544E1));
#6504=CARTESIAN_POINT('',(-3.263112777933E1,3.112111411290E0,1.705402815928E1));
#6505=CARTESIAN_POINT('',(-3.233438950772E1,3.112111411290E0,1.730894514961E1));
#6506=CARTESIAN_POINT('',(-3.204273932141E1,3.112111411290E0,1.751874446157E1));
#6507=CARTESIAN_POINT('',(-3.175816058827E1,3.112111411290E0,1.768825544889E1));
#6508=CARTESIAN_POINT('',(-3.148350789439E1,3.112111411290E0,1.782097237896E1));
#6509=CARTESIAN_POINT('',(-3.121884032964E1,3.112111411290E0,1.792137246287E1));
#6510=CARTESIAN_POINT('',(-3.095616197961E1,3.112111411290E0,1.799512618533E1));
#6511=CARTESIAN_POINT('',(-3.067834824747E1,3.112111411290E0,1.804512700156E1));
#6512=CARTESIAN_POINT('',(-3.041719534492E1,3.112111411290E0,1.806221822239E1));
#6513=CARTESIAN_POINT('',(-3.024754918002E1,3.112111411290E0,1.805499010367E1));
#6514=CARTESIAN_POINT('',(-3.018080787342E1,3.112111411290E0,1.804909363559E1));
#6515=CARTESIAN_POINT('',(-3.423842314122E1,3.046568064999E0,1.410366044692E1));
#6516=CARTESIAN_POINT('',(-3.422547879949E1,3.046568064999E0,1.416773205222E1));
#6517=CARTESIAN_POINT('',(-3.416390942592E1,3.046568064999E0,1.444763076103E1));
#6518=CARTESIAN_POINT('',(-3.402338248515E1,3.046568064999E0,1.491660510047E1));
#6519=CARTESIAN_POINT('',(-3.378644843979E1,3.046568064999E0,1.547769001908E1));
#6520=CARTESIAN_POINT('',(-3.351917753288E1,3.046568064999E0,1.596726272368E1));
#6521=CARTESIAN_POINT('',(-3.323266750602E1,3.046568064999E0,1.639104763773E1));
#6522=CARTESIAN_POINT('',(-3.293604227900E1,3.046568064999E0,1.675366215890E1));
#6523=CARTESIAN_POINT('',(-3.263661441800E1,3.046568064999E0,1.705986006058E1));
#6524=CARTESIAN_POINT('',(-3.233935195819E1,3.046568064999E0,1.731522891731E1));
#6525=CARTESIAN_POINT('',(-3.204714233933E1,3.046568064999E0,1.752543221077E1));
#6526=CARTESIAN_POINT('',(-3.176196811303E1,3.046568064999E0,1.769529945247E1));
#6527=CARTESIAN_POINT('',(-3.148668705025E1,3.046568064999E0,1.782832153493E1));
#6528=CARTESIAN_POINT('',(-3.122135795589E1,3.046568064999E0,1.792897400324E1));
#6529=CARTESIAN_POINT('',(-3.095796421029E1,3.046568064999E0,1.800293004862E1));
#6530=CARTESIAN_POINT('',(-3.067932626738E1,3.046568064999E0,1.805308108082E1));
#6531=CARTESIAN_POINT('',(-3.041732607930E1,3.046568064999E0,1.807023012728E1));
#6532=CARTESIAN_POINT('',(-3.024708941403E1,3.046568064999E0,1.806297753647E1));
#6533=CARTESIAN_POINT('',(-3.018010951659E1,3.046568064999E0,1.805706010222E1));
#6534=CARTESIAN_POINT('',(-3.419471984529E1,2.997864551486E0,1.409483411392E1));
#6535=CARTESIAN_POINT('',(-3.418187713438E1,2.997864551486E0,1.415840392072E1));
#6536=CARTESIAN_POINT('',(-3.412078771035E1,2.997864551486E0,1.443612266509E1));
#6537=CARTESIAN_POINT('',(-3.398133579670E1,2.997864551486E0,1.490151529710E1));
#6538=CARTESIAN_POINT('',(-3.374620667728E1,2.997864551486E0,1.545832266609E1));
#6539=CARTESIAN_POINT('',(-3.348101303765E1,2.997864551486E0,1.594408361585E1));
#6540=CARTESIAN_POINT('',(-3.319681822352E1,2.997864551486E0,1.636443592438E1));
#6541=CARTESIAN_POINT('',(-3.290272353096E1,2.997864551486E0,1.672394832195E1));
#6542=CARTESIAN_POINT('',(-3.260602535847E1,2.997864551486E0,1.702734609587E1));
#6543=CARTESIAN_POINT('',(-3.231168534813E1,2.997864551486E0,1.728019571105E1));
#6544=CARTESIAN_POINT('',(-3.202259467264E1,2.997864551486E0,1.748814673043E1));
#6545=CARTESIAN_POINT('',(-3.174074043454E1,2.997864551486E0,1.765602778584E1));
#6546=CARTESIAN_POINT('',(-3.146896264851E1,2.997864551486E0,1.778734858538E1));
#6547=CARTESIAN_POINT('',(-3.120732170822E1,2.997864551486E0,1.788659396245E1));
#6548=CARTESIAN_POINT('',(-3.094791642971E1,2.997864551486E0,1.795942201883E1));
#6549=CARTESIAN_POINT('',(-3.067387361940E1,2.997864551486E0,1.800873556830E1));
#6550=CARTESIAN_POINT('',(-3.041659721012E1,2.997864551486E0,1.802556222583E1));
#6551=CARTESIAN_POINT('',(-3.024965269734E1,2.997864551486E0,1.801844607155E1));
#6552=CARTESIAN_POINT('',(-3.018400298942E1,2.997864551486E0,1.801264552778E1));
#6553=CARTESIAN_POINT('',(-3.413003231626E1,3.000055042425E0,1.408176979782E1));
#6554=CARTESIAN_POINT('',(-3.411734003442E1,3.000055042425E0,1.414459686648E1));
#6555=CARTESIAN_POINT('',(-3.405696100875E1,3.000055042425E0,1.441908893172E1));
#6556=CARTESIAN_POINT('',(-3.391910029887E1,3.000055042425E0,1.487918009164E1));
#6557=CARTESIAN_POINT('',(-3.368664274452E1,3.000055042425E0,1.542965603622E1));
#6558=CARTESIAN_POINT('',(-3.342452377659E1,3.000055042425E0,1.590977500872E1));
#6559=CARTESIAN_POINT('',(-3.314375582966E1,3.000055042425E0,1.632504653867E1));
#6560=CARTESIAN_POINT('',(-3.285340671320E1,3.000055042425E0,1.667996732122E1));
#6561=CARTESIAN_POINT('',(-3.256074889513E1,3.000055042425E0,1.697922047991E1));
#6562=CARTESIAN_POINT('',(-3.227073455475E1,3.000055042425E0,1.722834123421E1));
#6563=CARTESIAN_POINT('',(-3.198626039012E1,3.000055042425E0,1.743295854518E1));
#6564=CARTESIAN_POINT('',(-3.170932023981E1,3.000055042425E0,1.759789974259E1));
#6565=CARTESIAN_POINT('',(-3.144272783652E1,3.000055042425E0,1.772670238452E1));
#6566=CARTESIAN_POINT('',(-3.118654592554E1,3.000055042425E0,1.782386505240E1));
#6567=CARTESIAN_POINT('',(-3.093304418531E1,3.000055042425E0,1.789502351340E1));
#6568=CARTESIAN_POINT('',(-3.066580287057E1,3.000055042425E0,1.794309746098E1));
#6569=CARTESIAN_POINT('',(-3.041551837281E1,3.000055042425E0,1.795944693384E1));
#6570=CARTESIAN_POINT('',(-3.025344674674E1,3.000055042425E0,1.795253272637E1));
#6571=CARTESIAN_POINT('',(-3.018976592173E1,3.000055042425E0,1.794690519833E1));
#6572=(BOUNDED_SURFACE()B_SPLINE_SURFACE(3,3,((#6496,#6497,#6498,#6499,#6500,
#6501,#6502,#6503,#6504,#6505,#6506,#6507,#6508,#6509,#6510,#6511,#6512,#6513,
#6514),(#6515,#6516,#6517,#6518,#6519,#6520,#6521,#6522,#6523,#6524,#6525,#6526,
#6527,#6528,#6529,#6530,#6531,#6532,#6533),(#6534,#6535,#6536,#6537,#6538,#6539,
#6540,#6541,#6542,#6543,#6544,#6545,#6546,#6547,#6548,#6549,#6550,#6551,#6552),(
#6553,#6554,#6555,#6556,#6557,#6558,#6559,#6560,#6561,#6562,#6563,#6564,#6565,
#6566,#6567,#6568,#6569,#6570,#6571)),.UNSPECIFIED.,.F.,.F.,.F.)B_SPLINE_SURFACE_WITH_KNOTS((4,4),(4,1,1,1,1,1,1,1,1,1,1,1,1,1,1,1,4),(0.E0,1.E0),(
-3.435313209861E-2,0.E0,1.162131070364E-1,2.223024438791E-1,3.195585461280E-1,
4.087995781689E-1,4.905155570025E-1,5.649893056801E-1,6.329142922372E-1,
6.953057205906E-1,7.527731577332E-1,8.057319190149E-1,8.541253842223E-1,
8.998312836094E-1,9.471229442897E-1,1.E0,1.034477472117E0),.UNSPECIFIED.)GEOMETRIC_REPRESENTATION_ITEM()RATIONAL_B_SPLINE_SURFACE(((1.211832524198E0,
1.211832524198E0,1.211832524198E0,1.211832524198E0,1.211832524198E0,
1.211832524198E0,1.211832524198E0,1.211832524198E0,1.211832524198E0,
1.211832524198E0,1.211832524198E0,1.211832524198E0,1.211832524198E0,
1.211832524198E0,1.211832524198E0,1.211832524198E0,1.211832524198E0,
1.211832524198E0,1.211832524198E0),(9.293891586007E-1,9.293891586007E-1,
9.293891586007E-1,9.293891586007E-1,9.293891586007E-1,9.293891586007E-1,
9.293891586007E-1,9.293891586007E-1,9.293891586007E-1,9.293891586007E-1,
9.293891586007E-1,9.293891586007E-1,9.293891586007E-1,9.293891586007E-1,
9.293891586007E-1,9.293891586007E-1,9.293891586007E-1,9.293891586007E-1,
9.293891586007E-1),(9.293891586007E-1,9.293891586007E-1,9.293891586007E-1,
9.293891586007E-1,9.293891586007E-1,9.293891586007E-1,9.293891586007E-1,
9.293891586007E-1,9.293891586007E-1,9.293891586007E-1,9.293891586007E-1,
9.293891586007E-1,9.293891586007E-1,9.293891586007E-1,9.293891586007E-1,
9.293891586007E-1,9.293891586007E-1,9.293891586007E-1,9.293891586007E-1),(
1.211832524198E0,1.211832524198E0,1.211832524198E0,1.211832524198E0,
1.211832524198E0,1.211832524198E0,1.211832524198E0,1.211832524198E0,
1.211832524198E0,1.211832524198E0,1.211832524198E0,1.211832524198E0,
1.211832524198E0,1.211832524198E0,1.211832524198E0,1.211832524198E0,
1.211832524198E0,1.211832524198E0,1.211832524198E0)))REPRESENTATION_ITEM('')SURFACE());
#6574=ORIENTED_EDGE('',*,*,#6573,.F.);
#6575=ORIENTED_EDGE('',*,*,#6488,.T.);
#6576=ORIENTED_EDGE('',*,*,#5512,.T.);
#6577=ORIENTED_EDGE('',*,*,#5536,.F.);
#6578=EDGE_LOOP('',(#6574,#6575,#6576,#6577));
#6579=FACE_OUTER_BOUND('',#6578,.F.);
#6580=ADVANCED_FACE('',(#6579),#6572,.F.);
#6581=CARTESIAN_POINT('',(-3.417026314856E1,3.617686155787E0,1.307454830622E1));
#6582=CARTESIAN_POINT('',(-3.406749889316E1,3.946427249144E0,1.340328939958E1));
#6583=CARTESIAN_POINT('',(-3.366948078653E1,5.129173265531E0,1.458603541596E1));
#6584=CARTESIAN_POINT('',(-3.280265933287E1,7.169773858654E0,1.662663600909E1));
#6585=CARTESIAN_POINT('',(-3.139401981139E1,9.673892791911E0,1.913075494234E1));
#6586=CARTESIAN_POINT('',(-2.969667917269E1,1.204889058802E1,2.150575273845E1));
#6587=CARTESIAN_POINT('',(-2.781855642281E1,1.418659477170E1,2.364345692213E1));
#6588=CARTESIAN_POINT('',(-2.586825263595E1,1.604070071244E1,2.549756286288E1));
#6589=CARTESIAN_POINT('',(-2.391351494983E1,1.762429985569E1,2.708116200612E1));
#6590=CARTESIAN_POINT('',(-2.196599151974E1,1.898663566619E1,2.844349781662E1));
#6591=CARTESIAN_POINT('',(-1.999297612614E1,2.018493043404E1,2.964179258448E1));
#6592=CARTESIAN_POINT('',(-1.794718413261E1,2.126069595836E1,3.071755810880E1));
#6593=CARTESIAN_POINT('',(-1.579939157628E1,2.222817124159E1,3.168503339202E1));
#6594=CARTESIAN_POINT('',(-1.355349265283E1,2.307983557471E1,3.253669772514E1));
#6595=CARTESIAN_POINT('',(-1.122484948216E1,2.380540425378E1,3.326226640421E1));
#6596=CARTESIAN_POINT('',(-8.784357165279E0,2.440783948117E1,3.386470163160E1));
#6597=CARTESIAN_POINT('',(-6.147739143908E0,2.488857555197E1,3.434543770240E1));
#6598=CARTESIAN_POINT('',(-3.199646778965E0,2.522549097319E1,3.468235312362E1));
#6599=CARTESIAN_POINT('',(-9.401333091482E-1,2.531462199511E1,
3.477148414554E1));
#6600=CARTESIAN_POINT('',(3.341955167107E-1,2.530703500941E1,3.476389715984E1));
#6601=CARTESIAN_POINT('',(5.012365189393E-1,2.530504256312E1,3.476190471355E1));
#6602=CARTESIAN_POINT('',(-3.490194103795E1,2.086676349327E0,1.483428049931E1));
#6603=CARTESIAN_POINT('',(-3.479744397826E1,2.420960534580E0,1.516856468456E1));
#6604=CARTESIAN_POINT('',(-3.439270555213E1,3.623677525441E0,1.637128167542E1));
#6605=CARTESIAN_POINT('',(-3.351116735767E1,5.698953430173E0,1.844655758015E1));
#6606=CARTESIAN_POINT('',(-3.207827182846E1,8.246240479272E0,2.099384462925E1));
#6607=CARTESIAN_POINT('',(-3.035111042587E1,1.066301831108E1,2.341062246105E1));
#6608=CARTESIAN_POINT('',(-2.843914843769E1,1.283928921288E1,2.558689336286E1));
#6609=CARTESIAN_POINT('',(-2.645268700046E1,1.472781214326E1,2.747541629324E1));
#6610=CARTESIAN_POINT('',(-2.446060125981E1,1.634170302616E1,2.908930717613E1));
#6611=CARTESIAN_POINT('',(-2.247471169466E1,1.773090591646E1,3.047851006644E1));
#6612=CARTESIAN_POINT('',(-2.046161049262E1,1.895357296949E1,3.170117711947E1));
#6613=CARTESIAN_POINT('',(-1.837292712095E1,2.005191910648E1,3.279952325646E1));
#6614=CARTESIAN_POINT('',(-1.617863316515E1,2.104036850858E1,3.378797265856E1));
#6615=CARTESIAN_POINT('',(-1.388251734216E1,2.191110321794E1,3.465870736792E1));
#6616=CARTESIAN_POINT('',(-1.150017823256E1,2.265342880269E1,3.540103295267E1));
#6617=CARTESIAN_POINT('',(-9.001814737392E0,2.327017355725E1,3.601777770723E1));
#6618=CARTESIAN_POINT('',(-6.301126590281E0,2.376261504475E1,3.651021919473E1));
#6619=CARTESIAN_POINT('',(-3.279954247352E0,2.410790393105E1,3.685550808103E1));
#6620=CARTESIAN_POINT('',(-9.637303117094E-1,2.419928017214E1,
3.694688432212E1));
#6621=CARTESIAN_POINT('',(3.425836699815E-1,2.419150174824E1,3.693910589822E1));
#6622=CARTESIAN_POINT('',(5.13816747E-1,2.418945898693E1,3.693706313691E1));
#6623=CARTESIAN_POINT('',(-3.337603571441E1,5.189199515190E-1,
1.592503914656E1));
#6624=CARTESIAN_POINT('',(-3.327515239695E1,8.416440861609E-1,
1.624776328120E1));
#6625=CARTESIAN_POINT('',(-3.288442911525E1,2.002711853082E0,1.740883104813E1));
#6626=CARTESIAN_POINT('',(-3.203358250442E1,4.005672817939E0,1.941179201298E1));
#6627=CARTESIAN_POINT('',(-3.065127258381E1,6.462933287411E0,2.186905248246E1));
#6628=CARTESIAN_POINT('',(-2.898630202097E1,8.792579363818E0,2.419869855886E1));
#6629=CARTESIAN_POINT('',(-2.714491135196E1,1.088841984487E1,2.629453903991E1));
#6630=CARTESIAN_POINT('',(-2.523385625403E1,1.270516656270E1,2.811128575775E1));
#6631=CARTESIAN_POINT('',(-2.331965942607E1,1.425588439164E1,2.966200358668E1));
#6632=CARTESIAN_POINT('',(-2.141378196812E1,1.558905631436E1,3.099517550940E1));
#6633=CARTESIAN_POINT('',(-1.948427923119E1,1.676089526361E1,3.216701445865E1));
#6634=CARTESIAN_POINT('',(-1.748504530604E1,1.781214980800E1,3.321826900304E1));
#6635=CARTESIAN_POINT('',(-1.538772945225E1,1.875685794073E1,3.416297713577E1));
#6636=CARTESIAN_POINT('',(-1.319634036140E1,1.958782161280E1,3.499394080785E1));
#6637=CARTESIAN_POINT('',(-1.092598347821E1,2.029520087491E1,3.570132006996E1));
#6638=CARTESIAN_POINT('',(-8.548309620258E0,2.088210328492E1,3.628822247996E1));
#6639=CARTESIAN_POINT('',(-5.981238939746E0,2.135013326851E1,3.675625246355E1));
#6640=CARTESIAN_POINT('',(-3.112474000499E0,2.167795939539E1,3.708407859044E1));
#6641=CARTESIAN_POINT('',(-9.145190503745E-1,2.176465325927E1,
3.717077245432E1));
#6642=CARTESIAN_POINT('',(3.250902785367E-1,2.175727407740E1,3.716339327245E1));
#6643=CARTESIAN_POINT('',(4.875808346573E-1,2.175533624745E1,3.716145544250E1));
#6644=CARTESIAN_POINT('',(-3.100854322641E1,3.692495984542E-1,
1.533463174133E1));
#6645=CARTESIAN_POINT('',(-3.091326674933E1,6.740379329124E-1,
1.563942007579E1));
#6646=CARTESIAN_POINT('',(-3.054428842693E1,1.770485553822E0,1.673586769670E1));
#6647=CARTESIAN_POINT('',(-2.974106082140E1,3.661247501948E0,1.862662964482E1));
#6648=CARTESIAN_POINT('',(-2.843723614264E1,5.978828760858E0,2.094421090373E1));
#6649=CARTESIAN_POINT('',(-2.686875672095E1,8.173287042068E0,2.313866918494E1));
#6650=CARTESIAN_POINT('',(-2.513685978357E1,1.014433706986E1,2.510971921274E1));
#6651=CARTESIAN_POINT('',(-2.334280011063E1,1.184972062420E1,2.681510276708E1));
#6652=CARTESIAN_POINT('',(-2.154945050226E1,1.330242337423E1,2.826780551711E1));
#6653=CARTESIAN_POINT('',(-1.976771447027E1,1.454866140086E1,2.951404354373E1));
#6654=CARTESIAN_POINT('',(-1.796791751200E1,1.564163886898E1,3.060702101186E1));
#6655=CARTESIAN_POINT('',(-1.610746735634E1,1.661982925271E1,3.158521139559E1));
#6656=CARTESIAN_POINT('',(-1.416061622962E1,1.749667136187E1,3.246205350474E1));
#6657=CARTESIAN_POINT('',(-1.213171412129E1,1.826592895653E1,3.323131109941E1));
#6658=CARTESIAN_POINT('',(-1.003510135951E1,1.891908784529E1,3.388446998817E1));
#6659=CARTESIAN_POINT('',(-7.844681458328E0,1.945968887245E1,3.442507101533E1));
#6660=CARTESIAN_POINT('',(-5.484922688693E0,1.988984360178E1,3.485522574466E1));
#6661=CARTESIAN_POINT('',(-2.852622868063E0,2.019057568089E1,3.515595782376E1));
#6662=CARTESIAN_POINT('',(-8.381661536792E-1,2.027000468193E1,
3.523538682481E1));
#6663=CARTESIAN_POINT('',(2.979487041571E-1,2.026324493725E1,3.522862708013E1));
#6664=CARTESIAN_POINT('',(4.468749504660E-1,2.026146991178E1,3.522685205466E1));
#6665=(BOUNDED_SURFACE()B_SPLINE_SURFACE(3,3,((#6581,#6582,#6583,#6584,#6585,
#6586,#6587,#6588,#6589,#6590,#6591,#6592,#6593,#6594,#6595,#6596,#6597,#6598,
#6599,#6600,#6601),(#6602,#6603,#6604,#6605,#6606,#6607,#6608,#6609,#6610,#6611,
#6612,#6613,#6614,#6615,#6616,#6617,#6618,#6619,#6620,#6621,#6622),(#6623,#6624,
#6625,#6626,#6627,#6628,#6629,#6630,#6631,#6632,#6633,#6634,#6635,#6636,#6637,
#6638,#6639,#6640,#6641,#6642,#6643),(#6644,#6645,#6646,#6647,#6648,#6649,#6650,
#6651,#6652,#6653,#6654,#6655,#6656,#6657,#6658,#6659,#6660,#6661,#6662,#6663,
#6664)),.UNSPECIFIED.,.F.,.F.,.F.)B_SPLINE_SURFACE_WITH_KNOTS((4,4),(4,1,1,1,1,
1,1,1,1,1,1,1,1,1,1,1,1,1,4),(0.E0,1.E0),(7.286893814448E-1,7.365793878827E-1,
7.571758821284E-1,7.785619429065E-1,7.996153546218E-1,8.193648008013E-1,
8.373166548376E-1,8.535009353320E-1,8.683185090594E-1,8.823666374994E-1,
8.962049451149E-1,9.101062643485E-1,9.240289443884E-1,9.378176308677E-1,
9.515782272930E-1,9.660813404306E-1,9.820350286737E-1,1.E0,1.002711010626E0),
.UNSPECIFIED.)GEOMETRIC_REPRESENTATION_ITEM()RATIONAL_B_SPLINE_SURFACE(((
1.302071085947E0,1.302071085947E0,1.302071085947E0,1.302071085947E0,
1.302071085947E0,1.302071085947E0,1.302071085947E0,1.302071085947E0,
1.302071085947E0,1.302071085947E0,1.302071085947E0,1.302071085947E0,
1.302071085947E0,1.302071085947E0,1.302071085947E0,1.302071085947E0,
1.302071085947E0,1.302071085947E0,1.302071085947E0,1.302071085947E0,
1.302071085947E0),(8.993096380176E-1,8.993096380176E-1,8.993096380176E-1,
8.993096380176E-1,8.993096380176E-1,8.993096380176E-1,8.993096380176E-1,
8.993096380176E-1,8.993096380176E-1,8.993096380176E-1,8.993096380176E-1,
8.993096380176E-1,8.993096380176E-1,8.993096380176E-1,8.993096380176E-1,
8.993096380176E-1,8.993096380176E-1,8.993096380176E-1,8.993096380176E-1,
8.993096380176E-1,8.993096380176E-1),(8.993096380176E-1,8.993096380176E-1,
8.993096380176E-1,8.993096380176E-1,8.993096380176E-1,8.993096380176E-1,
8.993096380176E-1,8.993096380176E-1,8.993096380176E-1,8.993096380176E-1,
8.993096380176E-1,8.993096380176E-1,8.993096380176E-1,8.993096380176E-1,
8.993096380176E-1,8.993096380176E-1,8.993096380176E-1,8.993096380176E-1,
8.993096380176E-1,8.993096380176E-1,8.993096380176E-1),(1.302071085947E0,
1.302071085947E0,1.302071085947E0,1.302071085947E0,1.302071085947E0,
1.302071085947E0,1.302071085947E0,1.302071085947E0,1.302071085947E0,
1.302071085947E0,1.302071085947E0,1.302071085947E0,1.302071085947E0,
1.302071085947E0,1.302071085947E0,1.302071085947E0,1.302071085947E0,
1.302071085947E0,1.302071085947E0,1.302071085947E0,1.302071085947E0)))REPRESENTATION_ITEM('')SURFACE());
#6666=ORIENTED_EDGE('',*,*,#6573,.T.);
#6667=ORIENTED_EDGE('',*,*,#5729,.T.);
#6668=ORIENTED_EDGE('',*,*,#5819,.F.);
#6669=ORIENTED_EDGE('',*,*,#6232,.F.);
#6670=EDGE_LOOP('',(#6666,#6667,#6668,#6669));
#6671=FACE_OUTER_BOUND('',#6670,.F.);
#6672=ADVANCED_FACE('',(#6671),#6665,.F.);
#6673=CARTESIAN_POINT('',(-3.280852154141E1,3.050333377392E0,
-1.920645873848E1));
#6674=CARTESIAN_POINT('',(-3.280867110402E1,3.051178729732E0,
-1.920575298164E1));
#6675=CARTESIAN_POINT('',(-3.281128718402E1,3.065675743331E0,
-1.919347155606E1));
#6676=CARTESIAN_POINT('',(-3.281770873385E1,3.091217358899E0,
-1.916587035390E1));
#6677=CARTESIAN_POINT('',(-3.283037051552E1,3.118918968707E0,
-1.911651378512E1));
#6678=CARTESIAN_POINT('',(-3.284094068940E1,3.129357143063E0,
-1.907768842801E1));
#6679=CARTESIAN_POINT('',(-3.284684212136E1,3.131955874767E0,
-1.905653766351E1));
#6680=CARTESIAN_POINT('',(-3.284716320088E1,3.132088204260E0,
-1.905538811222E1));
#6681=CARTESIAN_POINT('',(-3.283255506917E1,2.996830666837E0,
-1.915676354864E1));
#6682=CARTESIAN_POINT('',(-3.283269874319E1,2.997382761072E0,
-1.915637052163E1));
#6683=CARTESIAN_POINT('',(-3.283521154630E1,3.006874205605E0,
-1.914952282985E1));
#6684=CARTESIAN_POINT('',(-3.284140128338E1,3.024425266166E0,
-1.913383767070E1));
#6685=CARTESIAN_POINT('',(-3.285373629792E1,3.045808280861E0,
-1.910399443114E1));
#6686=CARTESIAN_POINT('',(-3.286414517512E1,3.055754675662E0,
-1.907893371358E1));
#6687=CARTESIAN_POINT('',(-3.286998981402E1,3.059116414770E0,
-1.906481567140E1));
#6688=CARTESIAN_POINT('',(-3.287030787283E1,3.059293153636E0,
-1.906404704454E1));
#6689=CARTESIAN_POINT('',(-3.278705464935E1,2.959286082490E0,
-1.910746986631E1));
#6690=CARTESIAN_POINT('',(-3.278720947169E1,2.959624127928E0,
-1.910722936836E1));
#6691=CARTESIAN_POINT('',(-3.278991779924E1,2.965435759813E0,
-1.910303916200E1));
#6692=CARTESIAN_POINT('',(-3.279654640562E1,2.976184152065E0,
-1.909344040426E1));
#6693=CARTESIAN_POINT('',(-3.280950005765E1,2.989284227930E0,
-1.907517281342E1));
#6694=CARTESIAN_POINT('',(-3.282021430271E1,2.995381339351E0,
-1.905982887935E1));
#6695=CARTESIAN_POINT('',(-3.282616646257E1,2.997443426966E0,
-1.905118377151E1));
#6696=CARTESIAN_POINT('',(-3.282649024021E1,2.997551844667E0,
-1.905071310410E1));
#6697=CARTESIAN_POINT('',(-3.271120784732E1,2.970035168920E0,
-1.910103223158E1));
#6698=CARTESIAN_POINT('',(-3.271138125330E1,2.970422725943E0,
-1.910065269520E1));
#6699=CARTESIAN_POINT('',(-3.271441550980E1,2.977049566831E0,
-1.909405494734E1));
#6700=CARTESIAN_POINT('',(-3.272177568817E1,2.988042024709E0,
-1.907947099221E1));
#6701=CARTESIAN_POINT('',(-3.273576057630E1,2.998028558947E0,
-1.905487175850E1));
#6702=CARTESIAN_POINT('',(-3.274698385347E1,3.000234106288E0,
-1.903682810185E1));
#6703=CARTESIAN_POINT('',(-3.275311524512E1,3.000053217754E0,
-1.902738253612E1));
#6704=CARTESIAN_POINT('',(-3.275344855574E1,3.000039425848E0,
-1.902687024347E1));
#6705=(BOUNDED_SURFACE()B_SPLINE_SURFACE(3,3,((#6673,#6674,#6675,#6676,#6677,
#6678,#6679,#6680),(#6681,#6682,#6683,#6684,#6685,#6686,#6687,#6688),(#6689,
#6690,#6691,#6692,#6693,#6694,#6695,#6696),(#6697,#6698,#6699,#6700,#6701,#6702,
#6703,#6704)),.UNSPECIFIED.,.F.,.F.,.F.)B_SPLINE_SURFACE_WITH_KNOTS((4,4),(4,1,
1,1,1,4),(0.E0,1.E0),(-2.E-2,0.E0,3.248795641701E-1,6.515406812856E-1,1.E0,
1.02E0),.UNSPECIFIED.)GEOMETRIC_REPRESENTATION_ITEM()RATIONAL_B_SPLINE_SURFACE((
(1.274395606167E0,1.274395606167E0,1.274395606167E0,1.274395606167E0,
1.274395606167E0,1.274395606167E0,1.274395606167E0,1.274395606167E0),(
9.085347979445E-1,9.085347979445E-1,9.085347979445E-1,9.085347979445E-1,
9.085347979445E-1,9.085347979445E-1,9.085347979445E-1,9.085347979445E-1),(
9.085347979445E-1,9.085347979445E-1,9.085347979445E-1,9.085347979445E-1,
9.085347979445E-1,9.085347979445E-1,9.085347979445E-1,9.085347979445E-1),(
1.274395606167E0,1.274395606167E0,1.274395606167E0,1.274395606167E0,
1.274395606167E0,1.274395606167E0,1.274395606167E0,1.274395606167E0)))REPRESENTATION_ITEM('')SURFACE());
#6706=ORIENTED_EDGE('',*,*,#6242,.T.);
#6707=ORIENTED_EDGE('',*,*,#6154,.F.);
#6708=ORIENTED_EDGE('',*,*,#6030,.F.);
#6709=ORIENTED_EDGE('',*,*,#6491,.F.);
#6710=EDGE_LOOP('',(#6706,#6707,#6708,#6709));
#6711=FACE_OUTER_BOUND('',#6710,.F.);
#6712=ADVANCED_FACE('',(#6711),#6705,.F.);
#6713=CARTESIAN_POINT('',(6.964755802382E-1,3.193676191527E1,
-2.205566384100E1));
#6714=CARTESIAN_POINT('',(4.644498678987E-1,3.193904755377E1,
-2.206301156681E1));
#6715=CARTESIAN_POINT('',(-4.108997696051E-1,3.194334317123E1,
-2.207684596741E1));
#6716=CARTESIAN_POINT('',(-1.933743524850E0,3.192264946708E1,
-2.201020090317E1));
#6717=CARTESIAN_POINT('',(-3.869370295700E0,3.184375772257E1,
-2.175429050586E1));
#6718=CARTESIAN_POINT('',(-5.793656956021E0,3.171285729390E1,
-2.132339225939E1));
#6719=CARTESIAN_POINT('',(-7.710564821464E0,3.153039016997E1,
-2.070882464185E1));
#6720=CARTESIAN_POINT('',(-9.572299176465E0,3.130272554733E1,
-1.991720002860E1));
#6721=CARTESIAN_POINT('',(-1.129809557792E1,3.104619054084E1,
-1.898699316704E1));
#6722=CARTESIAN_POINT('',(-1.282144959385E1,3.078372896369E1,
-1.798730946703E1));
#6723=CARTESIAN_POINT('',(-1.415005819682E1,3.052760541779E1,
-1.695842145753E1));
#6724=CARTESIAN_POINT('',(-1.535185761107E1,3.027389530313E1,
-1.587800597088E1));
#6725=CARTESIAN_POINT('',(-1.648626595097E1,3.001491855014E1,
-1.469900015859E1));
#6726=CARTESIAN_POINT('',(-1.759304356780E1,2.974368805273E1,
-1.336054379020E1));
#6727=CARTESIAN_POINT('',(-1.868932872914E1,2.945658761853E1,
-1.179007600746E1));
#6728=CARTESIAN_POINT('',(-1.975318693152E1,2.915990125714E1,
-9.923727515177E0));
#6729=CARTESIAN_POINT('',(-2.071422998704E1,2.887604517371E1,
-7.742461444484E0));
#6730=CARTESIAN_POINT('',(-2.148102024205E1,2.863855831604E1,
-5.279087383772E0));
#6731=CARTESIAN_POINT('',(-2.197161147777E1,2.848141205724E1,
-2.601602917875E0));
#6732=CARTESIAN_POINT('',(-2.212653212360E1,2.843092344256E1,
1.999549365131E-1));
#6733=CARTESIAN_POINT('',(-2.191963832251E1,2.849826268404E1,3.019753804590E0));
#6734=CARTESIAN_POINT('',(-2.136621232590E1,2.867483532270E1,5.737334179732E0));
#6735=CARTESIAN_POINT('',(-2.052849154966E1,2.893226062285E1,8.226065084287E0));
#6736=CARTESIAN_POINT('',(-1.950793212348E1,2.923003323975E1,1.039634921071E1));
#6737=CARTESIAN_POINT('',(-1.840139928532E1,2.953398816234E1,1.223450656591E1));
#6738=CARTESIAN_POINT('',(-1.724899707937E1,2.983038983845E1,1.380460556408E1));
#6739=CARTESIAN_POINT('',(-1.603589611530E1,3.012075905601E1,1.519474080263E1));
#6740=CARTESIAN_POINT('',(-1.470828474987E1,3.041366923407E1,1.648556571363E1));
#6741=CARTESIAN_POINT('',(-1.318987799566E1,3.071728571576E1,1.773002040573E1));
#6742=CARTESIAN_POINT('',(-1.147406007602E1,3.101939533710E1,1.888935679424E1));
#6743=CARTESIAN_POINT('',(-9.667812365123E0,3.128953050643E1,1.987006667676E1));
#6744=CARTESIAN_POINT('',(-7.916740933386E0,3.150577193277E1,2.062368160117E1));
#6745=CARTESIAN_POINT('',(-6.249637401738E0,3.167176499076E1,2.118578644157E1));
#6746=CARTESIAN_POINT('',(-4.612634108188E0,3.179703658557E1,2.160108257616E1));
#6747=CARTESIAN_POINT('',(-2.988536256295E0,3.188354334212E1,2.188353350720E1));
#6748=CARTESIAN_POINT('',(-1.449218405645E0,3.193056719996E1,2.203567124134E1));
#6749=CARTESIAN_POINT('',(-2.295902484462E-1,3.194244868453E1,
2.207397231471E1));
#6750=CARTESIAN_POINT('',(4.643459357377E-1,3.193904982446E1,2.206301513582E1));
#6751=CARTESIAN_POINT('',(6.963473884045E-1,3.193677117368E1,2.205567863373E1));
#6752=CARTESIAN_POINT('',(6.952850723451E-1,3.195170355374E1,
-2.201339722841E1));
#6753=CARTESIAN_POINT('',(4.636560660211E-1,3.195398971362E1,
-2.202073390804E1));
#6754=CARTESIAN_POINT('',(-4.101974925516E-1,3.195828625183E1,
-2.203454754945E1));
#6755=CARTESIAN_POINT('',(-1.930438507927E0,3.193758817191E1,
-2.196800240860E1));
#6756=CARTESIAN_POINT('',(-3.862738266485E0,3.185868031423E1,
-2.171247814072E1));
#6757=CARTESIAN_POINT('',(-5.783680261440E0,3.172775485080E1,
-2.128223839336E1));
#6758=CARTESIAN_POINT('',(-7.697201611341E0,3.154525635461E1,
-2.066862757220E1));
#6759=CARTESIAN_POINT('',(-9.555577653016E0,3.131755827455E1,
-1.987826480976E1));
#6760=CARTESIAN_POINT('',(-1.127818433170E1,3.106099322778E1,
-1.894958212982E1));
#6761=CARTESIAN_POINT('',(-1.279865202430E1,3.079850912085E1,
-1.795158324966E1));
#6762=CARTESIAN_POINT('',(-1.412468340920E1,3.054237130432E1,
-1.692447569794E1));
#6763=CARTESIAN_POINT('',(-1.532409855345E1,3.028865449791E1,
-1.584597719476E1));
#6764=CARTESIAN_POINT('',(-1.645620562673E1,3.002967859002E1,
-1.466911526419E1));
#6765=CARTESIAN_POINT('',(-1.756068617911E1,2.975845740327E1,
-1.333315415144E1));
#6766=CARTESIAN_POINT('',(-1.865464080701E1,2.947137643763E1,
-1.176569113766E1));
#6767=CARTESIAN_POINT('',(-1.971617925611E1,2.917472102210E1,
-9.903011957670E0));
#6768=CARTESIAN_POINT('',(-2.067507190838E1,2.889090545335E1,
-7.726153734468E0));
#6769=CARTESIAN_POINT('',(-2.144010551335E1,2.865346111711E1,
-5.267883431909E0));
#6770=CARTESIAN_POINT('',(-2.192955231758E1,2.849634751735E1,
-2.596053183442E0));
#6771=CARTESIAN_POINT('',(-2.208410801884E1,2.844587019736E1,
1.995277053159E-1));
#6772=CARTESIAN_POINT('',(-2.187770123150E1,2.851319445643E1,3.013315418288E0));
#6773=CARTESIAN_POINT('',(-2.132556340910E1,2.868973102523E1,5.725171002226E0));
#6774=CARTESIAN_POINT('',(-2.048975398822E1,2.894711188155E1,8.208768761663E0));
#6775=CARTESIAN_POINT('',(-1.947146506329E1,2.924484458502E1,1.037469422891E1));
#6776=CARTESIAN_POINT('',(-1.836732969630E1,2.954877062989E1,1.220926240543E1));
#6777=CARTESIAN_POINT('',(-1.721736070009E1,2.984515506573E1,1.377637961807E1));
#6778=CARTESIAN_POINT('',(-1.600675761260E1,3.013551749643E1,1.516394593191E1));
#6779=CARTESIAN_POINT('',(-1.468181229490E1,3.042843073913E1,1.645245021936E1));
#6780=CARTESIAN_POINT('',(-1.316637622517E1,3.073206085729E1,1.769473165253E1));
#6781=CARTESIAN_POINT('',(-1.145382249947E1,3.103419498122E1,1.885210623194E1));
#6782=CARTESIAN_POINT('',(-9.650916004542E0,3.130436154693E1,1.983120794959E1));
#6783=CARTESIAN_POINT('',(-7.903006805571E0,3.152063440363E1,2.058361974399E1));
#6784=CARTESIAN_POINT('',(-6.238858027043E0,3.168665528983E1,2.114484584191E1));
#6785=CARTESIAN_POINT('',(-4.604713590096E0,3.181195008503E1,2.155950358340E1));
#6786=CARTESIAN_POINT('',(-2.983420267815E0,3.189847400890E1,2.184152588241E1));
#6787=CARTESIAN_POINT('',(-1.446741512036E0,3.194550758529E1,2.199343460053E1));
#6788=CARTESIAN_POINT('',(-2.291978505637E-1,3.195739156773E1,
2.203167820378E1));
#6789=CARTESIAN_POINT('',(4.635523113630E-1,3.195399199036E1,2.202073747102E1));
#6790=CARTESIAN_POINT('',(6.951570989737E-1,3.195171283835E1,2.201341199449E1));
#6791=CARTESIAN_POINT('',(6.948410443721E-1,3.198862603181E1,
-2.198794799103E1));
#6792=CARTESIAN_POINT('',(4.633602048026E-1,3.199091348009E1,
-2.199528376095E1));
#6793=CARTESIAN_POINT('',(-4.099357463259E-1,3.199521229357E1,
-2.200909578604E1));
#6794=CARTESIAN_POINT('',(-1.929206656432E0,3.197450340064E1,
-2.194255823005E1));
#6795=CARTESIAN_POINT('',(-3.860226535015E0,3.189555572549E1,
-2.168706915660E1));
#6796=CARTESIAN_POINT('',(-5.779803509602E0,3.176456839834E1,
-2.125690946882E1));
#6797=CARTESIAN_POINT('',(-7.691828713241E0,3.158199237774E1,
-2.064345676048E1));
#6798=CARTESIAN_POINT('',(-9.548578911990E0,3.135421162062E1,
-1.985337098977E1));
#6799=CARTESIAN_POINT('',(-1.126948736501E1,3.109757234090E1,
-1.892511711907E1));
#6800=CARTESIAN_POINT('',(-1.278827954801E1,3.083503256038E1,
-1.792769578856E1));
#6801=CARTESIAN_POINT('',(-1.411270027516E1,3.057885947948E1,
-1.690129842573E1));
#6802=CARTESIAN_POINT('',(-1.531052622287E1,3.032512613701E1,
-1.582366379116E1));
#6803=CARTESIAN_POINT('',(-1.644100678144E1,3.006615231746E1,
-1.464787416987E1));
#6804=CARTESIAN_POINT('',(-1.754377112353E1,2.979495413842E1,
-1.331328359813E1));
#6805=CARTESIAN_POINT('',(-1.863588802919E1,2.950792128178E1,
-1.174762068418E1));
#6806=CARTESIAN_POINT('',(-1.969549807707E1,2.921134233698E1,
-9.887326246759E0));
#6807=CARTESIAN_POINT('',(-2.065251192690E1,2.892762688456E1,
-7.713552925219E0));
#6808=CARTESIAN_POINT('',(-2.141594447842E1,2.869028762357E1,
-5.259080330112E0));
#6809=CARTESIAN_POINT('',(-2.190431573081E1,2.853325472799E1,
-2.591644367246E0));
#6810=CARTESIAN_POINT('',(-2.205852293199E1,2.848280531849E1,
1.991871358017E-1));
#6811=CARTESIAN_POINT('',(-2.185258065426E1,2.855009255433E1,3.008206328035E0));
#6812=CARTESIAN_POINT('',(-2.130164906787E1,2.872653999043E1,5.715636984643E0));
#6813=CARTESIAN_POINT('',(-2.046756937391E1,2.898381102100E1,8.195455677601E0));
#6814=CARTESIAN_POINT('',(-1.945124299675E1,2.928144509388E1,1.035837910305E1));
#6815=CARTESIAN_POINT('',(-1.834907514086E1,2.958529977864E1,1.219066018192E1));
#6816=CARTESIAN_POINT('',(-1.720099648702E1,2.988164161184E1,1.375603327808E1));
#6817=CARTESIAN_POINT('',(-1.599222495574E1,3.017198727143E1,1.514223268384E1));
#6818=CARTESIAN_POINT('',(-1.466911545155E1,3.046490808721E1,1.642962927214E1));
#6819=CARTESIAN_POINT('',(-1.315558322370E1,3.076857190260E1,1.767100241582E1));
#6820=CARTESIAN_POINT('',(-1.144494963116E1,3.107076657522E1,1.882768746131E1));
#6821=CARTESIAN_POINT('',(-9.643827506524E0,3.134101072493E1,1.980633401607E1));
#6822=CARTESIAN_POINT('',(-7.897456338271E0,3.155736124961E1,2.055847746296E1));
#6823=CARTESIAN_POINT('',(-6.234632565688E0,3.172345090243E1,2.111954990880E1));
#6824=CARTESIAN_POINT('',(-4.601683098777E0,3.184880302844E1,2.153412116911E1));
#6825=CARTESIAN_POINT('',(-2.981496044514E0,3.193536937468E1,2.181609849589E1));
#6826=CARTESIAN_POINT('',(-1.445818335836E0,3.198242696672E1,2.196798762886E1));
#6827=CARTESIAN_POINT('',(-2.290515984245E-1,3.199431712168E1,
2.200622676354E1));
#6828=CARTESIAN_POINT('',(4.632565160269E-1,3.199091577180E1,2.199528732179E1));
#6829=CARTESIAN_POINT('',(6.947131510816E-1,3.198863538117E1,2.198796274429E1));
#6830=CARTESIAN_POINT('',(6.953127367347E-1,3.203345641736E1,
-2.198901605717E1));
#6831=CARTESIAN_POINT('',(4.636750511827E-1,3.203574542999E1,
-2.199636140057E1));
#6832=CARTESIAN_POINT('',(-4.102142950030E-1,3.204004700604E1,
-2.201019156828E1));
#6833=CARTESIAN_POINT('',(-1.930517488214E0,3.201932498421E1,
-2.194356636766E1));
#6834=CARTESIAN_POINT('',(-3.862792442952E0,3.194032896365E1,
-2.168774813936E1));
#6835=CARTESIAN_POINT('',(-5.783504317078E0,3.180926652306E1,
-2.125705955707E1));
#6836=CARTESIAN_POINT('',(-7.696493997031E0,3.162659637418E1,
-2.064290601359E1));
#6837=CARTESIAN_POINT('',(-9.553970510185E0,3.139871523256E1,
-1.985200680065E1));
#6838=CARTESIAN_POINT('',(-1.127531951012E1,3.114198582099E1,
-1.892292292698E1));
#6839=CARTESIAN_POINT('',(-1.279428561454E1,3.087937844292E1,
-1.792475174399E1));
#6840=CARTESIAN_POINT('',(-1.411867614340E1,3.062316254488E1,
-1.689772361401E1));
#6841=CARTESIAN_POINT('',(-1.531631368726E1,3.036940912472E1,
-1.581957047131E1));
#6842=CARTESIAN_POINT('',(-1.644646242601E1,3.011043784079E1,
-1.464337287824E1));
#6843=CARTESIAN_POINT('',(-1.754874554225E1,2.983926759715E1,
-1.330850575376E1));
#6844=CARTESIAN_POINT('',(-1.864021798120E1,2.955229315329E1,
-1.174275216592E1));
#6845=CARTESIAN_POINT('',(-1.969902598636E1,2.925580705742E1,
-9.882648961254E0));
#6846=CARTESIAN_POINT('',(-2.065514873653E1,2.897221316384E1,
-7.709461791162E0));
#6847=CARTESIAN_POINT('',(-2.141774606967E1,2.873500148270E1,
-5.256033363847E0));
#6848=CARTESIAN_POINT('',(-2.190552059439E1,2.857806657619E1,
-2.590056881177E0));
#6849=CARTESIAN_POINT('',(-2.205952857013E1,2.852765105494E1,
1.990630353916E-1));
#6850=CARTESIAN_POINT('',(-2.185385125092E1,2.859489333806E1,3.006373853840E0));
#6851=CARTESIAN_POINT('',(-2.130358420780E1,2.877123255137E1,5.712365999607E0));
#6852=CARTESIAN_POINT('',(-2.047039333017E1,2.902837023417E1,8.191200088710E0));
#6853=CARTESIAN_POINT('',(-1.945497352597E1,2.932588455215E1,1.035362231227E1));
#6854=CARTESIAN_POINT('',(-1.835359330799E1,2.962965259319E1,1.218579009739E1));
#6855=CARTESIAN_POINT('',(-1.720614162877E1,2.992594269929E1,1.375132151282E1));
#6856=CARTESIAN_POINT('',(-1.599783723918E1,3.021626799579E1,1.513787702152E1));
#6857=CARTESIAN_POINT('',(-1.467503359746E1,3.050919800662E1,1.642580103248E1));
#6858=CARTESIAN_POINT('',(-1.316161272317E1,3.081290273638E1,1.766787704894E1));
#6859=CARTESIAN_POINT('',(-1.145082334795E1,3.111517092576E1,1.882540765023E1));
#6860=CARTESIAN_POINT('',(-9.649248638574E0,3.138550927611E1,1.980492552856E1));
#6861=CARTESIAN_POINT('',(-7.902205081515E0,3.160195410338E1,2.055783769056E1));
#6862=CARTESIAN_POINT('',(-6.238571544212E0,3.176812725098E1,2.111954013892E1));
#6863=CARTESIAN_POINT('',(-4.604697700220E0,3.189354898669E1,2.153460979210E1));
#6864=CARTESIAN_POINT('',(-2.983497000436E0,3.198016684114E1,2.181694294752E1));
#6865=CARTESIAN_POINT('',(-1.446800743892E0,3.202725359240E1,2.196902939107E1));
#6866=CARTESIAN_POINT('',(-2.292072357526E-1,3.203915124190E1,
2.200731876194E1));
#6867=CARTESIAN_POINT('',(4.635712915577E-1,3.203574773986E1,2.199636496401E1));
#6868=CARTESIAN_POINT('',(6.951847546208E-1,3.203346584535E1,2.198903081632E1));
#6869=(BOUNDED_SURFACE()B_SPLINE_SURFACE(3,3,((#6713,#6714,#6715,#6716,#6717,
#6718,#6719,#6720,#6721,#6722,#6723,#6724,#6725,#6726,#6727,#6728,#6729,#6730,
#6731,#6732,#6733,#6734,#6735,#6736,#6737,#6738,#6739,#6740,#6741,#6742,#6743,
#6744,#6745,#6746,#6747,#6748,#6749,#6750,#6751),(#6752,#6753,#6754,#6755,#6756,
#6757,#6758,#6759,#6760,#6761,#6762,#6763,#6764,#6765,#6766,#6767,#6768,#6769,
#6770,#6771,#6772,#6773,#6774,#6775,#6776,#6777,#6778,#6779,#6780,#6781,#6782,
#6783,#6784,#6785,#6786,#6787,#6788,#6789,#6790),(#6791,#6792,#6793,#6794,#6795,
#6796,#6797,#6798,#6799,#6800,#6801,#6802,#6803,#6804,#6805,#6806,#6807,#6808,
#6809,#6810,#6811,#6812,#6813,#6814,#6815,#6816,#6817,#6818,#6819,#6820,#6821,
#6822,#6823,#6824,#6825,#6826,#6827,#6828,#6829),(#6830,#6831,#6832,#6833,#6834,
#6835,#6836,#6837,#6838,#6839,#6840,#6841,#6842,#6843,#6844,#6845,#6846,#6847,
#6848,#6849,#6850,#6851,#6852,#6853,#6854,#6855,#6856,#6857,#6858,#6859,#6860,
#6861,#6862,#6863,#6864,#6865,#6866,#6867,#6868)),.UNSPECIFIED.,.F.,.F.,.F.)B_SPLINE_SURFACE_WITH_KNOTS((4,4),(4,1,1,1,1,1,1,1,1,1,1,1,1,1,1,1,1,1,1,1,1,1,1,1,1,
1,1,1,1,1,1,1,1,1,1,1,4),(0.E0,1.E0),(-1.000227436774E-2,0.E0,2.770336578665E-2,
5.555448120492E-2,8.404936552175E-2,1.126928161458E-1,1.424744895787E-1,
1.715749957299E-1,1.976959760169E-1,2.216281198053E-1,2.446658102787E-1,
2.680300949169E-1,2.928378018715E-1,3.202105381305E-1,3.512262367339E-1,
3.859471059852E-1,4.232015443068E-1,4.623226387298E-1,5.028060251774E-1,
5.434345133636E-1,5.834929664189E-1,6.218974617355E-1,6.565620420841E-1,
6.871889575768E-1,7.149426139664E-1,7.411946489589E-1,7.674519304247E-1,
7.955206489307E-1,8.265812984353E-1,8.573872556128E-1,8.846242600406E-1,
9.090877144782E-1,9.334068151097E-1,9.574812343346E-1,9.801096928137E-1,1.E0,
1.010000059773E0),.UNSPECIFIED.)GEOMETRIC_REPRESENTATION_ITEM()RATIONAL_B_SPLINE_SURFACE(((1.105322932073E0,1.105322932073E0,1.105322932073E0,1.105322932073E0,
1.105322932073E0,1.105322932073E0,1.105322932073E0,1.105322932073E0,
1.105322932073E0,1.105322932073E0,1.105322932073E0,1.105322932073E0,
1.105322932073E0,1.105322932073E0,1.105322932073E0,1.105322932073E0,
1.105322932073E0,1.105322932073E0,1.105322932073E0,1.105322932073E0,
1.105322932073E0,1.105322932073E0,1.105322932073E0,1.105322932073E0,
1.105322932073E0,1.105322932073E0,1.105322932073E0,1.105322932073E0,
1.105322932073E0,1.105322932073E0,1.105322932073E0,1.105322932073E0,
1.105322932073E0,1.105322932073E0,1.105322932073E0,1.105322932073E0,
1.105322932073E0,1.105322932073E0,1.105322932073E0),(9.648923559756E-1,
9.648923559756E-1,9.648923559756E-1,9.648923559756E-1,9.648923559756E-1,
9.648923559756E-1,9.648923559756E-1,9.648923559756E-1,9.648923559756E-1,
9.648923559756E-1,9.648923559756E-1,9.648923559756E-1,9.648923559756E-1,
9.648923559756E-1,9.648923559756E-1,9.648923559756E-1,9.648923559756E-1,
9.648923559756E-1,9.648923559756E-1,9.648923559756E-1,9.648923559756E-1,
9.648923559756E-1,9.648923559756E-1,9.648923559756E-1,9.648923559756E-1,
9.648923559756E-1,9.648923559756E-1,9.648923559756E-1,9.648923559756E-1,
9.648923559756E-1,9.648923559756E-1,9.648923559756E-1,9.648923559756E-1,
9.648923559756E-1,9.648923559756E-1,9.648923559756E-1,9.648923559756E-1,
9.648923559756E-1,9.648923559756E-1),(9.648923559756E-1,9.648923559756E-1,
9.648923559756E-1,9.648923559756E-1,9.648923559756E-1,9.648923559756E-1,
9.648923559756E-1,9.648923559756E-1,9.648923559756E-1,9.648923559756E-1,
9.648923559756E-1,9.648923559756E-1,9.648923559756E-1,9.648923559756E-1,
9.648923559756E-1,9.648923559756E-1,9.648923559756E-1,9.648923559756E-1,
9.648923559756E-1,9.648923559756E-1,9.648923559756E-1,9.648923559756E-1,
9.648923559756E-1,9.648923559756E-1,9.648923559756E-1,9.648923559756E-1,
9.648923559756E-1,9.648923559756E-1,9.648923559756E-1,9.648923559756E-1,
9.648923559756E-1,9.648923559756E-1,9.648923559756E-1,9.648923559756E-1,
9.648923559756E-1,9.648923559756E-1,9.648923559756E-1,9.648923559756E-1,
9.648923559756E-1),(1.105322932073E0,1.105322932073E0,1.105322932073E0,
1.105322932073E0,1.105322932073E0,1.105322932073E0,1.105322932073E0,
1.105322932073E0,1.105322932073E0,1.105322932073E0,1.105322932073E0,
1.105322932073E0,1.105322932073E0,1.105322932073E0,1.105322932073E0,
1.105322932073E0,1.105322932073E0,1.105322932073E0,1.105322932073E0,
1.105322932073E0,1.105322932073E0,1.105322932073E0,1.105322932073E0,
1.105322932073E0,1.105322932073E0,1.105322932073E0,1.105322932073E0,
1.105322932073E0,1.105322932073E0,1.105322932073E0,1.105322932073E0,
1.105322932073E0,1.105322932073E0,1.105322932073E0,1.105322932073E0,
1.105322932073E0,1.105322932073E0,1.105322932073E0,1.105322932073E0)))REPRESENTATION_ITEM('')SURFACE());
#6870=ORIENTED_EDGE('',*,*,#6235,.T.);
#6872=ORIENTED_EDGE('',*,*,#6871,.T.);
#6874=ORIENTED_EDGE('',*,*,#6873,.F.);
#6876=ORIENTED_EDGE('',*,*,#6875,.F.);
#6877=EDGE_LOOP('',(#6870,#6872,#6874,#6876));
#6878=FACE_OUTER_BOUND('',#6877,.F.);
#6879=ADVANCED_FACE('',(#6878),#6869,.T.);
#6880=CARTESIAN_POINT('',(-6.964750043376E-1,3.193676314370E1,
2.205566224093E1));
#6881=CARTESIAN_POINT('',(-4.644486087505E-1,3.193904844135E1,
2.206300948961E1));
#6882=CARTESIAN_POINT('',(4.022300833044E-1,3.194330108001E1,2.207670628092E1));
#6883=CARTESIAN_POINT('',(1.911947043451E0,3.192306411312E1,2.201152862212E1));
#6884=CARTESIAN_POINT('',(3.832590636881E0,3.184566418892E1,2.176049343837E1));
#6885=CARTESIAN_POINT('',(5.750725881285E0,3.171631988389E1,2.133488143781E1));
#6886=CARTESIAN_POINT('',(7.663729121670E0,3.153544064219E1,2.072604805808E1));
#6887=CARTESIAN_POINT('',(9.516376561676E0,3.131015169953E1,1.994339400248E1));
#6888=CARTESIAN_POINT('',(1.122463196410E1,3.105773767605E1,1.902950193032E1));
#6889=CARTESIAN_POINT('',(1.272319912165E1,3.080138511687E1,1.805570335596E1));
#6890=CARTESIAN_POINT('',(1.402366359967E1,3.055281193199E1,1.706159977174E1));
#6891=CARTESIAN_POINT('',(1.519508053681E1,3.030796445133E1,1.602623332844E1));
#6892=CARTESIAN_POINT('',(1.629774819419E1,3.005908135904E1,1.490521733649E1));
#6893=CARTESIAN_POINT('',(1.737204032200E1,2.979914674766E1,1.364289802167E1));
#6894=CARTESIAN_POINT('',(1.843813939137E1,2.952384495320E1,1.217317948574E1));
#6895=CARTESIAN_POINT('',(1.948617166066E1,2.923593110150E1,1.042967792924E1));
#6896=CARTESIAN_POINT('',(2.046106935721E1,2.895220535592E1,8.378313600259E0));
#6897=CARTESIAN_POINT('',(2.127870475388E1,2.870213655578E1,6.031339124248E0));
#6898=CARTESIAN_POINT('',(2.185416298180E1,2.851940431407E1,3.438149575974E0));
#6899=CARTESIAN_POINT('',(2.211632809756E1,2.843426231657E1,6.790383802883E-1));
#6900=CARTESIAN_POINT('',(2.202319546273E1,2.846464717853E1,-2.140138624979E0));
#6901=CARTESIAN_POINT('',(2.157652451888E1,2.860833464677E1,-4.890925457943E0));
#6902=CARTESIAN_POINT('',(2.082828894680E1,2.884143896371E1,-7.438654346813E0));
#6903=CARTESIAN_POINT('',(1.987459429795E1,2.912488329478E1,-9.680360322467E0));
#6904=CARTESIAN_POINT('',(1.881775433824E1,2.942170524940E1,-1.158538463361E1));
#6905=CARTESIAN_POINT('',(1.771441466817E1,2.971293289232E1,-1.320186057596E1));
#6906=CARTESIAN_POINT('',(1.656649080948E1,2.999623437457E1,-1.461255386337E1));
#6907=CARTESIAN_POINT('',(1.533951387888E1,3.027733788726E1,-1.589594957454E1));
#6908=CARTESIAN_POINT('',(1.396454458473E1,3.056624467885E1,-1.712086738903E1));
#6909=CARTESIAN_POINT('',(1.236067824502E1,3.086872585955E1,-1.832019801259E1));
#6910=CARTESIAN_POINT('',(1.054905587107E1,3.116454148960E1,-1.942295374400E1));
#6911=CARTESIAN_POINT('',(8.671966919091E0,3.141888752052E1,-2.032448219890E1));
#6912=CARTESIAN_POINT('',(6.861610164370E0,3.161611478810E1,-2.099910913646E1));
#6913=CARTESIAN_POINT('',(5.110040520404E0,3.176381561128E1,-2.149183430997E1));
#6914=CARTESIAN_POINT('',(3.354764332806E0,3.186851086100E1,-2.183477945535E1));
#6915=CARTESIAN_POINT('',(1.642496047306E0,3.192780128085E1,-2.202676055931E1));
#6916=CARTESIAN_POINT('',(2.931802249095E-1,3.194276175670E1,
-2.207497494261E1));
#6917=CARTESIAN_POINT('',(-4.643359826739E-1,3.193905040955E1,
-2.206301306430E1));
#6918=CARTESIAN_POINT('',(-6.963276610474E-1,3.193677047817E1,
-2.205567543276E1));
#6919=CARTESIAN_POINT('',(-6.952845438126E-1,3.195170544589E1,
2.201339689470E1));
#6920=CARTESIAN_POINT('',(-4.636548399861E-1,3.195399126384E1,
2.202073309868E1));
#6921=CARTESIAN_POINT('',(4.015426505373E-1,3.195824481325E1,2.203440933800E1));
#6922=CARTESIAN_POINT('',(1.908679407859E0,3.193800356836E1,2.196932940182E1));
#6923=CARTESIAN_POINT('',(3.826022307187E0,3.186058782473E1,2.171867292420E1));
#6924=CARTESIAN_POINT('',(5.740824687860E0,3.173121873799E1,2.129371110067E1));
#6925=CARTESIAN_POINT('',(7.650449905271E0,3.155030830191E1,2.068582507630E1));
#6926=CARTESIAN_POINT('',(9.499757456973E0,3.132498609534E1,1.990441772029E1));
#6927=CARTESIAN_POINT('',(1.120485838067E1,3.107254225244E1,1.899202163869E1));
#6928=CARTESIAN_POINT('',(1.270059005068E1,3.081616726514E1,1.801986181972E1));
#6929=CARTESIAN_POINT('',(1.399853682437E1,3.056757962374E1,1.702747484503E1));
#6930=CARTESIAN_POINT('',(1.516763590598E1,3.032272485201E1,1.599394018170E1));
#6931=CARTESIAN_POINT('',(1.626807435144E1,3.007384144278E1,1.487495506509E1));
#6932=CARTESIAN_POINT('',(1.734014644674E1,2.981391422962E1,1.361497815679E1));
#6933=CARTESIAN_POINT('',(1.840399116370E1,2.953862905884E1,1.214805573573E1));
#6934=CARTESIAN_POINT('',(1.944975261867E1,2.925074260397E1,1.040795911768E1));
#6935=CARTESIAN_POINT('',(2.042248395025E1,2.896705441311E1,8.360710138028E0));
#6936=CARTESIAN_POINT('',(2.123825829469E1,2.871702787432E1,6.018565435767E0));
#6937=CARTESIAN_POINT('',(2.181238056746E1,2.853433220306E1,3.430824705032E0));
#6938=CARTESIAN_POINT('',(2.207392935124E1,2.844920897429E1,6.775876234596E-1));
#6939=CARTESIAN_POINT('',(2.198101624193E1,2.847958700736E1,-2.135570818771E0));
#6940=CARTESIAN_POINT('',(2.153538973449E1,2.862324406173E1,-4.880534849834E0));
#6941=CARTESIAN_POINT('',(2.078887352370E1,2.885630552589E1,-7.422969073081E0));
#6942=CARTESIAN_POINT('',(1.983731913046E1,2.913970812665E1,-9.660131060820E0));
#6943=CARTESIAN_POINT('',(1.878279059644E1,2.943649779377E1,-1.156139783175E1));
#6944=CARTESIAN_POINT('',(1.768180350304E1,2.972770444116E1,-1.317477104225E1));
#6945=CARTESIAN_POINT('',(1.653626778318E1,3.001099527E1,-1.458282780508E1));
#6946=CARTESIAN_POINT('',(1.531178244650E1,3.029209749460E1,-1.586388755276E1));
#6947=CARTESIAN_POINT('',(1.393953733697E1,3.058101245278E1,-1.708663575294E1));
#6948=CARTESIAN_POINT('',(1.233876640173E1,3.088351254994E1,-1.828390358343E1));
#6949=CARTESIAN_POINT('',(1.053054256645E1,3.117935741352E1,-1.938482254118E1));
#6950=CARTESIAN_POINT('',(8.656879236927E0,3.143373723982E1,-2.028489511550E1));
#6951=CARTESIAN_POINT('',(6.849753171994E0,3.163099599182E1,-2.095845942328E1));
#6952=CARTESIAN_POINT('',(5.101256354213E0,3.177872338844E1,-2.145042334635E1));
#6953=CARTESIAN_POINT('',(3.349019087747E0,3.188343911469E1,-2.179284662360E1));
#6954=CARTESIAN_POINT('',(1.639688926922E0,3.194274174394E1,-2.198453853660E1));
#6955=CARTESIAN_POINT('',(2.926791635083E-1,3.195770536930E1,
-2.203268059411E1));
#6956=CARTESIAN_POINT('',(-4.635424062057E-1,3.195399323683E1,
-2.202073666736E1));
#6957=CARTESIAN_POINT('',(-6.951374516951E-1,3.195171279987E1,
-2.201341006321E1));
#6958=CARTESIAN_POINT('',(-6.948405418773E-1,3.198862741595E1,
2.198794863234E1));
#6959=CARTESIAN_POINT('',(-4.633589967487E-1,3.199091451957E1,
2.199528392740E1));
#6960=CARTESIAN_POINT('',(4.012864416887E-1,3.199517031939E1,2.200895856607E1));
#6961=CARTESIAN_POINT('',(1.907461514280E0,3.197491850372E1,2.194388605659E1));
#6962=CARTESIAN_POINT('',(3.823535603517E0,3.189746367076E1,2.169326397484E1));
#6963=CARTESIAN_POINT('',(5.736979854998E0,3.176803334918E1,2.126838068750E1));
#6964=CARTESIAN_POINT('',(7.645115718940E0,3.158704583274E1,2.066065011219E1));
#6965=CARTESIAN_POINT('',(9.492810220832E0,3.136164143206E1,1.987951459836E1));
#6966=CARTESIAN_POINT('',(1.119623703569E1,3.110912390627E1,1.896753629530E1));
#6967=CARTESIAN_POINT('',(1.269032996151E1,3.085269349979E1,1.799593311837E1));
#6968=CARTESIAN_POINT('',(1.398671234241E1,3.060407013676E1,1.700422333323E1));
#6969=CARTESIAN_POINT('',(1.515427760731E1,3.035919734903E1,1.597150349273E1));
#6970=CARTESIAN_POINT('',(1.625315407349E1,3.011031315666E1,1.485351921989E1));
#6971=CARTESIAN_POINT('',(1.732358421630E1,2.985040422427E1,1.359480782079E1));
#6972=CARTESIAN_POINT('',(1.838567169135E1,2.957516013009E1,1.212953053500E1));
#6973=CARTESIAN_POINT('',(1.942956935630E1,2.928734137195E1,1.039160486068E1));
#6974=CARTESIAN_POINT('',(2.040043225506E1,2.900374597766E1,8.347182432034E0));
#6975=CARTESIAN_POINT('',(2.121452947080E1,2.875382386535E1,6.008574314740E0));
#6976=CARTESIAN_POINT('',(2.178740619825E1,2.857121855855E1,3.425021402682E0));
#6977=CARTESIAN_POINT('',(2.204836833226E1,2.848614170673E1,6.764312733322E-1));
#6978=CARTESIAN_POINT('',(2.195566506623E1,2.851650286583E1,-2.131937730754E0));
#6979=CARTESIAN_POINT('',(2.151102397417E1,2.866008476845E1,-4.872352597196E0));
#6980=CARTESIAN_POINT('',(2.076608312129E1,2.889304034473E1,-7.410818631130E0));
#6981=CARTESIAN_POINT('',(1.981640891223E1,2.917633983118E1,-9.644775125756E0));
#6982=CARTESIAN_POINT('',(1.876381351746E1,2.947304971685E1,-1.154357716225E1));
#6983=CARTESIAN_POINT('',(1.766469361943E1,2.976420448494E1,-1.315507259915E1));
#6984=CARTESIAN_POINT('',(1.652095215747E1,3.004746898954E1,-1.456166824501E1));
#6985=CARTESIAN_POINT('',(1.529823250097E1,3.032856803132E1,-1.584155495627E1));
#6986=CARTESIAN_POINT('',(1.392779662319E1,3.061750316888E1,-1.706333297811E1));
#6987=CARTESIAN_POINT('',(1.232893089981E1,3.092005000804E1,-1.825980426853E1));
#6988=CARTESIAN_POINT('',(1.052261510073E1,3.121596710677E1,-1.936014024552E1));
#6989=CARTESIAN_POINT('',(8.650690024570E0,3.147043044041E1,-2.025985024949E1));
#6990=CARTESIAN_POINT('',(6.845057995186E0,3.166776698943E1,-2.093321014279E1));
#6991=CARTESIAN_POINT('',(5.097874637469E0,3.181556004823E1,-2.142506182467E1));
#6992=CARTESIAN_POINT('',(3.346852840467E0,3.192032637136E1,-2.176742686904E1));
#6993=CARTESIAN_POINT('',(1.638642688265E0,3.197965916964E1,-2.195909354367E1));
#6994=CARTESIAN_POINT('',(2.924924145333E-1,3.199463057736E1,
-2.200723001592E1));
#6995=CARTESIAN_POINT('',(-4.632466342392E-1,3.199091650439E1,
-2.199528749402E1));
#6996=CARTESIAN_POINT('',(-6.946935420050E-1,3.198863481814E1,
-2.198796179050E1));
#6997=CARTESIAN_POINT('',(-6.953122228159E-1,3.203345683154E1,
2.198901665480E1));
#6998=CARTESIAN_POINT('',(-4.636738349883E-1,3.203574549617E1,
2.199636152311E1));
#6999=CARTESIAN_POINT('',(4.015591066912E-1,3.204000402837E1,2.201005412254E1));
#7000=CARTESIAN_POINT('',(1.908757543505E0,3.201973937801E1,2.194489591327E1));
#7001=CARTESIAN_POINT('',(3.826078293472E0,3.194223708408E1,2.169395080769E1));
#7002=CARTESIAN_POINT('',(5.740656779664E0,3.181273241322E1,2.126854448287E1));
#7003=CARTESIAN_POINT('',(7.649759603059E0,3.163165130841E1,2.066011820339E1));
#7004=CARTESIAN_POINT('',(9.498182681945E0,3.140614711041E1,1.987817606602E1));
#7005=CARTESIAN_POINT('',(1.120205381784E1,3.115354012133E1,1.896537809980E1));
#7006=CARTESIAN_POINT('',(1.269632932415E1,3.089704242673E1,1.799303729629E1));
#7007=CARTESIAN_POINT('',(1.399269686724E1,3.064837569171E1,1.700070718069E1));
#7008=CARTESIAN_POINT('',(1.516009694411E1,3.040348102956E1,1.596747464912E1));
#7009=CARTESIAN_POINT('',(1.625867398727E1,3.015459588632E1,1.484907973278E1));
#7010=CARTESIAN_POINT('',(1.732866606170E1,2.989470914983E1,1.359007461684E1));
#7011=CARTESIAN_POINT('',(1.839016315018E1,2.961951492947E1,1.212466446953E1));
#7012=CARTESIAN_POINT('',(1.943331440338E1,2.933177836643E1,1.038684832347E1));
#7013=CARTESIAN_POINT('',(2.040331892496E1,2.904829564261E1,8.342886352515E0));
#7014=CARTESIAN_POINT('',(2.121656214649E1,2.879850032144E1,6.005173718227E0));
#7015=CARTESIAN_POINT('',(2.178875845824E1,2.861600473212E1,3.422951505424E0));
#7016=CARTESIAN_POINT('',(2.204938721695E1,2.853098418964E1,6.760100543874E-1));
#7017=CARTESIAN_POINT('',(2.195680413353E1,2.856132486092E1,-2.130624054712E0));
#7018=CARTESIAN_POINT('',(2.151271386041E1,2.870481551682E1,-4.869497235639E0));
#7019=CARTESIAN_POINT('',(2.076860393938E1,2.893764252758E1,-7.406833968889E0));
#7020=CARTESIAN_POINT('',(1.981983324076E1,2.922081681611E1,-9.640145187983E0));
#7021=CARTESIAN_POINT('',(1.876805591348E1,2.951742983384E1,-1.153871469020E1));
#7022=CARTESIAN_POINT('',(1.766960617768E1,2.980852161182E1,-1.315027299531E1));
#7023=CARTESIAN_POINT('',(1.652638123978E1,3.009175415441E1,-1.455713981333E1));
#7024=CARTESIAN_POINT('',(1.530402838876E1,3.037284933171E1,-1.583746349945E1));
#7025=CARTESIAN_POINT('',(1.393379722994E1,3.066180897039E1,-1.705984054700E1));
#7026=CARTESIAN_POINT('',(1.233492038456E1,3.096441256211E1,-1.825708513892E1));
#7027=CARTESIAN_POINT('',(1.052829490151E1,3.126041736635E1,-1.935831412192E1));
#7028=CARTESIAN_POINT('',(8.655758201990E0,3.151498209178E1,-2.025889305369E1));
#7029=CARTESIAN_POINT('',(6.849314125998E0,3.171241309933E1,-2.093298465714E1));
#7030=CARTESIAN_POINT('',(5.101184257788E0,3.186028588295E1,-2.142541588605E1));
#7031=CARTESIAN_POINT('',(3.349091221704E0,3.196511363911E1,-2.176820852730E1));
#7032=CARTESIAN_POINT('',(1.639756088577E0,3.202448306762E1,-2.196012353534E1));
#7033=CARTESIAN_POINT('',(2.926911543895E-1,3.203946392442E1,
-2.200832329161E1));
#7034=CARTESIAN_POINT('',(-4.635613955609E-1,3.203574749536E1,
-2.199636509243E1));
#7035=CARTESIAN_POINT('',(-6.951651211035E-1,3.203346429227E1,
-2.198902981953E1));
#7036=(BOUNDED_SURFACE()B_SPLINE_SURFACE(3,3,((#6880,#6881,#6882,#6883,#6884,
#6885,#6886,#6887,#6888,#6889,#6890,#6891,#6892,#6893,#6894,#6895,#6896,#6897,
#6898,#6899,#6900,#6901,#6902,#6903,#6904,#6905,#6906,#6907,#6908,#6909,#6910,
#6911,#6912,#6913,#6914,#6915,#6916,#6917,#6918),(#6919,#6920,#6921,#6922,#6923,
#6924,#6925,#6926,#6927,#6928,#6929,#6930,#6931,#6932,#6933,#6934,#6935,#6936,
#6937,#6938,#6939,#6940,#6941,#6942,#6943,#6944,#6945,#6946,#6947,#6948,#6949,
#6950,#6951,#6952,#6953,#6954,#6955,#6956,#6957),(#6958,#6959,#6960,#6961,#6962,
#6963,#6964,#6965,#6966,#6967,#6968,#6969,#6970,#6971,#6972,#6973,#6974,#6975,
#6976,#6977,#6978,#6979,#6980,#6981,#6982,#6983,#6984,#6985,#6986,#6987,#6988,
#6989,#6990,#6991,#6992,#6993,#6994,#6995,#6996),(#6997,#6998,#6999,#7000,#7001,
#7002,#7003,#7004,#7005,#7006,#7007,#7008,#7009,#7010,#7011,#7012,#7013,#7014,
#7015,#7016,#7017,#7018,#7019,#7020,#7021,#7022,#7023,#7024,#7025,#7026,#7027,
#7028,#7029,#7030,#7031,#7032,#7033,#7034,#7035)),.UNSPECIFIED.,.F.,.F.,.F.)B_SPLINE_SURFACE_WITH_KNOTS((4,4),(4,1,1,1,1,1,1,1,1,1,1,1,1,1,1,1,1,1,1,1,1,1,1,1,1,
1,1,1,1,1,1,1,1,1,1,1,4),(0.E0,1.E0),(-1.000222340601E-2,0.E0,2.732976844319E-2,
5.499033345011E-2,8.338221220005E-2,1.120086160442E-1,1.416701222106E-1,
1.703903790839E-1,1.960043141507E-1,2.193043700387E-1,2.415864813377E-1,
2.640474025663E-1,2.877474843195E-1,3.137011748825E-1,3.429501195894E-1,
3.759768824519E-1,4.119323213915E-1,4.500845579120E-1,4.901138586123E-1,
5.307434538445E-1,5.709387458515E-1,6.096895065346E-1,6.450132797998E-1,
6.761560123687E-1,7.040834421517E-1,7.300079776813E-1,7.552516331249E-1,
7.813494924095E-1,8.101326056753E-1,8.423094814200E-1,8.733726641246E-1,
9.003070202825E-1,9.258312651019E-1,9.519008243555E-1,9.773709335461E-1,1.E0,
1.009999713017E0),.UNSPECIFIED.)GEOMETRIC_REPRESENTATION_ITEM()RATIONAL_B_SPLINE_SURFACE(((1.105318662290E0,1.105318662290E0,1.105318662290E0,1.105318662290E0,
1.105318662290E0,1.105318662290E0,1.105318662290E0,1.105318662290E0,
1.105318662290E0,1.105318662290E0,1.105318662290E0,1.105318662290E0,
1.105318662290E0,1.105318662290E0,1.105318662290E0,1.105318662290E0,
1.105318662290E0,1.105318662290E0,1.105318662290E0,1.105318662290E0,
1.105318662290E0,1.105318662290E0,1.105318662290E0,1.105318662290E0,
1.105318662290E0,1.105318662290E0,1.105318662290E0,1.105318662290E0,
1.105318662290E0,1.105318662290E0,1.105318662290E0,1.105318662290E0,
1.105318662290E0,1.105318662290E0,1.105318662290E0,1.105318662290E0,
1.105318662290E0,1.105318662290E0,1.105318662290E0),(9.648937792366E-1,
9.648937792366E-1,9.648937792366E-1,9.648937792366E-1,9.648937792366E-1,
9.648937792366E-1,9.648937792366E-1,9.648937792366E-1,9.648937792366E-1,
9.648937792366E-1,9.648937792366E-1,9.648937792366E-1,9.648937792366E-1,
9.648937792366E-1,9.648937792366E-1,9.648937792366E-1,9.648937792366E-1,
9.648937792366E-1,9.648937792366E-1,9.648937792366E-1,9.648937792366E-1,
9.648937792366E-1,9.648937792366E-1,9.648937792366E-1,9.648937792366E-1,
9.648937792366E-1,9.648937792366E-1,9.648937792366E-1,9.648937792366E-1,
9.648937792366E-1,9.648937792366E-1,9.648937792366E-1,9.648937792366E-1,
9.648937792366E-1,9.648937792366E-1,9.648937792366E-1,9.648937792366E-1,
9.648937792366E-1,9.648937792366E-1),(9.648937792366E-1,9.648937792366E-1,
9.648937792366E-1,9.648937792366E-1,9.648937792366E-1,9.648937792366E-1,
9.648937792366E-1,9.648937792366E-1,9.648937792366E-1,9.648937792366E-1,
9.648937792366E-1,9.648937792366E-1,9.648937792366E-1,9.648937792366E-1,
9.648937792366E-1,9.648937792366E-1,9.648937792366E-1,9.648937792366E-1,
9.648937792366E-1,9.648937792366E-1,9.648937792366E-1,9.648937792366E-1,
9.648937792366E-1,9.648937792366E-1,9.648937792366E-1,9.648937792366E-1,
9.648937792366E-1,9.648937792366E-1,9.648937792366E-1,9.648937792366E-1,
9.648937792366E-1,9.648937792366E-1,9.648937792366E-1,9.648937792366E-1,
9.648937792366E-1,9.648937792366E-1,9.648937792366E-1,9.648937792366E-1,
9.648937792366E-1),(1.105318662290E0,1.105318662290E0,1.105318662290E0,
1.105318662290E0,1.105318662290E0,1.105318662290E0,1.105318662290E0,
1.105318662290E0,1.105318662290E0,1.105318662290E0,1.105318662290E0,
1.105318662290E0,1.105318662290E0,1.105318662290E0,1.105318662290E0,
1.105318662290E0,1.105318662290E0,1.105318662290E0,1.105318662290E0,
1.105318662290E0,1.105318662290E0,1.105318662290E0,1.105318662290E0,
1.105318662290E0,1.105318662290E0,1.105318662290E0,1.105318662290E0,
1.105318662290E0,1.105318662290E0,1.105318662290E0,1.105318662290E0,
1.105318662290E0,1.105318662290E0,1.105318662290E0,1.105318662290E0,
1.105318662290E0,1.105318662290E0,1.105318662290E0,1.105318662290E0)))REPRESENTATION_ITEM('')SURFACE());
#7037=ORIENTED_EDGE('',*,*,#4658,.T.);
#7038=ORIENTED_EDGE('',*,*,#6875,.T.);
#7040=ORIENTED_EDGE('',*,*,#7039,.F.);
#7041=ORIENTED_EDGE('',*,*,#6871,.F.);
#7042=EDGE_LOOP('',(#7037,#7038,#7040,#7041));
#7043=FACE_OUTER_BOUND('',#7042,.F.);
#7044=ADVANCED_FACE('',(#7043),#7036,.T.);
#7045=CARTESIAN_POINT('',(0.E0,-7.136332993712E0,0.E0));
#7046=DIRECTION('',(0.E0,1.E0,0.E0));
#7047=DIRECTION('',(0.E0,0.E0,-1.E0));
#7048=AXIS2_PLACEMENT_3D('',#7045,#7046,#7047);
#7049=CYLINDRICAL_SURFACE('',#7048,2.2E1);
#7051=ORIENTED_EDGE('',*,*,#7050,.F.);
#7053=ORIENTED_EDGE('',*,*,#7052,.F.);
#7054=ORIENTED_EDGE('',*,*,#7039,.T.);
#7056=ORIENTED_EDGE('',*,*,#7055,.T.);
#7058=ORIENTED_EDGE('',*,*,#7057,.F.);
#7060=ORIENTED_EDGE('',*,*,#7059,.F.);
#7061=EDGE_LOOP('',(#7051,#7053,#7054,#7056,#7058,#7060));
#7062=FACE_OUTER_BOUND('',#7061,.F.);
#7063=ADVANCED_FACE('',(#7062),#7049,.F.);
#7064=CARTESIAN_POINT('',(-4.900656918757E-1,5.690484301254E1,
2.199456244523E1));
#7065=CARTESIAN_POINT('',(-3.268402591197E-1,5.689951601034E1,
2.199822438449E1));
#7066=CARTESIAN_POINT('',(2.521714175241E-1,5.689009825289E1,2.200469293691E1));
#7067=CARTESIAN_POINT('',(1.248882359096E0,5.693131625290E1,2.197638141264E1));
#7068=CARTESIAN_POINT('',(2.528822665195E0,5.709088581105E1,2.186718863525E1));
#7069=CARTESIAN_POINT('',(3.876762535565E0,5.737917258164E1,2.167144893217E1));
#7070=CARTESIAN_POINT('',(5.321245801948E0,5.783567908153E1,2.136572466770E1));
#7071=CARTESIAN_POINT('',(6.846198796881E0,5.850032568380E1,2.093036636243E1));
#7072=CARTESIAN_POINT('',(8.424290546472E0,5.941630299544E1,2.035052573619E1));
#7073=CARTESIAN_POINT('',(1.002723377620E1,6.063972172577E1,1.961543198348E1));
#7074=CARTESIAN_POINT('',(1.160527696935E1,6.223772596465E1,1.873053680858E1));
#7075=CARTESIAN_POINT('',(1.305743216015E1,6.426009990740E1,1.775158605546E1));
#7076=CARTESIAN_POINT('',(1.421585152959E1,6.665818437278E1,1.683473520765E1));
#7077=CARTESIAN_POINT('',(1.494135289525E1,6.929354010371E1,1.618951203525E1));
#7078=CARTESIAN_POINT('',(1.517801337443E1,7.195962152173E1,1.596640792407E1));
#7079=CARTESIAN_POINT('',(1.496601657178E1,7.445924239609E1,1.616610791468E1));
#7080=CARTESIAN_POINT('',(1.442174963926E1,7.664890219377E1,1.665273212057E1));
#7081=CARTESIAN_POINT('',(1.368338531193E1,7.848005924295E1,1.726101183260E1));
#7082=CARTESIAN_POINT('',(1.285466203309E1,7.998197454801E1,1.788202576636E1));
#7083=CARTESIAN_POINT('',(1.199483331814E1,8.121350512940E1,1.846523265925E1));
#7084=CARTESIAN_POINT('',(1.113491102432E1,8.222957309104E1,1.899224912411E1));
#7085=CARTESIAN_POINT('',(1.029135420873E1,8.307337905982E1,1.945903956722E1));
#7086=CARTESIAN_POINT('',(9.474276390634E0,8.377685505721E1,1.986707873175E1));
#7087=CARTESIAN_POINT('',(8.689873827839E0,8.436457495916E1,2.022039435715E1));
#7088=CARTESIAN_POINT('',(7.943083296095E0,8.485517409034E1,2.052356640463E1));
#7089=CARTESIAN_POINT('',(7.240412303207E0,8.526201550416E1,2.078044575279E1));
#7090=CARTESIAN_POINT('',(6.587404404229E0,8.559677651916E1,2.099539519774E1));
#7091=CARTESIAN_POINT('',(5.980757731426E0,8.587336427701E1,2.117534198320E1));
#7092=CARTESIAN_POINT('',(5.402913050250E0,8.610803918270E1,2.132964156839E1));
#7093=CARTESIAN_POINT('',(4.823487436101E0,8.631664952501E1,2.146802978607E1));
#7094=CARTESIAN_POINT('',(4.212117568541E0,8.650891752481E1,2.159659171471E1));
#7095=CARTESIAN_POINT('',(3.542913092938E0,8.668764476680E1,2.171697008022E1));
#7096=CARTESIAN_POINT('',(2.797683133867E0,8.684895646850E1,2.182633437603E1));
#7097=CARTESIAN_POINT('',(1.960834072130E0,8.698418924534E1,2.191854008675E1));
#7098=CARTESIAN_POINT('',(1.018327909151E0,8.707982768391E1,2.198403984752E1));
#7099=CARTESIAN_POINT('',(1.882138076791E-1,8.710885554604E1,2.200397344334E1));
#7100=CARTESIAN_POINT('',(-3.267075013828E-1,8.710048681540E1,
2.199822671637E1));
#7101=CARTESIAN_POINT('',(-4.898662353250E-1,8.709516779454E1,
2.199457153909E1));
#7102=CARTESIAN_POINT('',(-4.880177751691E-1,5.696631829197E1,
2.199262993233E1));
#7103=CARTESIAN_POINT('',(-3.254744021470E-1,5.696101411507E1,
2.199629153434E1));
#7104=CARTESIAN_POINT('',(2.511175991213E-1,5.695163672821E1,2.200275950986E1));
#7105=CARTESIAN_POINT('',(1.243663317612E0,5.699267801502E1,2.197445049395E1));
#7106=CARTESIAN_POINT('',(2.518260438277E0,5.715156414579E1,2.186526710904E1));
#7107=CARTESIAN_POINT('',(3.860585377651E0,5.743861875834E1,2.166954330099E1));
#7108=CARTESIAN_POINT('',(5.299072600280E0,5.789318065598E1,2.136384149288E1));
#7109=CARTESIAN_POINT('',(6.817727089277E0,5.855500948762E1,2.092851044390E1));
#7110=CARTESIAN_POINT('',(8.389343516569E0,5.946712737693E1,2.034869810300E1));
#7111=CARTESIAN_POINT('',(9.985763571507E0,6.068543015682E1,1.961362786874E1));
#7112=CARTESIAN_POINT('',(1.155745118067E1,6.227681297373E1,1.872874292649E1));
#7113=CARTESIAN_POINT('',(1.300383521127E1,6.429090094743E1,1.774977801974E1));
#7114=CARTESIAN_POINT('',(1.415772991909E1,6.667929672803E1,1.683288173563E1));
#7115=CARTESIAN_POINT('',(1.488045371614E1,6.930417379820E1,1.618759842065E1));
#7116=CARTESIAN_POINT('',(1.511622138466E1,7.195978017581E1,1.596446597255E1));
#7117=CARTESIAN_POINT('',(1.490502455527E1,7.444958000752E1,1.616419119774E1));
#7118=CARTESIAN_POINT('',(1.436283848640E1,7.663054986520E1,1.665086243980E1));
#7119=CARTESIAN_POINT('',(1.362734023812E1,7.845435294649E1,1.725918083148E1));
#7120=CARTESIAN_POINT('',(1.280187479679E1,7.995017436960E1,1.788021792643E1));
#7121=CARTESIAN_POINT('',(1.194546046096E1,8.117666609289E1,1.846343475370E1));
#7122=CARTESIAN_POINT('',(1.108898073424E1,8.218854797735E1,1.899045176122E1));
#7123=CARTESIAN_POINT('',(1.024882360552E1,8.302885730968E1,1.945723656462E1));
#7124=CARTESIAN_POINT('',(9.435057298070E0,8.372940362356E1,1.986526628248E1));
#7125=CARTESIAN_POINT('',(8.653849063789E0,8.431466531961E1,2.021857035841E1));
#7126=CARTESIAN_POINT('',(7.910112215677E0,8.480320471796E1,2.052172997583E1));
#7127=CARTESIAN_POINT('',(7.210324680266E0,8.520833242911E1,2.077859692522E1));
#7128=CARTESIAN_POINT('',(6.560004537912E0,8.554167936770E1,2.099353464360E1));
#7129=CARTESIAN_POINT('',(5.955861158629E0,8.581709596947E1,2.117347064434E1));
#7130=CARTESIAN_POINT('',(5.380406109012E0,8.605077512943E1,2.132776026234E1));
#7131=CARTESIAN_POINT('',(4.803381297107E0,8.625849867436E1,2.146613895881E1));
#7132=CARTESIAN_POINT('',(4.194549163064E0,8.644994791545E1,2.159469152995E1));
#7133=CARTESIAN_POINT('',(3.528127298149E0,8.662791277132E1,2.171506066686E1));
#7134=CARTESIAN_POINT('',(2.786001147722E0,8.678853526367E1,2.182441617171E1));
#7135=CARTESIAN_POINT('',(1.952642615904E0,8.692318940704E1,2.191661415727E1));
#7136=CARTESIAN_POINT('',(1.014072345913E0,8.701841813693E1,2.198210824821E1));
#7137=CARTESIAN_POINT('',(1.874272666983E-1,8.704732155633E1,2.200204008159E1));
#7138=CARTESIAN_POINT('',(-3.253421992034E-1,8.703898869870E1,
2.199629386512E1));
#7139=CARTESIAN_POINT('',(-4.878191522147E-1,8.703369246971E1,
2.199263902188E1));
#7140=CARTESIAN_POINT('',(-4.875674944205E-1,5.700984190375E1,
2.203613391117E1));
#7141=CARTESIAN_POINT('',(-3.251747747932E-1,5.700453219375E1,
2.203980310516E1));
#7142=CARTESIAN_POINT('',(2.508864344265E-1,5.699514470884E1,2.204628406765E1));
#7143=CARTESIAN_POINT('',(1.242518315747E0,5.703623067580E1,2.201791858443E1));
#7144=CARTESIAN_POINT('',(2.515837658740E0,5.719527698938E1,2.190852375966E1));
#7145=CARTESIAN_POINT('',(3.856593000174E0,5.748257374590E1,2.171244212900E1));
#7146=CARTESIAN_POINT('',(5.293009449434E0,5.793739829391E1,2.140623479200E1));
#7147=CARTESIAN_POINT('',(6.808894675569E0,5.859936096496E1,2.097029016016E1));
#7148=CARTESIAN_POINT('',(8.376857256934E0,5.951122244865E1,2.038984107037E1));
#7149=CARTESIAN_POINT('',(9.968566196086E0,6.072846491416E1,1.965424139789E1));
#7150=CARTESIAN_POINT('',(1.153439187452E1,6.231733729628E1,1.876912610235E1));
#7151=CARTESIAN_POINT('',(1.297395166978E1,6.432651444858E1,1.779047981658E1));
#7152=CARTESIAN_POINT('',(1.412094073399E1,6.670656324269E1,1.687460637698E1));
#7153=CARTESIAN_POINT('',(1.483830217168E1,6.931915220615E1,1.623067696827E1));
#7154=CARTESIAN_POINT('',(1.507207605404E1,7.196000351680E1,1.600818242980E1));
#7155=CARTESIAN_POINT('',(1.486266139902E1,7.443597001736E1,1.620733958393E1));
#7156=CARTESIAN_POINT('',(1.432455083001E1,7.660642420563E1,1.669295196611E1));
#7157=CARTESIAN_POINT('',(1.359378469095E1,7.842303655567E1,1.730039961650E1));
#7158=CARTESIAN_POINT('',(1.277287279335E1,7.991410832818E1,1.792091531567E1));
#7159=CARTESIAN_POINT('',(1.192055001781E1,8.113748199828E1,1.850390850423E1));
#7160=CARTESIAN_POINT('',(1.106764845606E1,8.214732323532E1,1.903091329550E1));
#7161=CARTESIAN_POINT('',(1.023058324073E1,8.298631210232E1,1.949782505787E1));
#7162=CARTESIAN_POINT('',(9.419469330367E0,8.368602648722E1,1.990606743552E1));
#7163=CARTESIAN_POINT('',(8.640525781187E0,8.427078892238E1,2.025963150854E1));
#7164=CARTESIAN_POINT('',(7.898713696672E0,8.475905464586E1,2.056307094661E1));
#7165=CARTESIAN_POINT('',(7.200549123730E0,8.516405919326E1,2.082021701219E1));
#7166=CARTESIAN_POINT('',(6.551587701482E0,8.549737852678E1,2.103541871476E1));
#7167=CARTESIAN_POINT('',(5.948589129161E0,8.577282425601E1,2.121559749700E1));
#7168=CARTESIAN_POINT('',(5.374128701083E0,8.600656620734E1,2.137011149241E1));
#7169=CARTESIAN_POINT('',(4.798015650987E0,8.621437597250E1,2.150870452666E1));
#7170=CARTESIAN_POINT('',(4.190061071754E0,8.640593113604E1,2.163746775005E1));
#7171=CARTESIAN_POINT('',(3.524510893214E0,8.658401827898E1,2.175804463763E1));
#7172=CARTESIAN_POINT('',(2.783261665857E0,8.674477167764E1,2.186759804130E1));
#7173=CARTESIAN_POINT('',(1.950792976116E0,8.687955121306E1,2.195996993246E1));
#7174=CARTESIAN_POINT('',(1.013138754608E0,8.697487769755E1,2.202559166065E1));
#7175=CARTESIAN_POINT('',(1.872547302564E-1,8.700381243710E1,2.204556316934E1));
#7176=CARTESIAN_POINT('',(-3.250426935115E-1,8.699547062035E1,
2.203980546067E1));
#7177=CARTESIAN_POINT('',(-4.873690529762E-1,8.699016885240E1,
2.203614309755E1));
#7178=CARTESIAN_POINT('',(-4.889989343602E-1,5.700795454929E1,
2.209762746972E1));
#7179=CARTESIAN_POINT('',(-3.261304136901E-1,5.700261443866E1,
2.210130739508E1));
#7180=CARTESIAN_POINT('',(2.516237665837E-1,5.699317275800E1,2.210780671485E1));
#7181=CARTESIAN_POINT('',(1.246169741803E0,5.703449660947E1,2.207936141423E1));
#7182=CARTESIAN_POINT('',(2.523082872216E0,5.719444565579E1,2.196966771587E1));
#7183=CARTESIAN_POINT('',(3.867304217193E0,5.748330608825E1,2.177308029732E1));
#7184=CARTESIAN_POINT('',(5.306881626371E0,5.794043483162E1,2.146615838728E1));
#7185=CARTESIAN_POINT('',(6.825273976685E0,5.860539851207E1,2.102934644642E1));
#7186=CARTESIAN_POINT('',(8.394709421039E0,5.952076837464E1,2.044799730204E1));
#7187=CARTESIAN_POINT('',(9.986491573630E0,6.074167512031E1,1.971164926032E1));
#7188=CARTESIAN_POINT('',(1.155064730061E1,6.233373190266E1,1.882620835679E1));
#7189=CARTESIAN_POINT('',(1.298663523497E1,6.434447164685E1,1.784801244679E1));
#7190=CARTESIAN_POINT('',(1.412869448409E1,6.672278131484E1,1.693358481398E1));
#7191=CARTESIAN_POINT('',(1.484149191523E1,6.932902536327E1,1.629156917309E1));
#7192=CARTESIAN_POINT('',(1.507342892716E1,7.196015063758E1,1.606997632991E1));
#7193=CARTESIAN_POINT('',(1.486565426350E1,7.442699904717E1,1.626833050666E1));
#7194=CARTESIAN_POINT('',(1.433104257411E1,7.659174623332E1,1.675244617375E1));
#7195=CARTESIAN_POINT('',(1.360388905935E1,7.840586776273E1,1.735866301761E1));
#7196=CARTESIAN_POINT('',(1.278595355459E1,7.989653069803E1,1.797844171565E1));
#7197=CARTESIAN_POINT('',(1.193581813143E1,8.112067431766E1,1.856111878739E1));
#7198=CARTESIAN_POINT('',(1.108437284756E1,8.213190779331E1,1.908810631080E1));
#7199=CARTESIAN_POINT('',(1.024814106608E1,8.297258545529E1,1.955519753167E1));
#7200=CARTESIAN_POINT('',(9.437347026568E0,8.367409053456E1,1.996374050726E1));
#7201=CARTESIAN_POINT('',(8.658309716139E0,8.426062764043E1,2.031767209028E1));
#7202=CARTESIAN_POINT('',(7.916079130694E0,8.475057841008E1,2.062150705922E1));
#7203=CARTESIAN_POINT('',(7.217253088797E0,8.515712803736E1,2.087904765994E1));
#7204=CARTESIAN_POINT('',(6.567464125758E0,8.549182365335E1,2.109462250830E1));
#7205=CARTESIAN_POINT('',(5.963529608504E0,8.576848041691E1,2.127514446604E1));
#7206=CARTESIAN_POINT('',(5.388041279457E0,8.600330408126E1,2.142997562243E1));
#7207=CARTESIAN_POINT('',(4.810775714933E0,8.621211868741E1,2.156887162651E1));
#7208=CARTESIAN_POINT('',(4.201484857393E0,8.640463762747E1,2.169793261017E1));
#7209=CARTESIAN_POINT('',(3.534345488938E0,8.658365457905E1,2.181880315658E1));
#7210=CARTESIAN_POINT('',(2.791193043238E0,8.674527641014E1,2.192863629334E1));
#7211=CARTESIAN_POINT('',(1.956452101213E0,8.688080625256E1,2.202125400281E1));
#7212=CARTESIAN_POINT('',(1.016116143393E0,8.697667628097E1,2.208705614827E1));
#7213=CARTESIAN_POINT('',(1.878050525932E-1,8.700577834350E1,2.210708373864E1));
#7214=CARTESIAN_POINT('',(-3.259979441816E-1,8.699738838786E1,
2.210130978555E1));
#7215=CARTESIAN_POINT('',(-4.887999078242E-1,8.699205624468E1,
2.209763679297E1));
#7216=(BOUNDED_SURFACE()B_SPLINE_SURFACE(3,3,((#7064,#7065,#7066,#7067,#7068,
#7069,#7070,#7071,#7072,#7073,#7074,#7075,#7076,#7077,#7078,#7079,#7080,#7081,
#7082,#7083,#7084,#7085,#7086,#7087,#7088,#7089,#7090,#7091,#7092,#7093,#7094,
#7095,#7096,#7097,#7098,#7099,#7100,#7101),(#7102,#7103,#7104,#7105,#7106,#7107,
#7108,#7109,#7110,#7111,#7112,#7113,#7114,#7115,#7116,#7117,#7118,#7119,#7120,
#7121,#7122,#7123,#7124,#7125,#7126,#7127,#7128,#7129,#7130,#7131,#7132,#7133,
#7134,#7135,#7136,#7137,#7138,#7139),(#7140,#7141,#7142,#7143,#7144,#7145,#7146,
#7147,#7148,#7149,#7150,#7151,#7152,#7153,#7154,#7155,#7156,#7157,#7158,#7159,
#7160,#7161,#7162,#7163,#7164,#7165,#7166,#7167,#7168,#7169,#7170,#7171,#7172,
#7173,#7174,#7175,#7176,#7177),(#7178,#7179,#7180,#7181,#7182,#7183,#7184,#7185,
#7186,#7187,#7188,#7189,#7190,#7191,#7192,#7193,#7194,#7195,#7196,#7197,#7198,
#7199,#7200,#7201,#7202,#7203,#7204,#7205,#7206,#7207,#7208,#7209,#7210,#7211,
#7212,#7213,#7214,#7215)),.UNSPECIFIED.,.F.,.F.,.F.)B_SPLINE_SURFACE_WITH_KNOTS(
(4,4),(4,1,1,1,1,1,1,1,1,1,1,1,1,1,1,1,1,1,1,1,1,1,1,1,1,1,1,1,1,1,1,1,1,1,1,4),
(0.E0,1.E0),(-1.000001851929E-2,0.E0,2.543467482063E-2,5.095142013331E-2,
7.908036695060E-2,1.104440131720E-1,1.452639144465E-1,1.839514006137E-1,
2.271294085178E-1,2.759599103104E-1,3.307605593697E-1,3.895248393148E-1,
4.463690515359E-1,4.999677040701E-1,5.508291953052E-1,5.976484930911E-1,
6.393284333618E-1,6.760480444478E-1,7.084874125785E-1,7.373710932577E-1,
7.632525862484E-1,7.865877604551E-1,8.076866276583E-1,8.268328796176E-1,
8.441907642915E-1,8.596952594539E-1,8.735451570373E-1,8.863897932291E-1,
8.989634986468E-1,9.121293263265E-1,9.263511706789E-1,9.419465529372E-1,
9.592249840784E-1,9.784829013205E-1,1.E0,1.009996325541E0),.UNSPECIFIED.)GEOMETRIC_REPRESENTATION_ITEM()RATIONAL_B_SPLINE_SURFACE(((1.187262732385E0,
1.187262732385E0,1.187262732385E0,1.187262732385E0,1.187262732385E0,
1.187262732385E0,1.187262732385E0,1.187262732385E0,1.187262732385E0,
1.187262732385E0,1.187262732385E0,1.187262732385E0,1.187262732385E0,
1.187262732385E0,1.187262732385E0,1.187262732385E0,1.187262732385E0,
1.187262732385E0,1.187262732385E0,1.187262732385E0,1.187262732385E0,
1.187262732385E0,1.187262732385E0,1.187262732385E0,1.187262732385E0,
1.187262732385E0,1.187262732385E0,1.187262732385E0,1.187262732385E0,
1.187262732385E0,1.187262732385E0,1.187262732385E0,1.187262732385E0,
1.187262732385E0,1.187262732385E0,1.187262732385E0,1.187262732385E0,
1.187262732385E0),(9.375790892049E-1,9.375790892049E-1,9.375790892049E-1,
9.375790892049E-1,9.375790892049E-1,9.375790892049E-1,9.375790892049E-1,
9.375790892049E-1,9.375790892049E-1,9.375790892049E-1,9.375790892049E-1,
9.375790892049E-1,9.375790892049E-1,9.375790892049E-1,9.375790892049E-1,
9.375790892049E-1,9.375790892049E-1,9.375790892049E-1,9.375790892049E-1,
9.375790892049E-1,9.375790892049E-1,9.375790892049E-1,9.375790892049E-1,
9.375790892049E-1,9.375790892049E-1,9.375790892049E-1,9.375790892049E-1,
9.375790892049E-1,9.375790892049E-1,9.375790892049E-1,9.375790892049E-1,
9.375790892049E-1,9.375790892049E-1,9.375790892049E-1,9.375790892049E-1,
9.375790892049E-1,9.375790892049E-1,9.375790892049E-1),(9.375790892049E-1,
9.375790892049E-1,9.375790892049E-1,9.375790892049E-1,9.375790892049E-1,
9.375790892049E-1,9.375790892049E-1,9.375790892049E-1,9.375790892049E-1,
9.375790892049E-1,9.375790892049E-1,9.375790892049E-1,9.375790892049E-1,
9.375790892049E-1,9.375790892049E-1,9.375790892049E-1,9.375790892049E-1,
9.375790892049E-1,9.375790892049E-1,9.375790892049E-1,9.375790892049E-1,
9.375790892049E-1,9.375790892049E-1,9.375790892049E-1,9.375790892049E-1,
9.375790892049E-1,9.375790892049E-1,9.375790892049E-1,9.375790892049E-1,
9.375790892049E-1,9.375790892049E-1,9.375790892049E-1,9.375790892049E-1,
9.375790892049E-1,9.375790892049E-1,9.375790892049E-1,9.375790892049E-1,
9.375790892049E-1),(1.187262732385E0,1.187262732385E0,1.187262732385E0,
1.187262732385E0,1.187262732385E0,1.187262732385E0,1.187262732385E0,
1.187262732385E0,1.187262732385E0,1.187262732385E0,1.187262732385E0,
1.187262732385E0,1.187262732385E0,1.187262732385E0,1.187262732385E0,
1.187262732385E0,1.187262732385E0,1.187262732385E0,1.187262732385E0,
1.187262732385E0,1.187262732385E0,1.187262732385E0,1.187262732385E0,
1.187262732385E0,1.187262732385E0,1.187262732385E0,1.187262732385E0,
1.187262732385E0,1.187262732385E0,1.187262732385E0,1.187262732385E0,
1.187262732385E0,1.187262732385E0,1.187262732385E0,1.187262732385E0,
1.187262732385E0,1.187262732385E0,1.187262732385E0)))REPRESENTATION_ITEM('')SURFACE());
#7217=ORIENTED_EDGE('',*,*,#7050,.T.);
#7219=ORIENTED_EDGE('',*,*,#7218,.T.);
#7221=ORIENTED_EDGE('',*,*,#7220,.F.);
#7223=ORIENTED_EDGE('',*,*,#7222,.F.);
#7224=EDGE_LOOP('',(#7217,#7219,#7221,#7223));
#7225=FACE_OUTER_BOUND('',#7224,.F.);
#7226=ADVANCED_FACE('',(#7225),#7216,.T.);
#7227=CARTESIAN_POINT('',(4.900668543266E-1,8.709515635522E1,2.199456183156E1));
#7228=CARTESIAN_POINT('',(3.268415176280E-1,8.710048385829E1,2.199822424934E1));
#7229=CARTESIAN_POINT('',(-2.579119771295E-1,8.710999555627E1,
2.200475749012E1));
#7230=CARTESIAN_POINT('',(-1.265996204812E0,8.706772918566E1,2.197572510690E1));
#7231=CARTESIAN_POINT('',(-2.563013615820E0,8.690379174600E1,2.186355227630E1));
#7232=CARTESIAN_POINT('',(-3.928231066843E0,8.660772462278E1,2.166258929257E1));
#7233=CARTESIAN_POINT('',(-5.390169006440E0,8.613903648227E1,2.134892242469E1));
#7234=CARTESIAN_POINT('',(-6.931610230261E0,8.545701131385E1,2.090278178787E1));
#7235=CARTESIAN_POINT('',(-8.524168501549E0,8.451755941696E1,2.030952021864E1));
#7236=CARTESIAN_POINT('',(-1.013897476148E1,8.326263876844E1,1.955867146498E1));
#7237=CARTESIAN_POINT('',(-1.172219286738E1,8.162448448815E1,1.865830763019E1));
#7238=CARTESIAN_POINT('',(-1.316343164758E1,7.956098239852E1,1.767320433087E1));
#7239=CARTESIAN_POINT('',(-1.429153854770E1,7.713566713485E1,1.677002612493E1));
#7240=CARTESIAN_POINT('',(-1.497687993930E1,7.449599508620E1,1.615638128647E1));
#7241=CARTESIAN_POINT('',(-1.517602334380E1,7.184712790776E1,1.596832235541E1));
#7242=CARTESIAN_POINT('',(-1.493655959781E1,6.937614217007E1,1.619334233921E1));
#7243=CARTESIAN_POINT('',(-1.437706905227E1,6.721876120973E1,1.669109357113E1));
#7244=CARTESIAN_POINT('',(-1.363320079814E1,6.541714863739E1,1.730031593603E1));
#7245=CARTESIAN_POINT('',(-1.280450310085E1,6.393901937071E1,1.791761382385E1));
#7246=CARTESIAN_POINT('',(-1.194746025120E1,6.272589043086E1,1.849560712068E1));
#7247=CARTESIAN_POINT('',(-1.109164108931E1,6.172401608769E1,1.901729873750E1));
#7248=CARTESIAN_POINT('',(-1.025279960996E1,6.089125600980E1,1.947918135348E1));
#7249=CARTESIAN_POINT('',(-9.440697456775E0,6.019646045253E1,1.988290034430E1));
#7250=CARTESIAN_POINT('',(-8.661303506591E0,5.961558337541E1,2.023252636764E1));
#7251=CARTESIAN_POINT('',(-7.919521859718E0,5.913044583922E1,2.053257228897E1));
#7252=CARTESIAN_POINT('',(-7.221875363657E0,5.872800366779E1,2.078681527850E1));
#7253=CARTESIAN_POINT('',(-6.573651044087E0,5.839666156554E1,2.099964474454E1));
#7254=CARTESIAN_POINT('',(-5.971068945730E0,5.812252363767E1,2.117803589107E1));
#7255=CARTESIAN_POINT('',(-5.396077423907E0,5.788937999659E1,2.133134821557E1));
#7256=CARTESIAN_POINT('',(-4.818366547285E0,5.768164419609E1,2.146916724909E1));
#7257=CARTESIAN_POINT('',(-4.207980105845E0,5.748989407414E1,2.159738989354E1));
#7258=CARTESIAN_POINT('',(-3.539489756612E0,5.731154245994E1,2.171751979991E1));
#7259=CARTESIAN_POINT('',(-2.794989234745E0,5.715055034443E1,2.182667003772E1));
#7260=CARTESIAN_POINT('',(-1.958933458205E0,5.701557914694E1,2.191869855662E1));
#7261=CARTESIAN_POINT('',(-1.017331393540E0,5.692012656860E1,2.198407128463E1));
#7262=CARTESIAN_POINT('',(-1.878667988638E-1,5.689115009077E1,
2.200396956734E1));
#7263=CARTESIAN_POINT('',(3.267083751822E-1,5.689951319166E1,2.199822671387E1));
#7264=CARTESIAN_POINT('',(4.898675939803E-1,5.690483221414E1,2.199457154289E1));
#7265=CARTESIAN_POINT('',(4.880189327374E-1,8.703368107837E1,2.199262931911E1));
#7266=CARTESIAN_POINT('',(3.254756553925E-1,8.703898575410E1,2.199629139930E1));
#7267=CARTESIAN_POINT('',(-2.568341690411E-1,8.704845667872E1,
2.200282405715E1));
#7268=CARTESIAN_POINT('',(-1.260705645395E0,8.700637151718E1,2.197379424674E1));
#7269=CARTESIAN_POINT('',(-2.552308739762E0,8.684313619701E1,2.186163105918E1));
#7270=CARTESIAN_POINT('',(-3.911839778871E0,8.654833438883E1,2.166068435887E1));
#7271=CARTESIAN_POINT('',(-5.367710277613E0,8.608164242184E1,2.134704041528E1));
#7272=CARTESIAN_POINT('',(-6.902786751799E0,8.540250792190E1,2.090092743749E1));
#7273=CARTESIAN_POINT('',(-8.488813183400E0,8.446701278495E1,2.030769428214E1));
#7274=CARTESIAN_POINT('',(-1.009705200827E1,8.321733696852E1,1.955686864443E1));
#7275=CARTESIAN_POINT('',(-1.167389916137E1,8.158596550590E1,1.865651372709E1));
#7276=CARTESIAN_POINT('',(-1.310941712623E1,7.953090952763E1,1.767139384082E1));
#7277=CARTESIAN_POINT('',(-1.423312478664E1,7.711538054756E1,1.676816784575E1));
#7278=CARTESIAN_POINT('',(-1.491584630177E1,7.448619145577E1,1.615446371823E1));
#7279=CARTESIAN_POINT('',(-1.511423882133E1,7.184772683248E1,1.596638066850E1));
#7280=CARTESIAN_POINT('',(-1.487567931506E1,6.938645445667E1,1.619142873668E1));
#7281=CARTESIAN_POINT('',(-1.431833015395E1,6.723764237504E1,1.668922687881E1));
#7282=CARTESIAN_POINT('',(-1.357735195879E1,6.544327029261E1,1.729848682015E1));
#7283=CARTESIAN_POINT('',(-1.275191421490E1,6.397114172514E1,1.791580687991E1));
#7284=CARTESIAN_POINT('',(-1.189827640795E1,6.276297845676E1,1.849380944298E1));
#7285=CARTESIAN_POINT('',(-1.104588470109E1,6.176523306959E1,1.901550120577E1));
#7286=CARTESIAN_POINT('',(-1.021042489903E1,6.093592474185E1,1.947737797572E1));
#7287=CARTESIAN_POINT('',(-9.401614836988E0,6.024402330158E1,1.988108743941E1));
#7288=CARTESIAN_POINT('',(-8.625395371474E0,5.966557619197E1,2.023070191233E1));
#7289=CARTESIAN_POINT('',(-7.886647327296E0,5.918247570507E1,2.053073545147E1));
#7290=CARTESIAN_POINT('',(-7.191863948943E0,5.878172885816E1,2.078496611869E1));
#7291=CARTESIAN_POINT('',(-6.546307876844E0,5.845178647800E1,2.099778394402E1));
#7292=CARTESIAN_POINT('',(-5.946212408642E0,5.817880938037E1,2.117616438265E1));
#7293=CARTESIAN_POINT('',(-5.373598785137E0,5.794665501343E1,2.132946679473E1));
#7294=CARTESIAN_POINT('',(-4.798281649236E0,5.773980230783E1,2.146727634082E1));
#7295=CARTESIAN_POINT('',(-4.190428892132E0,5.754886874939E1,2.159548964882E1));
#7296=CARTESIAN_POINT('',(-3.524718210588E0,5.737127792594E1,2.171561034313E1));
#7297=CARTESIAN_POINT('',(-2.783318479129E0,5.721097365850E1,2.182475180565E1));
#7298=CARTESIAN_POINT('',(-1.950749936378E0,5.707657997717E1,2.191677261353E1));
#7299=CARTESIAN_POINT('',(-1.013079994702E0,5.698153631173E1,2.198213968253E1));
#7300=CARTESIAN_POINT('',(-1.870817080254E-1,5.695268405632E1,
2.200203620594E1));
#7301=CARTESIAN_POINT('',(3.253430693515E-1,5.696101130833E1,2.199629386261E1));
#7302=CARTESIAN_POINT('',(4.878205051941E-1,5.696630753893E1,2.199263902566E1));
#7303=CARTESIAN_POINT('',(4.875686513792E-1,8.699015746824E1,2.203613328772E1));
#7304=CARTESIAN_POINT('',(3.251760269474E-1,8.699546767569E1,2.203980296753E1));
#7305=CARTESIAN_POINT('',(-2.565977424099E-1,8.700494880051E1,
2.204634874814E1));
#7306=CARTESIAN_POINT('',(-1.259544947487E0,8.696281780006E1,2.201726101954E1));
#7307=CARTESIAN_POINT('',(-2.549850294251E0,8.679941819479E1,2.190488075157E1));
#7308=CARTESIAN_POINT('',(-3.907782565721E0,8.650436949523E1,2.170356748530E1));
#7309=CARTESIAN_POINT('',(-5.361537739838E0,8.603741377011E1,2.138940747896E1));
#7310=CARTESIAN_POINT('',(-6.893780695301E0,8.535815631437E1,2.094267185194E1));
#7311=CARTESIAN_POINT('',(-8.476067276964E0,8.442295318054E1,2.034879905436E1));
#7312=CARTESIAN_POINT('',(-1.007948592844E1,8.317441761680E1,1.959745303942E1));
#7313=CARTESIAN_POINT('',(-1.165035082363E1,8.154571144121E1,1.869689737580E1));
#7314=CARTESIAN_POINT('',(-1.307896726887E1,7.949582069264E1,1.771215088854E1));
#7315=CARTESIAN_POINT('',(-1.419582022257E1,7.708896288159E1,1.681000070389E1));
#7316=CARTESIAN_POINT('',(-1.487340342094E1,7.447231969793E1,1.619763126870E1));
#7317=CARTESIAN_POINT('',(-1.507011099811E1,7.184860447255E1,1.601009116907E1));
#7318=CARTESIAN_POINT('',(-1.483355312594E1,6.940091778771E1,1.623450701243E1));
#7319=CARTESIAN_POINT('',(-1.428035065428E1,6.726233628746E1,1.673124913033E1));
#7320=CARTESIAN_POINT('',(-1.354409152668E1,6.547494335441E1,1.733966316528E1));
#7321=CARTESIAN_POINT('',(-1.272316624234E1,6.400742776014E1,1.795648409915E1));
#7322=CARTESIAN_POINT('',(-1.187357485067E1,6.280229708018E1,1.853427806426E1));
#7323=CARTESIAN_POINT('',(-1.102471995885E1,6.180653880733E1,1.905596654087E1));
#7324=CARTESIAN_POINT('',(-1.019231642393E1,6.097851728094E1,1.951797491447E1));
#7325=CARTESIAN_POINT('',(-9.386128822116E0,6.028742671819E1,1.992189884906E1));
#7326=CARTESIAN_POINT('',(-8.612149370039E0,5.970946599075E1,2.027177334056E1));
#7327=CARTESIAN_POINT('',(-7.875305776277E0,5.922663157980E1,2.057208562275E1));
#7328=CARTESIAN_POINT('',(-7.182128609007E0,5.882600374963E1,2.082659368504E1));
#7329=CARTESIAN_POINT('',(-6.537917980839E0,5.849608707371E1,2.103967356162E1));
#7330=CARTESIAN_POINT('',(-5.938957638133E0,5.822308022967E1,2.121829505223E1));
#7331=CARTESIAN_POINT('',(-5.367332510070E0,5.799086300620E1,2.137182060889E1));
#7332=CARTESIAN_POINT('',(-4.792923636940E0,5.778392416161E1,2.150984373235E1));
#7333=CARTESIAN_POINT('',(-4.185946414940E0,5.759288477839E1,2.163826721876E1));
#7334=CARTESIAN_POINT('',(-3.521106001860E0,5.741517179720E1,2.175859529145E1));
#7335=CARTESIAN_POINT('',(-2.780581969416E0,5.725473680583E1,2.186793429991E1));
#7336=CARTESIAN_POINT('',(-1.948902190752E0,5.712021793925E1,2.196012869535E1));
#7337=CARTESIAN_POINT('',(-1.012147317174E0,5.702507670101E1,2.202562315783E1));
#7338=CARTESIAN_POINT('',(-1.869094896714E-1,5.699619318166E1,
2.204555928579E1));
#7339=CARTESIAN_POINT('',(3.250435628535E-1,5.700452938671E1,2.203980545828E1));
#7340=CARTESIAN_POINT('',(4.873704046749E-1,5.700983115639E1,2.203614310183E1));
#7341=CARTESIAN_POINT('',(4.890000953670E-1,8.699204482239E1,2.209762683179E1));
#7342=CARTESIAN_POINT('',(3.261316696127E-1,8.699738543061E1,2.210130725380E1));
#7343=CARTESIAN_POINT('',(-2.573518601659E-1,8.700692129383E1,
2.210787158363E1));
#7344=CARTESIAN_POINT('',(-1.263246402116E0,8.696454632651E1,2.207870198676E1));
#7345=CARTESIAN_POINT('',(-2.557189326789E0,8.680021967997E1,2.196601487222E1));
#7346=CARTESIAN_POINT('',(-3.918619146651E0,8.650356764782E1,2.176418345918E1));
#7347=CARTESIAN_POINT('',(-5.375545682922E0,8.603425463944E1,2.144929399002E1));
#7348=CARTESIAN_POINT('',(-6.910274033939E0,8.535193817716E1,2.100167823853E1));
#7349=CARTESIAN_POINT('',(-8.493972248383E0,8.441317806316E1,2.040690129659E1));
#7350=CARTESIAN_POINT('',(-1.009735906344E1,8.316095878070E1,1.965481972026E1));
#7351=CARTESIAN_POINT('',(-1.166640463675E1,8.152911881648E1,1.875398029862E1));
#7352=CARTESIAN_POINT('',(-1.309129306674E1,7.947785364263E1,1.776976161672E1));
#7353=CARTESIAN_POINT('',(-1.420316052089E1,7.707308119530E1,1.686913210702E1));
#7354=CARTESIAN_POINT('',(-1.487632875598E1,7.446313158498E1,1.625864928045E1));
#7355=CARTESIAN_POINT('',(-1.507148037321E1,7.184920711978E1,1.607187664932E1));
#7356=CARTESIAN_POINT('',(-1.483675868700E1,6.941040716390E1,1.629539883294E1));
#7357=CARTESIAN_POINT('',(-1.428709203942E1,6.727726341472E1,1.679064824398E1));
#7358=CARTESIAN_POINT('',(-1.355440370094E1,6.549218510479E1,1.739786657696E1));
#7359=CARTESIAN_POINT('',(-1.273639644543E1,6.402498440621E1,1.801398198852E1));
#7360=CARTESIAN_POINT('',(-1.188893993481E1,6.281903995405E1,1.859148109714E1));
#7361=CARTESIAN_POINT('',(-1.104149982097E1,6.182187327191E1,1.911316492867E1));
#7362=CARTESIAN_POINT('',(-1.020989892641E1,6.099216174764E1,1.957535932612E1));
#7363=CARTESIAN_POINT('',(-9.404009628573E0,6.029928723560E1,1.997958641870E1));
#7364=CARTESIAN_POINT('',(-8.629922481256E0,5.971956244367E1,2.032982845055E1));
#7365=CARTESIAN_POINT('',(-7.892652656842E0,5.923505526647E1,2.063053474042E1));
#7366=CARTESIAN_POINT('',(-7.198811426162E0,5.883289505692E1,2.088543490501E1));
#7367=CARTESIAN_POINT('',(-6.553774590021E0,5.850161385043E1,2.109888519514E1));
#7368=CARTESIAN_POINT('',(-5.953881710909E0,5.822740545053E1,2.127784741652E1));
#7369=CARTESIAN_POINT('',(-5.381232027915E0,5.799411289640E1,2.143168839156E1));
#7370=CARTESIAN_POINT('',(-4.805672911367E0,5.778617302452E1,2.157001341E1));
#7371=CARTESIAN_POINT('',(-4.197360695074E0,5.759417219370E1,2.169873398688E1));
#7372=CARTESIAN_POINT('',(-3.530932093821E0,5.741553117630E1,2.181935519219E1));
#7373=CARTESIAN_POINT('',(-2.788506185424E0,5.725422936346E1,2.192897343493E1));
#7374=CARTESIAN_POINT('',(-1.954555974737E0,5.711896159035E1,2.202141319912E1));
#7375=CARTESIAN_POINT('',(-1.015121792605E0,5.702327785283E1,2.208708773431E1));
#7376=CARTESIAN_POINT('',(-1.874587973581E-1,5.699422730779E1,
2.210707984391E1));
#7377=CARTESIAN_POINT('',(3.259988160712E-1,5.700261161928E1,2.210130978333E1));
#7378=CARTESIAN_POINT('',(4.888012634454E-1,5.700794376436E1,2.209763679796E1));
#7379=(BOUNDED_SURFACE()B_SPLINE_SURFACE(3,3,((#7227,#7228,#7229,#7230,#7231,
#7232,#7233,#7234,#7235,#7236,#7237,#7238,#7239,#7240,#7241,#7242,#7243,#7244,
#7245,#7246,#7247,#7248,#7249,#7250,#7251,#7252,#7253,#7254,#7255,#7256,#7257,
#7258,#7259,#7260,#7261,#7262,#7263,#7264),(#7265,#7266,#7267,#7268,#7269,#7270,
#7271,#7272,#7273,#7274,#7275,#7276,#7277,#7278,#7279,#7280,#7281,#7282,#7283,
#7284,#7285,#7286,#7287,#7288,#7289,#7290,#7291,#7292,#7293,#7294,#7295,#7296,
#7297,#7298,#7299,#7300,#7301,#7302),(#7303,#7304,#7305,#7306,#7307,#7308,#7309,
#7310,#7311,#7312,#7313,#7314,#7315,#7316,#7317,#7318,#7319,#7320,#7321,#7322,
#7323,#7324,#7325,#7326,#7327,#7328,#7329,#7330,#7331,#7332,#7333,#7334,#7335,
#7336,#7337,#7338,#7339,#7340),(#7341,#7342,#7343,#7344,#7345,#7346,#7347,#7348,
#7349,#7350,#7351,#7352,#7353,#7354,#7355,#7356,#7357,#7358,#7359,#7360,#7361,
#7362,#7363,#7364,#7365,#7366,#7367,#7368,#7369,#7370,#7371,#7372,#7373,#7374,
#7375,#7376,#7377,#7378)),.UNSPECIFIED.,.F.,.F.,.F.)B_SPLINE_SURFACE_WITH_KNOTS(
(4,4),(4,1,1,1,1,1,1,1,1,1,1,1,1,1,1,1,1,1,1,1,1,1,1,1,1,1,1,1,1,1,1,1,1,1,1,4),
(0.E0,1.E0),(-1.000003836298E-2,0.E0,2.578603240349E-2,5.164576886619E-2,
8.015682898789E-2,1.119556227963E-1,1.472641008744E-1,1.864897737374E-1,
2.302931404565E-1,2.799127273774E-1,3.354502833209E-1,3.943248193834E-1,
4.506611817466E-1,5.038214123262E-1,5.542539841624E-1,6.005577592911E-1,
6.417505732151E-1,6.780530608921E-1,7.101457377759E-1,7.387411342603E-1,
7.643799219257E-1,7.875078724578E-1,8.084275811250E-1,8.274198559512E-1,
8.446353314255E-1,8.600069545446E-1,8.737553169205E-1,8.865318073652E-1,
8.990698889739E-1,9.122180783857E-1,9.264236252270E-1,9.420030067577E-1,
9.592647002268E-1,9.785041216425E-1,1.E0,1.009996349113E0),.UNSPECIFIED.)GEOMETRIC_REPRESENTATION_ITEM()RATIONAL_B_SPLINE_SURFACE(((1.187262732387E0,
1.187262732387E0,1.187262732387E0,1.187262732387E0,1.187262732387E0,
1.187262732387E0,1.187262732387E0,1.187262732387E0,1.187262732387E0,
1.187262732387E0,1.187262732387E0,1.187262732387E0,1.187262732387E0,
1.187262732387E0,1.187262732387E0,1.187262732387E0,1.187262732387E0,
1.187262732387E0,1.187262732387E0,1.187262732387E0,1.187262732387E0,
1.187262732387E0,1.187262732387E0,1.187262732387E0,1.187262732387E0,
1.187262732387E0,1.187262732387E0,1.187262732387E0,1.187262732387E0,
1.187262732387E0,1.187262732387E0,1.187262732387E0,1.187262732387E0,
1.187262732387E0,1.187262732387E0,1.187262732387E0,1.187262732387E0,
1.187262732387E0),(9.375790892043E-1,9.375790892043E-1,9.375790892043E-1,
9.375790892043E-1,9.375790892043E-1,9.375790892043E-1,9.375790892043E-1,
9.375790892043E-1,9.375790892043E-1,9.375790892043E-1,9.375790892043E-1,
9.375790892043E-1,9.375790892043E-1,9.375790892043E-1,9.375790892043E-1,
9.375790892043E-1,9.375790892043E-1,9.375790892043E-1,9.375790892043E-1,
9.375790892043E-1,9.375790892043E-1,9.375790892043E-1,9.375790892043E-1,
9.375790892043E-1,9.375790892043E-1,9.375790892043E-1,9.375790892043E-1,
9.375790892043E-1,9.375790892043E-1,9.375790892043E-1,9.375790892043E-1,
9.375790892043E-1,9.375790892043E-1,9.375790892043E-1,9.375790892043E-1,
9.375790892043E-1,9.375790892043E-1,9.375790892043E-1),(9.375790892043E-1,
9.375790892043E-1,9.375790892043E-1,9.375790892043E-1,9.375790892043E-1,
9.375790892043E-1,9.375790892043E-1,9.375790892043E-1,9.375790892043E-1,
9.375790892043E-1,9.375790892043E-1,9.375790892043E-1,9.375790892043E-1,
9.375790892043E-1,9.375790892043E-1,9.375790892043E-1,9.375790892043E-1,
9.375790892043E-1,9.375790892043E-1,9.375790892043E-1,9.375790892043E-1,
9.375790892043E-1,9.375790892043E-1,9.375790892043E-1,9.375790892043E-1,
9.375790892043E-1,9.375790892043E-1,9.375790892043E-1,9.375790892043E-1,
9.375790892043E-1,9.375790892043E-1,9.375790892043E-1,9.375790892043E-1,
9.375790892043E-1,9.375790892043E-1,9.375790892043E-1,9.375790892043E-1,
9.375790892043E-1),(1.187262732387E0,1.187262732387E0,1.187262732387E0,
1.187262732387E0,1.187262732387E0,1.187262732387E0,1.187262732387E0,
1.187262732387E0,1.187262732387E0,1.187262732387E0,1.187262732387E0,
1.187262732387E0,1.187262732387E0,1.187262732387E0,1.187262732387E0,
1.187262732387E0,1.187262732387E0,1.187262732387E0,1.187262732387E0,
1.187262732387E0,1.187262732387E0,1.187262732387E0,1.187262732387E0,
1.187262732387E0,1.187262732387E0,1.187262732387E0,1.187262732387E0,
1.187262732387E0,1.187262732387E0,1.187262732387E0,1.187262732387E0,
1.187262732387E0,1.187262732387E0,1.187262732387E0,1.187262732387E0,
1.187262732387E0,1.187262732387E0,1.187262732387E0)))REPRESENTATION_ITEM('')SURFACE());
#7381=ORIENTED_EDGE('',*,*,#7380,.T.);
#7382=ORIENTED_EDGE('',*,*,#7222,.T.);
#7384=ORIENTED_EDGE('',*,*,#7383,.F.);
#7385=ORIENTED_EDGE('',*,*,#7218,.F.);
#7386=EDGE_LOOP('',(#7381,#7382,#7384,#7385));
#7387=FACE_OUTER_BOUND('',#7386,.F.);
#7388=ADVANCED_FACE('',(#7387),#7379,.T.);
#7389=CARTESIAN_POINT('',(0.E0,-7.136332993712E0,0.E0));
#7390=DIRECTION('',(0.E0,1.E0,0.E0));
#7391=DIRECTION('',(0.E0,0.E0,-1.E0));
#7392=AXIS2_PLACEMENT_3D('',#7389,#7390,#7391);
#7393=CYLINDRICAL_SURFACE('',#7392,2.2E1);
#7394=ORIENTED_EDGE('',*,*,#7380,.F.);
#7395=ORIENTED_EDGE('',*,*,#7059,.T.);
#7397=ORIENTED_EDGE('',*,*,#7396,.F.);
#7398=ORIENTED_EDGE('',*,*,#7055,.F.);
#7399=ORIENTED_EDGE('',*,*,#6873,.T.);
#7400=ORIENTED_EDGE('',*,*,#7052,.T.);
#7401=EDGE_LOOP('',(#7394,#7395,#7397,#7398,#7399,#7400));
#7402=FACE_OUTER_BOUND('',#7401,.F.);
#7403=ADVANCED_FACE('',(#7402),#7393,.F.);
#7404=CARTESIAN_POINT('',(0.E0,1.226266598742E2,0.E0));
#7405=DIRECTION('',(0.E0,1.E0,0.E0));
#7406=DIRECTION('',(2.233430878473E-2,0.E0,-9.997505582150E-1));
#7407=AXIS2_PLACEMENT_3D('',#7404,#7405,#7406);
#7408=TOROIDAL_SURFACE('',#7407,2.19E1,1.E-1);
#7410=ORIENTED_EDGE('',*,*,#7409,.F.);
#7412=ORIENTED_EDGE('',*,*,#7411,.T.);
#7413=ORIENTED_EDGE('',*,*,#7396,.T.);
#7415=ORIENTED_EDGE('',*,*,#7414,.F.);
#7416=EDGE_LOOP('',(#7410,#7412,#7413,#7415));
#7417=FACE_OUTER_BOUND('',#7416,.F.);
#7418=ADVANCED_FACE('',(#7417),#7408,.F.);
#7419=CARTESIAN_POINT('',(0.E0,1.227266598742E2,0.E0));
#7420=DIRECTION('',(0.E0,1.E0,0.E0));
#7421=DIRECTION('',(0.E0,0.E0,-1.E0));
#7422=AXIS2_PLACEMENT_3D('',#7419,#7420,#7421);
#7423=PLANE('',#7422);
#7425=ORIENTED_EDGE('',*,*,#7424,.T.);
#7426=ORIENTED_EDGE('',*,*,#7409,.T.);
#7427=EDGE_LOOP('',(#7425,#7426));
#7428=FACE_OUTER_BOUND('',#7427,.F.);
#7430=ORIENTED_EDGE('',*,*,#7429,.T.);
#7432=ORIENTED_EDGE('',*,*,#7431,.T.);
#7433=EDGE_LOOP('',(#7430,#7432));
#7434=FACE_BOUND('',#7433,.F.);
#7435=ADVANCED_FACE('',(#7428,#7434),#7423,.F.);
#7436=CARTESIAN_POINT('',(0.E0,1.226266598742E2,0.E0));
#7437=DIRECTION('',(0.E0,1.E0,0.E0));
#7438=DIRECTION('',(-2.233430878473E-2,0.E0,9.997505582150E-1));
#7439=AXIS2_PLACEMENT_3D('',#7436,#7437,#7438);
#7440=TOROIDAL_SURFACE('',#7439,2.19E1,1.E-1);
#7441=ORIENTED_EDGE('',*,*,#7424,.F.);
#7442=ORIENTED_EDGE('',*,*,#7414,.T.);
#7443=ORIENTED_EDGE('',*,*,#7057,.T.);
#7444=ORIENTED_EDGE('',*,*,#7411,.F.);
#7445=EDGE_LOOP('',(#7441,#7442,#7443,#7444));
#7446=FACE_OUTER_BOUND('',#7445,.F.);
#7447=ADVANCED_FACE('',(#7446),#7440,.F.);
#7448=CARTESIAN_POINT('',(0.E0,1.228266598742E2,0.E0));
#7449=DIRECTION('',(0.E0,1.E0,0.E0));
#7450=DIRECTION('',(-2.362229850460E-2,0.E0,-9.997209545735E-1));
#7451=AXIS2_PLACEMENT_3D('',#7448,#7449,#7450);
#7452=TOROIDAL_SURFACE('',#7451,2.01E1,1.E-1);
#7454=ORIENTED_EDGE('',*,*,#7453,.T.);
#7456=ORIENTED_EDGE('',*,*,#7455,.T.);
#7457=ORIENTED_EDGE('',*,*,#7429,.F.);
#7459=ORIENTED_EDGE('',*,*,#7458,.F.);
#7460=EDGE_LOOP('',(#7454,#7456,#7457,#7459));
#7461=FACE_OUTER_BOUND('',#7460,.F.);
#7462=ADVANCED_FACE('',(#7461),#7452,.T.);
#7463=CARTESIAN_POINT('',(0.E0,-7.136332993712E0,0.E0));
#7464=DIRECTION('',(0.E0,1.E0,0.E0));
#7465=DIRECTION('',(0.E0,0.E0,-1.E0));
#7466=AXIS2_PLACEMENT_3D('',#7463,#7464,#7465);
#7467=CYLINDRICAL_SURFACE('',#7466,2.E1);
#7468=ORIENTED_EDGE('',*,*,#7453,.F.);
#7470=ORIENTED_EDGE('',*,*,#7469,.T.);
#7472=ORIENTED_EDGE('',*,*,#7471,.T.);
#7474=ORIENTED_EDGE('',*,*,#7473,.T.);
#7475=EDGE_LOOP('',(#7468,#7470,#7472,#7474));
#7476=FACE_OUTER_BOUND('',#7475,.F.);
#7477=ADVANCED_FACE('',(#7476),#7467,.F.);
#7478=CARTESIAN_POINT('',(0.E0,-7.136332993712E0,0.E0));
#7479=DIRECTION('',(0.E0,1.E0,0.E0));
#7480=DIRECTION('',(0.E0,0.E0,-1.E0));
#7481=AXIS2_PLACEMENT_3D('',#7478,#7479,#7480);
#7482=CYLINDRICAL_SURFACE('',#7481,2.E1);
#7484=ORIENTED_EDGE('',*,*,#7483,.F.);
#7485=ORIENTED_EDGE('',*,*,#7473,.F.);
#7487=ORIENTED_EDGE('',*,*,#7486,.T.);
#7488=ORIENTED_EDGE('',*,*,#7469,.F.);
#7489=EDGE_LOOP('',(#7484,#7485,#7487,#7488));
#7490=FACE_OUTER_BOUND('',#7489,.F.);
#7491=ADVANCED_FACE('',(#7490),#7482,.F.);
#7492=CARTESIAN_POINT('',(0.E0,1.228266598742E2,0.E0));
#7493=DIRECTION('',(0.E0,1.E0,0.E0));
#7494=DIRECTION('',(2.362229850460E-2,0.E0,9.997209545735E-1));
#7495=AXIS2_PLACEMENT_3D('',#7492,#7493,#7494);
#7496=TOROIDAL_SURFACE('',#7495,2.01E1,1.E-1);
#7497=ORIENTED_EDGE('',*,*,#7483,.T.);
#7498=ORIENTED_EDGE('',*,*,#7458,.T.);
#7499=ORIENTED_EDGE('',*,*,#7431,.F.);
#7500=ORIENTED_EDGE('',*,*,#7455,.F.);
#7501=EDGE_LOOP('',(#7497,#7498,#7499,#7500));
#7502=FACE_OUTER_BOUND('',#7501,.F.);
#7503=ADVANCED_FACE('',(#7502),#7496,.T.);
#7504=CARTESIAN_POINT('',(0.E0,1.396266598742E2,0.E0));
#7505=DIRECTION('',(0.E0,1.E0,0.E0));
#7506=DIRECTION('',(3.489565731472E-2,0.E0,9.993909610861E-1));
#7507=AXIS2_PLACEMENT_3D('',#7504,#7505,#7506);
#7508=TOROIDAL_SURFACE('',#7507,2.01E1,1.E-1);
#7510=ORIENTED_EDGE('',*,*,#7509,.T.);
#7512=ORIENTED_EDGE('',*,*,#7511,.T.);
#7513=ORIENTED_EDGE('',*,*,#7486,.F.);
#7515=ORIENTED_EDGE('',*,*,#7514,.F.);
#7516=EDGE_LOOP('',(#7510,#7512,#7513,#7515));
#7517=FACE_OUTER_BOUND('',#7516,.F.);
#7518=ADVANCED_FACE('',(#7517),#7508,.T.);
#7519=CARTESIAN_POINT('',(0.E0,1.397266598742E2,0.E0));
#7520=DIRECTION('',(0.E0,1.E0,0.E0));
#7521=DIRECTION('',(0.E0,0.E0,-1.E0));
#7522=AXIS2_PLACEMENT_3D('',#7519,#7520,#7521);
#7523=PLANE('',#7522);
#7525=ORIENTED_EDGE('',*,*,#7524,.F.);
#7527=ORIENTED_EDGE('',*,*,#7526,.F.);
#7528=EDGE_LOOP('',(#7525,#7527));
#7529=FACE_OUTER_BOUND('',#7528,.F.);
#7531=ORIENTED_EDGE('',*,*,#7530,.F.);
#7532=ORIENTED_EDGE('',*,*,#7509,.F.);
#7533=EDGE_LOOP('',(#7531,#7532));
#7534=FACE_BOUND('',#7533,.F.);
#7535=ADVANCED_FACE('',(#7529,#7534),#7523,.T.);
#7536=CARTESIAN_POINT('',(0.E0,1.398266598742E2,0.E0));
#7537=DIRECTION('',(0.E0,1.E0,0.E0));
#7538=DIRECTION('',(-2.239355958133E-2,0.E0,9.997492328025E-1));
#7539=AXIS2_PLACEMENT_3D('',#7536,#7537,#7538);
#7540=TOROIDAL_SURFACE('',#7539,2.29E1,1.E-1);
#7542=ORIENTED_EDGE('',*,*,#7541,.F.);
#7544=ORIENTED_EDGE('',*,*,#7543,.T.);
#7545=ORIENTED_EDGE('',*,*,#7524,.T.);
#7547=ORIENTED_EDGE('',*,*,#7546,.F.);
#7548=EDGE_LOOP('',(#7542,#7544,#7545,#7547));
#7549=FACE_OUTER_BOUND('',#7548,.F.);
#7550=ADVANCED_FACE('',(#7549),#7540,.F.);
#7551=CARTESIAN_POINT('',(0.E0,-7.136332993712E0,0.E0));
#7552=DIRECTION('',(0.E0,1.E0,0.E0));
#7553=DIRECTION('',(0.E0,0.E0,-1.E0));
#7554=AXIS2_PLACEMENT_3D('',#7551,#7552,#7553);
#7555=CYLINDRICAL_SURFACE('',#7554,2.3E1);
#7557=ORIENTED_EDGE('',*,*,#7556,.T.);
#7559=ORIENTED_EDGE('',*,*,#7558,.F.);
#7560=ORIENTED_EDGE('',*,*,#7541,.T.);
#7562=ORIENTED_EDGE('',*,*,#7561,.T.);
#7563=EDGE_LOOP('',(#7557,#7559,#7560,#7562));
#7564=FACE_OUTER_BOUND('',#7563,.F.);
#7565=ADVANCED_FACE('',(#7564),#7555,.F.);
#7566=CARTESIAN_POINT('',(0.E0,1.426266598742E2,0.E0));
#7567=DIRECTION('',(0.E0,1.E0,0.E0));
#7568=DIRECTION('',(-3.034555234823E-2,0.E0,-9.995394676813E-1));
#7569=AXIS2_PLACEMENT_3D('',#7566,#7567,#7568);
#7570=TOROIDAL_SURFACE('',#7569,2.31E1,1.E-1);
#7572=ORIENTED_EDGE('',*,*,#7571,.T.);
#7574=ORIENTED_EDGE('',*,*,#7573,.T.);
#7575=ORIENTED_EDGE('',*,*,#7556,.F.);
#7577=ORIENTED_EDGE('',*,*,#7576,.F.);
#7578=EDGE_LOOP('',(#7572,#7574,#7575,#7577));
#7579=FACE_OUTER_BOUND('',#7578,.F.);
#7580=ADVANCED_FACE('',(#7579),#7570,.T.);
#7581=CARTESIAN_POINT('',(0.E0,1.427266598742E2,0.E0));
#7582=DIRECTION('',(0.E0,1.E0,0.E0));
#7583=DIRECTION('',(0.E0,0.E0,-1.E0));
#7584=AXIS2_PLACEMENT_3D('',#7581,#7582,#7583);
#7585=PLANE('',#7584);
#7587=ORIENTED_EDGE('',*,*,#7586,.F.);
#7589=ORIENTED_EDGE('',*,*,#7588,.F.);
#7590=EDGE_LOOP('',(#7587,#7589));
#7591=FACE_OUTER_BOUND('',#7590,.F.);
#7593=ORIENTED_EDGE('',*,*,#7592,.F.);
#7594=ORIENTED_EDGE('',*,*,#7571,.F.);
#7595=EDGE_LOOP('',(#7593,#7594));
#7596=FACE_BOUND('',#7595,.F.);
#7597=ADVANCED_FACE('',(#7591,#7596),#7585,.T.);
#7598=CARTESIAN_POINT('',(0.E0,1.426266598742E2,0.E0));
#7599=DIRECTION('',(0.E0,1.E0,0.E0));
#7600=DIRECTION('',(3.034555234823E-2,0.E0,9.995394676813E-1));
#7601=AXIS2_PLACEMENT_3D('',#7598,#7599,#7600);
#7602=TOROIDAL_SURFACE('',#7601,2.31E1,1.E-1);
#7603=ORIENTED_EDGE('',*,*,#7592,.T.);
#7604=ORIENTED_EDGE('',*,*,#7576,.T.);
#7606=ORIENTED_EDGE('',*,*,#7605,.F.);
#7607=ORIENTED_EDGE('',*,*,#7573,.F.);
#7608=EDGE_LOOP('',(#7603,#7604,#7606,#7607));
#7609=FACE_OUTER_BOUND('',#7608,.F.);
#7610=ADVANCED_FACE('',(#7609),#7602,.T.);
#7611=CARTESIAN_POINT('',(0.E0,-7.136332993712E0,0.E0));
#7612=DIRECTION('',(0.E0,1.E0,0.E0));
#7613=DIRECTION('',(0.E0,0.E0,-1.E0));
#7614=AXIS2_PLACEMENT_3D('',#7611,#7612,#7613);
#7615=CYLINDRICAL_SURFACE('',#7614,2.3E1);
#7616=ORIENTED_EDGE('',*,*,#7605,.T.);
#7617=ORIENTED_EDGE('',*,*,#7561,.F.);
#7619=ORIENTED_EDGE('',*,*,#7618,.T.);
#7620=ORIENTED_EDGE('',*,*,#7558,.T.);
#7621=EDGE_LOOP('',(#7616,#7617,#7619,#7620));
#7622=FACE_OUTER_BOUND('',#7621,.F.);
#7623=ADVANCED_FACE('',(#7622),#7615,.F.);
#7624=CARTESIAN_POINT('',(0.E0,1.398266598742E2,0.E0));
#7625=DIRECTION('',(0.E0,1.E0,0.E0));
#7626=DIRECTION('',(2.239355958133E-2,0.E0,-9.997492328025E-1));
#7627=AXIS2_PLACEMENT_3D('',#7624,#7625,#7626);
#7628=TOROIDAL_SURFACE('',#7627,2.29E1,1.E-1);
#7629=ORIENTED_EDGE('',*,*,#7618,.F.);
#7630=ORIENTED_EDGE('',*,*,#7546,.T.);
#7631=ORIENTED_EDGE('',*,*,#7526,.T.);
#7632=ORIENTED_EDGE('',*,*,#7543,.F.);
#7633=EDGE_LOOP('',(#7629,#7630,#7631,#7632));
#7634=FACE_OUTER_BOUND('',#7633,.F.);
#7635=ADVANCED_FACE('',(#7634),#7628,.F.);
#7636=CARTESIAN_POINT('',(0.E0,1.426266598742E2,0.E0));
#7637=DIRECTION('',(0.E0,-1.E0,0.E0));
#7638=DIRECTION('',(-2.422977378035E-2,0.E0,9.997064159355E-1));
#7639=AXIS2_PLACEMENT_3D('',#7636,#7637,#7638);
#7640=TOROIDAL_SURFACE('',#7639,2.776557864376E1,1.E-1);
#7641=ORIENTED_EDGE('',*,*,#7586,.T.);
#7643=ORIENTED_EDGE('',*,*,#7642,.T.);
#7645=ORIENTED_EDGE('',*,*,#7644,.F.);
#7647=ORIENTED_EDGE('',*,*,#7646,.F.);
#7648=EDGE_LOOP('',(#7641,#7643,#7645,#7647));
#7649=FACE_OUTER_BOUND('',#7648,.F.);
#7650=ADVANCED_FACE('',(#7649),#7640,.T.);
#7651=CARTESIAN_POINT('',(-4.126807429036E-14,1.426266598742E2,0.E0));
#7652=DIRECTION('',(0.E0,-1.E0,0.E0));
#7653=DIRECTION('',(2.422977378035E-2,0.E0,-9.997064159355E-1));
#7654=AXIS2_PLACEMENT_3D('',#7651,#7652,#7653);
#7655=TOROIDAL_SURFACE('',#7654,2.776557864376E1,1.E-1);
#7656=ORIENTED_EDGE('',*,*,#7588,.T.);
#7657=ORIENTED_EDGE('',*,*,#7646,.T.);
#7659=ORIENTED_EDGE('',*,*,#7658,.F.);
#7660=ORIENTED_EDGE('',*,*,#7642,.F.);
#7661=EDGE_LOOP('',(#7656,#7657,#7659,#7660));
#7662=FACE_OUTER_BOUND('',#7661,.F.);
#7663=ADVANCED_FACE('',(#7662),#7655,.T.);
#7664=CARTESIAN_POINT('',(-4.126807429036E-14,1.417266598761E2,0.E0));
#7665=DIRECTION('',(0.E0,-1.E0,0.E0));
#7666=DIRECTION('',(0.E0,0.E0,-1.E0));
#7667=AXIS2_PLACEMENT_3D('',#7664,#7665,#7666);
#7668=CONICAL_SURFACE('',#7667,2.880699999810E1,4.5E1);
#7669=ORIENTED_EDGE('',*,*,#7658,.T.);
#7671=ORIENTED_EDGE('',*,*,#7670,.T.);
#7673=ORIENTED_EDGE('',*,*,#7672,.T.);
#7675=ORIENTED_EDGE('',*,*,#7674,.F.);
#7676=EDGE_LOOP('',(#7669,#7671,#7673,#7675));
#7677=FACE_OUTER_BOUND('',#7676,.F.);
#7678=ADVANCED_FACE('',(#7677),#7668,.T.);
#7679=CARTESIAN_POINT('',(0.E0,1.417266598761E2,0.E0));
#7680=DIRECTION('',(0.E0,-1.E0,0.E0));
#7681=DIRECTION('',(0.E0,0.E0,-1.E0));
#7682=AXIS2_PLACEMENT_3D('',#7679,#7680,#7681);
#7683=CONICAL_SURFACE('',#7682,2.880699999810E1,4.5E1);
#7684=ORIENTED_EDGE('',*,*,#7644,.T.);
#7685=ORIENTED_EDGE('',*,*,#7674,.T.);
#7687=ORIENTED_EDGE('',*,*,#7686,.T.);
#7688=ORIENTED_EDGE('',*,*,#7670,.F.);
#7689=EDGE_LOOP('',(#7684,#7685,#7687,#7688));
#7690=FACE_OUTER_BOUND('',#7689,.F.);
#7691=ADVANCED_FACE('',(#7690),#7683,.T.);
#7692=CARTESIAN_POINT('',(0.E0,1.406852385180E2,0.E0));
#7693=DIRECTION('',(0.E0,1.E0,0.E0));
#7694=DIRECTION('',(-1.585097904600E-2,0.E0,-9.998743653396E-1));
#7695=AXIS2_PLACEMENT_3D('',#7692,#7693,#7694);
#7696=TOROIDAL_SURFACE('',#7695,2.9707E1,1.E-1);
#7698=ORIENTED_EDGE('',*,*,#7697,.T.);
#7700=ORIENTED_EDGE('',*,*,#7699,.T.);
#7701=ORIENTED_EDGE('',*,*,#7686,.F.);
#7703=ORIENTED_EDGE('',*,*,#7702,.F.);
#7704=EDGE_LOOP('',(#7698,#7700,#7701,#7703));
#7705=FACE_OUTER_BOUND('',#7704,.F.);
#7706=ADVANCED_FACE('',(#7705),#7696,.T.);
#7707=CARTESIAN_POINT('',(0.E0,-7.136332993712E0,0.E0));
#7708=DIRECTION('',(0.E0,1.E0,0.E0));
#7709=DIRECTION('',(0.E0,0.E0,-1.E0));
#7710=AXIS2_PLACEMENT_3D('',#7707,#7708,#7709);
#7711=CYLINDRICAL_SURFACE('',#7710,2.9807E1);
#7713=ORIENTED_EDGE('',*,*,#7712,.F.);
#7715=ORIENTED_EDGE('',*,*,#7714,.T.);
#7716=ORIENTED_EDGE('',*,*,#7697,.F.);
#7718=ORIENTED_EDGE('',*,*,#7717,.F.);
#7719=EDGE_LOOP('',(#7713,#7715,#7716,#7718));
#7720=FACE_OUTER_BOUND('',#7719,.F.);
#7721=ADVANCED_FACE('',(#7720),#7711,.T.);
#7722=CARTESIAN_POINT('',(0.E0,1.227915424452E2,0.E0));
#7723=DIRECTION('',(0.E0,1.E0,0.E0));
#7724=DIRECTION('',(-1.724587085575E-2,0.E0,9.998512789102E-1));
#7725=AXIS2_PLACEMENT_3D('',#7722,#7723,#7724);
#7726=TOROIDAL_SURFACE('',#7725,2.9707E1,1.E-1);
#7727=ORIENTED_EDGE('',*,*,#7712,.T.);
#7729=ORIENTED_EDGE('',*,*,#7728,.T.);
#7731=ORIENTED_EDGE('',*,*,#7730,.F.);
#7733=ORIENTED_EDGE('',*,*,#7732,.F.);
#7734=EDGE_LOOP('',(#7727,#7729,#7731,#7733));
#7735=FACE_OUTER_BOUND('',#7734,.F.);
#7736=ADVANCED_FACE('',(#7735),#7726,.T.);
#7737=CARTESIAN_POINT('',(0.E0,1.227915424453E2,0.E0));
#7738=DIRECTION('',(0.E0,1.E0,0.E0));
#7739=DIRECTION('',(1.724587085576E-2,0.E0,-9.998512789102E-1));
#7740=AXIS2_PLACEMENT_3D('',#7737,#7738,#7739);
#7741=TOROIDAL_SURFACE('',#7740,2.9707E1,1.E-1);
#7743=ORIENTED_EDGE('',*,*,#7742,.T.);
#7744=ORIENTED_EDGE('',*,*,#7732,.T.);
#7746=ORIENTED_EDGE('',*,*,#7745,.F.);
#7747=ORIENTED_EDGE('',*,*,#7728,.F.);
#7748=EDGE_LOOP('',(#7743,#7744,#7746,#7747));
#7749=FACE_OUTER_BOUND('',#7748,.F.);
#7750=ADVANCED_FACE('',(#7749),#7741,.T.);
#7751=CARTESIAN_POINT('',(0.E0,-7.136332993712E0,0.E0));
#7752=DIRECTION('',(0.E0,1.E0,0.E0));
#7753=DIRECTION('',(0.E0,0.E0,-1.E0));
#7754=AXIS2_PLACEMENT_3D('',#7751,#7752,#7753);
#7755=CYLINDRICAL_SURFACE('',#7754,2.9807E1);
#7756=ORIENTED_EDGE('',*,*,#7742,.F.);
#7757=ORIENTED_EDGE('',*,*,#7717,.T.);
#7759=ORIENTED_EDGE('',*,*,#7758,.F.);
#7760=ORIENTED_EDGE('',*,*,#7714,.F.);
#7761=EDGE_LOOP('',(#7756,#7757,#7759,#7760));
#7762=FACE_OUTER_BOUND('',#7761,.F.);
#7763=ADVANCED_FACE('',(#7762),#7755,.T.);
#7764=CARTESIAN_POINT('',(0.E0,1.406852385180E2,0.E0));
#7765=DIRECTION('',(0.E0,1.E0,0.E0));
#7766=DIRECTION('',(1.585097904600E-2,0.E0,9.998743653396E-1));
#7767=AXIS2_PLACEMENT_3D('',#7764,#7765,#7766);
#7768=TOROIDAL_SURFACE('',#7767,2.9707E1,1.E-1);
#7769=ORIENTED_EDGE('',*,*,#7758,.T.);
#7770=ORIENTED_EDGE('',*,*,#7702,.T.);
#7771=ORIENTED_EDGE('',*,*,#7672,.F.);
#7772=ORIENTED_EDGE('',*,*,#7699,.F.);
#7773=EDGE_LOOP('',(#7769,#7770,#7771,#7772));
#7774=FACE_OUTER_BOUND('',#7773,.F.);
#7775=ADVANCED_FACE('',(#7774),#7768,.T.);
#7776=CARTESIAN_POINT('',(0.E0,1.199740699965E2,0.E0));
#7777=DIRECTION('',(0.E0,1.E0,0.E0));
#7778=DIRECTION('',(2.146535212114E-4,0.E0,9.999999769619E-1));
#7779=AXIS2_PLACEMENT_3D('',#7776,#7777,#7778);
#7780=TOROIDAL_SURFACE('',#7779,3.1E1,3.E0);
#7781=ORIENTED_EDGE('',*,*,#7745,.T.);
#7783=ORIENTED_EDGE('',*,*,#7782,.T.);
#7785=ORIENTED_EDGE('',*,*,#7784,.T.);
#7787=ORIENTED_EDGE('',*,*,#7786,.F.);
#7788=EDGE_LOOP('',(#7781,#7783,#7785,#7787));
#7789=FACE_OUTER_BOUND('',#7788,.F.);
#7790=ADVANCED_FACE('',(#7789),#7780,.F.);
#7791=CARTESIAN_POINT('',(0.E0,1.199740699963E2,0.E0));
#7792=DIRECTION('',(0.E0,1.E0,0.E0));
#7793=DIRECTION('',(-2.174842722299E-4,0.E0,-9.999999763503E-1));
#7794=AXIS2_PLACEMENT_3D('',#7791,#7792,#7793);
#7795=TOROIDAL_SURFACE('',#7794,3.1E1,3.E0);
#7796=ORIENTED_EDGE('',*,*,#7730,.T.);
#7797=ORIENTED_EDGE('',*,*,#7786,.T.);
#7799=ORIENTED_EDGE('',*,*,#7798,.T.);
#7800=ORIENTED_EDGE('',*,*,#7782,.F.);
#7801=EDGE_LOOP('',(#7796,#7797,#7799,#7800));
#7802=FACE_OUTER_BOUND('',#7801,.F.);
#7803=ADVANCED_FACE('',(#7802),#7795,.F.);
#7804=CARTESIAN_POINT('',(0.E0,-7.136332993712E0,0.E0));
#7805=DIRECTION('',(0.E0,1.E0,0.E0));
#7806=DIRECTION('',(0.E0,0.E0,-1.E0));
#7807=AXIS2_PLACEMENT_3D('',#7804,#7805,#7806);
#7808=CYLINDRICAL_SURFACE('',#7807,2.8E1);
#7809=ORIENTED_EDGE('',*,*,#7798,.F.);
#7811=ORIENTED_EDGE('',*,*,#7810,.F.);
#7813=ORIENTED_EDGE('',*,*,#7812,.F.);
#7815=ORIENTED_EDGE('',*,*,#7814,.T.);
#7817=ORIENTED_EDGE('',*,*,#7816,.T.);
#7819=ORIENTED_EDGE('',*,*,#7818,.T.);
#7820=EDGE_LOOP('',(#7809,#7811,#7813,#7815,#7817,#7819));
#7821=FACE_OUTER_BOUND('',#7820,.F.);
#7822=ADVANCED_FACE('',(#7821),#7808,.T.);
#7823=CARTESIAN_POINT('',(0.E0,-7.136332993712E0,0.E0));
#7824=DIRECTION('',(0.E0,1.E0,0.E0));
#7825=DIRECTION('',(0.E0,0.E0,-1.E0));
#7826=AXIS2_PLACEMENT_3D('',#7823,#7824,#7825);
#7827=CYLINDRICAL_SURFACE('',#7826,2.8E1);
#7828=ORIENTED_EDGE('',*,*,#7784,.F.);
#7829=ORIENTED_EDGE('',*,*,#7818,.F.);
#7831=ORIENTED_EDGE('',*,*,#7830,.T.);
#7832=ORIENTED_EDGE('',*,*,#7814,.F.);
#7834=ORIENTED_EDGE('',*,*,#7833,.F.);
#7835=ORIENTED_EDGE('',*,*,#7810,.T.);
#7836=EDGE_LOOP('',(#7828,#7829,#7831,#7832,#7834,#7835));
#7837=FACE_OUTER_BOUND('',#7836,.F.);
#7838=ADVANCED_FACE('',(#7837),#7827,.T.);
#7839=CARTESIAN_POINT('',(6.967498224514E-1,9.537268335622E1,2.801618152766E1));
#7840=CARTESIAN_POINT('',(4.647151129567E-1,9.537966465559E1,2.802178031633E1));
#7841=CARTESIAN_POINT('',(-9.175098112121E-1,9.540019686687E1,
2.803843222579E1));
#7842=CARTESIAN_POINT('',(-3.427367316604E0,9.521621931430E1,2.788820133118E1));
#7843=CARTESIAN_POINT('',(-6.614962491503E0,9.451105426392E1,2.732294303598E1));
#7844=CARTESIAN_POINT('',(-9.405643951757E0,9.348617763686E1,2.652958449509E1));
#7845=CARTESIAN_POINT('',(-1.177166859835E1,9.228173640783E1,2.563667865049E1));
#7846=CARTESIAN_POINT('',(-1.382852341291E1,9.093993354388E1,2.469023080965E1));
#7847=CARTESIAN_POINT('',(-1.569109701636E1,8.943272081973E1,2.368799841416E1));
#7848=CARTESIAN_POINT('',(-1.740826426315E1,8.772287472793E1,2.263200432417E1));
#7849=CARTESIAN_POINT('',(-1.895893397035E1,8.581313537011E1,2.156042686206E1));
#7850=CARTESIAN_POINT('',(-2.031950645108E1,8.371492972259E1,2.052185465353E1));
#7851=CARTESIAN_POINT('',(-2.150668095416E1,8.136250810637E1,1.953666572389E1));
#7852=CARTESIAN_POINT('',(-2.251577934733E1,7.860716629424E1,1.863620457972E1));
#7853=CARTESIAN_POINT('',(-2.323331562687E1,7.535785065603E1,1.795619146075E1));
#7854=CARTESIAN_POINT('',(-2.347265306940E1,7.180058522593E1,1.772152148892E1));
#7855=CARTESIAN_POINT('',(-2.318169753221E1,6.838367118522E1,1.800596385966E1));
#7856=CARTESIAN_POINT('',(-2.250350986850E1,6.539544997817E1,1.864597826730E1));
#7857=CARTESIAN_POINT('',(-2.157231210565E1,6.279991739372E1,1.947877018559E1));
#7858=CARTESIAN_POINT('',(-2.042411880126E1,6.046505450548E1,2.043854213064E1));
#7859=CARTESIAN_POINT('',(-1.906514647020E1,5.833258581614E1,2.148317109635E1));
#7860=CARTESIAN_POINT('',(-1.752617141307E1,5.641048455823E1,2.255395215939E1));
#7861=CARTESIAN_POINT('',(-1.582986339305E1,5.469305765033E1,2.360733814223E1));
#7862=CARTESIAN_POINT('',(-1.392062408748E1,5.312142477406E1,2.464687757281E1));
#7863=CARTESIAN_POINT('',(-1.171109881660E1,5.167208109373E1,2.566853873743E1));
#7864=CARTESIAN_POINT('',(-9.230870292939E0,5.043634231821E1,2.658860710797E1));
#7865=CARTESIAN_POINT('',(-6.641967231984E0,4.951778089495E1,2.730158284826E1));
#7866=CARTESIAN_POINT('',(-4.176506060474E0,4.894761347065E1,2.775646465426E1));
#7867=CARTESIAN_POINT('',(-1.977397818675E0,4.867008160868E1,2.798124774106E1));
#7868=CARTESIAN_POINT('',(-3.823804125898E-1,4.860781369564E1,
2.803194204383E1));
#7869=CARTESIAN_POINT('',(4.644732174526E-1,4.862030977968E1,2.802177965735E1));
#7870=CARTESIAN_POINT('',(6.964946038514E-1,4.862719537352E1,2.801620645977E1));
#7871=CARTESIAN_POINT('',(6.203559550911E-1,9.325436297829E1,2.774334262773E1));
#7872=CARTESIAN_POINT('',(4.137524535976E-1,9.326042147908E1,2.774887842406E1));
#7873=CARTESIAN_POINT('',(-8.168889645091E-1,9.327821439792E1,
2.776535570334E1));
#7874=CARTESIAN_POINT('',(-3.051559401824E0,9.311890605761E1,2.761663936894E1));
#7875=CARTESIAN_POINT('',(-5.899915239519E0,9.250540807355E1,2.705639436468E1));
#7876=CARTESIAN_POINT('',(-8.407278276761E0,9.160732709357E1,2.626870608476E1));
#7877=CARTESIAN_POINT('',(-1.054503733491E1,9.054445479305E1,2.538065915827E1));
#7878=CARTESIAN_POINT('',(-1.241333540297E1,8.935283171459E1,2.443787955570E1));
#7879=CARTESIAN_POINT('',(-1.411394072702E1,8.800634782574E1,2.343801812788E1));
#7880=CARTESIAN_POINT('',(-1.569012632960E1,8.646985116870E1,2.238287136316E1));
#7881=CARTESIAN_POINT('',(-1.712143972386E1,8.474341725547E1,2.131033187021E1));
#7882=CARTESIAN_POINT('',(-1.838458293026E1,8.283496768268E1,2.026887994468E1));
#7883=CARTESIAN_POINT('',(-1.949336271198E1,8.068189228060E1,1.927890823266E1));
#7884=CARTESIAN_POINT('',(-2.044193009429E1,7.814334188877E1,1.837189019248E1));
#7885=CARTESIAN_POINT('',(-2.112097822059E1,7.512929553883E1,1.768504344267E1));
#7886=CARTESIAN_POINT('',(-2.134851848647E1,7.181396603812E1,1.744754032704E1));
#7887=CARTESIAN_POINT('',(-2.107202160487E1,6.863062925330E1,1.773536239867E1));
#7888=CARTESIAN_POINT('',(-2.043053380508E1,6.585966000284E1,1.838167723832E1));
#7889=CARTESIAN_POINT('',(-1.955497818596E1,6.346747195687E1,1.922062433559E1));
#7890=CARTESIAN_POINT('',(-1.848197881905E1,6.132919229099E1,2.018525901931E1));
#7891=CARTESIAN_POINT('',(-1.721975450978E1,5.938870842023E1,2.123293773473E1));
#7892=CARTESIAN_POINT('',(-1.579871948495E1,5.765041549764E1,2.230480340040E1));
#7893=CARTESIAN_POINT('',(-1.424101197406E1,5.610636822203E1,2.335748171466E1));
#7894=CARTESIAN_POINT('',(-1.249704705597E1,5.470166622269E1,2.439469123983E1));
#7895=CARTESIAN_POINT('',(-1.048978920779E1,5.341440924520E1,2.541242203820E1));
#7896=CARTESIAN_POINT('',(-8.249768475626E0,5.232457011276E1,2.632735196177E1));
#7897=CARTESIAN_POINT('',(-5.924844491844E0,5.152007871933E1,2.703513914279E1));
#7898=CARTESIAN_POINT('',(-3.720818437881E0,5.102352997464E1,2.748609088182E1));
#7899=CARTESIAN_POINT('',(-1.760548703889E0,5.078268858906E1,2.770874092933E1));
#7900=CARTESIAN_POINT('',(-3.404469890837E-1,5.072872402019E1,
2.775893732309E1));
#7901=CARTESIAN_POINT('',(4.135371970487E-1,5.073955545810E1,2.774887516701E1));
#7902=CARTESIAN_POINT('',(6.201299578008E-1,5.074552711066E1,2.774335893987E1));
#7903=CARTESIAN_POINT('',(6.074784138672E-1,9.174258171280E1,2.925388833192E1));
#7904=CARTESIAN_POINT('',(4.051873020144E-1,9.174889355904E1,2.925977287919E1));
#7905=CARTESIAN_POINT('',(-7.999851024686E-1,9.176749309148E1,
2.927721698124E1));
#7906=CARTESIAN_POINT('',(-2.988263475760E0,9.160065590253E1,2.912011543336E1));
#7907=CARTESIAN_POINT('',(-5.752774947671E0,9.096531707387E1,2.853211483745E1));
#7908=CARTESIAN_POINT('',(-8.153490713090E0,9.005112348574E1,2.771303371598E1));
#7909=CARTESIAN_POINT('',(-1.017181404122E1,8.898740092640E1,2.679808586781E1));
#7910=CARTESIAN_POINT('',(-1.191227022237E1,8.781314059040E1,2.583499742527E1));
#7911=CARTESIAN_POINT('',(-1.347577657325E1,8.650551417295E1,2.482200936840E1));
#7912=CARTESIAN_POINT('',(-1.490529341351E1,8.503494169445E1,2.376217147077E1));
#7913=CARTESIAN_POINT('',(-1.618482567364E1,8.340719327539E1,2.269495816678E1));
#7914=CARTESIAN_POINT('',(-1.729706647635E1,8.163545320116E1,2.166944951092E1));
#7915=CARTESIAN_POINT('',(-1.825809361268E1,7.966821598630E1,2.070595720262E1));
#7916=CARTESIAN_POINT('',(-1.906623637728E1,7.738791401724E1,1.983524077154E1));
#7917=CARTESIAN_POINT('',(-1.963436770909E1,7.472796085794E1,1.918622774597E1));
#7918=CARTESIAN_POINT('',(-1.982238207774E1,7.183826823608E1,1.896441005204E1));
#7919=CARTESIAN_POINT('',(-1.959365092796E1,6.906089060990E1,1.923352074249E1));
#7920=CARTESIAN_POINT('',(-1.905621406910E1,6.661340530360E1,1.984495386070E1));
#7921=CARTESIAN_POINT('',(-1.831076739407E1,6.446660891227E1,2.064982341562E1));
#7922=CARTESIAN_POINT('',(-1.738219208003E1,6.251587887941E1,2.158753602548E1));
#7923=CARTESIAN_POINT('',(-1.627206978653E1,6.071645095001E1,2.261833010196E1));
#7924=CARTESIAN_POINT('',(-1.500292549378E1,5.907914371785E1,2.368419097192E1));
#7925=CARTESIAN_POINT('',(-1.359172980598E1,5.760310725016E1,2.474078722362E1));
#7926=CARTESIAN_POINT('',(-1.199012605774E1,5.624054617215E1,2.579089604070E1));
#7927=CARTESIAN_POINT('',(-1.012089174356E1,5.497235812760E1,2.683038692477E1));
#7928=CARTESIAN_POINT('',(-8.003825698772E0,5.388006211371E1,2.777376535403E1));
#7929=CARTESIAN_POINT('',(-5.775053442282E0,5.306009070015E1,2.851027848256E1));
#7930=CARTESIAN_POINT('',(-3.638188824474E0,5.254709629426E1,2.898298865036E1));
#7931=CARTESIAN_POINT('',(-1.724101296116E0,5.229616917331E1,2.921744805991E1));
#7932=CARTESIAN_POINT('',(-3.333992045554E-1,5.223976833512E1,
2.927040107789E1));
#7933=CARTESIAN_POINT('',(4.049762325012E-1,5.225108458231E1,2.925978400607E1));
#7934=CARTESIAN_POINT('',(6.072541242768E-1,5.225731532530E1,2.925395236766E1));
#7935=CARTESIAN_POINT('',(6.681332555080E-1,9.201319189467E1,3.137292731581E1));
#7936=CARTESIAN_POINT('',(4.456815700313E-1,9.202073618015E1,3.137930110138E1));
#7937=CARTESIAN_POINT('',(-8.799459244987E-1,9.204306085411E1,
3.139810149151E1));
#7938=CARTESIAN_POINT('',(-3.286710643568E0,9.184235263867E1,3.122923691376E1));
#7939=CARTESIAN_POINT('',(-6.287986251356E0,9.108865270257E1,3.060229993838E1));
#7940=CARTESIAN_POINT('',(-8.841675358768E0,9.002797051900E1,2.973917999381E1));
#7941=CARTESIAN_POINT('',(-1.094228904655E1,8.882163983858E1,2.878649472294E1));
#7942=CARTESIAN_POINT('',(-1.271505267853E1,8.751842058878E1,2.779491642837E1));
#7943=CARTESIAN_POINT('',(-1.427296393415E1,8.609755722375E1,2.676351394113E1));
#7944=CARTESIAN_POINT('',(-1.566420277717E1,8.453420832697E1,2.569709518104E1));
#7945=CARTESIAN_POINT('',(-1.687758333034E1,8.284376860108E1,2.463735361525E1));
#7946=CARTESIAN_POINT('',(-1.790281937829E1,8.104935980803E1,2.363421065802E1));
#7947=CARTESIAN_POINT('',(-1.876165686464E1,7.910990918003E1,2.270786445432E1));
#7948=CARTESIAN_POINT('',(-1.945870263822E1,7.692844891484E1,2.188807301323E1));
#7949=CARTESIAN_POINT('',(-1.992975880019E1,7.446600177255E1,2.129213427489E1));
#7950=CARTESIAN_POINT('',(-2.008126150282E1,7.185458974921E1,2.109232056267E1));
#7951=CARTESIAN_POINT('',(-1.989645132664E1,6.933980114048E1,2.133518236436E1));
#7952=CARTESIAN_POINT('',(-1.944948643016E1,6.707042833642E1,2.189768235373E1));
#7953=CARTESIAN_POINT('',(-1.880741772102E1,6.502020689407E1,2.265474690645E1));
#7954=CARTESIAN_POINT('',(-1.798016461052E1,6.310211818152E1,2.355469242069E1));
#7955=CARTESIAN_POINT('',(-1.695919449905E1,6.128310504387E1,2.456180021741E1));
#7956=CARTESIAN_POINT('',(-1.575775214534E1,5.958541493091E1,2.561923737920E1));
#7957=CARTESIAN_POINT('',(-1.438702377755E1,5.801912214125E1,2.668132983147E1));
#7958=CARTESIAN_POINT('',(-1.279414051204E1,5.654113513072E1,2.774953416355E1));
#7959=CARTESIAN_POINT('',(-1.089133215487E1,5.513416657359E1,2.881955075084E1));
#7960=CARTESIAN_POINT('',(-8.684334442989E0,5.389296809800E1,2.980283760024E1));
#7961=CARTESIAN_POINT('',(-6.309100458524E0,5.294000686001E1,3.057964835264E1));
#7962=CARTESIAN_POINT('',(-3.992885925043E0,5.233329376629E1,3.108288189927E1));
#7963=CARTESIAN_POINT('',(-1.896404120707E0,5.203334930890E1,3.133390783739E1));
#7964=CARTESIAN_POINT('',(-3.667187739081E-1,5.196566750022E1,
3.139072793081E1));
#7965=CARTESIAN_POINT('',(4.454489789887E-1,5.197924093102E1,3.137933240648E1));
#7966=CARTESIAN_POINT('',(6.678818317713E-1,5.198670227751E1,3.137305829965E1));
#7967=(BOUNDED_SURFACE()B_SPLINE_SURFACE(3,3,((#7839,#7840,#7841,#7842,#7843,
#7844,#7845,#7846,#7847,#7848,#7849,#7850,#7851,#7852,#7853,#7854,#7855,#7856,
#7857,#7858,#7859,#7860,#7861,#7862,#7863,#7864,#7865,#7866,#7867,#7868,#7869,
#7870),(#7871,#7872,#7873,#7874,#7875,#7876,#7877,#7878,#7879,#7880,#7881,#7882,
#7883,#7884,#7885,#7886,#7887,#7888,#7889,#7890,#7891,#7892,#7893,#7894,#7895,
#7896,#7897,#7898,#7899,#7900,#7901,#7902),(#7903,#7904,#7905,#7906,#7907,#7908,
#7909,#7910,#7911,#7912,#7913,#7914,#7915,#7916,#7917,#7918,#7919,#7920,#7921,
#7922,#7923,#7924,#7925,#7926,#7927,#7928,#7929,#7930,#7931,#7932,#7933,#7934),(
#7935,#7936,#7937,#7938,#7939,#7940,#7941,#7942,#7943,#7944,#7945,#7946,#7947,
#7948,#7949,#7950,#7951,#7952,#7953,#7954,#7955,#7956,#7957,#7958,#7959,#7960,
#7961,#7962,#7963,#7964,#7965,#7966)),.UNSPECIFIED.,.F.,.F.,.F.)B_SPLINE_SURFACE_WITH_KNOTS((4,4),(4,1,1,1,1,1,1,1,1,1,1,1,1,1,1,1,1,1,1,1,1,1,1,1,1,1,1,1,1,4),(
0.E0,1.E0),(-9.810121654195E-3,0.E0,4.856139279588E-2,9.587834293175E-2,
1.382031569123E-1,1.757019525958E-1,2.104461278740E-1,2.447095507972E-1,
2.796133093674E-1,3.148491266388E-1,3.490860288386E-1,3.830570311224E-1,
4.200280761374E-1,4.608173515239E-1,5.028176448063E-1,5.430114752872E-1,
5.795641351165E-1,6.134981608074E-1,6.477596915601E-1,6.830133982347E-1,
7.178541042088E-1,7.520969824927E-1,7.869261757599E-1,8.250698740132E-1,
8.666778615668E-1,9.063754516527E-1,9.424959906071E-1,9.740435769702E-1,1.E0,
1.009806474823E0),.UNSPECIFIED.)GEOMETRIC_REPRESENTATION_ITEM()RATIONAL_B_SPLINE_SURFACE(((1.241385034425E0,1.241385034425E0,1.241385034425E0,1.241385034425E0,
1.241385034425E0,1.241385034425E0,1.241385034425E0,1.241385034425E0,
1.241385034425E0,1.241385034425E0,1.241385034425E0,1.241385034425E0,
1.241385034425E0,1.241385034425E0,1.241385034425E0,1.241385034425E0,
1.241385034425E0,1.241385034425E0,1.241385034425E0,1.241385034425E0,
1.241385034425E0,1.241385034425E0,1.241385034425E0,1.241385034425E0,
1.241385034425E0,1.241385034425E0,1.241385034425E0,1.241385034425E0,
1.241385034425E0,1.241385034425E0,1.241385034425E0,1.241385034425E0),(
9.195383218583E-1,9.195383218583E-1,9.195383218583E-1,9.195383218583E-1,
9.195383218583E-1,9.195383218583E-1,9.195383218583E-1,9.195383218583E-1,
9.195383218583E-1,9.195383218583E-1,9.195383218583E-1,9.195383218583E-1,
9.195383218583E-1,9.195383218583E-1,9.195383218583E-1,9.195383218583E-1,
9.195383218583E-1,9.195383218583E-1,9.195383218583E-1,9.195383218583E-1,
9.195383218583E-1,9.195383218583E-1,9.195383218583E-1,9.195383218583E-1,
9.195383218583E-1,9.195383218583E-1,9.195383218583E-1,9.195383218583E-1,
9.195383218583E-1,9.195383218583E-1,9.195383218583E-1,9.195383218583E-1),(
9.195383218583E-1,9.195383218583E-1,9.195383218583E-1,9.195383218583E-1,
9.195383218583E-1,9.195383218583E-1,9.195383218583E-1,9.195383218583E-1,
9.195383218583E-1,9.195383218583E-1,9.195383218583E-1,9.195383218583E-1,
9.195383218583E-1,9.195383218583E-1,9.195383218583E-1,9.195383218583E-1,
9.195383218583E-1,9.195383218583E-1,9.195383218583E-1,9.195383218583E-1,
9.195383218583E-1,9.195383218583E-1,9.195383218583E-1,9.195383218583E-1,
9.195383218583E-1,9.195383218583E-1,9.195383218583E-1,9.195383218583E-1,
9.195383218583E-1,9.195383218583E-1,9.195383218583E-1,9.195383218583E-1),(
1.241385034425E0,1.241385034425E0,1.241385034425E0,1.241385034425E0,
1.241385034425E0,1.241385034425E0,1.241385034425E0,1.241385034425E0,
1.241385034425E0,1.241385034425E0,1.241385034425E0,1.241385034425E0,
1.241385034425E0,1.241385034425E0,1.241385034425E0,1.241385034425E0,
1.241385034425E0,1.241385034425E0,1.241385034425E0,1.241385034425E0,
1.241385034425E0,1.241385034425E0,1.241385034425E0,1.241385034425E0,
1.241385034425E0,1.241385034425E0,1.241385034425E0,1.241385034425E0,
1.241385034425E0,1.241385034425E0,1.241385034425E0,1.241385034425E0)))REPRESENTATION_ITEM('')SURFACE());
#7968=ORIENTED_EDGE('',*,*,#7830,.F.);
#7970=ORIENTED_EDGE('',*,*,#7969,.T.);
#7972=ORIENTED_EDGE('',*,*,#7971,.T.);
#7974=ORIENTED_EDGE('',*,*,#7973,.F.);
#7975=EDGE_LOOP('',(#7968,#7970,#7972,#7974));
#7976=FACE_OUTER_BOUND('',#7975,.F.);
#7977=ADVANCED_FACE('',(#7976),#7967,.F.);
#7978=CARTESIAN_POINT('',(-6.967614809857E-1,4.862722146587E1,
2.801619395357E1));
#7979=CARTESIAN_POINT('',(-4.647271035710E-1,4.862023145459E1,
2.802179470364E1));
#7980=CARTESIAN_POINT('',(9.601188435282E-1,4.859905287675E1,2.803896495943E1));
#7981=CARTESIAN_POINT('',(3.549482218280E0,4.879596417060E1,2.787812246373E1));
#7982=CARTESIAN_POINT('',(6.831450898775E0,4.954879670323E1,2.727532209434E1));
#7983=CARTESIAN_POINT('',(9.683674910301E0,5.063385671770E1,2.643818007359E1));
#7984=CARTESIAN_POINT('',(1.209197916420E1,5.190372867651E1,2.550219164969E1));
#7985=CARTESIAN_POINT('',(1.418850960795E1,5.332351944074E1,2.450955078942E1));
#7986=CARTESIAN_POINT('',(1.608978250530E1,5.492890017909E1,2.345628195595E1));
#7987=CARTESIAN_POINT('',(1.783257339392E1,5.675431410113E1,2.235189677597E1));
#7988=CARTESIAN_POINT('',(1.938623575222E1,5.878839938191E1,2.124572695128E1));
#7989=CARTESIAN_POINT('',(2.073926700779E1,6.103804320610E1,2.018326159869E1));
#7990=CARTESIAN_POINT('',(2.191248454339E1,6.361123218219E1,1.918286319727E1));
#7991=CARTESIAN_POINT('',(2.286194804588E1,6.666712255470E1,1.831309388068E1));
#7992=CARTESIAN_POINT('',(2.341476129953E1,7.021434798861E1,1.777880132222E1));
#7993=CARTESIAN_POINT('',(2.339880211608E1,7.389068805481E1,1.779455329249E1));
#7994=CARTESIAN_POINT('',(2.287229442763E1,7.722387093014E1,1.830222926714E1));
#7995=CARTESIAN_POINT('',(2.201589902421E1,8.009066986088E1,1.908910452466E1));
#7996=CARTESIAN_POINT('',(2.091828333331E1,8.261716977921E1,2.003538295794E1));
#7997=CARTESIAN_POINT('',(1.959121663137E1,8.490832472725E1,2.109157194571E1));
#7998=CARTESIAN_POINT('',(1.805547602732E1,8.697971746015E1,2.220008572105E1));
#7999=CARTESIAN_POINT('',(1.634712081945E1,8.882428259125E1,2.330130958697E1));
#8000=CARTESIAN_POINT('',(1.443508759571E1,9.049149513367E1,2.438338217194E1));
#8001=CARTESIAN_POINT('',(1.221618012784E1,9.203268898171E1,2.545461787275E1));
#8002=CARTESIAN_POINT('',(9.690147674836E0,9.336820931557E1,2.643949176904E1));
#8003=CARTESIAN_POINT('',(6.997400120392E0,9.438125727470E1,2.722168550210E1));
#8004=CARTESIAN_POINT('',(4.401183927303E0,9.501596116866E1,2.772696918901E1));
#8005=CARTESIAN_POINT('',(2.081948053769E0,9.532432559677E1,2.797661570902E1));
#8006=CARTESIAN_POINT('',(4.132961225174E-1,9.539274924630E1,2.803232742437E1));
#8007=CARTESIAN_POINT('',(-4.644762025248E-1,9.537979658439E1,
2.802179366818E1));
#8008=CARTESIAN_POINT('',(-6.964969448253E-1,9.537290887601E1,
2.801622013117E1));
#8009=CARTESIAN_POINT('',(-6.203629810382E-1,5.074558716013E1,
2.774327307236E1));
#8010=CARTESIAN_POINT('',(-4.137609943831E-1,5.073952080499E1,
2.774881022067E1));
#8011=CARTESIAN_POINT('',(8.548203753532E-1,5.072116840461E1,2.776579912208E1));
#8012=CARTESIAN_POINT('',(3.160278340426E0,5.089165947903E1,2.760658282601E1));
#8013=CARTESIAN_POINT('',(6.093704595425E0,5.154679639418E1,2.700909109017E1));
#8014=CARTESIAN_POINT('',(8.657691915306E0,5.249819857186E1,2.617780754602E1));
#8015=CARTESIAN_POINT('',(1.083518090686E1,5.361973377401E1,2.524672290056E1));
#8016=CARTESIAN_POINT('',(1.274117356103E1,5.488186077573E1,2.425768224635E1));
#8017=CARTESIAN_POINT('',(1.447897934679E1,5.631773653069E1,2.320657903086E1));
#8018=CARTESIAN_POINT('',(1.608081671859E1,5.796041363721E1,2.210264410417E1));
#8019=CARTESIAN_POINT('',(1.751720593672E1,5.980235353303E1,2.099492315135E1));
#8020=CARTESIAN_POINT('',(1.877571806407E1,6.185252767250E1,1.992883704957E1));
#8021=CARTESIAN_POINT('',(1.987392160531E1,6.421301832252E1,1.892276654219E1));
#8022=CARTESIAN_POINT('',(2.076887874514E1,6.703606362633E1,1.804571396510E1));
#8023=CARTESIAN_POINT('',(2.129338082034E1,7.033477459466E1,1.750545684963E1));
#8024=CARTESIAN_POINT('',(2.127819642026E1,7.376306110362E1,1.752140329716E1));
#8025=CARTESIAN_POINT('',(2.077880215515E1,7.686226122764E1,1.803468378998E1));
#8026=CARTESIAN_POINT('',(1.997127897048E1,7.951207527697E1,1.882827498049E1));
#8027=CARTESIAN_POINT('',(1.894284035589E1,8.183213292387E1,1.978026991791E1));
#8028=CARTESIAN_POINT('',(1.770732268671E1,8.392211364223E1,2.084039414027E1));
#8029=CARTESIAN_POINT('',(1.628640256158E1,8.579937157246E1,2.195073656244E1));
#8030=CARTESIAN_POINT('',(1.471497306389E1,8.746072292798E1,2.305177760041E1));
#8031=CARTESIAN_POINT('',(1.296590550478E1,8.895325650808E1,2.413188416661E1));
#8032=CARTESIAN_POINT('',(1.094742923889E1,9.032420202504E1,2.519941457835E1));
#8033=CARTESIAN_POINT('',(8.663341963775E0,9.150368060405E1,2.617912506853E1));
#8034=CARTESIAN_POINT('',(6.243134232811E0,9.239179531408E1,2.695581295066E1));
#8035=CARTESIAN_POINT('',(3.921227502502E0,9.294481008929E1,2.745678878771E1));
#8036=CARTESIAN_POINT('',(1.853624298479E0,9.321243430770E1,2.770407210744E1));
#8037=CARTESIAN_POINT('',(3.679705308428E-1,9.327173142075E1,2.775923603450E1));
#8038=CARTESIAN_POINT('',(-4.135377987697E-1,9.326050450090E1,
2.774880630970E1));
#8039=CARTESIAN_POINT('',(-6.201289655799E-1,9.325453097815E1,
2.774328992516E1));
#8040=CARTESIAN_POINT('',(-6.074839553334E-1,5.225743475506E1,
2.925382686286E1));
#8041=CARTESIAN_POINT('',(-4.051945229676E-1,5.225111560623E1,
2.925971603215E1));
#8042=CARTESIAN_POINT('',(8.371301820091E-1,5.223193009432E1,2.927770868802E1));
#8043=CARTESIAN_POINT('',(3.094694215671E0,5.241051552098E1,2.910949175405E1));
#8044=CARTESIAN_POINT('',(5.939953875921E0,5.308854572766E1,2.848261796255E1));
#8045=CARTESIAN_POINT('',(8.391681260519E0,5.405556833262E1,2.761890910890E1));
#8046=CARTESIAN_POINT('',(1.044386372360E1,5.517573676255E1,2.666068318692E1));
#8047=CARTESIAN_POINT('',(1.221551029046E1,5.641644704491E1,2.565171622704E1));
#8048=CARTESIAN_POINT('',(1.380882401013E1,5.780680224996E1,2.458862681821E1));
#8049=CARTESIAN_POINT('',(1.525661852256E1,5.937342083979E1,2.348219984393E1));
#8050=CARTESIAN_POINT('',(1.653531038760E1,6.110271161692E1,2.238306402558E1));
#8051=CARTESIAN_POINT('',(1.763799865359E1,6.299661954510E1,2.133701793099E1));
#8052=CARTESIAN_POINT('',(1.858421490967E1,6.514080729297E1,2.036234121483E1));
#8053=CARTESIAN_POINT('',(1.934110426719E1,6.765897817984E1,1.952559979574E1));
#8054=CARTESIAN_POINT('',(1.977689741475E1,7.055090451258E1,1.901835512018E1));
#8055=CARTESIAN_POINT('',(1.976437730097E1,7.353450121093E1,1.903322518116E1));
#8056=CARTESIAN_POINT('',(1.934910767767E1,7.625258949342E1,1.951548596555E1));
#8057=CARTESIAN_POINT('',(1.866682650040E1,7.861286535825E1,2.027190602430E1));
#8058=CARTESIAN_POINT('',(1.778301829669E1,8.071472120217E1,2.119226143689E1));
#8059=CARTESIAN_POINT('',(1.670314374510E1,8.264075068408E1,2.223060504831E1));
#8060=CARTESIAN_POINT('',(1.544077440662E1,8.439956428966E1,2.333082633432E1));
#8061=CARTESIAN_POINT('',(1.402336356586E1,8.598055977808E1,2.443287928258E1));
#8062=CARTESIAN_POINT('',(1.242307213540E1,8.742252828106E1,2.552386730680E1));
#8063=CARTESIAN_POINT('',(1.054976890106E1,8.876804651521E1,2.661190563431E1));
#8064=CARTESIAN_POINT('',(8.397486206760E0,8.994617624335E1,2.762019437998E1));
#8065=CARTESIAN_POINT('',(6.082242776906E0,9.084922912504E1,2.842735587031E1));
#8066=CARTESIAN_POINT('',(3.833498355582E0,9.141990033583E1,2.895217465741E1));
#8067=CARTESIAN_POINT('',(1.815244149521E0,9.169865980574E1,2.921253774263E1));
#8068=CARTESIAN_POINT('',(3.603517674901E-1,9.176063817023E1,2.927073355087E1));
#8069=CARTESIAN_POINT('',(-4.049754921187E-1,9.174890835203E1,
2.925972803647E1));
#8070=CARTESIAN_POINT('',(-6.072511488699E-1,9.174267590030E1,
2.925389532625E1));
#8071=CARTESIAN_POINT('',(-6.681419791613E-1,5.198681760247E1,
3.137291502501E1));
#8072=CARTESIAN_POINT('',(-4.456908697810E-1,5.197926583834E1,
3.137929802875E1));
#8073=CARTESIAN_POINT('',(9.208080655016E-1,5.195623593746E1,3.139869880672E1));
#8074=CARTESIAN_POINT('',(3.403742546577E0,5.217113433174E1,3.121785528153E1));
#8075=CARTESIAN_POINT('',(6.489789262391E0,5.297483985849E1,3.054976272199E1));
#8076=CARTESIAN_POINT('',(9.092551591313E0,5.409461126006E1,2.964056585596E1));
#8077=CARTESIAN_POINT('',(1.122240229582E1,5.536144600619E1,2.864426465447E1));
#8078=CARTESIAN_POINT('',(1.302039167142E1,5.673364498415E1,2.760734397409E1));
#8079=CARTESIAN_POINT('',(1.460057731854E1,5.823787090761E1,2.652743967222E1));
#8080=CARTESIAN_POINT('',(1.600105738368E1,5.989426918306E1,2.541751671615E1));
#8081=CARTESIAN_POINT('',(1.720428797890E1,6.167802794600E1,2.433042459788E1));
#8082=CARTESIAN_POINT('',(1.821105070554E1,6.358042026050E1,2.331249173057E1));
#8083=CARTESIAN_POINT('',(1.904652527173E1,6.567294544691E1,2.238185595606E1));
#8084=CARTESIAN_POINT('',(1.968917743318E1,6.805135026022E1,2.160166525251E1));
#8085=CARTESIAN_POINT('',(2.004486356134E1,7.069462737635E1,2.114073224825E1));
#8086=CARTESIAN_POINT('',(2.003482489923E1,7.338278703685E1,2.115409229480E1));
#8087=CARTESIAN_POINT('',(1.969525723211E1,7.586907114098E1,2.159283692150E1));
#8088=CARTESIAN_POINT('',(1.911717200070E1,7.809246436778E1,2.229711126670E1));
#8089=CARTESIAN_POINT('',(1.834095098692E1,8.013408079867E1,2.317308100898E1));
#8090=CARTESIAN_POINT('',(1.735975116883E1,8.206090673471E1,2.418086957821E1));
#8091=CARTESIAN_POINT('',(1.617633881011E1,8.386909496416E1,2.526689237625E1));
#8092=CARTESIAN_POINT('',(1.481024064355E1,8.553509496636E1,2.637036488806E1));
#8093=CARTESIAN_POINT('',(1.322881462434E1,8.708994285093E1,2.747661802171E1));
#8094=CARTESIAN_POINT('',(1.133250763391E1,8.857463272240E1,2.859342598442E1));
#8095=CARTESIAN_POINT('',(9.099368566441E0,8.990715566803E1,2.964180588296E1));
#8096=CARTESIAN_POINT('',(6.639870488778E0,9.095339892009E1,3.049171743145E1));
#8097=CARTESIAN_POINT('',(4.206234050048E0,9.162733857629E1,3.104998442377E1));
#8098=CARTESIAN_POINT('',(1.996660488677E0,9.196044752761E1,3.132869652536E1));
#8099=CARTESIAN_POINT('',(3.963658657829E-1,9.203482939808E1,3.139114562373E1));
#8100=CARTESIAN_POINT('',(-4.454492235876E-1,9.202075920597E1,
3.137933235990E1));
#8101=CARTESIAN_POINT('',(-6.678801296042E-1,9.201329611103E1,
3.137305589059E1));
#8102=(BOUNDED_SURFACE()B_SPLINE_SURFACE(3,3,((#7978,#7979,#7980,#7981,#7982,
#7983,#7984,#7985,#7986,#7987,#7988,#7989,#7990,#7991,#7992,#7993,#7994,#7995,
#7996,#7997,#7998,#7999,#8000,#8001,#8002,#8003,#8004,#8005,#8006,#8007,#8008),(
#8009,#8010,#8011,#8012,#8013,#8014,#8015,#8016,#8017,#8018,#8019,#8020,#8021,
#8022,#8023,#8024,#8025,#8026,#8027,#8028,#8029,#8030,#8031,#8032,#8033,#8034,
#8035,#8036,#8037,#8038,#8039),(#8040,#8041,#8042,#8043,#8044,#8045,#8046,#8047,
#8048,#8049,#8050,#8051,#8052,#8053,#8054,#8055,#8056,#8057,#8058,#8059,#8060,
#8061,#8062,#8063,#8064,#8065,#8066,#8067,#8068,#8069,#8070),(#8071,#8072,#8073,
#8074,#8075,#8076,#8077,#8078,#8079,#8080,#8081,#8082,#8083,#8084,#8085,#8086,
#8087,#8088,#8089,#8090,#8091,#8092,#8093,#8094,#8095,#8096,#8097,#8098,#8099,
#8100,#8101)),.UNSPECIFIED.,.F.,.F.,.F.)B_SPLINE_SURFACE_WITH_KNOTS((4,4),(4,1,
1,1,1,1,1,1,1,1,1,1,1,1,1,1,1,1,1,1,1,1,1,1,1,1,1,1,4),(0.E0,1.E0),(
-9.810715043836E-3,0.E0,5.036336889257E-2,9.920781688131E-2,1.425828285789E-1,
1.809728938613E-1,2.167914636462E-1,2.524332693674E-1,2.888094009548E-1,
3.252191435282E-1,3.603802313529E-1,3.963050524254E-1,4.363891345200E-1,
4.796046196789E-1,5.226092612620E-1,5.625123989451E-1,5.985759482961E-1,
6.336647263175E-1,6.700217684474E-1,7.064117399926E-1,7.420683167027E-1,
7.778298860694E-1,8.162646634504E-1,8.592792702712E-1,9.011702069330E-1,
9.393896982716E-1,9.727366766405E-1,1.E0,1.009806940166E0),.UNSPECIFIED.)GEOMETRIC_REPRESENTATION_ITEM()RATIONAL_B_SPLINE_SURFACE(((1.241395921413E0,
1.241395921413E0,1.241395921413E0,1.241395921413E0,1.241395921413E0,
1.241395921413E0,1.241395921413E0,1.241395921413E0,1.241395921413E0,
1.241395921413E0,1.241395921413E0,1.241395921413E0,1.241395921413E0,
1.241395921413E0,1.241395921413E0,1.241395921413E0,1.241395921413E0,
1.241395921413E0,1.241395921413E0,1.241395921413E0,1.241395921413E0,
1.241395921413E0,1.241395921413E0,1.241395921413E0,1.241395921413E0,
1.241395921413E0,1.241395921413E0,1.241395921413E0,1.241395921413E0,
1.241395921413E0,1.241395921413E0),(9.195346928625E-1,9.195346928625E-1,
9.195346928625E-1,9.195346928625E-1,9.195346928625E-1,9.195346928625E-1,
9.195346928625E-1,9.195346928625E-1,9.195346928625E-1,9.195346928625E-1,
9.195346928625E-1,9.195346928625E-1,9.195346928625E-1,9.195346928625E-1,
9.195346928625E-1,9.195346928625E-1,9.195346928625E-1,9.195346928625E-1,
9.195346928625E-1,9.195346928625E-1,9.195346928625E-1,9.195346928625E-1,
9.195346928625E-1,9.195346928625E-1,9.195346928625E-1,9.195346928625E-1,
9.195346928625E-1,9.195346928625E-1,9.195346928625E-1,9.195346928625E-1,
9.195346928625E-1),(9.195346928625E-1,9.195346928625E-1,9.195346928625E-1,
9.195346928625E-1,9.195346928625E-1,9.195346928625E-1,9.195346928625E-1,
9.195346928625E-1,9.195346928625E-1,9.195346928625E-1,9.195346928625E-1,
9.195346928625E-1,9.195346928625E-1,9.195346928625E-1,9.195346928625E-1,
9.195346928625E-1,9.195346928625E-1,9.195346928625E-1,9.195346928625E-1,
9.195346928625E-1,9.195346928625E-1,9.195346928625E-1,9.195346928625E-1,
9.195346928625E-1,9.195346928625E-1,9.195346928625E-1,9.195346928625E-1,
9.195346928625E-1,9.195346928625E-1,9.195346928625E-1,9.195346928625E-1),(
1.241395921413E0,1.241395921413E0,1.241395921413E0,1.241395921413E0,
1.241395921413E0,1.241395921413E0,1.241395921413E0,1.241395921413E0,
1.241395921413E0,1.241395921413E0,1.241395921413E0,1.241395921413E0,
1.241395921413E0,1.241395921413E0,1.241395921413E0,1.241395921413E0,
1.241395921413E0,1.241395921413E0,1.241395921413E0,1.241395921413E0,
1.241395921413E0,1.241395921413E0,1.241395921413E0,1.241395921413E0,
1.241395921413E0,1.241395921413E0,1.241395921413E0,1.241395921413E0,
1.241395921413E0,1.241395921413E0,1.241395921413E0)))REPRESENTATION_ITEM('')SURFACE());
#8103=ORIENTED_EDGE('',*,*,#7816,.F.);
#8104=ORIENTED_EDGE('',*,*,#7973,.T.);
#8106=ORIENTED_EDGE('',*,*,#8105,.T.);
#8107=ORIENTED_EDGE('',*,*,#7969,.F.);
#8108=EDGE_LOOP('',(#8103,#8104,#8106,#8107));
#8109=FACE_OUTER_BOUND('',#8108,.F.);
#8110=ADVANCED_FACE('',(#8109),#8102,.F.);
#8111=CARTESIAN_POINT('',(0.E0,7.2E1,5.775E1));
#8112=DIRECTION('',(0.E0,0.E0,-1.E0));
#8113=DIRECTION('',(0.E0,-1.E0,0.E0));
#8114=AXIS2_PLACEMENT_3D('',#8111,#8112,#8113);
#8115=CYLINDRICAL_SURFACE('',#8114,2.E1);
#8117=ORIENTED_EDGE('',*,*,#8116,.F.);
#8119=ORIENTED_EDGE('',*,*,#8118,.F.);
#8120=ORIENTED_EDGE('',*,*,#8105,.F.);
#8122=ORIENTED_EDGE('',*,*,#8121,.T.);
#8123=EDGE_LOOP('',(#8117,#8119,#8120,#8122));
#8124=FACE_OUTER_BOUND('',#8123,.F.);
#8125=ADVANCED_FACE('',(#8124),#8115,.T.);
#8126=CARTESIAN_POINT('',(0.E0,7.2E1,3.6E1));
#8127=DIRECTION('',(0.E0,0.E0,-1.E0));
#8128=DIRECTION('',(-2.456731065701E-2,9.996981780753E-1,0.E0));
#8129=AXIS2_PLACEMENT_3D('',#8126,#8127,#8128);
#8130=TOROIDAL_SURFACE('',#8129,2.3E1,3.E0);
#8132=ORIENTED_EDGE('',*,*,#8131,.F.);
#8134=ORIENTED_EDGE('',*,*,#8133,.T.);
#8135=ORIENTED_EDGE('',*,*,#8116,.T.);
#8137=ORIENTED_EDGE('',*,*,#8136,.F.);
#8138=EDGE_LOOP('',(#8132,#8134,#8135,#8137));
#8139=FACE_OUTER_BOUND('',#8138,.F.);
#8140=ADVANCED_FACE('',(#8139),#8130,.F.);
#8141=CARTESIAN_POINT('',(0.E0,7.2E1,3.9E1));
#8142=DIRECTION('',(0.E0,0.E0,-1.E0));
#8143=DIRECTION('',(0.E0,-1.E0,0.E0));
#8144=AXIS2_PLACEMENT_3D('',#8141,#8142,#8143);
#8145=PLANE('',#8144);
#8147=ORIENTED_EDGE('',*,*,#8146,.T.);
#8149=ORIENTED_EDGE('',*,*,#8148,.T.);
#8150=EDGE_LOOP('',(#8147,#8149));
#8151=FACE_OUTER_BOUND('',#8150,.F.);
#8152=ORIENTED_EDGE('',*,*,#8131,.T.);
#8154=ORIENTED_EDGE('',*,*,#8153,.T.);
#8155=EDGE_LOOP('',(#8152,#8154));
#8156=FACE_BOUND('',#8155,.F.);
#8157=ADVANCED_FACE('',(#8151,#8156),#8145,.T.);
#8158=CARTESIAN_POINT('',(0.E0,7.2E1,3.6E1));
#8159=DIRECTION('',(0.E0,0.E0,-1.E0));
#8160=DIRECTION('',(2.456731065701E-2,-9.996981780753E-1,0.E0));
#8161=AXIS2_PLACEMENT_3D('',#8158,#8159,#8160);
#8162=TOROIDAL_SURFACE('',#8161,2.3E1,3.E0);
#8163=ORIENTED_EDGE('',*,*,#8153,.F.);
#8164=ORIENTED_EDGE('',*,*,#8136,.T.);
#8166=ORIENTED_EDGE('',*,*,#8165,.T.);
#8167=ORIENTED_EDGE('',*,*,#8133,.F.);
#8168=EDGE_LOOP('',(#8163,#8164,#8166,#8167));
#8169=FACE_OUTER_BOUND('',#8168,.F.);
#8170=ADVANCED_FACE('',(#8169),#8162,.F.);
#8171=CARTESIAN_POINT('',(0.E0,7.2E1,5.775E1));
#8172=DIRECTION('',(0.E0,0.E0,-1.E0));
#8173=DIRECTION('',(0.E0,-1.E0,0.E0));
#8174=AXIS2_PLACEMENT_3D('',#8171,#8172,#8173);
#8175=CYLINDRICAL_SURFACE('',#8174,2.E1);
#8176=ORIENTED_EDGE('',*,*,#8165,.F.);
#8177=ORIENTED_EDGE('',*,*,#8121,.F.);
#8178=ORIENTED_EDGE('',*,*,#7971,.F.);
#8179=ORIENTED_EDGE('',*,*,#8118,.T.);
#8180=EDGE_LOOP('',(#8176,#8177,#8178,#8179));
#8181=FACE_OUTER_BOUND('',#8180,.F.);
#8182=ADVANCED_FACE('',(#8181),#8175,.T.);
#8183=CARTESIAN_POINT('',(0.E0,7.2E1,3.91E1));
#8184=DIRECTION('',(0.E0,0.E0,-1.E0));
#8185=DIRECTION('',(1.758142283640E-2,9.998454348403E-1,0.E0));
#8186=AXIS2_PLACEMENT_3D('',#8183,#8184,#8185);
#8187=TOROIDAL_SURFACE('',#8186,2.6773E1,1.E-1);
#8189=ORIENTED_EDGE('',*,*,#8188,.T.);
#8191=ORIENTED_EDGE('',*,*,#8190,.T.);
#8192=ORIENTED_EDGE('',*,*,#8146,.F.);
#8194=ORIENTED_EDGE('',*,*,#8193,.F.);
#8195=EDGE_LOOP('',(#8189,#8191,#8192,#8194));
#8196=FACE_OUTER_BOUND('',#8195,.F.);
#8197=ADVANCED_FACE('',(#8196),#8187,.T.);
#8198=CARTESIAN_POINT('',(0.E0,7.2E1,5.775E1));
#8199=DIRECTION('',(0.E0,0.E0,-1.E0));
#8200=DIRECTION('',(0.E0,-1.E0,0.E0));
#8201=AXIS2_PLACEMENT_3D('',#8198,#8199,#8200);
#8202=CYLINDRICAL_SURFACE('',#8201,2.6873E1);
#8204=ORIENTED_EDGE('',*,*,#8203,.F.);
#8206=ORIENTED_EDGE('',*,*,#8205,.F.);
#8207=ORIENTED_EDGE('',*,*,#8188,.F.);
#8209=ORIENTED_EDGE('',*,*,#8208,.T.);
#8210=EDGE_LOOP('',(#8204,#8206,#8207,#8209));
#8211=FACE_OUTER_BOUND('',#8210,.F.);
#8212=ADVANCED_FACE('',(#8211),#8202,.T.);
#8213=CARTESIAN_POINT('',(0.E0,7.2E1,5.295857864376E1));
#8214=DIRECTION('',(0.E0,0.E0,-1.E0));
#8215=DIRECTION('',(1.899148054181E-2,-9.998196455696E-1,0.E0));
#8216=AXIS2_PLACEMENT_3D('',#8213,#8214,#8215);
#8217=TOROIDAL_SURFACE('',#8216,2.6773E1,1.E-1);
#8218=ORIENTED_EDGE('',*,*,#8203,.T.);
#8220=ORIENTED_EDGE('',*,*,#8219,.T.);
#8222=ORIENTED_EDGE('',*,*,#8221,.F.);
#8224=ORIENTED_EDGE('',*,*,#8223,.F.);
#8225=EDGE_LOOP('',(#8218,#8220,#8222,#8224));
#8226=FACE_OUTER_BOUND('',#8225,.F.);
#8227=ADVANCED_FACE('',(#8226),#8217,.T.);
#8228=CARTESIAN_POINT('',(0.E0,7.2E1,5.295857864376E1));
#8229=DIRECTION('',(0.E0,0.E0,-1.E0));
#8230=DIRECTION('',(-1.899148054181E-2,9.998196455696E-1,0.E0));
#8231=AXIS2_PLACEMENT_3D('',#8228,#8229,#8230);
#8232=TOROIDAL_SURFACE('',#8231,2.6773E1,1.E-1);
#8234=ORIENTED_EDGE('',*,*,#8233,.T.);
#8235=ORIENTED_EDGE('',*,*,#8223,.T.);
#8237=ORIENTED_EDGE('',*,*,#8236,.F.);
#8238=ORIENTED_EDGE('',*,*,#8219,.F.);
#8239=EDGE_LOOP('',(#8234,#8235,#8237,#8238));
#8240=FACE_OUTER_BOUND('',#8239,.F.);
#8241=ADVANCED_FACE('',(#8240),#8232,.T.);
#8242=CARTESIAN_POINT('',(0.E0,7.2E1,5.775E1));
#8243=DIRECTION('',(0.E0,0.E0,-1.E0));
#8244=DIRECTION('',(0.E0,-1.E0,0.E0));
#8245=AXIS2_PLACEMENT_3D('',#8242,#8243,#8244);
#8246=CYLINDRICAL_SURFACE('',#8245,2.6873E1);
#8247=ORIENTED_EDGE('',*,*,#8233,.F.);
#8248=ORIENTED_EDGE('',*,*,#8208,.F.);
#8250=ORIENTED_EDGE('',*,*,#8249,.F.);
#8251=ORIENTED_EDGE('',*,*,#8205,.T.);
#8252=EDGE_LOOP('',(#8247,#8248,#8250,#8251));
#8253=FACE_OUTER_BOUND('',#8252,.F.);
#8254=ADVANCED_FACE('',(#8253),#8246,.T.);
#8255=CARTESIAN_POINT('',(0.E0,7.2E1,3.91E1));
#8256=DIRECTION('',(0.E0,0.E0,-1.E0));
#8257=DIRECTION('',(-1.758142283640E-2,-9.998454348403E-1,0.E0));
#8258=AXIS2_PLACEMENT_3D('',#8255,#8256,#8257);
#8259=TOROIDAL_SURFACE('',#8258,2.6773E1,1.E-1);
#8260=ORIENTED_EDGE('',*,*,#8249,.T.);
#8261=ORIENTED_EDGE('',*,*,#8193,.T.);
#8262=ORIENTED_EDGE('',*,*,#8148,.F.);
#8263=ORIENTED_EDGE('',*,*,#8190,.F.);
#8264=EDGE_LOOP('',(#8260,#8261,#8262,#8263));
#8265=FACE_OUTER_BOUND('',#8264,.F.);
#8266=ADVANCED_FACE('',(#8265),#8259,.T.);
#8267=CARTESIAN_POINT('',(0.E0,7.2E1,5.400000000017E1));
#8268=DIRECTION('',(0.E0,0.E0,-1.E0));
#8269=DIRECTION('',(0.E0,-1.E0,0.E0));
#8270=AXIS2_PLACEMENT_3D('',#8267,#8268,#8269);
#8271=CONICAL_SURFACE('',#8270,2.587299999983E1,4.5E1);
#8273=ORIENTED_EDGE('',*,*,#8272,.T.);
#8275=ORIENTED_EDGE('',*,*,#8274,.T.);
#8276=ORIENTED_EDGE('',*,*,#8236,.T.);
#8278=ORIENTED_EDGE('',*,*,#8277,.F.);
#8279=EDGE_LOOP('',(#8273,#8275,#8276,#8278));
#8280=FACE_OUTER_BOUND('',#8279,.F.);
#8281=ADVANCED_FACE('',(#8280),#8271,.T.);
#8282=CARTESIAN_POINT('',(0.E0,7.2E1,5.49E1));
#8283=DIRECTION('',(0.E0,0.E0,-1.E0));
#8284=DIRECTION('',(-2.697679650356E-2,-9.996360599990E-1,0.E0));
#8285=AXIS2_PLACEMENT_3D('',#8282,#8283,#8284);
#8286=TOROIDAL_SURFACE('',#8285,2.483157864376E1,1.E-1);
#8288=ORIENTED_EDGE('',*,*,#8287,.T.);
#8290=ORIENTED_EDGE('',*,*,#8289,.T.);
#8291=ORIENTED_EDGE('',*,*,#8272,.F.);
#8293=ORIENTED_EDGE('',*,*,#8292,.F.);
#8294=EDGE_LOOP('',(#8288,#8290,#8291,#8293));
#8295=FACE_OUTER_BOUND('',#8294,.F.);
#8296=ADVANCED_FACE('',(#8295),#8286,.T.);
#8297=CARTESIAN_POINT('',(0.E0,7.2E1,5.5E1));
#8298=DIRECTION('',(0.E0,0.E0,-1.E0));
#8299=DIRECTION('',(0.E0,-1.E0,0.E0));
#8300=AXIS2_PLACEMENT_3D('',#8297,#8298,#8299);
#8301=PLANE('',#8300);
#8302=ORIENTED_EDGE('',*,*,#8287,.F.);
#8304=ORIENTED_EDGE('',*,*,#8303,.F.);
#8305=EDGE_LOOP('',(#8302,#8304));
#8306=FACE_OUTER_BOUND('',#8305,.F.);
#8308=ORIENTED_EDGE('',*,*,#8307,.F.);
#8310=ORIENTED_EDGE('',*,*,#8309,.F.);
#8311=EDGE_LOOP('',(#8308,#8310));
#8312=FACE_BOUND('',#8311,.F.);
#8313=ADVANCED_FACE('',(#8306,#8312),#8301,.F.);
#8314=CARTESIAN_POINT('',(0.E0,7.2E1,5.49E1));
#8315=DIRECTION('',(0.E0,0.E0,-1.E0));
#8316=DIRECTION('',(-2.729636759945E-2,9.996273847369E-1,0.E0));
#8317=AXIS2_PLACEMENT_3D('',#8314,#8315,#8316);
#8318=TOROIDAL_SURFACE('',#8317,1.81E1,1.E-1);
#8319=ORIENTED_EDGE('',*,*,#8307,.T.);
#8321=ORIENTED_EDGE('',*,*,#8320,.T.);
#8323=ORIENTED_EDGE('',*,*,#8322,.F.);
#8325=ORIENTED_EDGE('',*,*,#8324,.F.);
#8326=EDGE_LOOP('',(#8319,#8321,#8323,#8325));
#8327=FACE_OUTER_BOUND('',#8326,.F.);
#8328=ADVANCED_FACE('',(#8327),#8318,.T.);
#8329=CARTESIAN_POINT('',(0.E0,7.2E1,5.49E1));
#8330=DIRECTION('',(0.E0,0.E0,-1.E0));
#8331=DIRECTION('',(2.729636759945E-2,-9.996273847369E-1,0.E0));
#8332=AXIS2_PLACEMENT_3D('',#8329,#8330,#8331);
#8333=TOROIDAL_SURFACE('',#8332,1.81E1,1.E-1);
#8334=ORIENTED_EDGE('',*,*,#8309,.T.);
#8335=ORIENTED_EDGE('',*,*,#8324,.T.);
#8337=ORIENTED_EDGE('',*,*,#8336,.F.);
#8338=ORIENTED_EDGE('',*,*,#8320,.F.);
#8339=EDGE_LOOP('',(#8334,#8335,#8337,#8338));
#8340=FACE_OUTER_BOUND('',#8339,.F.);
#8341=ADVANCED_FACE('',(#8340),#8333,.T.);
#8342=CARTESIAN_POINT('',(0.E0,7.2E1,5.775E1));
#8343=DIRECTION('',(0.E0,0.E0,-1.E0));
#8344=DIRECTION('',(0.E0,-1.E0,0.E0));
#8345=AXIS2_PLACEMENT_3D('',#8342,#8343,#8344);
#8346=CYLINDRICAL_SURFACE('',#8345,1.8E1);
#8347=ORIENTED_EDGE('',*,*,#8336,.T.);
#8349=ORIENTED_EDGE('',*,*,#8348,.F.);
#8351=ORIENTED_EDGE('',*,*,#8350,.T.);
#8353=ORIENTED_EDGE('',*,*,#8352,.T.);
#8354=EDGE_LOOP('',(#8347,#8349,#8351,#8353));
#8355=FACE_OUTER_BOUND('',#8354,.F.);
#8356=ADVANCED_FACE('',(#8355),#8346,.F.);
#8357=CARTESIAN_POINT('',(0.E0,7.2E1,5.775E1));
#8358=DIRECTION('',(0.E0,0.E0,-1.E0));
#8359=DIRECTION('',(0.E0,-1.E0,0.E0));
#8360=AXIS2_PLACEMENT_3D('',#8357,#8358,#8359);
#8361=CYLINDRICAL_SURFACE('',#8360,1.8E1);
#8362=ORIENTED_EDGE('',*,*,#8322,.T.);
#8363=ORIENTED_EDGE('',*,*,#8352,.F.);
#8365=ORIENTED_EDGE('',*,*,#8364,.T.);
#8366=ORIENTED_EDGE('',*,*,#8348,.T.);
#8367=EDGE_LOOP('',(#8362,#8363,#8365,#8366));
#8368=FACE_OUTER_BOUND('',#8367,.F.);
#8369=ADVANCED_FACE('',(#8368),#8361,.F.);
#8370=CARTESIAN_POINT('',(0.E0,7.2E1,4.11E1));
#8371=DIRECTION('',(0.E0,0.E0,-1.E0));
#8372=DIRECTION('',(-2.624642562761E-2,-9.996555032319E-1,0.E0));
#8373=AXIS2_PLACEMENT_3D('',#8370,#8371,#8372);
#8374=TOROIDAL_SURFACE('',#8373,1.79E1,1.E-1);
#8375=ORIENTED_EDGE('',*,*,#8364,.F.);
#8377=ORIENTED_EDGE('',*,*,#8376,.T.);
#8379=ORIENTED_EDGE('',*,*,#8378,.T.);
#8381=ORIENTED_EDGE('',*,*,#8380,.F.);
#8382=EDGE_LOOP('',(#8375,#8377,#8379,#8381));
#8383=FACE_OUTER_BOUND('',#8382,.F.);
#8384=ADVANCED_FACE('',(#8383),#8374,.F.);
#8385=CARTESIAN_POINT('',(0.E0,7.2E1,4.11E1));
#8386=DIRECTION('',(0.E0,0.E0,-1.E0));
#8387=DIRECTION('',(2.624642562761E-2,9.996555032319E-1,0.E0));
#8388=AXIS2_PLACEMENT_3D('',#8385,#8386,#8387);
#8389=TOROIDAL_SURFACE('',#8388,1.79E1,1.E-1);
#8390=ORIENTED_EDGE('',*,*,#8350,.F.);
#8391=ORIENTED_EDGE('',*,*,#8380,.T.);
#8393=ORIENTED_EDGE('',*,*,#8392,.T.);
#8394=ORIENTED_EDGE('',*,*,#8376,.F.);
#8395=EDGE_LOOP('',(#8390,#8391,#8393,#8394));
#8396=FACE_OUTER_BOUND('',#8395,.F.);
#8397=ADVANCED_FACE('',(#8396),#8389,.F.);
#8398=CARTESIAN_POINT('',(0.E0,7.2E1,4.1E1));
#8399=DIRECTION('',(0.E0,0.E0,-1.E0));
#8400=DIRECTION('',(0.E0,-1.E0,0.E0));
#8401=AXIS2_PLACEMENT_3D('',#8398,#8399,#8400);
#8402=PLANE('',#8401);
#8403=ORIENTED_EDGE('',*,*,#8392,.F.);
#8404=ORIENTED_EDGE('',*,*,#8378,.F.);
#8405=EDGE_LOOP('',(#8403,#8404));
#8406=FACE_OUTER_BOUND('',#8405,.F.);
#8408=ORIENTED_EDGE('',*,*,#8407,.F.);
#8410=ORIENTED_EDGE('',*,*,#8409,.F.);
#8411=EDGE_LOOP('',(#8408,#8410));
#8412=FACE_BOUND('',#8411,.F.);
#8413=ADVANCED_FACE('',(#8406,#8412),#8402,.F.);
#8414=CARTESIAN_POINT('',(0.E0,7.2E1,4.09E1));
#8415=DIRECTION('',(0.E0,0.E0,-1.E0));
#8416=DIRECTION('',(3.275385084495E-2,-9.994634486838E-1,0.E0));
#8417=AXIS2_PLACEMENT_3D('',#8414,#8415,#8416);
#8418=TOROIDAL_SURFACE('',#8417,1.51E1,1.E-1);
#8419=ORIENTED_EDGE('',*,*,#8407,.T.);
#8421=ORIENTED_EDGE('',*,*,#8420,.T.);
#8423=ORIENTED_EDGE('',*,*,#8422,.F.);
#8425=ORIENTED_EDGE('',*,*,#8424,.F.);
#8426=EDGE_LOOP('',(#8419,#8421,#8423,#8425));
#8427=FACE_OUTER_BOUND('',#8426,.F.);
#8428=ADVANCED_FACE('',(#8427),#8418,.T.);
#8429=CARTESIAN_POINT('',(0.E0,7.2E1,4.09E1));
#8430=DIRECTION('',(0.E0,0.E0,-1.E0));
#8431=DIRECTION('',(-3.275385084496E-2,9.994634486838E-1,0.E0));
#8432=AXIS2_PLACEMENT_3D('',#8429,#8430,#8431);
#8433=TOROIDAL_SURFACE('',#8432,1.51E1,1.E-1);
#8434=ORIENTED_EDGE('',*,*,#8409,.T.);
#8435=ORIENTED_EDGE('',*,*,#8424,.T.);
#8437=ORIENTED_EDGE('',*,*,#8436,.F.);
#8438=ORIENTED_EDGE('',*,*,#8420,.F.);
#8439=EDGE_LOOP('',(#8434,#8435,#8437,#8438));
#8440=FACE_OUTER_BOUND('',#8439,.F.);
#8441=ADVANCED_FACE('',(#8440),#8433,.T.);
#8442=CARTESIAN_POINT('',(0.E0,7.2E1,5.775E1));
#8443=DIRECTION('',(0.E0,0.E0,-1.E0));
#8444=DIRECTION('',(0.E0,-1.E0,0.E0));
#8445=AXIS2_PLACEMENT_3D('',#8442,#8443,#8444);
#8446=CYLINDRICAL_SURFACE('',#8445,1.5E1);
#8447=ORIENTED_EDGE('',*,*,#7220,.T.);
#8449=ORIENTED_EDGE('',*,*,#8448,.T.);
#8450=ORIENTED_EDGE('',*,*,#8436,.T.);
#8452=ORIENTED_EDGE('',*,*,#8451,.F.);
#8453=EDGE_LOOP('',(#8447,#8449,#8450,#8452));
#8454=FACE_OUTER_BOUND('',#8453,.F.);
#8455=ADVANCED_FACE('',(#8454),#8446,.F.);
#8456=CARTESIAN_POINT('',(0.E0,7.2E1,5.775E1));
#8457=DIRECTION('',(0.E0,0.E0,-1.E0));
#8458=DIRECTION('',(0.E0,-1.E0,0.E0));
#8459=AXIS2_PLACEMENT_3D('',#8456,#8457,#8458);
#8460=CYLINDRICAL_SURFACE('',#8459,1.5E1);
#8461=ORIENTED_EDGE('',*,*,#7383,.T.);
#8462=ORIENTED_EDGE('',*,*,#8451,.T.);
#8463=ORIENTED_EDGE('',*,*,#8422,.T.);
#8464=ORIENTED_EDGE('',*,*,#8448,.F.);
#8465=EDGE_LOOP('',(#8461,#8462,#8463,#8464));
#8466=FACE_OUTER_BOUND('',#8465,.F.);
#8467=ADVANCED_FACE('',(#8466),#8460,.F.);
#8468=CARTESIAN_POINT('',(0.E0,7.2E1,5.49E1));
#8469=DIRECTION('',(0.E0,0.E0,-1.E0));
#8470=DIRECTION('',(2.697679650356E-2,9.996360599990E-1,0.E0));
#8471=AXIS2_PLACEMENT_3D('',#8468,#8469,#8470);
#8472=TOROIDAL_SURFACE('',#8471,2.483157864376E1,1.E-1);
#8473=ORIENTED_EDGE('',*,*,#8303,.T.);
#8474=ORIENTED_EDGE('',*,*,#8292,.T.);
#8476=ORIENTED_EDGE('',*,*,#8475,.F.);
#8477=ORIENTED_EDGE('',*,*,#8289,.F.);
#8478=EDGE_LOOP('',(#8473,#8474,#8476,#8477));
#8479=FACE_OUTER_BOUND('',#8478,.F.);
#8480=ADVANCED_FACE('',(#8479),#8472,.T.);
#8481=CARTESIAN_POINT('',(0.E0,7.2E1,5.400000000017E1));
#8482=DIRECTION('',(0.E0,0.E0,-1.E0));
#8483=DIRECTION('',(0.E0,-1.E0,0.E0));
#8484=AXIS2_PLACEMENT_3D('',#8481,#8482,#8483);
#8485=CONICAL_SURFACE('',#8484,2.587299999983E1,4.5E1);
#8486=ORIENTED_EDGE('',*,*,#8475,.T.);
#8487=ORIENTED_EDGE('',*,*,#8277,.T.);
#8488=ORIENTED_EDGE('',*,*,#8221,.T.);
#8489=ORIENTED_EDGE('',*,*,#8274,.F.);
#8490=EDGE_LOOP('',(#8486,#8487,#8488,#8489));
#8491=FACE_OUTER_BOUND('',#8490,.F.);
#8492=ADVANCED_FACE('',(#8491),#8485,.T.);
#8493=CARTESIAN_POINT('',(9.165274474306E-1,3.169419543700E1,
-2.996985525309E1));
#8494=CARTESIAN_POINT('',(6.112158246865E-1,3.169809261240E1,
-2.997923735440E1));
#8495=CARTESIAN_POINT('',(-8.637195855919E-1,3.170748205235E1,
-3.000181176184E1));
#8496=CARTESIAN_POINT('',(-3.385250766014E0,3.164602473586E1,
-2.985424845645E1));
#8497=CARTESIAN_POINT('',(-6.506191017046E0,3.142732657036E1,
-2.932132733414E1));
#8498=CARTESIAN_POINT('',(-9.331946158083E0,3.111586479265E1,
-2.854338574202E1));
#8499=CARTESIAN_POINT('',(-1.201417242909E1,3.072128696351E1,
-2.752499127407E1));
#8500=CARTESIAN_POINT('',(-1.462006509230E1,3.024372129959E1,
-2.623777699173E1));
#8501=CARTESIAN_POINT('',(-1.710608714307E1,2.970048153859E1,
-2.468859187345E1));
#8502=CARTESIAN_POINT('',(-1.940660401791E1,2.912240002032E1,
-2.292297070147E1));
#8503=CARTESIAN_POINT('',(-2.154999199974E1,2.851930935494E1,
-2.092493945580E1));
#8504=CARTESIAN_POINT('',(-2.361605249861E1,2.787871434036E1,
-1.857835606332E1));
#8505=CARTESIAN_POINT('',(-2.563243060755E1,2.719569152079E1,
-1.571332817069E1));
#8506=CARTESIAN_POINT('',(-2.750942422213E1,2.650643100179E1,
-1.218578781872E1));
#8507=CARTESIAN_POINT('',(-2.903278743483E1,2.590745938520E1,
-7.976135459067E0));
#8508=CARTESIAN_POINT('',(-2.994292886563E1,2.553206060554E1,
-3.252804406387E0));
#8509=CARTESIAN_POINT('',(-3.007011815496E1,2.547857847203E1,1.621938485407E0));
#8510=CARTESIAN_POINT('',(-2.944317982452E1,2.573953393881E1,6.236036260179E0));
#8511=CARTESIAN_POINT('',(-2.825167154851E1,2.621791220493E1,1.031384638712E1));
#8512=CARTESIAN_POINT('',(-2.671815016547E1,2.680144754271E1,1.376830173644E1));
#8513=CARTESIAN_POINT('',(-2.500785158655E1,2.741129752070E1,1.664943190791E1));
#8514=CARTESIAN_POINT('',(-2.319376636394E1,2.801271913828E1,1.908342357055E1));
#8515=CARTESIAN_POINT('',(-2.125945545362E1,2.860397355823E1,2.121433825414E1));
#8516=CARTESIAN_POINT('',(-1.914906124806E1,2.919069307318E1,2.313864238485E1));
#8517=CARTESIAN_POINT('',(-1.684917164487E1,2.976027967445E1,2.486347534134E1));
#8518=CARTESIAN_POINT('',(-1.441937708499E1,3.028247823959E1,2.634342594755E1));
#8519=CARTESIAN_POINT('',(-1.188888330852E1,3.074084670081E1,2.757599498013E1));
#8520=CARTESIAN_POINT('',(-9.181271326290E0,3.113672786077E1,2.859676890351E1));
#8521=CARTESIAN_POINT('',(-6.232288758127E0,3.145394201156E1,2.938694337963E1));
#8522=CARTESIAN_POINT('',(-3.128020761961E0,3.165515953726E1,2.987606320560E1));
#8523=CARTESIAN_POINT('',(-7.203657258613E-1,3.170655363145E1,
2.999959134175E1));
#8524=CARTESIAN_POINT('',(6.109576737210E-1,3.169809716339E1,2.997924677867E1));
#8525=CARTESIAN_POINT('',(9.161787045497E-1,3.169421057691E1,2.996988861063E1));
#8526=CARTESIAN_POINT('',(8.788015453049E-1,3.219127007056E1,
-2.858937243145E1));
#8527=CARTESIAN_POINT('',(5.860602577106E-1,3.219519561940E1,
-2.859841722879E1));
#8528=CARTESIAN_POINT('',(-8.281720315454E-1,3.220464825286E1,
-2.862018295503E1));
#8529=CARTESIAN_POINT('',(-3.245922452449E0,3.214278861858E1,
-2.847789515665E1));
#8530=CARTESIAN_POINT('',(-6.237049203373E0,3.192275600963E1,
-2.796429051658E1));
#8531=CARTESIAN_POINT('',(-8.943285047137E0,3.160959182535E1,
-2.721515872255E1));
#8532=CARTESIAN_POINT('',(-1.150969919249E1,3.121316521733E1,
-2.623545623912E1));
#8533=CARTESIAN_POINT('',(-1.400030063094E1,3.073380632542E1,
-2.499861867624E1));
#8534=CARTESIAN_POINT('',(-1.637331017377E1,3.018910476131E1,
-2.351208301141E1));
#8535=CARTESIAN_POINT('',(-1.856631022700E1,2.961011345369E1,
-2.182026825408E1));
#8536=CARTESIAN_POINT('',(-2.060675570053E1,2.900675579810E1,
-1.990848223164E1));
#8537=CARTESIAN_POINT('',(-2.257081709309E1,2.836663209496E1,
-1.766645927099E1));
#8538=CARTESIAN_POINT('',(-2.448470883009E1,2.768499666438E1,
-1.493336359330E1));
#8539=CARTESIAN_POINT('',(-2.626332777522E1,2.699812680789E1,
-1.157389598485E1));
#8540=CARTESIAN_POINT('',(-2.770442923248E1,2.640212257401E1,
-7.571475983063E0));
#8541=CARTESIAN_POINT('',(-2.856424924556E1,2.602905075166E1,
-3.086690908524E0));
#8542=CARTESIAN_POINT('',(-2.868433362637E1,2.597593035284E1,1.539029132633E0));
#8543=CARTESIAN_POINT('',(-2.809222517827E1,2.623519993263E1,5.918798938288E0));
#8544=CARTESIAN_POINT('',(-2.696570783444E1,2.671095707576E1,9.793531069875E0));
#8545=CARTESIAN_POINT('',(-2.551378459964E1,2.729203233093E1,1.308052579767E1));
#8546=CARTESIAN_POINT('',(-2.389208958330E1,2.790009967906E1,1.582605385882E1));
#8547=CARTESIAN_POINT('',(-2.216952875668E1,2.850049704511E1,1.814884445361E1));
#8548=CARTESIAN_POINT('',(-2.033030516463E1,2.909142403804E1,2.018525401243E1));
#8549=CARTESIAN_POINT('',(-1.832095287189E1,2.967848004410E1,2.202679630210E1));
#8550=CARTESIAN_POINT('',(-1.612820998562E1,3.024903718684E1,2.367980081603E1));
#8551=CARTESIAN_POINT('',(-1.380855373703E1,3.077269944748E1,2.510010281321E1));
#8552=CARTESIAN_POINT('',(-1.138985090315E1,3.123281222339E1,2.628450792232E1));
#8553=CARTESIAN_POINT('',(-8.799082465234E0,3.163055674407E1,2.726652664793E1));
#8554=CARTESIAN_POINT('',(-5.974652249948E0,3.194952549681E1,2.802750307219E1));
#8555=CARTESIAN_POINT('',(-2.999280982948E0,3.215198445583E1,2.849893402029E1));
#8556=CARTESIAN_POINT('',(-6.907179453908E-1,3.220371288906E1,
2.861804184079E1));
#8557=CARTESIAN_POINT('',(5.858126951172E-1,3.219520058772E1,2.859842626307E1));
#8558=CARTESIAN_POINT('',(8.784670468723E-1,3.219128662768E1,2.858940436476E1));
#8559=CARTESIAN_POINT('',(8.698259161200E-1,3.344343044356E1,
-2.782371278508E1));
#8560=CARTESIAN_POINT('',(5.800847453917E-1,3.344742746675E1,
-2.783282284359E1));
#8561=CARTESIAN_POINT('',(-8.197286073357E-1,3.345703928842E1,
-2.785475495297E1));
#8562=CARTESIAN_POINT('',(-3.212817467765E0,3.339416619186E1,
-2.771134533836E1));
#8563=CARTESIAN_POINT('',(-6.169040444013E0,3.317077204099E1,
-2.719453839714E1));
#8564=CARTESIAN_POINT('',(-8.837296108737E0,3.285331939398E1,
-2.644270010550E1));
#8565=CARTESIAN_POINT('',(-1.136006069029E1,3.245223560272E1,
-2.546259676971E1));
#8566=CARTESIAN_POINT('',(-1.379933363696E1,3.196835946354E1,
-2.422998294116E1));
#8567=CARTESIAN_POINT('',(-1.611365203071E1,3.141997553102E1,
-2.275502515204E1));
#8568=CARTESIAN_POINT('',(-1.824289775213E1,3.083869241026E1,
-2.108413499684E1));
#8569=CARTESIAN_POINT('',(-2.021504074204E1,3.023466219054E1,
-1.920478384546E1));
#8570=CARTESIAN_POINT('',(-2.210435720673E1,2.959572574880E1,
-1.701136617502E1));
#8571=CARTESIAN_POINT('',(-2.393584971195E1,2.891758523306E1,
-1.435134378180E1));
#8572=CARTESIAN_POINT('',(-2.562820836834E1,2.823673759667E1,
-1.109995409721E1));
#8573=CARTESIAN_POINT('',(-2.699151769496E1,2.764820837519E1,
-7.247920869225E0));
#8574=CARTESIAN_POINT('',(-2.780108715786E1,2.728099829580E1,
-2.951246867446E0));
#8575=CARTESIAN_POINT('',(-2.791391561556E1,2.722878912803E1,1.471234003910E0));
#8576=CARTESIAN_POINT('',(-2.735695737913E1,2.748381185886E1,5.663068014721E0));
#8577=CARTESIAN_POINT('',(-2.629337327388E1,2.795296623831E1,9.384613650825E0));
#8578=CARTESIAN_POINT('',(-2.491586405615E1,2.852784440005E1,1.255654285460E1));
#8579=CARTESIAN_POINT('',(-2.336944287190E1,2.913142119823E1,1.521917264231E1));
#8580=CARTESIAN_POINT('',(-2.171882836247E1,2.972923841414E1,1.748272001476E1));
#8581=CARTESIAN_POINT('',(-1.994827342021E1,3.031934059906E1,1.947642340818E1));
#8582=CARTESIAN_POINT('',(-1.800515641495E1,3.090724424609E1,2.128769515185E1));
#8583=CARTESIAN_POINT('',(-1.587505490045E1,3.148024624016E1,2.292113592110E1));
#8584=CARTESIAN_POINT('',(-1.361173958685E1,3.200759563626E1,2.433102359273E1));
#8585=CARTESIAN_POINT('',(-1.124235143957E1,3.247210244396E1,2.551162277240E1));
#8586=CARTESIAN_POINT('',(-8.695437761882E0,3.287454088038E1,2.649413069706E1));
#8587=CARTESIAN_POINT('',(-5.910068465444E0,3.319792957910E1,2.725806440576E1));
#8588=CARTESIAN_POINT('',(-2.968696646468E0,3.340351578201E1,2.773256293297E1));
#8589=CARTESIAN_POINT('',(-6.836754185014E-1,3.345608643503E1,
2.785259671432E1));
#8590=CARTESIAN_POINT('',(5.798395900745E-1,3.344743348636E1,2.783283177894E1));
#8591=CARTESIAN_POINT('',(8.694944779425E-1,3.344345057071E1,2.782374422719E1));
#8592=CARTESIAN_POINT('',(8.935545437859E-1,3.489906932429E1,
-2.801016809150E1));
#8593=CARTESIAN_POINT('',(5.959216468745E-1,3.490314943654E1,
-2.801971722719E1));
#8594=CARTESIAN_POINT('',(-8.421088475806E-1,3.491294631482E1,
-2.804271748824E1));
#8595=CARTESIAN_POINT('',(-3.300519366394E0,3.484889506638E1,
-2.789228292159E1));
#8596=CARTESIAN_POINT('',(-6.332124258762E0,3.462159311646E1,
-2.735116558770E1));
#8597=CARTESIAN_POINT('',(-9.060670059317E0,3.429915512314E1,
-2.656629678107E1));
#8598=CARTESIAN_POINT('',(-1.163117633804E1,3.389265734725E1,
-2.554687634130E1));
#8599=CARTESIAN_POINT('',(-1.410569498039E1,3.340352989930E1,
-2.427047260382E1));
#8600=CARTESIAN_POINT('',(-1.644149846878E1,3.285086520631E1,
-2.275092077561E1));
#8601=CARTESIAN_POINT('',(-1.857883768872E1,3.226691784831E1,
-2.103885561160E1));
#8602=CARTESIAN_POINT('',(-2.054740713218E1,3.166210577147E1,
-1.912384062612E1));
#8603=CARTESIAN_POINT('',(-2.242215981402E1,3.102454952342E1,
-1.690166128661E1));
#8604=CARTESIAN_POINT('',(-2.422763910203E1,3.035047185301E1,
-1.422366268058E1));
#8605=CARTESIAN_POINT('',(-2.588385161472E1,2.967662505926E1,
-1.097274513463E1));
#8606=CARTESIAN_POINT('',(-2.720810776933E1,2.909678555429E1,
-7.148004048910E0));
#8607=CARTESIAN_POINT('',(-2.798963414446E1,2.873638976255E1,
-2.906138691835E0));
#8608=CARTESIAN_POINT('',(-2.809825207584E1,2.868523990266E1,1.448418509518E0));
#8609=CARTESIAN_POINT('',(-2.756127985352E1,2.893532566328E1,5.581499208229E0));
#8610=CARTESIAN_POINT('',(-2.653084766433E1,2.939680431705E1,9.267232241974E0));
#8611=CARTESIAN_POINT('',(-2.518778714022E1,2.996447834555E1,1.242718019335E1));
#8612=CARTESIAN_POINT('',(-2.367015009580E1,3.056283487065E1,1.509613425897E1));
#8613=CARTESIAN_POINT('',(-2.204020971452E1,3.115765265699E1,1.737849434120E1));
#8614=CARTESIAN_POINT('',(-2.028165453593E1,3.174679600098E1,1.940010363767E1));
#8615=CARTESIAN_POINT('',(-1.834078793071E1,3.233568503229E1,2.124693104533E1));
#8616=CARTESIAN_POINT('',(-1.620122738838E1,3.291152917082E1,2.292169107522E1));
#8617=CARTESIAN_POINT('',(-1.391563607531E1,3.344316486908E1,2.437498646958E1));
#8618=CARTESIAN_POINT('',(-1.151136203458E1,3.391277974732E1,2.559781431871E1));
#8619=CARTESIAN_POINT('',(-8.915995239861E0,3.432067486997E1,2.661984033513E1));
#8620=CARTESIAN_POINT('',(-6.066988139323E0,3.464920176453E1,2.741758390855E1));
#8621=CARTESIAN_POINT('',(-3.049740899846E0,3.485842339457E1,2.791455512830E1));
#8622=CARTESIAN_POINT('',(-7.023405503207E-1,3.491197312974E1,
2.804045323863E1));
#8623=CARTESIAN_POINT('',(5.956696572735E-1,3.490315667829E1,2.801972639824E1));
#8624=CARTESIAN_POINT('',(8.932136335532E-1,3.489909360160E1,2.801020019183E1));
#8625=(BOUNDED_SURFACE()B_SPLINE_SURFACE(3,3,((#8493,#8494,#8495,#8496,#8497,
#8498,#8499,#8500,#8501,#8502,#8503,#8504,#8505,#8506,#8507,#8508,#8509,#8510,
#8511,#8512,#8513,#8514,#8515,#8516,#8517,#8518,#8519,#8520,#8521,#8522,#8523,
#8524,#8525),(#8526,#8527,#8528,#8529,#8530,#8531,#8532,#8533,#8534,#8535,#8536,
#8537,#8538,#8539,#8540,#8541,#8542,#8543,#8544,#8545,#8546,#8547,#8548,#8549,
#8550,#8551,#8552,#8553,#8554,#8555,#8556,#8557,#8558),(#8559,#8560,#8561,#8562,
#8563,#8564,#8565,#8566,#8567,#8568,#8569,#8570,#8571,#8572,#8573,#8574,#8575,
#8576,#8577,#8578,#8579,#8580,#8581,#8582,#8583,#8584,#8585,#8586,#8587,#8588,
#8589,#8590,#8591),(#8592,#8593,#8594,#8595,#8596,#8597,#8598,#8599,#8600,#8601,
#8602,#8603,#8604,#8605,#8606,#8607,#8608,#8609,#8610,#8611,#8612,#8613,#8614,
#8615,#8616,#8617,#8618,#8619,#8620,#8621,#8622,#8623,#8624)),.UNSPECIFIED.,.F.,
.F.,.F.)B_SPLINE_SURFACE_WITH_KNOTS((4,4),(4,1,1,1,1,1,1,1,1,1,1,1,1,1,1,1,1,1,
1,1,1,1,1,1,1,1,1,1,1,1,4),(0.E0,1.E0),(-9.937527860826E-3,0.E0,
3.802962157455E-2,7.196247608193E-2,1.028194431804E-1,1.332808182809E-1,
1.652394045202E-1,1.972710687986E-1,2.283481075904E-1,2.591154839294E-1,
2.917327683858E-1,3.285153579592E-1,3.703619914077E-1,4.170896630605E-1,
4.669485529200E-1,5.171569314810E-1,5.649778194555E-1,6.086848958226E-1,
6.478684224753E-1,6.827765584957E-1,7.143565108809E-1,7.445327468919E-1,
7.750941888774E-1,8.064781649785E-1,8.376270524441E-1,8.674539694311E-1,
8.979714352120E-1,9.317031495352E-1,9.666386861721E-1,1.E0,1.009933164758E0),
.UNSPECIFIED.)GEOMETRIC_REPRESENTATION_ITEM()RATIONAL_B_SPLINE_SURFACE(((
1.123761048155E0,1.123761048155E0,1.123761048155E0,1.123761048155E0,
1.123761048155E0,1.123761048155E0,1.123761048155E0,1.123761048155E0,
1.123761048155E0,1.123761048155E0,1.123761048155E0,1.123761048155E0,
1.123761048155E0,1.123761048155E0,1.123761048155E0,1.123761048155E0,
1.123761048155E0,1.123761048155E0,1.123761048155E0,1.123761048155E0,
1.123761048155E0,1.123761048155E0,1.123761048155E0,1.123761048155E0,
1.123761048155E0,1.123761048155E0,1.123761048155E0,1.123761048155E0,
1.123761048155E0,1.123761048155E0,1.123761048155E0,1.123761048155E0,
1.123761048155E0),(9.587463172818E-1,9.587463172818E-1,9.587463172818E-1,
9.587463172818E-1,9.587463172818E-1,9.587463172818E-1,9.587463172818E-1,
9.587463172818E-1,9.587463172818E-1,9.587463172818E-1,9.587463172818E-1,
9.587463172818E-1,9.587463172818E-1,9.587463172818E-1,9.587463172818E-1,
9.587463172818E-1,9.587463172818E-1,9.587463172818E-1,9.587463172818E-1,
9.587463172818E-1,9.587463172818E-1,9.587463172818E-1,9.587463172818E-1,
9.587463172818E-1,9.587463172818E-1,9.587463172818E-1,9.587463172818E-1,
9.587463172818E-1,9.587463172818E-1,9.587463172818E-1,9.587463172818E-1,
9.587463172818E-1,9.587463172818E-1),(9.587463172818E-1,9.587463172818E-1,
9.587463172818E-1,9.587463172818E-1,9.587463172818E-1,9.587463172818E-1,
9.587463172818E-1,9.587463172818E-1,9.587463172818E-1,9.587463172818E-1,
9.587463172818E-1,9.587463172818E-1,9.587463172818E-1,9.587463172818E-1,
9.587463172818E-1,9.587463172818E-1,9.587463172818E-1,9.587463172818E-1,
9.587463172818E-1,9.587463172818E-1,9.587463172818E-1,9.587463172818E-1,
9.587463172818E-1,9.587463172818E-1,9.587463172818E-1,9.587463172818E-1,
9.587463172818E-1,9.587463172818E-1,9.587463172818E-1,9.587463172818E-1,
9.587463172818E-1,9.587463172818E-1,9.587463172818E-1),(1.123761048155E0,
1.123761048155E0,1.123761048155E0,1.123761048155E0,1.123761048155E0,
1.123761048155E0,1.123761048155E0,1.123761048155E0,1.123761048155E0,
1.123761048155E0,1.123761048155E0,1.123761048155E0,1.123761048155E0,
1.123761048155E0,1.123761048155E0,1.123761048155E0,1.123761048155E0,
1.123761048155E0,1.123761048155E0,1.123761048155E0,1.123761048155E0,
1.123761048155E0,1.123761048155E0,1.123761048155E0,1.123761048155E0,
1.123761048155E0,1.123761048155E0,1.123761048155E0,1.123761048155E0,
1.123761048155E0,1.123761048155E0,1.123761048155E0,1.123761048155E0)))REPRESENTATION_ITEM('')SURFACE());
#8627=ORIENTED_EDGE('',*,*,#8626,.F.);
#8629=ORIENTED_EDGE('',*,*,#8628,.T.);
#8630=ORIENTED_EDGE('',*,*,#7833,.T.);
#8632=ORIENTED_EDGE('',*,*,#8631,.F.);
#8633=EDGE_LOOP('',(#8627,#8629,#8630,#8632));
#8634=FACE_OUTER_BOUND('',#8633,.F.);
#8635=ADVANCED_FACE('',(#8634),#8625,.F.);
#8636=CARTESIAN_POINT('',(1.413629051072E0,-2.246899034486E1,4.326024183426E1));
#8637=CARTESIAN_POINT('',(2.864119990709E0,-4.552388363053E1,1.735463012137E1));
#8638=CARTESIAN_POINT('',(2.864119990709E0,-4.552388363053E1,
-1.735463012137E1));
#8639=CARTESIAN_POINT('',(1.413629051072E0,-2.246899034486E1,
-4.326024183426E1));
#8640=CARTESIAN_POINT('',(-1.241375608985E1,-2.333893567999E1,
4.326024183426E1));
#8641=CARTESIAN_POINT('',(-2.515121413906E1,-4.728645905530E1,
1.735463012137E1));
#8642=CARTESIAN_POINT('',(-2.515121413906E1,-4.728645905530E1,
-1.735463012137E1));
#8643=CARTESIAN_POINT('',(-1.241375608985E1,-2.333893567999E1,
-4.326024183426E1));
#8644=CARTESIAN_POINT('',(-2.251341542750E1,-1.385472427446E1,
4.326024183426E1));
#8645=CARTESIAN_POINT('',(-4.561389222734E1,-2.807072529399E1,
1.735463012137E1));
#8646=CARTESIAN_POINT('',(-4.561389222734E1,-2.807072529399E1,
-1.735463012137E1));
#8647=CARTESIAN_POINT('',(-2.251341542750E1,-1.385472427446E1,
-4.326024183426E1));
#8648=CARTESIAN_POINT('',(-2.251341542750E1,0.E0,4.326024183426E1));
#8649=CARTESIAN_POINT('',(-4.561389222734E1,0.E0,1.735463012137E1));
#8650=CARTESIAN_POINT('',(-4.561389222734E1,0.E0,-1.735463012137E1));
#8651=CARTESIAN_POINT('',(-2.251341542750E1,0.E0,-4.326024183426E1));
#8652=CARTESIAN_POINT('',(-2.251341542750E1,1.385472427446E1,4.326024183426E1));
#8653=CARTESIAN_POINT('',(-4.561389222734E1,2.807072529399E1,1.735463012137E1));
#8654=CARTESIAN_POINT('',(-4.561389222734E1,2.807072529399E1,
-1.735463012137E1));
#8655=CARTESIAN_POINT('',(-2.251341542750E1,1.385472427446E1,
-4.326024183426E1));
#8656=CARTESIAN_POINT('',(-1.241375608985E1,2.333893567999E1,4.326024183426E1));
#8657=CARTESIAN_POINT('',(-2.515121413906E1,4.728645905530E1,1.735463012137E1));
#8658=CARTESIAN_POINT('',(-2.515121413906E1,4.728645905530E1,
-1.735463012137E1));
#8659=CARTESIAN_POINT('',(-1.241375608985E1,2.333893567999E1,
-4.326024183426E1));
#8660=CARTESIAN_POINT('',(1.413629051072E0,2.246899034486E1,4.326024183426E1));
#8661=CARTESIAN_POINT('',(2.864119990709E0,4.552388363053E1,1.735463012137E1));
#8662=CARTESIAN_POINT('',(2.864119990709E0,4.552388363053E1,-1.735463012137E1));
#8663=CARTESIAN_POINT('',(1.413629051072E0,2.246899034486E1,-4.326024183426E1));
#8664=(BOUNDED_SURFACE()B_SPLINE_SURFACE(3,3,((#8636,#8637,#8638,#8639),(#8640,
#8641,#8642,#8643),(#8644,#8645,#8646,#8647),(#8648,#8649,#8650,#8651),(#8652,
#8653,#8654,#8655),(#8656,#8657,#8658,#8659),(#8660,#8661,#8662,#8663)),
.UNSPECIFIED.,.F.,.F.,.F.)B_SPLINE_SURFACE_WITH_KNOTS((4,3,4),(4,4),(0.E0,1.E0,
2.E0),(0.E0,1.E0),.UNSPECIFIED.)GEOMETRIC_REPRESENTATION_ITEM()RATIONAL_B_SPLINE_SURFACE(((1.359699685213E0,1.129783748255E0,1.129783748255E0,1.359699685213E0),(
1.073752218034E0,8.921880462134E-1,8.921880462134E-1,1.073752218034E0),(
1.073752218034E0,8.921880462134E-1,8.921880462134E-1,1.073752218034E0),(
1.359699685213E0,1.129783748255E0,1.129783748255E0,1.359699685213E0),(
1.073752218034E0,8.921880462134E-1,8.921880462134E-1,1.073752218034E0),(
1.073752218034E0,8.921880462134E-1,8.921880462134E-1,1.073752218034E0),(
1.359699685213E0,1.129783748255E0,1.129783748255E0,1.359699685213E0)))REPRESENTATION_ITEM('')SURFACE());
#8665=ORIENTED_EDGE('',*,*,#8626,.T.);
#8667=ORIENTED_EDGE('',*,*,#8666,.F.);
#8669=ORIENTED_EDGE('',*,*,#8668,.T.);
#8671=ORIENTED_EDGE('',*,*,#8670,.T.);
#8673=ORIENTED_EDGE('',*,*,#8672,.F.);
#8675=ORIENTED_EDGE('',*,*,#8674,.F.);
#8676=EDGE_LOOP('',(#8665,#8667,#8669,#8671,#8673,#8675));
#8677=FACE_OUTER_BOUND('',#8676,.F.);
#8678=ADVANCED_FACE('',(#8677),#8664,.T.);
#8679=CARTESIAN_POINT('',(-1.413629051072E0,2.246899034486E1,4.326024183426E1));
#8680=CARTESIAN_POINT('',(-2.864119990709E0,4.552388363053E1,1.735463012137E1));
#8681=CARTESIAN_POINT('',(-2.864119990709E0,4.552388363053E1,
-1.735463012137E1));
#8682=CARTESIAN_POINT('',(-1.413629051072E0,2.246899034486E1,
-4.326024183426E1));
#8683=CARTESIAN_POINT('',(1.241375608985E1,2.333893567999E1,4.326024183426E1));
#8684=CARTESIAN_POINT('',(2.515121413906E1,4.728645905530E1,1.735463012137E1));
#8685=CARTESIAN_POINT('',(2.515121413906E1,4.728645905530E1,-1.735463012137E1));
#8686=CARTESIAN_POINT('',(1.241375608985E1,2.333893567999E1,-4.326024183426E1));
#8687=CARTESIAN_POINT('',(2.251341542750E1,1.385472427446E1,4.326024183426E1));
#8688=CARTESIAN_POINT('',(4.561389222734E1,2.807072529399E1,1.735463012137E1));
#8689=CARTESIAN_POINT('',(4.561389222734E1,2.807072529399E1,-1.735463012137E1));
#8690=CARTESIAN_POINT('',(2.251341542750E1,1.385472427446E1,-4.326024183426E1));
#8691=CARTESIAN_POINT('',(2.251341542750E1,0.E0,4.326024183426E1));
#8692=CARTESIAN_POINT('',(4.561389222734E1,0.E0,1.735463012137E1));
#8693=CARTESIAN_POINT('',(4.561389222734E1,1.361020541747E-14,
-1.735463012137E1));
#8694=CARTESIAN_POINT('',(2.251341542750E1,0.E0,-4.326024183426E1));
#8695=CARTESIAN_POINT('',(2.251341542750E1,-1.385472427446E1,4.326024183426E1));
#8696=CARTESIAN_POINT('',(4.561389222734E1,-2.807072529399E1,1.735463012137E1));
#8697=CARTESIAN_POINT('',(4.561389222734E1,-2.807072529399E1,
-1.735463012137E1));
#8698=CARTESIAN_POINT('',(2.251341542750E1,-1.385472427446E1,
-4.326024183426E1));
#8699=CARTESIAN_POINT('',(1.241375608985E1,-2.333893567999E1,4.326024183426E1));
#8700=CARTESIAN_POINT('',(2.515121413906E1,-4.728645905530E1,1.735463012137E1));
#8701=CARTESIAN_POINT('',(2.515121413906E1,-4.728645905530E1,
-1.735463012137E1));
#8702=CARTESIAN_POINT('',(1.241375608985E1,-2.333893567999E1,
-4.326024183426E1));
#8703=CARTESIAN_POINT('',(-1.413629051072E0,-2.246899034486E1,
4.326024183426E1));
#8704=CARTESIAN_POINT('',(-2.864119990709E0,-4.552388363053E1,
1.735463012137E1));
#8705=CARTESIAN_POINT('',(-2.864119990709E0,-4.552388363053E1,
-1.735463012137E1));
#8706=CARTESIAN_POINT('',(-1.413629051072E0,-2.246899034486E1,
-4.326024183426E1));
#8707=(BOUNDED_SURFACE()B_SPLINE_SURFACE(3,3,((#8679,#8680,#8681,#8682),(#8683,
#8684,#8685,#8686),(#8687,#8688,#8689,#8690),(#8691,#8692,#8693,#8694),(#8695,
#8696,#8697,#8698),(#8699,#8700,#8701,#8702),(#8703,#8704,#8705,#8706)),
.UNSPECIFIED.,.F.,.F.,.F.)B_SPLINE_SURFACE_WITH_KNOTS((4,3,4),(4,4),(0.E0,1.E0,
2.E0),(0.E0,1.E0),.UNSPECIFIED.)GEOMETRIC_REPRESENTATION_ITEM()RATIONAL_B_SPLINE_SURFACE(((1.359699685213E0,1.129783748255E0,1.129783748255E0,1.359699685213E0),(
1.073752218034E0,8.921880462134E-1,8.921880462134E-1,1.073752218034E0),(
1.073752218034E0,8.921880462134E-1,8.921880462134E-1,1.073752218034E0),(
1.359699685213E0,1.129783748255E0,1.129783748255E0,1.359699685213E0),(
1.073752218034E0,8.921880462134E-1,8.921880462134E-1,1.073752218034E0),(
1.073752218034E0,8.921880462134E-1,8.921880462134E-1,1.073752218034E0),(
1.359699685213E0,1.129783748255E0,1.129783748255E0,1.359699685213E0)))REPRESENTATION_ITEM('')SURFACE());
#8709=ORIENTED_EDGE('',*,*,#8708,.T.);
#8710=ORIENTED_EDGE('',*,*,#8674,.T.);
#8712=ORIENTED_EDGE('',*,*,#8711,.F.);
#8713=ORIENTED_EDGE('',*,*,#8670,.F.);
#8715=ORIENTED_EDGE('',*,*,#8714,.T.);
#8716=ORIENTED_EDGE('',*,*,#8666,.T.);
#8717=EDGE_LOOP('',(#8709,#8710,#8712,#8713,#8715,#8716));
#8718=FACE_OUTER_BOUND('',#8717,.F.);
#8719=ADVANCED_FACE('',(#8718),#8707,.T.);
#8720=CARTESIAN_POINT('',(-9.165267598107E-1,3.169419554292E1,
2.996985545185E1));
#8721=CARTESIAN_POINT('',(-6.112152094497E-1,3.169809263670E1,
2.997923739259E1));
#8722=CARTESIAN_POINT('',(8.617095143460E-1,3.170746911247E1,3.000178082072E1));
#8723=CARTESIAN_POINT('',(3.379637382939E0,3.164620630859E1,2.985468262906E1));
#8724=CARTESIAN_POINT('',(6.495605950410E0,3.142821726147E1,2.932350978603E1));
#8725=CARTESIAN_POINT('',(9.316647649435E0,3.111777134322E1,2.854819640202E1));
#8726=CARTESIAN_POINT('',(1.199405917632E1,3.072454712362E1,2.753353242304E1));
#8727=CARTESIAN_POINT('',(1.459569248123E1,3.024856626119E1,2.625111562742E1));
#8728=CARTESIAN_POINT('',(1.707861275910E1,2.970689761086E1,2.470739836774E1));
#8729=CARTESIAN_POINT('',(1.937668228410E1,2.913033271029E1,2.294801157449E1));
#8730=CARTESIAN_POINT('',(2.151721424145E1,2.852895968745E1,2.095821670541E1));
#8731=CARTESIAN_POINT('',(2.357993560031E1,2.789038546456E1,1.862342686544E1));
#8732=CARTESIAN_POINT('',(2.559381805208E1,2.720928705355E1,1.577485279084E1));
#8733=CARTESIAN_POINT('',(2.747193571119E1,2.652068764604E1,1.226795503168E1));
#8734=CARTESIAN_POINT('',(2.900336546157E1,2.591936063875E1,8.079470493969E0));
#8735=CARTESIAN_POINT('',(2.992945374257E1,2.553771379142E1,3.371105597591E0));
#8736=CARTESIAN_POINT('',(3.007658263431E1,2.547585134500E1,-1.501448347360E0));
#8737=CARTESIAN_POINT('',(2.946685323043E1,2.572980031280E1,-6.126228364605E0));
#8738=CARTESIAN_POINT('',(2.828574316574E1,2.620455214385E1,-1.022208090692E1));
#8739=CARTESIAN_POINT('',(2.675610615190E1,2.678744967992E1,-1.369570484525E1));
#8740=CARTESIAN_POINT('',(2.504569614658E1,2.739828537263E1,-1.659323820016E1));
#8741=CARTESIAN_POINT('',(2.323019797609E1,2.800112154825E1,-1.903948377555E1));
#8742=CARTESIAN_POINT('',(2.129469157682E1,2.859369732395E1,-2.117921758360E1));
#8743=CARTESIAN_POINT('',(1.918293067575E1,2.918181000587E1,-2.311081730634E1));
#8744=CARTESIAN_POINT('',(1.687989768660E1,2.975322041266E1,-2.484294209726E1));
#8745=CARTESIAN_POINT('',(1.444516421249E1,3.027743493136E1,-2.632959949230E1));
#8746=CARTESIAN_POINT('',(1.191047974200E1,3.073734774419E1,-2.756682151244E1));
#8747=CARTESIAN_POINT('',(9.201097601485E0,3.113421282537E1,-2.859041329778E1));
#8748=CARTESIAN_POINT('',(6.250719449203E0,3.145238325632E1,-2.938312627172E1));
#8749=CARTESIAN_POINT('',(3.140018003819E0,3.165478678271E1,-2.987517086403E1));
#8750=CARTESIAN_POINT('',(7.254450697149E-1,3.170658618788E1,
-2.999966931328E1));
#8751=CARTESIAN_POINT('',(-6.109555280211E-1,3.169809711179E1,
-2.997924669941E1));
#8752=CARTESIAN_POINT('',(-9.161744714908E-1,3.169421035287E1,
-2.996988818239E1));
#8753=CARTESIAN_POINT('',(-8.788008852703E-1,3.219127019025E1,
2.858937262132E1));
#8754=CARTESIAN_POINT('',(-5.860596676540E-1,3.219519564758E1,
2.859841726537E1));
#8755=CARTESIAN_POINT('',(8.262446862454E-1,3.220463521807E1,2.862015311820E1));
#8756=CARTESIAN_POINT('',(3.240540122731E0,3.214297139741E1,2.847831386936E1));
#8757=CARTESIAN_POINT('',(6.226906511309E0,3.192365200285E1,2.796639346134E1));
#8758=CARTESIAN_POINT('',(8.928638322649E0,3.161150831219E1,2.721978973764E1));
#8759=CARTESIAN_POINT('',(1.149046260985E1,3.121643954647E1,2.624366935499E1));
#8760=CARTESIAN_POINT('',(1.397701869242E1,3.073866741185E1,2.501142838862E1));
#8761=CARTESIAN_POINT('',(1.634710019724E1,3.019553502888E1,2.353011811377E1));
#8762=CARTESIAN_POINT('',(1.853780411528E1,2.961805472314E1,2.184424766002E1));
#8763=CARTESIAN_POINT('',(2.057557157872E1,2.901640549196E1,1.994030324931E1));
#8764=CARTESIAN_POINT('',(2.253650653298E1,2.837828809835E1,1.770949314280E1));
#8765=CARTESIAN_POINT('',(2.444808657559E1,2.769855593507E1,1.499201250034E1));
#8766=CARTESIAN_POINT('',(2.622783308338E1,2.701232393618E1,1.165208888921E1));
#8767=CARTESIAN_POINT('',(2.767661780310E1,2.641395651379E1,7.669655596923E0));
#8768=CARTESIAN_POINT('',(2.855152589240E1,2.603466611665E1,3.198968111206E0));
#8769=CARTESIAN_POINT('',(2.869043636379E1,2.597322192818E1,-1.424693918632E0));
#8770=CARTESIAN_POINT('',(2.811459186920E1,2.622552574005E1,-5.814522577332E0));
#8771=CARTESIAN_POINT('',(2.699794198148E1,2.669766227438E1,-9.706275516817E0));
#8772=CARTESIAN_POINT('',(2.554974781049E1,2.727808418141E1,-1.301139423078E1));
#8773=CARTESIAN_POINT('',(2.392800031927E1,2.788711713145E1,-1.577246319439E1));
#8774=CARTESIAN_POINT('',(2.220414695658E1,2.848891212454E1,-1.810688059539E1));
#8775=CARTESIAN_POINT('',(2.036383262678E1,2.908114735547E1,-2.015166573628E1));
#8776=CARTESIAN_POINT('',(1.835322403177E1,2.966958640820E1,-2.200014704427E1));
#8777=CARTESIAN_POINT('',(1.615752646420E1,3.024196139992E1,-2.366010657779E1));
#8778=CARTESIAN_POINT('',(1.383318963174E1,3.076763892208E1,-2.508682321590E1));
#8779=CARTESIAN_POINT('',(1.141050595661E1,3.122929810481E1,-2.627568693587E1));
#8780=CARTESIAN_POINT('',(8.818063057577E0,3.162802869869E1,-2.726040867443E1));
#8781=CARTESIAN_POINT('',(5.992312700287E0,3.194795743954E1,-2.802382494977E1));
#8782=CARTESIAN_POINT('',(3.010784421391E0,3.215160923604E1,-2.849807348707E1));
#8783=CARTESIAN_POINT('',(6.955882436286E-1,3.220374567887E1,
-2.861811702654E1));
#8784=CARTESIAN_POINT('',(-5.858106381209E-1,3.219520052600E1,
-2.859842618773E1));
#8785=CARTESIAN_POINT('',(-8.784629899255E-1,3.219128636654E1,
-2.858940395752E1));
#8786=CARTESIAN_POINT('',(-8.698252605069E-1,3.344343059786E1,
2.782371297066E1));
#8787=CARTESIAN_POINT('',(-5.800841608955E-1,3.344742750466E1,
2.783282287959E1));
#8788=CARTESIAN_POINT('',(8.178209077132E-1,3.345702601447E1,2.785472487481E1));
#8789=CARTESIAN_POINT('',(3.207490099146E0,3.339435200887E1,2.771176755140E1));
#8790=CARTESIAN_POINT('',(6.159022869333E0,3.317168139048E1,2.719665316676E1));
#8791=CARTESIAN_POINT('',(8.822870155984E0,3.285526091082E1,2.644734306709E1));
#8792=CARTESIAN_POINT('',(1.134117787458E1,3.245554562442E1,2.547080190491E1));
#8793=CARTESIAN_POINT('',(1.377657152601E1,3.197326116931E1,2.424272670526E1));
#8794=CARTESIAN_POINT('',(1.608814033389E1,3.142644155735E1,2.277288481513E1));
#8795=CARTESIAN_POINT('',(1.821527616327E1,3.084665529188E1,2.110777035111E1));
#8796=CARTESIAN_POINT('',(2.018496346580E1,3.024431027554E1,1.923600095452E1));
#8797=CARTESIAN_POINT('',(2.207142813020E1,2.960734366192E1,1.705337441539E1));
#8798=CARTESIAN_POINT('',(2.390089454439E1,2.893105315739E1,1.440828668306E1));
#8799=CARTESIAN_POINT('',(2.559452980837E1,2.825078480072E1,1.117543863967E1));
#8800=CARTESIAN_POINT('',(2.696527866647E1,2.765987274755E1,7.342188846276E0));
#8801=CARTESIAN_POINT('',(2.778912944176E1,2.728651838769E1,3.058654015793E0));
#8802=CARTESIAN_POINT('',(2.791964753960E1,2.722612781569E1,-1.361921556886E0));
#8803=CARTESIAN_POINT('',(2.737802402615E1,2.747428738257E1,-5.563119279218E0));
#8804=CARTESIAN_POINT('',(2.632387523475E1,2.793983582992E1,-9.300612257734E0));
#8805=CARTESIAN_POINT('',(2.495007177177E1,2.851402148116E1,-1.248965605165E1));
#8806=CARTESIAN_POINT('',(2.340377397801E1,2.911851321586E1,-1.516706462033E1));
#8807=CARTESIAN_POINT('',(2.175208090019E1,2.971768540865E1,-1.744172429213E1));
#8808=CARTESIAN_POINT('',(1.998062548807E1,3.030906278717E1,-1.944345800628E1));
#8809=CARTESIAN_POINT('',(1.803643960785E1,3.089832398726E1,-2.126141641021E1));
#8810=CARTESIAN_POINT('',(1.590360489036E1,3.147312882540E1,-2.290162290196E1));
#8811=CARTESIAN_POINT('',(1.363583429086E1,3.200249173974E1,-2.431780782542E1));
#8812=CARTESIAN_POINT('',(1.126262643636E1,3.246855013144E1,-2.550281088192E1));
#8813=CARTESIAN_POINT('',(8.714129041202E0,3.287198006204E1,-2.648799788634E1));
#8814=CARTESIAN_POINT('',(5.927511128338E0,3.319633808942E1,-2.725436536858E1));
#8815=CARTESIAN_POINT('',(2.980082673453E0,3.340313435206E1,-2.773169531503E1));
#8816=CARTESIAN_POINT('',(6.884960682514E-1,3.345611981267E1,
-2.785267249843E1));
#8817=CARTESIAN_POINT('',(-5.798375553197E-1,3.344743339909E1,
-2.783283170641E1));
#8818=CARTESIAN_POINT('',(-8.694904684653E-1,3.344345021604E1,
-2.782374383493E1));
#8819=CARTESIAN_POINT('',(-8.935538674827E-1,3.489906951880E1,
2.801016827928E1));
#8820=CARTESIAN_POINT('',(-5.959210458693E-1,3.490314948577E1,
2.801971726390E1));
#8821=CARTESIAN_POINT('',(8.401490589664E-1,3.491293276285E1,2.804268592942E1));
#8822=CARTESIAN_POINT('',(3.295046654909E0,3.484908441527E1,2.789272605321E1));
#8823=CARTESIAN_POINT('',(6.321859427013E0,3.462251799263E1,2.735337830502E1));
#8824=CARTESIAN_POINT('',(9.045936610529E0,3.430112573740E1,2.657113801784E1));
#8825=CARTESIAN_POINT('',(1.161196854307E1,3.389600886163E1,2.555539706394E1));
#8826=CARTESIAN_POINT('',(1.408265285527E1,3.340847882513E1,2.428364244647E1));
#8827=CARTESIAN_POINT('',(1.641581131466E1,3.285737280226E1,2.276927823732E1));
#8828=CARTESIAN_POINT('',(1.855117986955E1,3.227490585411E1,2.106301589279E1));
#8829=CARTESIAN_POINT('',(2.051746231809E1,3.167175198617E1,1.915557218636E1));
#8830=CARTESIAN_POINT('',(2.238957878919E1,3.103612315652E1,1.694410701011E1));
#8831=CARTESIAN_POINT('',(2.419329341487E1,3.036383358701E1,1.428082082057E1));
#8832=CARTESIAN_POINT('',(2.585101144894E1,2.969049797607E1,1.104798036147E1));
#8833=CARTESIAN_POINT('',(2.718271031775E1,2.910825280418E1,7.241327344945E0));
#8834=CARTESIAN_POINT('',(2.797811865074E1,2.874179909927E1,3.011975097931E0));
#8835=CARTESIAN_POINT('',(2.810376746740E1,2.868263335848E1,-1.340784020854E0));
#8836=CARTESIAN_POINT('',(2.758162582880E1,2.892597523247E1,-5.482767764287E0));
#8837=CARTESIAN_POINT('',(2.656048579339E1,2.938386501583E1,-9.183795704710E0));
#8838=CARTESIAN_POINT('',(2.522124997951E1,2.995080100750E1,-1.236032872063E1));
#8839=CARTESIAN_POINT('',(2.370395163179E1,3.055001357050E1,-1.504373533834E1));
#8840=CARTESIAN_POINT('',(2.207314594771E1,3.114613675282E1,-1.733703246561E1));
#8841=CARTESIAN_POINT('',(2.031388226616E1,3.173651687623E1,-1.936657719854E1));
#8842=CARTESIAN_POINT('',(1.837212868105E1,3.232673382424E1,-2.122005429396E1));
#8843=CARTESIAN_POINT('',(1.622999162108E1,3.290436336360E1,-2.290162165699E1));
#8844=CARTESIAN_POINT('',(1.394003803844E1,3.343801055353E1,-2.436132338565E1));
#8845=CARTESIAN_POINT('',(1.153198572229E1,3.390918303426E1,-2.558866413193E1));
#8846=CARTESIAN_POINT('',(8.935081025443E0,3.431807595299E1,-2.661344675387E1));
#8847=CARTESIAN_POINT('',(6.084861408753E0,3.464758303462E1,-2.741371326980E1));
#8848=CARTESIAN_POINT('',(3.061437629943E0,3.485803474530E1,-2.791364465354E1));
#8849=CARTESIAN_POINT('',(7.072928200824E-1,3.491200719073E1,
-2.804053274164E1));
#8850=CARTESIAN_POINT('',(-5.956675685003E-1,3.490315656129E1,
-2.801972632616E1));
#8851=CARTESIAN_POINT('',(-8.932095219913E-1,3.489909313821E1,
-2.801019980192E1));
#8852=(BOUNDED_SURFACE()B_SPLINE_SURFACE(3,3,((#8720,#8721,#8722,#8723,#8724,
#8725,#8726,#8727,#8728,#8729,#8730,#8731,#8732,#8733,#8734,#8735,#8736,#8737,
#8738,#8739,#8740,#8741,#8742,#8743,#8744,#8745,#8746,#8747,#8748,#8749,#8750,
#8751,#8752),(#8753,#8754,#8755,#8756,#8757,#8758,#8759,#8760,#8761,#8762,#8763,
#8764,#8765,#8766,#8767,#8768,#8769,#8770,#8771,#8772,#8773,#8774,#8775,#8776,
#8777,#8778,#8779,#8780,#8781,#8782,#8783,#8784,#8785),(#8786,#8787,#8788,#8789,
#8790,#8791,#8792,#8793,#8794,#8795,#8796,#8797,#8798,#8799,#8800,#8801,#8802,
#8803,#8804,#8805,#8806,#8807,#8808,#8809,#8810,#8811,#8812,#8813,#8814,#8815,
#8816,#8817,#8818),(#8819,#8820,#8821,#8822,#8823,#8824,#8825,#8826,#8827,#8828,
#8829,#8830,#8831,#8832,#8833,#8834,#8835,#8836,#8837,#8838,#8839,#8840,#8841,
#8842,#8843,#8844,#8845,#8846,#8847,#8848,#8849,#8850,#8851)),.UNSPECIFIED.,.F.,
.F.,.F.)B_SPLINE_SURFACE_WITH_KNOTS((4,4),(4,1,1,1,1,1,1,1,1,1,1,1,1,1,1,1,1,1,
1,1,1,1,1,1,1,1,1,1,1,1,4),(0.E0,1.E0),(-9.937517703703E-3,0.E0,
3.796422836110E-2,7.184576713543E-2,1.026510977399E-1,1.330453243039E-1,
1.649338311209E-1,1.969107806376E-1,2.279357242597E-1,2.586285817606E-1,
2.911316018841E-1,3.277616301395E-1,3.694245243748E-1,4.159693227504E-1,
4.657119029609E-1,5.159037463773E-1,5.638148541296E-1,6.076722422942E-1,
6.470172476850E-1,6.820743458439E-1,7.137646202080E-1,7.440042845847E-1,
7.746159747788E-1,8.060698172420E-1,8.373168971804E-1,8.672232530200E-1,
8.977505852275E-1,9.314791703493E-1,9.664735081038E-1,1.E0,1.009933127784E0),
.UNSPECIFIED.)GEOMETRIC_REPRESENTATION_ITEM()RATIONAL_B_SPLINE_SURFACE(((
1.123761048151E0,1.123761048151E0,1.123761048151E0,1.123761048151E0,
1.123761048151E0,1.123761048151E0,1.123761048151E0,1.123761048151E0,
1.123761048151E0,1.123761048151E0,1.123761048151E0,1.123761048151E0,
1.123761048151E0,1.123761048151E0,1.123761048151E0,1.123761048151E0,
1.123761048151E0,1.123761048151E0,1.123761048151E0,1.123761048151E0,
1.123761048151E0,1.123761048151E0,1.123761048151E0,1.123761048151E0,
1.123761048151E0,1.123761048151E0,1.123761048151E0,1.123761048151E0,
1.123761048151E0,1.123761048151E0,1.123761048151E0,1.123761048151E0,
1.123761048151E0),(9.587463172829E-1,9.587463172829E-1,9.587463172829E-1,
9.587463172829E-1,9.587463172829E-1,9.587463172829E-1,9.587463172829E-1,
9.587463172829E-1,9.587463172829E-1,9.587463172829E-1,9.587463172829E-1,
9.587463172829E-1,9.587463172829E-1,9.587463172829E-1,9.587463172829E-1,
9.587463172829E-1,9.587463172829E-1,9.587463172829E-1,9.587463172829E-1,
9.587463172829E-1,9.587463172829E-1,9.587463172829E-1,9.587463172829E-1,
9.587463172829E-1,9.587463172829E-1,9.587463172829E-1,9.587463172829E-1,
9.587463172829E-1,9.587463172829E-1,9.587463172829E-1,9.587463172829E-1,
9.587463172829E-1,9.587463172829E-1),(9.587463172829E-1,9.587463172829E-1,
9.587463172829E-1,9.587463172829E-1,9.587463172829E-1,9.587463172829E-1,
9.587463172829E-1,9.587463172829E-1,9.587463172829E-1,9.587463172829E-1,
9.587463172829E-1,9.587463172829E-1,9.587463172829E-1,9.587463172829E-1,
9.587463172829E-1,9.587463172829E-1,9.587463172829E-1,9.587463172829E-1,
9.587463172829E-1,9.587463172829E-1,9.587463172829E-1,9.587463172829E-1,
9.587463172829E-1,9.587463172829E-1,9.587463172829E-1,9.587463172829E-1,
9.587463172829E-1,9.587463172829E-1,9.587463172829E-1,9.587463172829E-1,
9.587463172829E-1,9.587463172829E-1,9.587463172829E-1),(1.123761048151E0,
1.123761048151E0,1.123761048151E0,1.123761048151E0,1.123761048151E0,
1.123761048151E0,1.123761048151E0,1.123761048151E0,1.123761048151E0,
1.123761048151E0,1.123761048151E0,1.123761048151E0,1.123761048151E0,
1.123761048151E0,1.123761048151E0,1.123761048151E0,1.123761048151E0,
1.123761048151E0,1.123761048151E0,1.123761048151E0,1.123761048151E0,
1.123761048151E0,1.123761048151E0,1.123761048151E0,1.123761048151E0,
1.123761048151E0,1.123761048151E0,1.123761048151E0,1.123761048151E0,
1.123761048151E0,1.123761048151E0,1.123761048151E0,1.123761048151E0)))REPRESENTATION_ITEM('')SURFACE());
#8853=ORIENTED_EDGE('',*,*,#8708,.F.);
#8854=ORIENTED_EDGE('',*,*,#8631,.T.);
#8855=ORIENTED_EDGE('',*,*,#7812,.T.);
#8856=ORIENTED_EDGE('',*,*,#8628,.F.);
#8857=EDGE_LOOP('',(#8853,#8854,#8855,#8856));
#8858=FACE_OUTER_BOUND('',#8857,.F.);
#8859=ADVANCED_FACE('',(#8858),#8852,.F.);
#8860=CARTESIAN_POINT('',(0.E0,0.E0,-4.381780460041E1));
#8861=DIRECTION('',(0.E0,0.E0,-1.E0));
#8862=DIRECTION('',(-1.789788703437E-2,-9.998398199910E-1,0.E0));
#8863=AXIS2_PLACEMENT_3D('',#8860,#8861,#8862);
#8864=TOROIDAL_SURFACE('',#8863,2.6E1,3.E0);
#8866=ORIENTED_EDGE('',*,*,#8865,.F.);
#8868=ORIENTED_EDGE('',*,*,#8867,.T.);
#8869=ORIENTED_EDGE('',*,*,#8711,.T.);
#8871=ORIENTED_EDGE('',*,*,#8870,.F.);
#8872=EDGE_LOOP('',(#8866,#8868,#8869,#8871));
#8873=FACE_OUTER_BOUND('',#8872,.F.);
#8874=ADVANCED_FACE('',(#8873),#8864,.F.);
#8875=CARTESIAN_POINT('',(0.E0,0.E0,1.2625E2));
#8876=DIRECTION('',(0.E0,0.E0,-1.E0));
#8877=DIRECTION('',(0.E0,-1.E0,0.E0));
#8878=AXIS2_PLACEMENT_3D('',#8875,#8876,#8877);
#8879=CYLINDRICAL_SURFACE('',#8878,2.3E1);
#8881=ORIENTED_EDGE('',*,*,#8880,.F.);
#8883=ORIENTED_EDGE('',*,*,#8882,.F.);
#8884=ORIENTED_EDGE('',*,*,#8865,.T.);
#8886=ORIENTED_EDGE('',*,*,#8885,.T.);
#8887=EDGE_LOOP('',(#8881,#8883,#8884,#8886));
#8888=FACE_OUTER_BOUND('',#8887,.F.);
#8890=ORIENTED_EDGE('',*,*,#8889,.T.);
#8892=ORIENTED_EDGE('',*,*,#8891,.T.);
#8893=EDGE_LOOP('',(#8890,#8892));
#8894=FACE_BOUND('',#8893,.F.);
#8895=ADVANCED_FACE('',(#8888,#8894),#8879,.T.);
#8896=CARTESIAN_POINT('',(0.E0,0.E0,-9.7E1));
#8897=DIRECTION('',(0.E0,0.E0,-1.E0));
#8898=DIRECTION('',(-3.034555234715E-2,-9.995394676814E-1,0.E0));
#8899=AXIS2_PLACEMENT_3D('',#8896,#8897,#8898);
#8900=TOROIDAL_SURFACE('',#8899,2.6E1,3.E0);
#8902=ORIENTED_EDGE('',*,*,#8901,.F.);
#8904=ORIENTED_EDGE('',*,*,#8903,.T.);
#8905=ORIENTED_EDGE('',*,*,#8880,.T.);
#8907=ORIENTED_EDGE('',*,*,#8906,.F.);
#8908=EDGE_LOOP('',(#8902,#8904,#8905,#8907));
#8909=FACE_OUTER_BOUND('',#8908,.F.);
#8910=ADVANCED_FACE('',(#8909),#8900,.F.);
#8911=CARTESIAN_POINT('',(0.E0,0.E0,-1.E2));
#8912=DIRECTION('',(0.E0,0.E0,-1.E0));
#8913=DIRECTION('',(0.E0,-1.E0,0.E0));
#8914=AXIS2_PLACEMENT_3D('',#8911,#8912,#8913);
#8915=PLANE('',#8914);
#8917=ORIENTED_EDGE('',*,*,#8916,.T.);
#8919=ORIENTED_EDGE('',*,*,#8918,.T.);
#8920=EDGE_LOOP('',(#8917,#8919));
#8921=FACE_OUTER_BOUND('',#8920,.F.);
#8922=ORIENTED_EDGE('',*,*,#8901,.T.);
#8924=ORIENTED_EDGE('',*,*,#8923,.T.);
#8925=EDGE_LOOP('',(#8922,#8924));
#8926=FACE_BOUND('',#8925,.F.);
#8928=ORIENTED_EDGE('',*,*,#8927,.F.);
#8930=ORIENTED_EDGE('',*,*,#8929,.F.);
#8931=EDGE_LOOP('',(#8928,#8930));
#8932=FACE_BOUND('',#8931,.F.);
#8934=ORIENTED_EDGE('',*,*,#8933,.F.);
#8936=ORIENTED_EDGE('',*,*,#8935,.F.);
#8937=EDGE_LOOP('',(#8934,#8936));
#8938=FACE_BOUND('',#8937,.F.);
#8940=ORIENTED_EDGE('',*,*,#8939,.F.);
#8942=ORIENTED_EDGE('',*,*,#8941,.F.);
#8943=EDGE_LOOP('',(#8940,#8942));
#8944=FACE_BOUND('',#8943,.F.);
#8946=ORIENTED_EDGE('',*,*,#8945,.F.);
#8948=ORIENTED_EDGE('',*,*,#8947,.F.);
#8949=EDGE_LOOP('',(#8946,#8948));
#8950=FACE_BOUND('',#8949,.F.);
#8951=ADVANCED_FACE('',(#8921,#8926,#8932,#8938,#8944,#8950),#8915,.F.);
#8952=CARTESIAN_POINT('',(0.E0,0.E0,-9.7E1));
#8953=DIRECTION('',(0.E0,0.E0,-1.E0));
#8954=DIRECTION('',(3.034555234715E-2,9.995394676814E-1,0.E0));
#8955=AXIS2_PLACEMENT_3D('',#8952,#8953,#8954);
#8956=TOROIDAL_SURFACE('',#8955,2.6E1,3.E0);
#8957=ORIENTED_EDGE('',*,*,#8923,.F.);
#8958=ORIENTED_EDGE('',*,*,#8906,.T.);
#8960=ORIENTED_EDGE('',*,*,#8959,.T.);
#8961=ORIENTED_EDGE('',*,*,#8903,.F.);
#8962=EDGE_LOOP('',(#8957,#8958,#8960,#8961));
#8963=FACE_OUTER_BOUND('',#8962,.F.);
#8964=ADVANCED_FACE('',(#8963),#8956,.F.);
#8965=CARTESIAN_POINT('',(0.E0,0.E0,1.2625E2));
#8966=DIRECTION('',(0.E0,0.E0,-1.E0));
#8967=DIRECTION('',(0.E0,-1.E0,0.E0));
#8968=AXIS2_PLACEMENT_3D('',#8965,#8966,#8967);
#8969=CYLINDRICAL_SURFACE('',#8968,2.3E1);
#8970=ORIENTED_EDGE('',*,*,#8959,.F.);
#8971=ORIENTED_EDGE('',*,*,#8885,.F.);
#8973=ORIENTED_EDGE('',*,*,#8972,.T.);
#8974=ORIENTED_EDGE('',*,*,#8882,.T.);
#8975=EDGE_LOOP('',(#8970,#8971,#8973,#8974));
#8976=FACE_OUTER_BOUND('',#8975,.F.);
#8977=ADVANCED_FACE('',(#8976),#8969,.T.);
#8978=CARTESIAN_POINT('',(0.E0,0.E0,-4.381780460041E1));
#8979=DIRECTION('',(0.E0,0.E0,-1.E0));
#8980=DIRECTION('',(1.789788703437E-2,9.998398199910E-1,0.E0));
#8981=AXIS2_PLACEMENT_3D('',#8978,#8979,#8980);
#8982=TOROIDAL_SURFACE('',#8981,2.6E1,3.E0);
#8983=ORIENTED_EDGE('',*,*,#8972,.F.);
#8984=ORIENTED_EDGE('',*,*,#8870,.T.);
#8985=ORIENTED_EDGE('',*,*,#8672,.T.);
#8986=ORIENTED_EDGE('',*,*,#8867,.F.);
#8987=EDGE_LOOP('',(#8983,#8984,#8985,#8986));
#8988=FACE_OUTER_BOUND('',#8987,.F.);
#8989=ADVANCED_FACE('',(#8988),#8982,.F.);
#8990=CARTESIAN_POINT('',(0.E0,0.E0,-1.005E2));
#8991=DIRECTION('',(0.E0,0.E0,-1.E0));
#8992=DIRECTION('',(1.170643550261E-2,-9.999314773362E-1,0.E0));
#8993=AXIS2_PLACEMENT_3D('',#8990,#8991,#8992);
#8994=TOROIDAL_SURFACE('',#8993,4.35E1,5.E-1);
#8996=ORIENTED_EDGE('',*,*,#8995,.T.);
#8998=ORIENTED_EDGE('',*,*,#8997,.T.);
#8999=ORIENTED_EDGE('',*,*,#8916,.F.);
#9001=ORIENTED_EDGE('',*,*,#9000,.F.);
#9002=EDGE_LOOP('',(#8996,#8998,#8999,#9001));
#9003=FACE_OUTER_BOUND('',#9002,.F.);
#9004=ADVANCED_FACE('',(#9003),#8994,.T.);
#9005=CARTESIAN_POINT('',(0.E0,0.E0,1.2625E2));
#9006=DIRECTION('',(0.E0,0.E0,-1.E0));
#9007=DIRECTION('',(0.E0,-1.E0,0.E0));
#9008=AXIS2_PLACEMENT_3D('',#9005,#9006,#9007);
#9009=CYLINDRICAL_SURFACE('',#9008,4.4E1);
#9010=ORIENTED_EDGE('',*,*,#8995,.F.);
#9012=ORIENTED_EDGE('',*,*,#9011,.T.);
#9014=ORIENTED_EDGE('',*,*,#9013,.T.);
#9016=ORIENTED_EDGE('',*,*,#9015,.F.);
#9017=EDGE_LOOP('',(#9010,#9012,#9014,#9016));
#9018=FACE_OUTER_BOUND('',#9017,.F.);
#9019=ADVANCED_FACE('',(#9018),#9009,.T.);
#9020=CARTESIAN_POINT('',(0.E0,0.E0,1.2625E2));
#9021=DIRECTION('',(0.E0,0.E0,-1.E0));
#9022=DIRECTION('',(0.E0,-1.E0,0.E0));
#9023=AXIS2_PLACEMENT_3D('',#9020,#9021,#9022);
#9024=CYLINDRICAL_SURFACE('',#9023,4.4E1);
#9026=ORIENTED_EDGE('',*,*,#9025,.F.);
#9027=ORIENTED_EDGE('',*,*,#9015,.T.);
#9029=ORIENTED_EDGE('',*,*,#9028,.T.);
#9030=ORIENTED_EDGE('',*,*,#9011,.F.);
#9031=EDGE_LOOP('',(#9026,#9027,#9029,#9030));
#9032=FACE_OUTER_BOUND('',#9031,.F.);
#9033=ADVANCED_FACE('',(#9032),#9024,.T.);
#9034=CARTESIAN_POINT('',(0.E0,0.E0,-1.005E2));
#9035=DIRECTION('',(0.E0,0.E0,-1.E0));
#9036=DIRECTION('',(-1.170643550262E-2,9.999314773362E-1,0.E0));
#9037=AXIS2_PLACEMENT_3D('',#9034,#9035,#9036);
#9038=TOROIDAL_SURFACE('',#9037,4.35E1,5.E-1);
#9039=ORIENTED_EDGE('',*,*,#9025,.T.);
#9040=ORIENTED_EDGE('',*,*,#9000,.T.);
#9041=ORIENTED_EDGE('',*,*,#8918,.F.);
#9042=ORIENTED_EDGE('',*,*,#8997,.F.);
#9043=EDGE_LOOP('',(#9039,#9040,#9041,#9042));
#9044=FACE_OUTER_BOUND('',#9043,.F.);
#9045=ADVANCED_FACE('',(#9044),#9038,.T.);
#9046=CARTESIAN_POINT('',(0.E0,0.E0,-1.095E2));
#9047=DIRECTION('',(0.E0,0.E0,-1.E0));
#9048=DIRECTION('',(-1.116785084624E-2,9.999376376092E-1,0.E0));
#9049=AXIS2_PLACEMENT_3D('',#9046,#9047,#9048);
#9050=TOROIDAL_SURFACE('',#9049,4.35E1,5.E-1);
#9052=ORIENTED_EDGE('',*,*,#9051,.T.);
#9054=ORIENTED_EDGE('',*,*,#9053,.T.);
#9055=ORIENTED_EDGE('',*,*,#9028,.F.);
#9057=ORIENTED_EDGE('',*,*,#9056,.F.);
#9058=EDGE_LOOP('',(#9052,#9054,#9055,#9057));
#9059=FACE_OUTER_BOUND('',#9058,.F.);
#9060=ADVANCED_FACE('',(#9059),#9050,.T.);
#9061=CARTESIAN_POINT('',(0.E0,0.E0,-1.1E2));
#9062=DIRECTION('',(0.E0,0.E0,-1.E0));
#9063=DIRECTION('',(0.E0,-1.E0,0.E0));
#9064=AXIS2_PLACEMENT_3D('',#9061,#9062,#9063);
#9065=PLANE('',#9064);
#9067=ORIENTED_EDGE('',*,*,#9066,.F.);
#9068=ORIENTED_EDGE('',*,*,#9051,.F.);
#9069=EDGE_LOOP('',(#9067,#9068));
#9070=FACE_OUTER_BOUND('',#9069,.F.);
#9072=ORIENTED_EDGE('',*,*,#9071,.F.);
#9074=ORIENTED_EDGE('',*,*,#9073,.F.);
#9075=EDGE_LOOP('',(#9072,#9074));
#9076=FACE_BOUND('',#9075,.F.);
#9078=ORIENTED_EDGE('',*,*,#9077,.F.);
#9080=ORIENTED_EDGE('',*,*,#9079,.F.);
#9081=EDGE_LOOP('',(#9078,#9080));
#9082=FACE_BOUND('',#9081,.F.);
#9084=ORIENTED_EDGE('',*,*,#9083,.F.);
#9086=ORIENTED_EDGE('',*,*,#9085,.F.);
#9087=EDGE_LOOP('',(#9084,#9086));
#9088=FACE_BOUND('',#9087,.F.);
#9090=ORIENTED_EDGE('',*,*,#9089,.F.);
#9092=ORIENTED_EDGE('',*,*,#9091,.F.);
#9093=EDGE_LOOP('',(#9090,#9092));
#9094=FACE_BOUND('',#9093,.F.);
#9096=ORIENTED_EDGE('',*,*,#9095,.F.);
#9098=ORIENTED_EDGE('',*,*,#9097,.F.);
#9099=EDGE_LOOP('',(#9096,#9098));
#9100=FACE_BOUND('',#9099,.F.);
#9101=ADVANCED_FACE('',(#9070,#9076,#9082,#9088,#9094,#9100),#9065,.T.);
#9102=CARTESIAN_POINT('',(0.E0,0.E0,-1.095E2));
#9103=DIRECTION('',(0.E0,0.E0,-1.E0));
#9104=DIRECTION('',(1.116785084624E-2,-9.999376376092E-1,0.E0));
#9105=AXIS2_PLACEMENT_3D('',#9102,#9103,#9104);
#9106=TOROIDAL_SURFACE('',#9105,4.35E1,5.E-1);
#9107=ORIENTED_EDGE('',*,*,#9066,.T.);
#9108=ORIENTED_EDGE('',*,*,#9056,.T.);
#9109=ORIENTED_EDGE('',*,*,#9013,.F.);
#9110=ORIENTED_EDGE('',*,*,#9053,.F.);
#9111=EDGE_LOOP('',(#9107,#9108,#9109,#9110));
#9112=FACE_OUTER_BOUND('',#9111,.F.);
#9113=ADVANCED_FACE('',(#9112),#9106,.T.);
#9114=CARTESIAN_POINT('',(0.E0,0.E0,-1.099E2));
#9115=DIRECTION('',(0.E0,0.E0,-1.E0));
#9116=DIRECTION('',(2.908151865750E-2,9.995770431901E-1,0.E0));
#9117=AXIS2_PLACEMENT_3D('',#9114,#9115,#9116);
#9118=TOROIDAL_SURFACE('',#9117,2.41E1,1.E-1);
#9119=ORIENTED_EDGE('',*,*,#9071,.T.);
#9121=ORIENTED_EDGE('',*,*,#9120,.T.);
#9123=ORIENTED_EDGE('',*,*,#9122,.F.);
#9125=ORIENTED_EDGE('',*,*,#9124,.F.);
#9126=EDGE_LOOP('',(#9119,#9121,#9123,#9125));
#9127=FACE_OUTER_BOUND('',#9126,.F.);
#9128=ADVANCED_FACE('',(#9127),#9118,.T.);
#9129=CARTESIAN_POINT('',(0.E0,0.E0,-1.099E2));
#9130=DIRECTION('',(0.E0,0.E0,-1.E0));
#9131=DIRECTION('',(-2.908151865750E-2,-9.995770431901E-1,0.E0));
#9132=AXIS2_PLACEMENT_3D('',#9129,#9130,#9131);
#9133=TOROIDAL_SURFACE('',#9132,2.41E1,1.E-1);
#9134=ORIENTED_EDGE('',*,*,#9073,.T.);
#9135=ORIENTED_EDGE('',*,*,#9124,.T.);
#9137=ORIENTED_EDGE('',*,*,#9136,.F.);
#9138=ORIENTED_EDGE('',*,*,#9120,.F.);
#9139=EDGE_LOOP('',(#9134,#9135,#9137,#9138));
#9140=FACE_OUTER_BOUND('',#9139,.F.);
#9141=ADVANCED_FACE('',(#9140),#9133,.T.);
#9142=CARTESIAN_POINT('',(0.E0,0.E0,1.2625E2));
#9143=DIRECTION('',(0.E0,0.E0,-1.E0));
#9144=DIRECTION('',(0.E0,-1.E0,0.E0));
#9145=AXIS2_PLACEMENT_3D('',#9142,#9143,#9144);
#9146=CYLINDRICAL_SURFACE('',#9145,2.4E1);
#9147=ORIENTED_EDGE('',*,*,#9136,.T.);
#9149=ORIENTED_EDGE('',*,*,#9148,.F.);
#9151=ORIENTED_EDGE('',*,*,#9150,.T.);
#9153=ORIENTED_EDGE('',*,*,#9152,.T.);
#9154=EDGE_LOOP('',(#9147,#9149,#9151,#9153));
#9155=FACE_OUTER_BOUND('',#9154,.F.);
#9156=ADVANCED_FACE('',(#9155),#9146,.F.);
#9157=CARTESIAN_POINT('',(0.E0,0.E0,1.2625E2));
#9158=DIRECTION('',(0.E0,0.E0,-1.E0));
#9159=DIRECTION('',(0.E0,-1.E0,0.E0));
#9160=AXIS2_PLACEMENT_3D('',#9157,#9158,#9159);
#9161=CYLINDRICAL_SURFACE('',#9160,2.4E1);
#9162=ORIENTED_EDGE('',*,*,#9122,.T.);
#9163=ORIENTED_EDGE('',*,*,#9152,.F.);
#9165=ORIENTED_EDGE('',*,*,#9164,.T.);
#9166=ORIENTED_EDGE('',*,*,#9148,.T.);
#9167=EDGE_LOOP('',(#9162,#9163,#9165,#9166));
#9168=FACE_OUTER_BOUND('',#9167,.F.);
#9169=ADVANCED_FACE('',(#9168),#9161,.F.);
#9170=CARTESIAN_POINT('',(0.E0,0.E0,-1.051E2));
#9171=DIRECTION('',(0.E0,0.E0,-1.E0));
#9172=DIRECTION('',(2.146064098430E-2,-9.997696939238E-1,0.E0));
#9173=AXIS2_PLACEMENT_3D('',#9170,#9171,#9172);
#9174=TOROIDAL_SURFACE('',#9173,2.39E1,1.E-1);
#9175=ORIENTED_EDGE('',*,*,#9164,.F.);
#9177=ORIENTED_EDGE('',*,*,#9176,.T.);
#9179=ORIENTED_EDGE('',*,*,#9178,.T.);
#9181=ORIENTED_EDGE('',*,*,#9180,.F.);
#9182=EDGE_LOOP('',(#9175,#9177,#9179,#9181));
#9183=FACE_OUTER_BOUND('',#9182,.F.);
#9184=ADVANCED_FACE('',(#9183),#9174,.F.);
#9185=CARTESIAN_POINT('',(0.E0,0.E0,-1.051E2));
#9186=DIRECTION('',(0.E0,0.E0,-1.E0));
#9187=DIRECTION('',(-2.146064098430E-2,9.997696939238E-1,0.E0));
#9188=AXIS2_PLACEMENT_3D('',#9185,#9186,#9187);
#9189=TOROIDAL_SURFACE('',#9188,2.39E1,1.E-1);
#9190=ORIENTED_EDGE('',*,*,#9150,.F.);
#9191=ORIENTED_EDGE('',*,*,#9180,.T.);
#9193=ORIENTED_EDGE('',*,*,#9192,.T.);
#9194=ORIENTED_EDGE('',*,*,#9176,.F.);
#9195=EDGE_LOOP('',(#9190,#9191,#9193,#9194));
#9196=FACE_OUTER_BOUND('',#9195,.F.);
#9197=ADVANCED_FACE('',(#9196),#9189,.F.);
#9198=CARTESIAN_POINT('',(0.E0,0.E0,-1.05E2));
#9199=DIRECTION('',(0.E0,0.E0,-1.E0));
#9200=DIRECTION('',(0.E0,-1.E0,0.E0));
#9201=AXIS2_PLACEMENT_3D('',#9198,#9199,#9200);
#9202=PLANE('',#9201);
#9203=ORIENTED_EDGE('',*,*,#9192,.F.);
#9204=ORIENTED_EDGE('',*,*,#9178,.F.);
#9205=EDGE_LOOP('',(#9203,#9204));
#9206=FACE_OUTER_BOUND('',#9205,.F.);
#9208=ORIENTED_EDGE('',*,*,#9207,.F.);
#9210=ORIENTED_EDGE('',*,*,#9209,.F.);
#9211=EDGE_LOOP('',(#9208,#9210));
#9212=FACE_BOUND('',#9211,.F.);
#9213=ADVANCED_FACE('',(#9206,#9212),#9202,.T.);
#9214=CARTESIAN_POINT('',(0.E0,0.E0,-1.049E2));
#9215=DIRECTION('',(0.E0,0.E0,-1.E0));
#9216=DIRECTION('',(-3.877110588020E-2,-9.992481180112E-1,0.E0));
#9217=AXIS2_PLACEMENT_3D('',#9214,#9215,#9216);
#9218=TOROIDAL_SURFACE('',#9217,1.81E1,1.E-1);
#9219=ORIENTED_EDGE('',*,*,#9207,.T.);
#9221=ORIENTED_EDGE('',*,*,#9220,.T.);
#9223=ORIENTED_EDGE('',*,*,#9222,.F.);
#9225=ORIENTED_EDGE('',*,*,#9224,.F.);
#9226=EDGE_LOOP('',(#9219,#9221,#9223,#9225));
#9227=FACE_OUTER_BOUND('',#9226,.F.);
#9228=ADVANCED_FACE('',(#9227),#9218,.T.);
#9229=CARTESIAN_POINT('',(0.E0,0.E0,-1.049E2));
#9230=DIRECTION('',(0.E0,0.E0,-1.E0));
#9231=DIRECTION('',(3.877110588020E-2,9.992481180112E-1,0.E0));
#9232=AXIS2_PLACEMENT_3D('',#9229,#9230,#9231);
#9233=TOROIDAL_SURFACE('',#9232,1.81E1,1.E-1);
#9234=ORIENTED_EDGE('',*,*,#9209,.T.);
#9235=ORIENTED_EDGE('',*,*,#9224,.T.);
#9237=ORIENTED_EDGE('',*,*,#9236,.F.);
#9238=ORIENTED_EDGE('',*,*,#9220,.F.);
#9239=EDGE_LOOP('',(#9234,#9235,#9237,#9238));
#9240=FACE_OUTER_BOUND('',#9239,.F.);
#9241=ADVANCED_FACE('',(#9240),#9233,.T.);
#9242=CARTESIAN_POINT('',(0.E0,0.E0,1.2625E2));
#9243=DIRECTION('',(0.E0,0.E0,-1.E0));
#9244=DIRECTION('',(0.E0,-1.E0,0.E0));
#9245=AXIS2_PLACEMENT_3D('',#9242,#9243,#9244);
#9246=CYLINDRICAL_SURFACE('',#9245,1.8E1);
#9248=ORIENTED_EDGE('',*,*,#9247,.F.);
#9250=ORIENTED_EDGE('',*,*,#9249,.T.);
#9251=ORIENTED_EDGE('',*,*,#9236,.T.);
#9253=ORIENTED_EDGE('',*,*,#9252,.F.);
#9254=EDGE_LOOP('',(#9248,#9250,#9251,#9253));
#9255=FACE_OUTER_BOUND('',#9254,.F.);
#9256=ADVANCED_FACE('',(#9255),#9246,.F.);
#9257=CARTESIAN_POINT('',(0.E0,0.E0,-4.372184808537E1));
#9258=DIRECTION('',(0.E0,0.E0,-1.E0));
#9259=DIRECTION('',(1.938919787987E-2,9.998120118330E-1,0.E0));
#9260=AXIS2_PLACEMENT_3D('',#9257,#9258,#9259);
#9261=TOROIDAL_SURFACE('',#9260,1.81E1,1.E-1);
#9262=ORIENTED_EDGE('',*,*,#9247,.T.);
#9264=ORIENTED_EDGE('',*,*,#9263,.T.);
#9265=ORIENTED_EDGE('',*,*,#6238,.F.);
#9267=ORIENTED_EDGE('',*,*,#9266,.F.);
#9268=EDGE_LOOP('',(#9262,#9264,#9265,#9267));
#9269=FACE_OUTER_BOUND('',#9268,.F.);
#9270=ADVANCED_FACE('',(#9269),#9261,.T.);
#9271=CARTESIAN_POINT('',(0.E0,0.E0,-4.372184808537E1));
#9272=DIRECTION('',(0.E0,0.E0,-1.E0));
#9273=DIRECTION('',(-1.938919787987E-2,-9.998120118330E-1,0.E0));
#9274=AXIS2_PLACEMENT_3D('',#9271,#9272,#9273);
#9275=TOROIDAL_SURFACE('',#9274,1.81E1,1.E-1);
#9277=ORIENTED_EDGE('',*,*,#9276,.T.);
#9278=ORIENTED_EDGE('',*,*,#9266,.T.);
#9279=ORIENTED_EDGE('',*,*,#4654,.F.);
#9280=ORIENTED_EDGE('',*,*,#9263,.F.);
#9281=EDGE_LOOP('',(#9277,#9278,#9279,#9280));
#9282=FACE_OUTER_BOUND('',#9281,.F.);
#9283=ADVANCED_FACE('',(#9282),#9275,.T.);
#9284=CARTESIAN_POINT('',(0.E0,0.E0,1.2625E2));
#9285=DIRECTION('',(0.E0,0.E0,-1.E0));
#9286=DIRECTION('',(0.E0,-1.E0,0.E0));
#9287=AXIS2_PLACEMENT_3D('',#9284,#9285,#9286);
#9288=CYLINDRICAL_SURFACE('',#9287,1.8E1);
#9289=ORIENTED_EDGE('',*,*,#9276,.F.);
#9290=ORIENTED_EDGE('',*,*,#9252,.T.);
#9291=ORIENTED_EDGE('',*,*,#9222,.T.);
#9292=ORIENTED_EDGE('',*,*,#9249,.F.);
#9293=EDGE_LOOP('',(#9289,#9290,#9291,#9292));
#9294=FACE_OUTER_BOUND('',#9293,.F.);
#9296=ORIENTED_EDGE('',*,*,#9295,.F.);
#9298=ORIENTED_EDGE('',*,*,#9297,.F.);
#9299=EDGE_LOOP('',(#9296,#9298));
#9300=FACE_BOUND('',#9299,.F.);
#9301=ADVANCED_FACE('',(#9294,#9300),#9288,.F.);
#9302=CARTESIAN_POINT('',(1.492357359533E1,1.009788517558E1,-7.432671704754E1));
#9303=CARTESIAN_POINT('',(1.492121449021E1,1.010141229670E1,-7.421788187619E1));
#9304=CARTESIAN_POINT('',(1.491891093834E1,1.010486059129E1,-7.400475295578E1));
#9305=CARTESIAN_POINT('',(1.492228073288E1,1.009981622163E1,-7.367874199589E1));
#9306=CARTESIAN_POINT('',(1.493308932115E1,1.008361464338E1,-7.333931090480E1));
#9307=CARTESIAN_POINT('',(1.495338178183E1,1.005310227294E1,-7.297104509084E1));
#9308=CARTESIAN_POINT('',(1.498550308917E1,1.000454459575E1,-7.257092657789E1));
#9309=CARTESIAN_POINT('',(1.503220253862E1,9.933370042389E0,-7.213644761836E1));
#9310=CARTESIAN_POINT('',(1.509656616138E1,9.834118371309E0,-7.166580729734E1));
#9311=CARTESIAN_POINT('',(1.518188287690E1,9.700420362161E0,-7.115813105413E1));
#9312=CARTESIAN_POINT('',(1.529142869083E1,9.525020481356E0,-7.061371530983E1));
#9313=CARTESIAN_POINT('',(1.542822734842E1,9.299741542375E0,-7.003399718051E1));
#9314=CARTESIAN_POINT('',(1.559504357735E1,9.014934694473E0,-6.942059192597E1));
#9315=CARTESIAN_POINT('',(1.579425716704E1,8.658849335419E0,-6.877543335527E1));
#9316=CARTESIAN_POINT('',(1.602741592708E1,8.217139832980E0,-6.810172226105E1));
#9317=CARTESIAN_POINT('',(1.629448044570E1,7.672466614587E0,-6.740501176593E1));
#9318=CARTESIAN_POINT('',(1.659295223025E1,7.003577657552E0,-6.669418590602E1));
#9319=CARTESIAN_POINT('',(1.691639879206E1,6.184296977335E0,-6.598348418456E1));
#9320=CARTESIAN_POINT('',(1.725202311924E1,5.182892374645E0,-6.529585561460E1));
#9321=CARTESIAN_POINT('',(1.757702383686E1,3.962059083630E0,-6.466810195156E1));
#9322=CARTESIAN_POINT('',(1.785344158673E1,2.479956958705E0,-6.415857061307E1));
#9323=CARTESIAN_POINT('',(1.801980351919E1,7.107541922056E-1,
-6.386162503794E1));
#9324=CARTESIAN_POINT('',(1.799451195095E1,-1.272997005700E0,
-6.390631936004E1));
#9325=CARTESIAN_POINT('',(1.774065509085E1,-3.244176393082E0,
-6.436199000483E1));
#9326=CARTESIAN_POINT('',(1.732726167996E1,-4.967835934911E0,
-6.514231039297E1));
#9327=CARTESIAN_POINT('',(1.686049310520E1,-6.356209408656E0,
-6.609435935856E1));
#9328=CARTESIAN_POINT('',(1.640676471916E1,-7.441936600484E0,
-6.711856526436E1));
#9329=CARTESIAN_POINT('',(1.599810822989E1,-8.281904279685E0,
-6.816677701535E1));
#9330=CARTESIAN_POINT('',(1.565212970114E1,-8.919169607227E0,
-6.920687029052E1));
#9331=CARTESIAN_POINT('',(1.537619401671E1,-9.388654354962E0,
-7.021776084287E1));
#9332=CARTESIAN_POINT('',(1.517145546547E1,-9.718024772643E0,
-7.118071967780E1));
#9333=CARTESIAN_POINT('',(1.502974159835E1,-9.937639009660E0,
-7.210376689552E1));
#9334=CARTESIAN_POINT('',(1.494096791171E1,-1.007194402982E1,
-7.303514657856E1));
#9335=CARTESIAN_POINT('',(1.491643866852E1,-1.010854234789E1,
-7.377801486335E1));
#9336=CARTESIAN_POINT('',(1.492122089313E1,-1.010140961766E1,
-7.421778699335E1));
#9337=CARTESIAN_POINT('',(1.492360339837E1,-1.009786975919E1,
-7.432654010128E1));
#9338=CARTESIAN_POINT('',(1.492161976664E1,1.003639032425E1,-7.432478272089E1));
#9339=CARTESIAN_POINT('',(1.491926035144E1,1.003989714891E1,-7.421659196253E1));
#9340=CARTESIAN_POINT('',(1.491695650141E1,1.004332560686E1,-7.400472481712E1));
#9341=CARTESIAN_POINT('',(1.492032673216E1,1.003831025561E1,-7.368064392140E1));
#9342=CARTESIAN_POINT('',(1.493113671081E1,1.002220190372E1,-7.334322283449E1));
#9343=CARTESIAN_POINT('',(1.495143174419E1,9.991865211116E0,-7.297713896522E1));
#9344=CARTESIAN_POINT('',(1.498355702330E1,9.943587391897E0,-7.257939329204E1));
#9345=CARTESIAN_POINT('',(1.503026203003E1,9.872823663702E0,-7.214749443869E1));
#9346=CARTESIAN_POINT('',(1.509463290087E1,9.774146069541E0,-7.167965418666E1));
#9347=CARTESIAN_POINT('',(1.517995851547E1,9.641223472187E0,-7.117500572049E1));
#9348=CARTESIAN_POINT('',(1.528951462678E1,9.466844305239E0,-7.063384674818E1));
#9349=CARTESIAN_POINT('',(1.542632446471E1,9.242881670116E0,-7.005760924859E1));
#9350=CARTESIAN_POINT('',(1.559315197739E1,8.959746782101E0,-6.944790250250E1));
#9351=CARTESIAN_POINT('',(1.579237591517E1,8.605762905206E0,-6.880665253743E1));
#9352=CARTESIAN_POINT('',(1.602554279758E1,8.166675425396E0,-6.813704468607E1));
#9353=CARTESIAN_POINT('',(1.629261172674E1,7.625255825206E0,-6.744460202241E1));
#9354=CARTESIAN_POINT('',(1.659108265015E1,6.960389310174E0,-6.673815751076E1));
#9355=CARTESIAN_POINT('',(1.691452166552E1,6.146070246592E0,-6.603186539705E1));
#9356=CARTESIAN_POINT('',(1.725013095815E1,5.150774603834E0,-6.534853310390E1));
#9357=CARTESIAN_POINT('',(1.757510989164E1,3.937443928560E0,-6.472472990715E1));
#9358=CARTESIAN_POINT('',(1.785150304850E1,2.464513880607E0,-6.421842756662E1));
#9359=CARTESIAN_POINT('',(1.801784708261E1,7.063210914984E-1,
-6.392337476753E1));
#9360=CARTESIAN_POINT('',(1.799255841683E1,-1.265058906688E0,
-6.396778358834E1));
#9361=CARTESIAN_POINT('',(1.773872791103E1,-3.223989823690E0,
-6.442055303075E1));
#9362=CARTESIAN_POINT('',(1.732536619222E1,-4.937028374056E0,
-6.519594731759E1));
#9363=CARTESIAN_POINT('',(1.685861892388E1,-6.316932375101E0,
-6.614204567401E1));
#9364=CARTESIAN_POINT('',(1.640489750456E1,-7.396103859571E0,
-6.715991240745E1));
#9365=CARTESIAN_POINT('',(1.599623531886E1,-8.231050454998E0,
-6.820169688316E1));
#9366=CARTESIAN_POINT('',(1.565024223697E1,-8.864542791588E0,
-6.923546842199E1));
#9367=CARTESIAN_POINT('',(1.537428769052E1,-9.331272374738E0,
-7.024026367696E1));
#9368=CARTESIAN_POINT('',(1.516953041195E1,-9.658724597193E0,
-7.119745602618E1));
#9369=CARTESIAN_POINT('',(1.502780098458E1,-9.877067450594E0,
-7.211500543565E1));
#9370=CARTESIAN_POINT('',(1.493901637201E1,-1.001059829443E1,
-7.304085877540E1));
#9371=CARTESIAN_POINT('',(1.491448389960E1,-1.004698619176E1,
-7.377932906562E1));
#9372=CARTESIAN_POINT('',(1.491926676091E1,-1.003989448660E1,
-7.421649764209E1));
#9373=CARTESIAN_POINT('',(1.492164959720E1,-1.003637500354E1,
-7.432460682626E1));
#9374=CARTESIAN_POINT('',(1.496512915702E1,9.992908901156E0,-7.432244550510E1));
#9375=CARTESIAN_POINT('',(1.496277664689E1,9.996380644775E0,-7.421503239132E1));
#9376=CARTESIAN_POINT('',(1.496047943646E1,9.999774701083E0,-7.400469079622E1));
#9377=CARTESIAN_POINT('',(1.496383995348E1,9.994809671279E0,-7.368294344542E1));
#9378=CARTESIAN_POINT('',(1.497461896977E1,9.978862528661E0,-7.334794373210E1));
#9379=CARTESIAN_POINT('',(1.499485671235E1,9.948827675779E0,-7.298446692013E1));
#9380=CARTESIAN_POINT('',(1.502689354505E1,9.901025456347E0,-7.258951730822E1));
#9381=CARTESIAN_POINT('',(1.507347479792E1,9.830948480073E0,-7.216059583411E1));
#9382=CARTESIAN_POINT('',(1.513768426279E1,9.733208569705E0,-7.169589296452E1));
#9383=CARTESIAN_POINT('',(1.522281170580E1,9.601513860281E0,-7.119450497661E1));
#9384=CARTESIAN_POINT('',(1.533213850682E1,9.428687694394E0,-7.065667631742E1));
#9385=CARTESIAN_POINT('',(1.546869937228E1,9.206630148066E0,-7.008377200712E1));
#9386=CARTESIAN_POINT('',(1.563527560951E1,8.925772032022E0,-6.947732951437E1));
#9387=CARTESIAN_POINT('',(1.583426910797E1,8.574448429999E0,-6.883919937324E1));
#9388=CARTESIAN_POINT('',(1.606725511495E1,8.138405049659E0,-6.817248533849E1));
#9389=CARTESIAN_POINT('',(1.633422582659E1,7.600396254770E0,-6.748262320404E1));
#9390=CARTESIAN_POINT('',(1.663271592655E1,6.939267524208E0,-6.677835672398E1));
#9391=CARTESIAN_POINT('',(1.695632299206E1,6.128941971930E0,-6.607375429209E1));
#9392=CARTESIAN_POINT('',(1.729226708586E1,5.137781307427E0,-6.539155534320E1));
#9393=CARTESIAN_POINT('',(1.761773112535E1,3.928566073344E0,-6.476831126130E1));
#9394=CARTESIAN_POINT('',(1.789467193887E1,2.459558965242E0,-6.426208434453E1));
#9395=CARTESIAN_POINT('',(1.806141454733E1,7.050207809447E-1,
-6.396689098836E1));
#9396=CARTESIAN_POINT('',(1.803606124755E1,-1.262699546675E0,
-6.401133126951E1));
#9397=CARTESIAN_POINT('',(1.778164386325E1,-3.217248729518E0,
-6.446426073023E1));
#9398=CARTESIAN_POINT('',(1.736757640050E1,-4.924951975549E0,
-6.523922110447E1));
#9399=CARTESIAN_POINT('',(1.690035466419E1,-6.299120633702E0,
-6.618378802602E1));
#9400=CARTESIAN_POINT('',(1.644647810432E1,-7.372671551995E0,
-6.719895748759E1));
#9401=CARTESIAN_POINT('',(1.603794277119E1,-8.202417306933E0,
-6.823696470497E1));
#9402=CARTESIAN_POINT('',(1.569227376990E1,-8.831351966189E0,
-6.926605080257E1));
#9403=CARTESIAN_POINT('',(1.541673925764E1,-9.294312511588E0,
-7.026546932091E1));
#9404=CARTESIAN_POINT('',(1.521239901423E1,-9.618873223516E0,
-7.121687072775E1));
#9405=CARTESIAN_POINT('',(1.507101609473E1,-9.835160147616E0,
-7.212837031191E1));
#9406=CARTESIAN_POINT('',(1.498247478912E1,-9.967377570217E0,
-7.304776456999E1));
#9407=CARTESIAN_POINT('',(1.495801422778E1,-1.000339842160E1,
-7.378091806965E1));
#9408=CARTESIAN_POINT('',(1.496278291047E1,-9.996377987039E0,
-7.421493873879E1));
#9409=CARTESIAN_POINT('',(1.496515837449E1,-9.992893616733E0,
-7.432227080856E1));
#9410=CARTESIAN_POINT('',(1.502664052730E1,9.994884493743E0,-7.432118054936E1));
#9411=CARTESIAN_POINT('',(1.502429777919E1,9.998328513378E0,-7.421418749624E1));
#9412=CARTESIAN_POINT('',(1.502200995551E1,1.000169531586E1,-7.400467236560E1));
#9413=CARTESIAN_POINT('',(1.502535673976E1,9.996770149831E0,-7.368418920818E1));
#9414=CARTESIAN_POINT('',(1.503609198300E1,9.980950451092E0,-7.335049397192E1));
#9415=CARTESIAN_POINT('',(1.505624873076E1,9.951153091681E0,-7.298840386842E1));
#9416=CARTESIAN_POINT('',(1.508816052242E1,9.903722035906E0,-7.259490878672E1));
#9417=CARTESIAN_POINT('',(1.513456681835E1,9.834174290299E0,-7.216748277236E1));
#9418=CARTESIAN_POINT('',(1.519854809564E1,9.737143845274E0,-7.170427441900E1));
#9419=CARTESIAN_POINT('',(1.528339537372E1,9.606354510340E0,-7.120432173816E1));
#9420=CARTESIAN_POINT('',(1.539239798747E1,9.434633445837E0,-7.066779498411E1));
#9421=CARTESIAN_POINT('',(1.552860686828E1,9.213867363864E0,-7.009597265821E1));
#9422=CARTESIAN_POINT('',(1.569482786501E1,8.934453832201E0,-6.949029990863E1));
#9423=CARTESIAN_POINT('',(1.589349558006E1,8.584670247702E0,-6.885253171227E1));
#9424=CARTESIAN_POINT('',(1.612622587450E1,8.150171740184E0,-6.818567561640E1));
#9425=CARTESIAN_POINT('',(1.639305773120E1,7.613578185395E0,-6.749507799083E1));
#9426=CARTESIAN_POINT('',(1.669157494199E1,6.953543454407E0,-6.678941154666E1));
#9427=CARTESIAN_POINT('',(1.701541958828E1,6.143722777059E0,-6.608271241683E1));
#9428=CARTESIAN_POINT('',(1.735183700699E1,5.152113290291E0,-6.539776856192E1));
#9429=CARTESIAN_POINT('',(1.767798686475E1,3.941028834953E0,-6.477133935441E1));
#9430=CARTESIAN_POINT('',(1.795570192750E1,2.468219540177E0,-6.426198668300E1));
#9431=CARTESIAN_POINT('',(1.812300802016E1,7.076739601409E-1,
-6.396470815014E1));
#9432=CARTESIAN_POINT('',(1.809756334412E1,-1.267408051321E0,
-6.400947699689E1));
#9433=CARTESIAN_POINT('',(1.784231626074E1,-3.228207796687E0,
-6.446552669998E1));
#9434=CARTESIAN_POINT('',(1.742725105298E1,-4.939228838091E0,
-6.524481921714E1));
#9435=CARTESIAN_POINT('',(1.695935853793E1,-6.314016182716E0,
-6.619324045334E1));
#9436=CARTESIAN_POINT('',(1.650526264819E1,-7.386429133488E0,
-6.721105694449E1));
#9437=CARTESIAN_POINT('',(1.609690665279E1,-8.214076836056E0,
-6.825032096206E1));
#9438=CARTESIAN_POINT('',(1.575169582022E1,-8.840545739758E0,
-6.927931516070E1));
#9439=CARTESIAN_POINT('',(1.547675513101E1,-9.301102227316E0,
-7.027746906602E1));
#9440=CARTESIAN_POINT('',(1.527300447077E1,-9.623623109386E0,
-7.122671006535E1));
#9441=CARTESIAN_POINT('',(1.513211142654E1,-9.838367171862E0,
-7.213542619435E1));
#9442=CARTESIAN_POINT('',(1.504391409595E1,-9.969560902798E0,
-7.305150532447E1));
#9443=CARTESIAN_POINT('',(1.501955519886E1,-1.000528974651E1,
-7.378177896507E1));
#9444=CARTESIAN_POINT('',(1.502430383653E1,-9.998325845169E0,
-7.421409419558E1));
#9445=CARTESIAN_POINT('',(1.502666887801E1,-9.994869163316E0,
-7.432100644116E1));
#9446=(BOUNDED_SURFACE()B_SPLINE_SURFACE(3,3,((#9302,#9303,#9304,#9305,#9306,
#9307,#9308,#9309,#9310,#9311,#9312,#9313,#9314,#9315,#9316,#9317,#9318,#9319,
#9320,#9321,#9322,#9323,#9324,#9325,#9326,#9327,#9328,#9329,#9330,#9331,#9332,
#9333,#9334,#9335,#9336,#9337),(#9338,#9339,#9340,#9341,#9342,#9343,#9344,#9345,
#9346,#9347,#9348,#9349,#9350,#9351,#9352,#9353,#9354,#9355,#9356,#9357,#9358,
#9359,#9360,#9361,#9362,#9363,#9364,#9365,#9366,#9367,#9368,#9369,#9370,#9371,
#9372,#9373),(#9374,#9375,#9376,#9377,#9378,#9379,#9380,#9381,#9382,#9383,#9384,
#9385,#9386,#9387,#9388,#9389,#9390,#9391,#9392,#9393,#9394,#9395,#9396,#9397,
#9398,#9399,#9400,#9401,#9402,#9403,#9404,#9405,#9406,#9407,#9408,#9409),(#9410,
#9411,#9412,#9413,#9414,#9415,#9416,#9417,#9418,#9419,#9420,#9421,#9422,#9423,
#9424,#9425,#9426,#9427,#9428,#9429,#9430,#9431,#9432,#9433,#9434,#9435,#9436,
#9437,#9438,#9439,#9440,#9441,#9442,#9443,#9444,#9445)),.UNSPECIFIED.,.F.,.F.,
.F.)B_SPLINE_SURFACE_WITH_KNOTS((4,4),(4,1,1,1,1,1,1,1,1,1,1,1,1,1,1,1,1,1,1,1,
1,1,1,1,1,1,1,1,1,1,1,1,1,4),(0.E0,1.E0),(-1.001748516548E-2,0.E0,
9.581128621877E-3,1.995722710516E-2,3.125569537272E-2,4.360476760796E-2,
5.713327448134E-2,7.196991244855E-2,8.824184102348E-2,1.060724321447E-1,
1.255780097637E-1,1.468920425963E-1,1.702632727510E-1,1.959681518918E-1,
2.242774025730E-1,2.555596360953E-1,2.902660358901E-1,3.288919376318E-1,
3.720855635997E-1,4.206982004140E-1,4.759481055363E-1,5.383333036529E-1,
6.034313078323E-1,6.636043286930E-1,7.168617612774E-1,7.646259310289E-1,
8.075356703654E-1,8.463221183142E-1,8.814273908007E-1,9.132054808408E-1,
9.417687351696E-1,9.695697018260E-1,1.E0,1.010012971659E0),.UNSPECIFIED.)GEOMETRIC_REPRESENTATION_ITEM()RATIONAL_B_SPLINE_SURFACE(((1.187351127012E0,
1.187351127012E0,1.187351127012E0,1.187351127012E0,1.187351127012E0,
1.187351127012E0,1.187351127012E0,1.187351127012E0,1.187351127012E0,
1.187351127012E0,1.187351127012E0,1.187351127012E0,1.187351127012E0,
1.187351127012E0,1.187351127012E0,1.187351127012E0,1.187351127012E0,
1.187351127012E0,1.187351127012E0,1.187351127012E0,1.187351127012E0,
1.187351127012E0,1.187351127012E0,1.187351127012E0,1.187351127012E0,
1.187351127012E0,1.187351127012E0,1.187351127012E0,1.187351127012E0,
1.187351127012E0,1.187351127012E0,1.187351127012E0,1.187351127012E0,
1.187351127012E0,1.187351127012E0,1.187351127012E0),(9.375496243293E-1,
9.375496243293E-1,9.375496243293E-1,9.375496243293E-1,9.375496243293E-1,
9.375496243293E-1,9.375496243293E-1,9.375496243293E-1,9.375496243293E-1,
9.375496243293E-1,9.375496243293E-1,9.375496243293E-1,9.375496243293E-1,
9.375496243293E-1,9.375496243293E-1,9.375496243293E-1,9.375496243293E-1,
9.375496243293E-1,9.375496243293E-1,9.375496243293E-1,9.375496243293E-1,
9.375496243293E-1,9.375496243293E-1,9.375496243293E-1,9.375496243293E-1,
9.375496243293E-1,9.375496243293E-1,9.375496243293E-1,9.375496243293E-1,
9.375496243293E-1,9.375496243293E-1,9.375496243293E-1,9.375496243293E-1,
9.375496243293E-1,9.375496243293E-1,9.375496243293E-1),(9.375496243293E-1,
9.375496243293E-1,9.375496243293E-1,9.375496243293E-1,9.375496243293E-1,
9.375496243293E-1,9.375496243293E-1,9.375496243293E-1,9.375496243293E-1,
9.375496243293E-1,9.375496243293E-1,9.375496243293E-1,9.375496243293E-1,
9.375496243293E-1,9.375496243293E-1,9.375496243293E-1,9.375496243293E-1,
9.375496243293E-1,9.375496243293E-1,9.375496243293E-1,9.375496243293E-1,
9.375496243293E-1,9.375496243293E-1,9.375496243293E-1,9.375496243293E-1,
9.375496243293E-1,9.375496243293E-1,9.375496243293E-1,9.375496243293E-1,
9.375496243293E-1,9.375496243293E-1,9.375496243293E-1,9.375496243293E-1,
9.375496243293E-1,9.375496243293E-1,9.375496243293E-1),(1.187351127012E0,
1.187351127012E0,1.187351127012E0,1.187351127012E0,1.187351127012E0,
1.187351127012E0,1.187351127012E0,1.187351127012E0,1.187351127012E0,
1.187351127012E0,1.187351127012E0,1.187351127012E0,1.187351127012E0,
1.187351127012E0,1.187351127012E0,1.187351127012E0,1.187351127012E0,
1.187351127012E0,1.187351127012E0,1.187351127012E0,1.187351127012E0,
1.187351127012E0,1.187351127012E0,1.187351127012E0,1.187351127012E0,
1.187351127012E0,1.187351127012E0,1.187351127012E0,1.187351127012E0,
1.187351127012E0,1.187351127012E0,1.187351127012E0,1.187351127012E0,
1.187351127012E0,1.187351127012E0,1.187351127012E0)))REPRESENTATION_ITEM('')SURFACE());
#9447=ORIENTED_EDGE('',*,*,#9295,.T.);
#9449=ORIENTED_EDGE('',*,*,#9448,.T.);
#9451=ORIENTED_EDGE('',*,*,#9450,.F.);
#9453=ORIENTED_EDGE('',*,*,#9452,.F.);
#9454=EDGE_LOOP('',(#9447,#9449,#9451,#9453));
#9455=FACE_OUTER_BOUND('',#9454,.F.);
#9456=ADVANCED_FACE('',(#9455),#9446,.T.);
#9457=CARTESIAN_POINT('',(1.492357376439E1,-1.009786376281E1,
-7.367327896227E1));
#9458=CARTESIAN_POINT('',(1.492121398683E1,-1.010139134436E1,
-7.378211484924E1));
#9459=CARTESIAN_POINT('',(1.491881731272E1,-1.010497882222E1,
-7.400383187030E1));
#9460=CARTESIAN_POINT('',(1.492266666892E1,-1.009921691657E1,
-7.434784804623E1));
#9461=CARTESIAN_POINT('',(1.493534169825E1,-1.008021432476E1,
-7.471547926085E1));
#9462=CARTESIAN_POINT('',(1.495914158063E1,-1.004440252723E1,
-7.511437300896E1));
#9463=CARTESIAN_POINT('',(1.499678580013E1,-9.987402119860E0,
-7.554753562345E1));
#9464=CARTESIAN_POINT('',(1.505141512673E1,-9.903885483379E0,
-7.601732006933E1));
#9465=CARTESIAN_POINT('',(1.512648069524E1,-9.787537748436E0,
-7.652518414529E1));
#9466=CARTESIAN_POINT('',(1.522554690153E1,-9.631061422792E0,
-7.707143017414E1));
#9467=CARTESIAN_POINT('',(1.535200710992E1,-9.426215156886E0,
-7.765498659872E1));
#9468=CARTESIAN_POINT('',(1.550893365289E1,-9.163514500912E0,
-7.827406775538E1));
#9469=CARTESIAN_POINT('',(1.569897920523E1,-8.831631766953E0,
-7.892652540475E1));
#9470=CARTESIAN_POINT('',(1.592402773791E1,-8.416848377455E0,
-7.960917725559E1));
#9471=CARTESIAN_POINT('',(1.618461254881E1,-7.902446957065E0,
-8.031703519758E1));
#9472=CARTESIAN_POINT('',(1.647925148930E1,-7.267506168675E0,
-8.104265123488E1));
#9473=CARTESIAN_POINT('',(1.680301254302E1,-6.485812984470E0,
-8.177382737723E1));
#9474=CARTESIAN_POINT('',(1.714459572961E1,-5.526456537806E0,
-8.248913772313E1));
#9475=CARTESIAN_POINT('',(1.748319831215E1,-4.353628052021E0,
-8.315424990188E1));
#9476=CARTESIAN_POINT('',(1.778613296039E1,-2.917466816661E0,
-8.371939170442E1));
#9477=CARTESIAN_POINT('',(1.799155559533E1,-1.206125700912E0,
-8.408842195602E1));
#9478=CARTESIAN_POINT('',(1.802147089542E1,6.627127632784E-1,
-8.414123520628E1));
#9479=CARTESIAN_POINT('',(1.785985645693E1,2.446401453240E0,-8.385314311948E1));
#9480=CARTESIAN_POINT('',(1.757510967465E1,3.974559843174E0,-8.332853721261E1));
#9481=CARTESIAN_POINT('',(1.723972916495E1,5.225720584492E0,-8.268008671799E1));
#9482=CARTESIAN_POINT('',(1.689309450638E1,6.249150558132E0,-8.196764828477E1));
#9483=CARTESIAN_POINT('',(1.655879471470E1,7.085043609133E0,-8.122824815494E1));
#9484=CARTESIAN_POINT('',(1.625161066351E1,7.763766806755E0,-8.048847261039E1));
#9485=CARTESIAN_POINT('',(1.597914068923E1,8.311444976736E0,-7.976557518256E1));
#9486=CARTESIAN_POINT('',(1.574578870601E1,8.747339457987E0,-7.907520717341E1));
#9487=CARTESIAN_POINT('',(1.555121701085E1,9.090879071297E0,-7.842606043666E1));
#9488=CARTESIAN_POINT('',(1.538909992390E1,9.364966966292E0,-7.780944602681E1));
#9489=CARTESIAN_POINT('',(1.524874026996E1,9.594134328152E0,-7.718952151736E1));
#9490=CARTESIAN_POINT('',(1.512376234488E1,9.792150073178E0,-7.652241533658E1));
#9491=CARTESIAN_POINT('',(1.501676616487E1,9.957298746433E0,-7.577309142037E1));
#9492=CARTESIAN_POINT('',(1.493923638800E1,1.007449836854E1,-7.492299491948E1));
#9493=CARTESIAN_POINT('',(1.491657520081E1,1.010831846325E1,-7.420954084804E1));
#9494=CARTESIAN_POINT('',(1.492121957876E1,1.010138913653E1,-7.378220734711E1));
#9495=CARTESIAN_POINT('',(1.492360030282E1,1.009785033766E1,-7.367345023440E1));
#9496=CARTESIAN_POINT('',(1.492163307347E1,-1.003637867101E1,
-7.367521328656E1));
#9497=CARTESIAN_POINT('',(1.491927298741E1,-1.003988595058E1,
-7.378340476526E1));
#9498=CARTESIAN_POINT('',(1.491687600503E1,-1.004345278834E1,
-7.400380918501E1));
#9499=CARTESIAN_POINT('',(1.492072585633E1,-1.003772403308E1,
-7.434578872838E1));
#9500=CARTESIAN_POINT('',(1.493340250383E1,-1.001883080357E1,
-7.471124288724E1));
#9501=CARTESIAN_POINT('',(1.495720537327E1,-9.983225251124E0,
-7.510777294480E1));
#9502=CARTESIAN_POINT('',(1.499485418049E1,-9.926553502825E0,
-7.553836607176E1));
#9503=CARTESIAN_POINT('',(1.504948987139E1,-9.843519254044E0,
-7.600535941236E1));
#9504=CARTESIAN_POINT('',(1.512456363471E1,-9.727845141356E0,
-7.651019965613E1));
#9505=CARTESIAN_POINT('',(1.522363972111E1,-9.572277570981E0,
-7.705318428475E1));
#9506=CARTESIAN_POINT('',(1.535011107888E1,-9.368625514339E0,
-7.763324458615E1));
#9507=CARTESIAN_POINT('',(1.550704932592E1,-9.107463271355E0,
-7.824860169160E1));
#9508=CARTESIAN_POINT('',(1.569710612966E1,-8.777534146716E0,
-7.889711618925E1));
#9509=CARTESIAN_POINT('',(1.592216417473E1,-8.365206421142E0,
-7.957562086622E1));
#9510=CARTESIAN_POINT('',(1.618275524482E1,-7.853869534716E0,
-8.027915389886E1));
#9511=CARTESIAN_POINT('',(1.647739555435E1,-7.222736749612E0,-8.100030914E1));
#9512=CARTESIAN_POINT('',(1.680115149260E1,-6.445764901460E0,
-8.172696058071E1));
#9513=CARTESIAN_POINT('',(1.714272192884E1,-5.492245680569E0,
-8.243781333746E1));
#9514=CARTESIAN_POINT('',(1.748130428139E1,-4.326607084268E0,
-8.309875048042E1));
#9515=CARTESIAN_POINT('',(1.778421400383E1,-2.899314367394E0,
-8.366031903080E1));
#9516=CARTESIAN_POINT('',(1.798961551336E1,-1.198607402939E0,
-8.402700084661E1));
#9517=CARTESIAN_POINT('',(1.801952740412E1,6.585806296339E-1,
-8.407947684345E1));
#9518=CARTESIAN_POINT('',(1.785793036121E1,2.431170123139E0,-8.379322085305E1));
#9519=CARTESIAN_POINT('',(1.757320881223E1,3.949873373797E0,-8.327193857419E1));
#9520=CARTESIAN_POINT('',(1.723785047752E1,5.193348000514E0,-8.262756691268E1));
#9521=CARTESIAN_POINT('',(1.689123085631E1,6.210538173452E0,-8.191957693014E1));
#9522=CARTESIAN_POINT('',(1.655693818929E1,7.041372987708E0,-8.118476059793E1));
#9523=CARTESIAN_POINT('',(1.624975422009E1,7.716018711347E0,-8.044954009145E1));
#9524=CARTESIAN_POINT('',(1.597727888205E1,8.260429245716E0,-7.973106553266E1));
#9525=CARTESIAN_POINT('',(1.574391793033E1,8.693739702769E0,-7.904489658346E1));
#9526=CARTESIAN_POINT('',(1.554933542612E1,9.035254586376E0,-7.839967734273E1));
#9527=CARTESIAN_POINT('',(1.538720685848E1,9.307735354258E0,-7.778677631281E1));
#9528=CARTESIAN_POINT('',(1.524683531022E1,9.535565208025E0,-7.717056961407E1));
#9529=CARTESIAN_POINT('',(1.512184511503E1,9.732430380781E0,-7.650744850906E1));
#9530=CARTESIAN_POINT('',(1.501483703263E1,9.896623547491E0,-7.576258410395E1));
#9531=CARTESIAN_POINT('',(1.493729774108E1,1.001314761091E1,-7.491753061330E1));
#9532=CARTESIAN_POINT('',(1.491463359451E1,1.004677322215E1,-7.420830033473E1));
#9533=CARTESIAN_POINT('',(1.491927858512E1,1.003988375660E1,-7.378349671498E1));
#9534=CARTESIAN_POINT('',(1.492165963649E1,1.003636532935E1,-7.367538354122E1));
#9535=CARTESIAN_POINT('',(1.496513971155E1,-9.992908875395E0,
-7.367755010316E1));
#9536=CARTESIAN_POINT('',(1.496278654138E1,-9.996381076715E0,
-7.378496407438E1));
#9537=CARTESIAN_POINT('',(1.496039646981E1,-9.999912129099E0,
-7.400378176171E1));
#9538=CARTESIAN_POINT('',(1.496423522219E1,-9.994240849382E0,
-7.434329933246E1));
#9539=CARTESIAN_POINT('',(1.497687559303E1,-9.975536609708E0,
-7.470613296432E1));
#9540=CARTESIAN_POINT('',(1.500061149843E1,-9.940284794422E0,
-7.509984504676E1));
#9541=CARTESIAN_POINT('',(1.503815745746E1,-9.884169556927E0,
-7.552742428875E1));
#9542=CARTESIAN_POINT('',(1.509265047287E1,-9.801936534794E0,
-7.599122294767E1));
#9543=CARTESIAN_POINT('',(1.516754052401E1,-9.687351515051E0,
-7.649271916664E1));
#9544=CARTESIAN_POINT('',(1.526639511695E1,-9.533201365829E0,
-7.703225982729E1));
#9545=CARTESIAN_POINT('',(1.539261652648E1,-9.331328169565E0,
-7.760884300843E1));
#9546=CARTESIAN_POINT('',(1.554929239031E1,-9.072330162502E0,
-7.822076643769E1));
#9547=CARTESIAN_POINT('',(1.573909695895E1,-8.744965291786E0,
-7.886597181941E1));
#9548=CARTESIAN_POINT('',(1.596394175402E1,-8.335604674318E0,
-7.954137827539E1));
#9549=CARTESIAN_POINT('',(1.622439250482E1,-7.827624806944E0,
-8.024211449468E1));
#9550=CARTESIAN_POINT('',(1.651900212312E1,-7.200207161655E0,
-8.096086556375E1));
#9551=CARTESIAN_POINT('',(1.684287274045E1,-6.427248133708E0,
-8.168559670297E1));
#9552=CARTESIAN_POINT('',(1.718472901552E1,-5.477930103188E0,
-8.239509584604E1));
#9553=CARTESIAN_POINT('',(1.752376488669E1,-4.316518589227E0,
-8.305528581338E1));
#9554=CARTESIAN_POINT('',(1.782723339844E1,-2.893315515314E0,
-8.361665461937E1));
#9555=CARTESIAN_POINT('',(1.803310849999E1,-1.196360515622E0,
-8.398346199217E1));
#9556=CARTESIAN_POINT('',(1.806309682142E1,6.573656869939E-1,
-8.403597556530E1));
#9557=CARTESIAN_POINT('',(1.790110980250E1,2.426306230639E0,-8.374957533631E1));
#9558=CARTESIAN_POINT('',(1.761582257024E1,3.940970893800E0,-8.322836568921E1));
#9559=CARTESIAN_POINT('',(1.727996711407E1,5.180206799032E0,-8.258458077734E1));
#9560=CARTESIAN_POINT('',(1.693301038355E1,6.193130108989E0,-8.187779097061E1));
#9561=CARTESIAN_POINT('',(1.659855799494E1,7.019835075905E0,-8.114477790559E1));
#9562=CARTESIAN_POINT('',(1.629137218756E1,7.690625902589E0,-8.041188690232E1));
#9563=CARTESIAN_POINT('',(1.601901709523E1,8.231544314199E0,-7.969616599530E1));
#9564=CARTESIAN_POINT('',(1.578585720014E1,8.661793682345E0,-7.901304563086E1));
#9565=CARTESIAN_POINT('',(1.559151701475E1,9.000696540124E0,-7.837104513912E1));
#9566=CARTESIAN_POINT('',(1.542964582235E1,9.270953543033E0,-7.776149368264E1));
#9567=CARTESIAN_POINT('',(1.528954092259E1,9.496818887411E0,-7.714891652071E1));
#9568=CARTESIAN_POINT('',(1.516482580023E1,9.691900021557E0,-7.648996637648E1));
#9569=CARTESIAN_POINT('',(1.505808454672E1,9.854536131351E0,-7.575006930168E1));
#9570=CARTESIAN_POINT('',(1.498075855653E1,9.969912503695E0,-7.491092554778E1));
#9571=CARTESIAN_POINT('',(1.495816075369E1,1.000319913167E1,-7.420680069058E1));
#9572=CARTESIAN_POINT('',(1.496279200968E1,9.996378885398E0,-7.378505537128E1));
#9573=CARTESIAN_POINT('',(1.496516572329E1,9.992895562160E0,-7.367771919129E1));
#9574=CARTESIAN_POINT('',(1.502664091520E1,-9.994883891741E0,
-7.367881487680E1));
#9575=CARTESIAN_POINT('',(1.502429752136E1,-9.998328372982E0,
-7.378580884988E1));
#9576=CARTESIAN_POINT('',(1.502191721894E1,-1.000183107534E1,
-7.400376690454E1));
#9577=CARTESIAN_POINT('',(1.502574028185E1,-9.996205329157E0,
-7.434195067157E1));
#9578=CARTESIAN_POINT('',(1.503832937179E1,-9.977650453940E0,
-7.470337386226E1));
#9579=CARTESIAN_POINT('',(1.506197061651E1,-9.942676659141E0,
-7.509559183213E1));
#9580=CARTESIAN_POINT('',(1.509937118881E1,-9.886994624906E0,
-7.552161455831E1));
#9581=CARTESIAN_POINT('',(1.515366251742E1,-9.805376092978E0,
-7.598383080879E1));
#9582=CARTESIAN_POINT('',(1.522829287209E1,-9.691608417349E0,
-7.648377289573E1));
#9583=CARTESIAN_POINT('',(1.532683436075E1,-9.538489959980E0,
-7.702186017039E1));
#9584=CARTESIAN_POINT('',(1.545270244219E1,-9.337857811250E0,
-7.759717930306E1));
#9585=CARTESIAN_POINT('',(1.560900739979E1,-9.080284226451E0,
-7.820812608672E1));
#9586=CARTESIAN_POINT('',(1.579845540762E1,-8.754476205628E0,
-7.885274444617E1));
#9587=CARTESIAN_POINT('',(1.602299875142E1,-8.346721890132E0,
-7.952805661677E1));
#9588=CARTESIAN_POINT('',(1.628325114614E1,-7.840273242102E0,
-8.022928891276E1));
#9589=CARTESIAN_POINT('',(1.657781737918E1,-7.214133613547E0,
-8.094920947057E1));
#9590=CARTESIAN_POINT('',(1.690185010743E1,-6.441946793505E0,
-8.167583642199E1));
#9591=CARTESIAN_POINT('',(1.724411044572E1,-5.492542959607E0,
-8.238794005942E1));
#9592=CARTESIAN_POINT('',(1.758378741312E1,-4.329728424618E0,
-8.305128218039E1));
#9593=CARTESIAN_POINT('',(1.788804583225E1,-2.903255546399E0,
-8.361595078884E1));
#9594=CARTESIAN_POINT('',(1.809459040588E1,-1.200802828721E0,
-8.398527848472E1));
#9595=CARTESIAN_POINT('',(1.812468677008E1,6.598345662534E-1,
-8.403818075314E1));
#9596=CARTESIAN_POINT('',(1.796214847912E1,2.434878900271E0,-8.374974696537E1));
#9597=CARTESIAN_POINT('',(1.767606159409E1,3.953469883369E0,-8.322531312302E1));
#9598=CARTESIAN_POINT('',(1.733950340452E1,5.194589100778E0,-8.257825263731E1));
#9599=CARTESIAN_POINT('',(1.699207013458E1,6.207910883351E0,-8.186865741852E1));
#9600=CARTESIAN_POINT('',(1.665739196272E1,7.034020333106E0,-8.113352922555E1));
#9601=CARTESIAN_POINT('',(1.635020355687E1,7.703611286470E0,-8.039927227009E1));
#9602=CARTESIAN_POINT('',(1.607801844448E1,8.243016623641E0,-7.968289823857E1));
#9603=CARTESIAN_POINT('',(1.584514276406E1,8.671659390533E0,-7.899975232149E1));
#9604=CARTESIAN_POINT('',(1.565114512178E1,9.009011119150E0,-7.835823079554E1));
#9605=CARTESIAN_POINT('',(1.548963775632E1,9.277830918747E0,-7.774955151941E1));
#9606=CARTESIAN_POINT('',(1.534990979224E1,9.502344361243E0,-7.713822537641E1));
#9607=CARTESIAN_POINT('',(1.522558351422E1,9.696133721869E0,-7.648100019455E1));
#9608=CARTESIAN_POINT('',(1.511921945137E1,9.857593729969E0,-7.574344387531E1));
#9609=CARTESIAN_POINT('',(1.504219498506E1,9.972074473880E0,-7.490734753064E1));
#9610=CARTESIAN_POINT('',(1.501969096606E1,1.000509151783E1,-7.420598819363E1));
#9611=CARTESIAN_POINT('',(1.502430280672E1,9.998326171462E0,-7.378589980120E1));
#9612=CARTESIAN_POINT('',(1.502666614762E1,9.994870533941E0,-7.367898338540E1));
#9613=(BOUNDED_SURFACE()B_SPLINE_SURFACE(3,3,((#9457,#9458,#9459,#9460,#9461,
#9462,#9463,#9464,#9465,#9466,#9467,#9468,#9469,#9470,#9471,#9472,#9473,#9474,
#9475,#9476,#9477,#9478,#9479,#9480,#9481,#9482,#9483,#9484,#9485,#9486,#9487,
#9488,#9489,#9490,#9491,#9492,#9493,#9494,#9495),(#9496,#9497,#9498,#9499,#9500,
#9501,#9502,#9503,#9504,#9505,#9506,#9507,#9508,#9509,#9510,#9511,#9512,#9513,
#9514,#9515,#9516,#9517,#9518,#9519,#9520,#9521,#9522,#9523,#9524,#9525,#9526,
#9527,#9528,#9529,#9530,#9531,#9532,#9533,#9534),(#9535,#9536,#9537,#9538,#9539,
#9540,#9541,#9542,#9543,#9544,#9545,#9546,#9547,#9548,#9549,#9550,#9551,#9552,
#9553,#9554,#9555,#9556,#9557,#9558,#9559,#9560,#9561,#9562,#9563,#9564,#9565,
#9566,#9567,#9568,#9569,#9570,#9571,#9572,#9573),(#9574,#9575,#9576,#9577,#9578,
#9579,#9580,#9581,#9582,#9583,#9584,#9585,#9586,#9587,#9588,#9589,#9590,#9591,
#9592,#9593,#9594,#9595,#9596,#9597,#9598,#9599,#9600,#9601,#9602,#9603,#9604,
#9605,#9606,#9607,#9608,#9609,#9610,#9611,#9612)),.UNSPECIFIED.,.F.,.F.,.F.)B_SPLINE_SURFACE_WITH_KNOTS((4,4),(4,1,1,1,1,1,1,1,1,1,1,1,1,1,1,1,1,1,1,1,1,1,1,1,1,
1,1,1,1,1,1,1,1,1,1,1,4),(0.E0,1.E0),(-1.001585143719E-2,0.E0,1.036892233254E-2,
2.160824008004E-2,3.385469785007E-2,4.724585214365E-2,6.191954989619E-2,
7.801273878917E-2,9.565941225227E-2,1.149875089956E-1,1.361206185108E-1,
1.592635967998E-1,1.846875242631E-1,2.126550694603E-1,2.435209316153E-1,
2.777903115085E-1,3.159753686088E-1,3.585451525468E-1,4.062896635365E-1,
4.613014229769E-1,5.211760154432E-1,5.785546220701E-1,6.285578258995E-1,
6.727115730505E-1,7.124423117019E-1,7.481851181427E-1,7.803565468620E-1,
8.094048171567E-1,8.355879760387E-1,8.586781830488E-1,8.794405541437E-1,
8.995205569159E-1,9.208815654119E-1,9.444768700488E-1,9.707190640641E-1,1.E0,
1.010011511257E0),.UNSPECIFIED.)GEOMETRIC_REPRESENTATION_ITEM()RATIONAL_B_SPLINE_SURFACE(((1.187296539503E0,1.187296539503E0,1.187296539503E0,1.187296539503E0,
1.187296539503E0,1.187296539503E0,1.187296539503E0,1.187296539503E0,
1.187296539503E0,1.187296539503E0,1.187296539503E0,1.187296539503E0,
1.187296539503E0,1.187296539503E0,1.187296539503E0,1.187296539503E0,
1.187296539503E0,1.187296539503E0,1.187296539503E0,1.187296539503E0,
1.187296539503E0,1.187296539503E0,1.187296539503E0,1.187296539503E0,
1.187296539503E0,1.187296539503E0,1.187296539503E0,1.187296539503E0,
1.187296539503E0,1.187296539503E0,1.187296539503E0,1.187296539503E0,
1.187296539503E0,1.187296539503E0,1.187296539503E0,1.187296539503E0,
1.187296539503E0,1.187296539503E0,1.187296539503E0),(9.375678201658E-1,
9.375678201658E-1,9.375678201658E-1,9.375678201658E-1,9.375678201658E-1,
9.375678201658E-1,9.375678201658E-1,9.375678201658E-1,9.375678201658E-1,
9.375678201658E-1,9.375678201658E-1,9.375678201658E-1,9.375678201658E-1,
9.375678201658E-1,9.375678201658E-1,9.375678201658E-1,9.375678201658E-1,
9.375678201658E-1,9.375678201658E-1,9.375678201658E-1,9.375678201658E-1,
9.375678201658E-1,9.375678201658E-1,9.375678201658E-1,9.375678201658E-1,
9.375678201658E-1,9.375678201658E-1,9.375678201658E-1,9.375678201658E-1,
9.375678201658E-1,9.375678201658E-1,9.375678201658E-1,9.375678201658E-1,
9.375678201658E-1,9.375678201658E-1,9.375678201658E-1,9.375678201658E-1,
9.375678201658E-1,9.375678201658E-1),(9.375678201658E-1,9.375678201658E-1,
9.375678201658E-1,9.375678201658E-1,9.375678201658E-1,9.375678201658E-1,
9.375678201658E-1,9.375678201658E-1,9.375678201658E-1,9.375678201658E-1,
9.375678201658E-1,9.375678201658E-1,9.375678201658E-1,9.375678201658E-1,
9.375678201658E-1,9.375678201658E-1,9.375678201658E-1,9.375678201658E-1,
9.375678201658E-1,9.375678201658E-1,9.375678201658E-1,9.375678201658E-1,
9.375678201658E-1,9.375678201658E-1,9.375678201658E-1,9.375678201658E-1,
9.375678201658E-1,9.375678201658E-1,9.375678201658E-1,9.375678201658E-1,
9.375678201658E-1,9.375678201658E-1,9.375678201658E-1,9.375678201658E-1,
9.375678201658E-1,9.375678201658E-1,9.375678201658E-1,9.375678201658E-1,
9.375678201658E-1),(1.187296539503E0,1.187296539503E0,1.187296539503E0,
1.187296539503E0,1.187296539503E0,1.187296539503E0,1.187296539503E0,
1.187296539503E0,1.187296539503E0,1.187296539503E0,1.187296539503E0,
1.187296539503E0,1.187296539503E0,1.187296539503E0,1.187296539503E0,
1.187296539503E0,1.187296539503E0,1.187296539503E0,1.187296539503E0,
1.187296539503E0,1.187296539503E0,1.187296539503E0,1.187296539503E0,
1.187296539503E0,1.187296539503E0,1.187296539503E0,1.187296539503E0,
1.187296539503E0,1.187296539503E0,1.187296539503E0,1.187296539503E0,
1.187296539503E0,1.187296539503E0,1.187296539503E0,1.187296539503E0,
1.187296539503E0,1.187296539503E0,1.187296539503E0,1.187296539503E0)))REPRESENTATION_ITEM('')SURFACE());
#9614=ORIENTED_EDGE('',*,*,#9297,.T.);
#9615=ORIENTED_EDGE('',*,*,#9452,.T.);
#9617=ORIENTED_EDGE('',*,*,#9616,.F.);
#9618=ORIENTED_EDGE('',*,*,#9448,.F.);
#9619=EDGE_LOOP('',(#9614,#9615,#9617,#9618));
#9620=FACE_OUTER_BOUND('',#9619,.F.);
#9621=ADVANCED_FACE('',(#9620),#9613,.T.);
#9622=CARTESIAN_POINT('',(-3.25E0,0.E0,-7.4E1));
#9623=DIRECTION('',(1.E0,0.E0,0.E0));
#9624=DIRECTION('',(0.E0,-1.E0,0.E0));
#9625=AXIS2_PLACEMENT_3D('',#9622,#9623,#9624);
#9626=CYLINDRICAL_SURFACE('',#9625,1.E1);
#9627=ORIENTED_EDGE('',*,*,#9616,.T.);
#9629=ORIENTED_EDGE('',*,*,#9628,.F.);
#9631=ORIENTED_EDGE('',*,*,#9630,.T.);
#9633=ORIENTED_EDGE('',*,*,#9632,.T.);
#9634=EDGE_LOOP('',(#9627,#9629,#9631,#9633));
#9635=FACE_OUTER_BOUND('',#9634,.F.);
#9636=ADVANCED_FACE('',(#9635),#9626,.F.);
#9637=CARTESIAN_POINT('',(-3.25E0,0.E0,-7.4E1));
#9638=DIRECTION('',(1.E0,0.E0,0.E0));
#9639=DIRECTION('',(0.E0,-1.E0,0.E0));
#9640=AXIS2_PLACEMENT_3D('',#9637,#9638,#9639);
#9641=CYLINDRICAL_SURFACE('',#9640,1.E1);
#9642=ORIENTED_EDGE('',*,*,#9450,.T.);
#9643=ORIENTED_EDGE('',*,*,#9632,.F.);
#9645=ORIENTED_EDGE('',*,*,#9644,.T.);
#9646=ORIENTED_EDGE('',*,*,#9628,.T.);
#9647=EDGE_LOOP('',(#9642,#9643,#9645,#9646));
#9648=FACE_OUTER_BOUND('',#9647,.F.);
#9649=ADVANCED_FACE('',(#9648),#9641,.F.);
#9650=CARTESIAN_POINT('',(5.000353841078E1,-1.009782729709E1,
-7.432651113716E1));
#9651=CARTESIAN_POINT('',(5.000114120982E1,-1.010137600229E1,
-7.421776887333E1));
#9652=CARTESIAN_POINT('',(4.999487772222E1,-1.011065975753E1,
-7.364593244747E1));
#9653=CARTESIAN_POINT('',(5.004553754704E1,-1.003559428750E1,
-7.255866999677E1));
#9654=CARTESIAN_POINT('',(5.026562897530E1,-9.705894736324E0,
-7.104186735586E1));
#9655=CARTESIAN_POINT('',(5.067015423096E1,-9.083116911264E0,
-6.945852425712E1));
#9656=CARTESIAN_POINT('',(5.126670786139E1,-8.114893218392E0,
-6.788032885631E1));
#9657=CARTESIAN_POINT('',(5.202204742097E1,-6.769441172345E0,
-6.640467747237E1));
#9658=CARTESIAN_POINT('',(5.282919538088E1,-5.070941577638E0,
-6.517301487913E1));
#9659=CARTESIAN_POINT('',(5.350761676259E1,-3.120118404429E0,
-6.431297848060E1));
#9660=CARTESIAN_POINT('',(5.388991412104E1,-1.046028351726E0,
-6.387961443684E1));
#9661=CARTESIAN_POINT('',(5.388916794885E1,1.044292293221E0,-6.388041227486E1));
#9662=CARTESIAN_POINT('',(5.353021761040E1,2.999094034727E0,-6.428749115617E1));
#9663=CARTESIAN_POINT('',(5.297348710125E1,4.673914364280E0,-6.498871173032E1));
#9664=CARTESIAN_POINT('',(5.238309042038E1,6.023594339932E0,-6.584360179290E1));
#9665=CARTESIAN_POINT('',(5.184330252246E1,7.082568914394E0,-6.675561079408E1));
#9666=CARTESIAN_POINT('',(5.138109501440E1,7.907914841585E0,-6.767618847900E1));
#9667=CARTESIAN_POINT('',(5.100103075894E1,8.546081335726E0,-6.857767357313E1));
#9668=CARTESIAN_POINT('',(5.069864459585E1,9.033108649620E0,-6.944244500744E1));
#9669=CARTESIAN_POINT('',(5.046558858003E1,9.397857085037E0,-7.025917827603E1));
#9670=CARTESIAN_POINT('',(5.029205570421E1,9.664119951176E0,-7.102113501285E1));
#9671=CARTESIAN_POINT('',(5.016814366403E1,9.851691760489E0,-7.172478963645E1));
#9672=CARTESIAN_POINT('',(5.008446379843E1,9.977230462617E0,-7.236976058373E1));
#9673=CARTESIAN_POINT('',(5.003262414292E1,1.005456451386E1,-7.295837436358E1));
#9674=CARTESIAN_POINT('',(5.000551862042E1,1.009487220364E1,-7.349544619147E1));
#9675=CARTESIAN_POINT('',(4.999817616636E1,1.010577638180E1,-7.394590142042E1));
#9676=CARTESIAN_POINT('',(5.000113574343E1,1.010138105566E1,-7.421769855071E1));
#9677=CARTESIAN_POINT('',(5.000350987027E1,1.009785675601E1,-7.432643940525E1));
#9678=CARTESIAN_POINT('',(5.000547092413E1,-1.003635195294E1,
-7.432446804001E1));
#9679=CARTESIAN_POINT('',(5.000307406184E1,-1.003987785587E1,
-7.421640617712E1));
#9680=CARTESIAN_POINT('',(4.999681141323E1,-1.004910190794E1,
-7.364814804043E1));
#9681=CARTESIAN_POINT('',(5.004746456996E1,-9.974519384557E0,
-7.256768911634E1));
#9682=CARTESIAN_POINT('',(5.026752932781E1,-9.646934537464E0,
-7.106034646921E1));
#9683=CARTESIAN_POINT('',(5.067201430671E1,-9.028124171698E0,
-6.948680819396E1));
#9684=CARTESIAN_POINT('',(5.126852749989E1,-8.066005975770E0,
-6.791828066184E1));
#9685=CARTESIAN_POINT('',(5.202384566223E1,-6.728929980952E0,
-6.645154190401E1));
#9686=CARTESIAN_POINT('',(5.283101076654E1,-5.040840969882E0,
-6.522718370719E1));
#9687=CARTESIAN_POINT('',(5.350949099981E1,-3.101753886172E0,
-6.437213237727E1));
#9688=CARTESIAN_POINT('',(5.389184915340E1,-1.039908233912E0,
-6.394122218969E1));
#9689=CARTESIAN_POINT('',(5.389110281639E1,1.038182238352E0,-6.394201559630E1));
#9690=CARTESIAN_POINT('',(5.353209555953E1,2.981443946057E0,-6.434678914374E1));
#9691=CARTESIAN_POINT('',(5.297531410855E1,4.646206986282E0,-6.504395060103E1));
#9692=CARTESIAN_POINT('',(5.238489459651E1,5.987661264634E0,-6.589379936163E1));
#9693=CARTESIAN_POINT('',(5.184510643380E1,7.040105484371E0,-6.680035456074E1));
#9694=CARTESIAN_POINT('',(5.138291236099E1,7.860313163526E0,-6.771536702835E1));
#9695=CARTESIAN_POINT('',(5.100286828464E1,8.494475338390E0,-6.861135467438E1));
#9696=CARTESIAN_POINT('',(5.070050421099E1,8.978426680853E0,-6.947081524793E1));
#9697=CARTESIAN_POINT('',(5.046746905631E1,9.340859110250E0,-7.028250420957E1));
#9698=CARTESIAN_POINT('',(5.029395400527E1,9.605424144398E0,-7.103973403656E1));
#9699=CARTESIAN_POINT('',(5.017005594927E1,9.791796046399E0,-7.173900881837E1));
#9700=CARTESIAN_POINT('',(5.008638614116E1,9.916529816891E0,-7.237995559163E1));
#9701=CARTESIAN_POINT('',(5.003455296976E1,9.993367258255E0,-7.296489100756E1));
#9702=CARTESIAN_POINT('',(5.000745091490E1,1.003341587698E1,-7.349860345540E1));
#9703=CARTESIAN_POINT('',(5.000010940954E1,1.004424994428E1,-7.394623994433E1));
#9704=CARTESIAN_POINT('',(5.000306860375E1,1.003988287799E1,-7.421633629396E1));
#9705=CARTESIAN_POINT('',(5.000544241745E1,1.003638123170E1,-7.432439675739E1));
#9706=CARTESIAN_POINT('',(4.996196693675E1,-9.992829102678E0,
-7.432399828004E1));
#9707=CARTESIAN_POINT('',(4.995956245039E1,-9.996360016220E0,
-7.421609351767E1));
#9708=CARTESIAN_POINT('',(4.995328091460E1,-1.000559802831E1,
-7.364865633715E1));
#9709=CARTESIAN_POINT('',(5.000408418085E1,-9.930899138017E0,
-7.256975938039E1));
#9710=CARTESIAN_POINT('',(5.022474933266E1,-9.602912952168E0,
-7.106512763163E1));
#9711=CARTESIAN_POINT('',(5.063014100619E1,-8.983803195696E0,
-6.949560871759E1));
#9712=CARTESIAN_POINT('',(5.122756450692E1,-8.022281683124E0,
-6.793286878916E1));
#9713=CARTESIAN_POINT('',(5.198336435568E1,-6.687869088543E0,
-6.647369567857E1));
#9714=CARTESIAN_POINT('',(5.279014351194E1,-5.005911500651E0,
-6.525793378356E1));
#9715=CARTESIAN_POINT('',(5.346729890165E1,-3.077614121814E0,
-6.441084117959E1));
#9716=CARTESIAN_POINT('',(5.384828845892E1,-1.031194214618E0,
-6.398492576761E1));
#9717=CARTESIAN_POINT('',(5.384754583236E1,1.029484281909E0,-6.398570851705E1));
#9718=CARTESIAN_POINT('',(5.348981990051E1,2.958204933113E0,-6.438579555203E1));
#9719=CARTESIAN_POINT('',(5.293418523201E1,4.613393283700E0,-6.507637640872E1));
#9720=CARTESIAN_POINT('',(5.234427968636E1,5.949180749990E0,-6.591977303809E1));
#9721=CARTESIAN_POINT('',(5.180449748462E1,6.998473491397E0,-6.682072776921E1));
#9722=CARTESIAN_POINT('',(5.134200096264E1,7.817048945179E0,-6.773110724827E1));
#9723=CARTESIAN_POINT('',(5.096150262209E1,8.450480854405E0,-6.862336580797E1));
#9724=CARTESIAN_POINT('',(5.065864127959E1,8.934214080269E0,-6.947988149241E1));
#9725=CARTESIAN_POINT('',(5.042513650714E1,9.296692086564E0,-7.028927170422E1));
#9726=CARTESIAN_POINT('',(5.025122019162E1,9.561411935438E0,-7.104471148754E1));
#9727=CARTESIAN_POINT('',(5.012700732903E1,9.747958179340E0,-7.174258099541E1));
#9728=CARTESIAN_POINT('',(5.004311111064E1,9.872840056186E0,-7.238240250351E1));
#9729=CARTESIAN_POINT('',(4.999113197164E1,9.949781580461E0,-7.296640963781E1));
#9730=CARTESIAN_POINT('',(4.996395185450E1,9.989888354398E0,-7.349932784415E1));
#9731=CARTESIAN_POINT('',(4.995658899229E1,1.000073859565E1,-7.394631761259E1));
#9732=CARTESIAN_POINT('',(4.995955680524E1,9.996365024796E0,-7.421602374555E1));
#9733=CARTESIAN_POINT('',(4.996193766849E1,9.992858268272E0,-7.432392709334E1));
#9734=CARTESIAN_POINT('',(4.990047336612E1,-9.994717564469E0,
-7.432539823153E1));
#9735=CARTESIAN_POINT('',(4.989805810302E1,-9.998278140275E0,
-7.421702815364E1));
#9736=CARTESIAN_POINT('',(4.989174986988E1,-1.000759496811E1,
-7.364713665029E1));
#9737=CARTESIAN_POINT('',(4.994276531830E1,-9.932253813920E0,
-7.256357464735E1));
#9738=CARTESIAN_POINT('',(5.016427913642E1,-9.601603453417E0,
-7.105319438007E1));
#9739=CARTESIAN_POINT('',(5.057095243709E1,-8.978116343571E0,
-6.947937352670E1));
#9740=CARTESIAN_POINT('',(5.116966267185E1,-8.011306249783E0,
-6.791488950431E1));
#9741=CARTESIAN_POINT('',(5.192614339195E1,-6.672164049823E0,
-6.645716185144E1));
#9742=CARTESIAN_POINT('',(5.273237700459E1,-4.988190374273E0,
-6.524586470707E1));
#9743=CARTESIAN_POINT('',(5.340765970706E1,-3.062929028423E0,
-6.440468328013E1));
#9744=CARTESIAN_POINT('',(5.378671473191E1,-1.025384019059E0,
-6.398315233031E1));
#9745=CARTESIAN_POINT('',(5.378597735013E1,1.023686014960E0,-6.398392492049E1));
#9746=CARTESIAN_POINT('',(5.343006259133E1,2.944038623681E0,-6.437990101224E1));
#9747=CARTESIAN_POINT('',(5.287604891790E1,4.596175611437E0,-6.506553152362E1));
#9748=CARTESIAN_POINT('',(5.228686987183E1,5.932430375435E0,-6.590513587946E1));
#9749=CARTESIAN_POINT('',(5.174709609602E1,6.983938800827E0,-6.680387684434E1));
#9750=CARTESIAN_POINT('',(5.128417205738E1,7.805417832336E0,-6.771347854290E1));
#9751=CARTESIAN_POINT('',(5.090303160724E1,8.441854258382E0,-6.860612908018E1));
#9752=CARTESIAN_POINT('',(5.059946736741E1,8.928364833502E0,-6.946392379476E1));
#9753=CARTESIAN_POINT('',(5.036529878284E1,9.293221244885E0,-7.027521110846E1));
#9754=CARTESIAN_POINT('',(5.019081527368E1,9.559850881694E0,-7.103292706317E1));
#9755=CARTESIAN_POINT('',(5.006615742700E1,9.747835723397E0,-7.173325246040E1));
#9756=CARTESIAN_POINT('',(4.998194117414E1,9.873725303429E0,-7.237555754850E1));
#9757=CARTESIAN_POINT('',(4.992975570763E1,9.951305936898E0,-7.296197214170E1));
#9758=CARTESIAN_POINT('',(4.990246524822E1,9.991751401844E0,-7.349716233667E1));
#9759=CARTESIAN_POINT('',(4.989507219776E1,1.000269389763E1,-7.394608542383E1));
#9760=CARTESIAN_POINT('',(4.989805219344E1,9.998283161561E0,-7.421695809408E1));
#9761=CARTESIAN_POINT('',(4.990044302136E1,9.994746755294E0,-7.432532672689E1));
#9762=(BOUNDED_SURFACE()B_SPLINE_SURFACE(3,3,((#9650,#9651,#9652,#9653,#9654,
#9655,#9656,#9657,#9658,#9659,#9660,#9661,#9662,#9663,#9664,#9665,#9666,#9667,
#9668,#9669,#9670,#9671,#9672,#9673,#9674,#9675,#9676,#9677),(#9678,#9679,#9680,
#9681,#9682,#9683,#9684,#9685,#9686,#9687,#9688,#9689,#9690,#9691,#9692,#9693,
#9694,#9695,#9696,#9697,#9698,#9699,#9700,#9701,#9702,#9703,#9704,#9705),(#9706,
#9707,#9708,#9709,#9710,#9711,#9712,#9713,#9714,#9715,#9716,#9717,#9718,#9719,
#9720,#9721,#9722,#9723,#9724,#9725,#9726,#9727,#9728,#9729,#9730,#9731,#9732,
#9733),(#9734,#9735,#9736,#9737,#9738,#9739,#9740,#9741,#9742,#9743,#9744,#9745,
#9746,#9747,#9748,#9749,#9750,#9751,#9752,#9753,#9754,#9755,#9756,#9757,#9758,
#9759,#9760,#9761)),.UNSPECIFIED.,.F.,.F.,.F.)B_SPLINE_SURFACE_WITH_KNOTS((4,4),
(4,1,1,1,1,1,1,1,1,1,1,1,1,1,1,1,1,1,1,1,1,1,1,1,1,4),(0.E0,1.E0),(
-1.000165511991E-2,0.E0,4.253311618982E-2,8.971908466888E-2,1.432388076893E-1,
2.020676095884E-1,2.669969055488E-1,3.375004811020E-1,4.059985159053E-1,
4.690324680160E-1,5.308179844714E-1,5.930178063999E-1,6.512217735544E-1,
7.026537128805E-1,7.478663827278E-1,7.877931998414E-1,8.231863595050E-1,
8.546623440722E-1,8.827480650146E-1,9.078517009621E-1,9.303334598970E-1,
9.504929097787E-1,9.686253983380E-1,9.850284874324E-1,1.E0,1.010000070641E0),
.UNSPECIFIED.)GEOMETRIC_REPRESENTATION_ITEM()RATIONAL_B_SPLINE_SURFACE(((
1.187262732632E0,1.187262732632E0,1.187262732632E0,1.187262732632E0,
1.187262732632E0,1.187262732632E0,1.187262732632E0,1.187262732632E0,
1.187262732632E0,1.187262732632E0,1.187262732632E0,1.187262732632E0,
1.187262732632E0,1.187262732632E0,1.187262732632E0,1.187262732632E0,
1.187262732632E0,1.187262732632E0,1.187262732632E0,1.187262732632E0,
1.187262732632E0,1.187262732632E0,1.187262732632E0,1.187262732632E0,
1.187262732632E0,1.187262732632E0,1.187262732632E0,1.187262732632E0),(
9.375790891226E-1,9.375790891226E-1,9.375790891226E-1,9.375790891226E-1,
9.375790891226E-1,9.375790891226E-1,9.375790891226E-1,9.375790891226E-1,
9.375790891226E-1,9.375790891226E-1,9.375790891226E-1,9.375790891226E-1,
9.375790891226E-1,9.375790891226E-1,9.375790891226E-1,9.375790891226E-1,
9.375790891226E-1,9.375790891226E-1,9.375790891226E-1,9.375790891226E-1,
9.375790891226E-1,9.375790891226E-1,9.375790891226E-1,9.375790891226E-1,
9.375790891226E-1,9.375790891226E-1,9.375790891226E-1,9.375790891226E-1),(
9.375790891226E-1,9.375790891226E-1,9.375790891226E-1,9.375790891226E-1,
9.375790891226E-1,9.375790891226E-1,9.375790891226E-1,9.375790891226E-1,
9.375790891226E-1,9.375790891226E-1,9.375790891226E-1,9.375790891226E-1,
9.375790891226E-1,9.375790891226E-1,9.375790891226E-1,9.375790891226E-1,
9.375790891226E-1,9.375790891226E-1,9.375790891226E-1,9.375790891226E-1,
9.375790891226E-1,9.375790891226E-1,9.375790891226E-1,9.375790891226E-1,
9.375790891226E-1,9.375790891226E-1,9.375790891226E-1,9.375790891226E-1),(
1.187262732632E0,1.187262732632E0,1.187262732632E0,1.187262732632E0,
1.187262732632E0,1.187262732632E0,1.187262732632E0,1.187262732632E0,
1.187262732632E0,1.187262732632E0,1.187262732632E0,1.187262732632E0,
1.187262732632E0,1.187262732632E0,1.187262732632E0,1.187262732632E0,
1.187262732632E0,1.187262732632E0,1.187262732632E0,1.187262732632E0,
1.187262732632E0,1.187262732632E0,1.187262732632E0,1.187262732632E0,
1.187262732632E0,1.187262732632E0,1.187262732632E0,1.187262732632E0)))REPRESENTATION_ITEM('')SURFACE());
#9764=ORIENTED_EDGE('',*,*,#9763,.T.);
#9766=ORIENTED_EDGE('',*,*,#9765,.T.);
#9767=ORIENTED_EDGE('',*,*,#9644,.F.);
#9769=ORIENTED_EDGE('',*,*,#9768,.F.);
#9770=EDGE_LOOP('',(#9764,#9766,#9767,#9769));
#9771=FACE_OUTER_BOUND('',#9770,.F.);
#9772=ADVANCED_FACE('',(#9771),#9762,.T.);
#9773=CARTESIAN_POINT('',(6.5E1,-3.3E1,-7.4E1));
#9774=DIRECTION('',(0.E0,1.E0,0.E0));
#9775=DIRECTION('',(0.E0,0.E0,-1.E0));
#9776=AXIS2_PLACEMENT_3D('',#9773,#9774,#9775);
#9777=CYLINDRICAL_SURFACE('',#9776,1.5E1);
#9779=ORIENTED_EDGE('',*,*,#9778,.T.);
#9781=ORIENTED_EDGE('',*,*,#9780,.T.);
#9783=ORIENTED_EDGE('',*,*,#9782,.F.);
#9785=ORIENTED_EDGE('',*,*,#9784,.F.);
#9786=EDGE_LOOP('',(#9779,#9781,#9783,#9785));
#9787=FACE_OUTER_BOUND('',#9786,.F.);
#9788=ORIENTED_EDGE('',*,*,#9763,.F.);
#9790=ORIENTED_EDGE('',*,*,#9789,.F.);
#9791=EDGE_LOOP('',(#9788,#9790));
#9792=FACE_BOUND('',#9791,.F.);
#9793=ADVANCED_FACE('',(#9787,#9792),#9777,.F.);
#9794=CARTESIAN_POINT('',(6.5E1,-1.99E1,-7.4E1));
#9795=DIRECTION('',(0.E0,1.E0,0.E0));
#9796=DIRECTION('',(3.433291326517E-2,0.E0,-9.994104517498E-1));
#9797=AXIS2_PLACEMENT_3D('',#9794,#9795,#9796);
#9798=TOROIDAL_SURFACE('',#9797,1.49E1,1.E-1);
#9799=ORIENTED_EDGE('',*,*,#9778,.F.);
#9801=ORIENTED_EDGE('',*,*,#9800,.T.);
#9803=ORIENTED_EDGE('',*,*,#9802,.T.);
#9805=ORIENTED_EDGE('',*,*,#9804,.F.);
#9806=EDGE_LOOP('',(#9799,#9801,#9803,#9805));
#9807=FACE_OUTER_BOUND('',#9806,.F.);
#9808=ADVANCED_FACE('',(#9807),#9798,.F.);
#9809=CARTESIAN_POINT('',(6.5E1,-1.99E1,-7.4E1));
#9810=DIRECTION('',(0.E0,1.E0,0.E0));
#9811=DIRECTION('',(-3.433291326517E-2,0.E0,9.994104517498E-1));
#9812=AXIS2_PLACEMENT_3D('',#9809,#9810,#9811);
#9813=TOROIDAL_SURFACE('',#9812,1.49E1,1.E-1);
#9815=ORIENTED_EDGE('',*,*,#9814,.F.);
#9816=ORIENTED_EDGE('',*,*,#9804,.T.);
#9818=ORIENTED_EDGE('',*,*,#9817,.T.);
#9819=ORIENTED_EDGE('',*,*,#9800,.F.);
#9820=EDGE_LOOP('',(#9815,#9816,#9818,#9819));
#9821=FACE_OUTER_BOUND('',#9820,.F.);
#9822=ADVANCED_FACE('',(#9821),#9813,.F.);
#9823=CARTESIAN_POINT('',(6.5E1,-3.3E1,-7.4E1));
#9824=DIRECTION('',(0.E0,1.E0,0.E0));
#9825=DIRECTION('',(0.E0,0.E0,-1.E0));
#9826=AXIS2_PLACEMENT_3D('',#9823,#9824,#9825);
#9827=CYLINDRICAL_SURFACE('',#9826,1.5E1);
#9828=ORIENTED_EDGE('',*,*,#9814,.T.);
#9829=ORIENTED_EDGE('',*,*,#9784,.T.);
#9831=ORIENTED_EDGE('',*,*,#9830,.F.);
#9832=ORIENTED_EDGE('',*,*,#9780,.F.);
#9833=EDGE_LOOP('',(#9828,#9829,#9831,#9832));
#9834=FACE_OUTER_BOUND('',#9833,.F.);
#9835=ADVANCED_FACE('',(#9834),#9827,.F.);
#9836=CARTESIAN_POINT('',(6.5E1,2.49E1,-7.4E1));
#9837=DIRECTION('',(0.E0,1.E0,0.E0));
#9838=DIRECTION('',(-3.275385084496E-2,0.E0,9.994634486838E-1));
#9839=AXIS2_PLACEMENT_3D('',#9836,#9837,#9838);
#9840=TOROIDAL_SURFACE('',#9839,1.49E1,1.E-1);
#9842=ORIENTED_EDGE('',*,*,#9841,.F.);
#9844=ORIENTED_EDGE('',*,*,#9843,.T.);
#9845=ORIENTED_EDGE('',*,*,#9830,.T.);
#9847=ORIENTED_EDGE('',*,*,#9846,.F.);
#9848=EDGE_LOOP('',(#9842,#9844,#9845,#9847));
#9849=FACE_OUTER_BOUND('',#9848,.F.);
#9850=ADVANCED_FACE('',(#9849),#9840,.F.);
#9851=CARTESIAN_POINT('',(6.5E1,2.5E1,-7.4E1));
#9852=DIRECTION('',(0.E0,1.E0,0.E0));
#9853=DIRECTION('',(0.E0,0.E0,-1.E0));
#9854=AXIS2_PLACEMENT_3D('',#9851,#9852,#9853);
#9855=PLANE('',#9854);
#9856=ORIENTED_EDGE('',*,*,#9841,.T.);
#9858=ORIENTED_EDGE('',*,*,#9857,.T.);
#9859=EDGE_LOOP('',(#9856,#9858));
#9860=FACE_OUTER_BOUND('',#9859,.F.);
#9862=ORIENTED_EDGE('',*,*,#9861,.T.);
#9864=ORIENTED_EDGE('',*,*,#9863,.T.);
#9865=EDGE_LOOP('',(#9862,#9864));
#9866=FACE_BOUND('',#9865,.F.);
#9867=ADVANCED_FACE('',(#9860,#9866),#9855,.F.);
#9868=CARTESIAN_POINT('',(6.5E1,2.49E1,-7.4E1));
#9869=DIRECTION('',(0.E0,1.E0,0.E0));
#9870=DIRECTION('',(3.275385084496E-2,0.E0,-9.994634486838E-1));
#9871=AXIS2_PLACEMENT_3D('',#9868,#9869,#9870);
#9872=TOROIDAL_SURFACE('',#9871,1.49E1,1.E-1);
#9873=ORIENTED_EDGE('',*,*,#9857,.F.);
#9874=ORIENTED_EDGE('',*,*,#9846,.T.);
#9875=ORIENTED_EDGE('',*,*,#9782,.T.);
#9876=ORIENTED_EDGE('',*,*,#9843,.F.);
#9877=EDGE_LOOP('',(#9873,#9874,#9875,#9876));
#9878=FACE_OUTER_BOUND('',#9877,.F.);
#9879=ADVANCED_FACE('',(#9878),#9872,.F.);
#9880=CARTESIAN_POINT('',(6.5E1,2.51E1,-7.4E1));
#9881=DIRECTION('',(0.E0,1.E0,0.E0));
#9882=DIRECTION('',(-4.723141362048E-2,0.E0,-9.988839740267E-1));
#9883=AXIS2_PLACEMENT_3D('',#9880,#9881,#9882);
#9884=TOROIDAL_SURFACE('',#9883,1.01E1,1.E-1);
#9886=ORIENTED_EDGE('',*,*,#9885,.T.);
#9888=ORIENTED_EDGE('',*,*,#9887,.T.);
#9889=ORIENTED_EDGE('',*,*,#9861,.F.);
#9891=ORIENTED_EDGE('',*,*,#9890,.F.);
#9892=EDGE_LOOP('',(#9886,#9888,#9889,#9891));
#9893=FACE_OUTER_BOUND('',#9892,.F.);
#9894=ADVANCED_FACE('',(#9893),#9884,.T.);
#9895=CARTESIAN_POINT('',(6.5E1,-3.3E1,-7.4E1));
#9896=DIRECTION('',(0.E0,1.E0,0.E0));
#9897=DIRECTION('',(0.E0,0.E0,-1.E0));
#9898=AXIS2_PLACEMENT_3D('',#9895,#9896,#9897);
#9899=CYLINDRICAL_SURFACE('',#9898,1.E1);
#9900=ORIENTED_EDGE('',*,*,#9885,.F.);
#9902=ORIENTED_EDGE('',*,*,#9901,.T.);
#9904=ORIENTED_EDGE('',*,*,#9903,.T.);
#9906=ORIENTED_EDGE('',*,*,#9905,.F.);
#9907=EDGE_LOOP('',(#9900,#9902,#9904,#9906));
#9908=FACE_OUTER_BOUND('',#9907,.F.);
#9909=ADVANCED_FACE('',(#9908),#9899,.F.);
#9910=CARTESIAN_POINT('',(6.5E1,-3.3E1,-7.4E1));
#9911=DIRECTION('',(0.E0,1.E0,0.E0));
#9912=DIRECTION('',(0.E0,0.E0,-1.E0));
#9913=AXIS2_PLACEMENT_3D('',#9910,#9911,#9912);
#9914=CYLINDRICAL_SURFACE('',#9913,1.E1);
#9916=ORIENTED_EDGE('',*,*,#9915,.F.);
#9917=ORIENTED_EDGE('',*,*,#9905,.T.);
#9919=ORIENTED_EDGE('',*,*,#9918,.T.);
#9920=ORIENTED_EDGE('',*,*,#9901,.F.);
#9921=EDGE_LOOP('',(#9916,#9917,#9919,#9920));
#9922=FACE_OUTER_BOUND('',#9921,.F.);
#9923=ADVANCED_FACE('',(#9922),#9914,.F.);
#9924=CARTESIAN_POINT('',(6.5E1,2.51E1,-7.4E1));
#9925=DIRECTION('',(0.E0,1.E0,0.E0));
#9926=DIRECTION('',(4.723141362048E-2,0.E0,9.988839740267E-1));
#9927=AXIS2_PLACEMENT_3D('',#9924,#9925,#9926);
#9928=TOROIDAL_SURFACE('',#9927,1.01E1,1.E-1);
#9929=ORIENTED_EDGE('',*,*,#9915,.T.);
#9930=ORIENTED_EDGE('',*,*,#9890,.T.);
#9931=ORIENTED_EDGE('',*,*,#9863,.F.);
#9932=ORIENTED_EDGE('',*,*,#9887,.F.);
#9933=EDGE_LOOP('',(#9929,#9930,#9931,#9932));
#9934=FACE_OUTER_BOUND('',#9933,.F.);
#9935=ADVANCED_FACE('',(#9934),#9928,.T.);
#9936=CARTESIAN_POINT('',(6.5E1,2.99E1,-7.4E1));
#9937=DIRECTION('',(0.E0,1.E0,0.E0));
#9938=DIRECTION('',(6.974880900298E-2,0.E0,9.975645862011E-1));
#9939=AXIS2_PLACEMENT_3D('',#9936,#9937,#9938);
#9940=TOROIDAL_SURFACE('',#9939,1.01E1,1.E-1);
#9942=ORIENTED_EDGE('',*,*,#9941,.T.);
#9944=ORIENTED_EDGE('',*,*,#9943,.T.);
#9945=ORIENTED_EDGE('',*,*,#9918,.F.);
#9947=ORIENTED_EDGE('',*,*,#9946,.F.);
#9948=EDGE_LOOP('',(#9942,#9944,#9945,#9947));
#9949=FACE_OUTER_BOUND('',#9948,.F.);
#9950=ADVANCED_FACE('',(#9949),#9940,.T.);
#9951=CARTESIAN_POINT('',(0.E0,3.E1,0.E0));
#9952=DIRECTION('',(0.E0,1.E0,0.E0));
#9953=DIRECTION('',(0.E0,0.E0,-1.E0));
#9954=AXIS2_PLACEMENT_3D('',#9951,#9952,#9953);
#9955=PLANE('',#9954);
#9957=ORIENTED_EDGE('',*,*,#9956,.F.);
#9959=ORIENTED_EDGE('',*,*,#9958,.F.);
#9960=EDGE_LOOP('',(#9957,#9959));
#9961=FACE_OUTER_BOUND('',#9960,.F.);
#9962=ORIENTED_EDGE('',*,*,#9941,.F.);
#9964=ORIENTED_EDGE('',*,*,#9963,.F.);
#9965=EDGE_LOOP('',(#9962,#9964));
#9966=FACE_BOUND('',#9965,.F.);
#9967=ADVANCED_FACE('',(#9961,#9966),#9955,.T.);
#9968=CARTESIAN_POINT('',(6.5E1,2.95E1,-7.4E1));
#9969=DIRECTION('',(0.E0,1.E0,0.E0));
#9970=DIRECTION('',(2.456731065789E-2,0.E0,-9.996981780753E-1));
#9971=AXIS2_PLACEMENT_3D('',#9968,#9969,#9970);
#9972=TOROIDAL_SURFACE('',#9971,1.95E1,5.E-1);
#9973=ORIENTED_EDGE('',*,*,#9956,.T.);
#9975=ORIENTED_EDGE('',*,*,#9974,.T.);
#9977=ORIENTED_EDGE('',*,*,#9976,.F.);
#9979=ORIENTED_EDGE('',*,*,#9978,.F.);
#9980=EDGE_LOOP('',(#9973,#9975,#9977,#9979));
#9981=FACE_OUTER_BOUND('',#9980,.F.);
#9982=ADVANCED_FACE('',(#9981),#9972,.T.);
#9983=CARTESIAN_POINT('',(6.5E1,2.95E1,-7.4E1));
#9984=DIRECTION('',(0.E0,1.E0,0.E0));
#9985=DIRECTION('',(-2.456731065789E-2,0.E0,9.996981780753E-1));
#9986=AXIS2_PLACEMENT_3D('',#9983,#9984,#9985);
#9987=TOROIDAL_SURFACE('',#9986,1.95E1,5.E-1);
#9988=ORIENTED_EDGE('',*,*,#9958,.T.);
#9989=ORIENTED_EDGE('',*,*,#9978,.T.);
#9991=ORIENTED_EDGE('',*,*,#9990,.F.);
#9992=ORIENTED_EDGE('',*,*,#9974,.F.);
#9993=EDGE_LOOP('',(#9988,#9989,#9991,#9992));
#9994=FACE_OUTER_BOUND('',#9993,.F.);
#9995=ADVANCED_FACE('',(#9994),#9987,.T.);
#9996=CARTESIAN_POINT('',(6.5E1,-3.E1,-7.4E1));
#9997=DIRECTION('',(0.E0,1.E0,0.E0));
#9998=DIRECTION('',(0.E0,0.E0,-1.E0));
#9999=AXIS2_PLACEMENT_3D('',#9996,#9997,#9998);
#10000=CYLINDRICAL_SURFACE('',#9999,2.E1);
#10001=ORIENTED_EDGE('',*,*,#9990,.T.);
#10003=ORIENTED_EDGE('',*,*,#10002,.F.);
#10005=ORIENTED_EDGE('',*,*,#10004,.T.);
#10007=ORIENTED_EDGE('',*,*,#10006,.T.);
#10008=EDGE_LOOP('',(#10001,#10003,#10005,#10007));
#10009=FACE_OUTER_BOUND('',#10008,.F.);
#10010=ADVANCED_FACE('',(#10009),#10000,.T.);
#10011=CARTESIAN_POINT('',(6.5E1,-3.E1,-7.4E1));
#10012=DIRECTION('',(0.E0,1.E0,0.E0));
#10013=DIRECTION('',(0.E0,0.E0,-1.E0));
#10014=AXIS2_PLACEMENT_3D('',#10011,#10012,#10013);
#10015=CYLINDRICAL_SURFACE('',#10014,2.E1);
#10016=ORIENTED_EDGE('',*,*,#9976,.T.);
#10017=ORIENTED_EDGE('',*,*,#10006,.F.);
#10019=ORIENTED_EDGE('',*,*,#10018,.T.);
#10020=ORIENTED_EDGE('',*,*,#10002,.T.);
#10021=EDGE_LOOP('',(#10016,#10017,#10019,#10020));
#10022=FACE_OUTER_BOUND('',#10021,.F.);
#10024=ORIENTED_EDGE('',*,*,#10023,.F.);
#10026=ORIENTED_EDGE('',*,*,#10025,.F.);
#10027=EDGE_LOOP('',(#10024,#10026));
#10028=FACE_BOUND('',#10027,.F.);
#10029=ADVANCED_FACE('',(#10022,#10028),#10015,.T.);
#10030=CARTESIAN_POINT('',(5.028716212732E1,4.821651982421E-1,
-5.898343083885E1));
#10031=CARTESIAN_POINT('',(5.029558131082E1,3.216610294406E-1,
-5.897813887652E1));
#10032=CARTESIAN_POINT('',(5.031776298149E1,-5.384540493342E-1,
-5.896414752229E1));
#10033=CARTESIAN_POINT('',(5.013129019017E1,-2.203814610661E0,
-5.908152034375E1));
#10034=CARTESIAN_POINT('',(4.935807231082E1,-4.520115975861E0,
-5.959901767042E1));
#10035=CARTESIAN_POINT('',(4.807226219808E1,-6.940954592449E0,
-6.058026703413E1));
#10036=CARTESIAN_POINT('',(4.645444103375E1,-9.304460797095E0,
-6.208290284607E1));
#10037=CARTESIAN_POINT('',(4.480488447817E1,-1.139463523995E1,
-6.406390319458E1));
#10038=CARTESIAN_POINT('',(4.340323899534E1,-1.303774978267E1,
-6.636433178686E1));
#10039=CARTESIAN_POINT('',(4.238433458784E1,-1.418306949703E1,
-6.881488415289E1));
#10040=CARTESIAN_POINT('',(4.176614605869E1,-1.486271329860E1,
-7.134490651053E1));
#10041=CARTESIAN_POINT('',(4.154836198918E1,-1.509977282749E1,
-7.394761249641E1));
#10042=CARTESIAN_POINT('',(4.175311463082E1,-1.487697010683E1,
-7.662070624991E1));
#10043=CARTESIAN_POINT('',(4.242164872046E1,-1.414230040855E1,
-7.933863016968E1));
#10044=CARTESIAN_POINT('',(4.357379600061E1,-1.284451585561E1,
-8.198823481715E1));
#10045=CARTESIAN_POINT('',(4.510060879365E1,-1.103669461304E1,
-8.433843242477E1));
#10046=CARTESIAN_POINT('',(4.673863496121E1,-8.912659081011E0,
-8.619833612638E1));
#10047=CARTESIAN_POINT('',(4.822614948400E1,-6.670621509738E0,
-8.754030917359E1));
#10048=CARTESIAN_POINT('',(4.939686440553E1,-4.412067988173E0,
-8.842695696944E1));
#10049=CARTESIAN_POINT('',(5.013365017218E1,-2.182085570478E0,
-8.891997418320E1));
#10050=CARTESIAN_POINT('',(5.031776046709E1,-5.389670553991E-1,
-8.903584643020E1));
#10051=CARTESIAN_POINT('',(5.029558681206E1,3.213391524293E-1,
-8.902186651339E1));
#10052=CARTESIAN_POINT('',(5.028718135432E1,4.816878825218E-1,
-8.901658518962E1));
#10053=CARTESIAN_POINT('',(5.240427993131E1,5.612926821965E-1,
-5.925861593272E1));
#10054=CARTESIAN_POINT('',(5.241423303900E1,3.745683006400E-1,
-5.925148249879E1));
#10055=CARTESIAN_POINT('',(5.244024172586E1,-6.271118704067E-1,
-5.923238103732E1));
#10056=CARTESIAN_POINT('',(5.222316514689E1,-2.564668522559E0,
-5.939407232218E1));
#10057=CARTESIAN_POINT('',(5.135912675944E1,-5.123278183514E0,
-6.006686805034E1));
#10058=CARTESIAN_POINT('',(4.999663026349E1,-7.606570084720E0,
-6.123598831815E1));
#10059=CARTESIAN_POINT('',(4.835436778110E1,-9.871197946374E0,
-6.288725812879E1));
#10060=CARTESIAN_POINT('',(4.673292550100E1,-1.175745265724E1,
-6.492147424204E1));
#10061=CARTESIAN_POINT('',(4.539148947043E1,-1.316212783214E1,
-6.715292947173E1));
#10062=CARTESIAN_POINT('',(4.443887116013E1,-1.409527277015E1,
-6.942045316248E1));
#10063=CARTESIAN_POINT('',(4.387173404903E1,-1.462809777848E1,
-7.167880507664E1));
#10064=CARTESIAN_POINT('',(4.367420400709E1,-1.480973039355E1,
-7.395445403631E1));
#10065=CARTESIAN_POINT('',(4.385983362385E1,-1.463916850836E1,
-7.629017298554E1));
#10066=CARTESIAN_POINT('',(4.447292643935E1,-1.406366377121E1,
-7.871625397331E1));
#10067=CARTESIAN_POINT('',(4.555198270535E1,-1.300267673017E1,
-8.117845515177E1));
#10068=CARTESIAN_POINT('',(4.701984573760E1,-1.144293924661E1,
-8.348121917884E1));
#10069=CARTESIAN_POINT('',(4.863971458236E1,-9.503326844414E0,
-8.541555242017E1));
#10070=CARTESIAN_POINT('',(5.015815513466E1,-7.333539492808E0,
-8.690552798124E1));
#10071=CARTESIAN_POINT('',(5.140234396858E1,-5.004847329210E0,
-8.796679997633E1));
#10072=CARTESIAN_POINT('',(5.222592917054E1,-2.539323023540E0,
-8.860799736787E1));
#10073=CARTESIAN_POINT('',(5.244024391214E1,-6.277223733293E-1,
-8.876761020380E1));
#10074=CARTESIAN_POINT('',(5.241423660868E1,3.741980766961E-1,
-8.874852473678E1));
#10075=CARTESIAN_POINT('',(5.240429881722E1,5.607481097167E-1,
-8.874140519742E1));
#10076=CARTESIAN_POINT('',(5.391363241750E1,6.742326636150E-1,
-5.775059056749E1));
#10077=CARTESIAN_POINT('',(5.392467910263E1,4.500005345423E-1,
-5.774150388808E1));
#10078=CARTESIAN_POINT('',(5.395341617636E1,-7.534514705210E-1,
-5.771706115759E1));
#10079=CARTESIAN_POINT('',(5.371452130136E1,-3.080284154858E0,
-5.792462364787E1));
#10080=CARTESIAN_POINT('',(5.278573443395E1,-6.080367484030E0,
-5.877025196611E1));
#10081=CARTESIAN_POINT('',(5.136856607093E1,-8.885116975912E0,
-6.018890124512E1));
#10082=CARTESIAN_POINT('',(4.970887868942E1,-1.134634145332E1,
-6.212028860745E1));
#10083=CARTESIAN_POINT('',(4.810747986250E1,-1.332102447572E1,
-6.441910447856E1));
#10084=CARTESIAN_POINT('',(4.680896883415E1,-1.473790402245E1,
-6.686190854074E1));
#10085=CARTESIAN_POINT('',(4.590360773619E1,-1.564583618516E1,
-6.927421817992E1));
#10086=CARTESIAN_POINT('',(4.537286660864E1,-1.614836108145E1,
-7.162138835367E1));
#10087=CARTESIAN_POINT('',(4.518977622935E1,-1.631633227807E1,
-7.395350701697E1));
#10088=CARTESIAN_POINT('',(4.536177250691E1,-1.615871825729E1,
-7.634614255991E1));
#10089=CARTESIAN_POINT('',(4.593533968770E1,-1.561630370116E1,
-7.886764125777E1));
#10090=CARTESIAN_POINT('',(4.696228732578E1,-1.458122914713E1,
-8.149408473813E1));
#10091=CARTESIAN_POINT('',(4.838812342506E1,-1.299760683064E1,
-8.402966346690E1));
#10092=CARTESIAN_POINT('',(4.999504740665E1,-1.095141023172E1,
-8.623036753874E1));
#10093=CARTESIAN_POINT('',(5.153553599021E1,-8.579326256090E0,
-8.798170355096E1));
#10094=CARTESIAN_POINT('',(5.283210643091E1,-5.942018129333E0,
-8.927201658292E1));
#10095=CARTESIAN_POINT('',(5.371757337760E1,-3.049811887050E0,
-9.007803808507E1));
#10096=CARTESIAN_POINT('',(5.395342171389E1,-7.541918986170E-1,
-9.028292740620E1));
#10097=CARTESIAN_POINT('',(5.392468129525E1,4.495581986683E-1,
-9.025850531497E1));
#10098=CARTESIAN_POINT('',(5.391365106024E1,6.735844102271E-1,
-9.024943612969E1));
#10099=CARTESIAN_POINT('',(5.364153538838E1,7.331621371559E-1,
-5.563200696111E1));
#10100=CARTESIAN_POINT('',(5.365238492992E1,4.893010411274E-1,
-5.562237412116E1));
#10101=CARTESIAN_POINT('',(5.368063014640E1,-8.192301969305E-1,
-5.559651237208E1));
#10102=CARTESIAN_POINT('',(5.344566854317E1,-3.349714793551E0,
-5.581582900477E1));
#10103=CARTESIAN_POINT('',(5.252855414406E1,-6.647143815599E0,
-5.671742813940E1));
#10104=CARTESIAN_POINT('',(5.112124169789E1,-9.782387288971E0,
-5.825322884266E1));
#10105=CARTESIAN_POINT('',(4.946469557286E1,-1.258280828797E1,
-6.037839572930E1));
#10106=CARTESIAN_POINT('',(4.785968343222E1,-1.486950512466E1,
-6.294744052783E1));
#10107=CARTESIAN_POINT('',(4.655343414148E1,-1.653974256871E1,
-6.571756912654E1));
#10108=CARTESIAN_POINT('',(4.563955379622E1,-1.762902960673E1,
-6.848989266162E1));
#10109=CARTESIAN_POINT('',(4.510225141867E1,-1.824133467426E1,
-7.121730403062E1));
#10110=CARTESIAN_POINT('',(4.491655794346E1,-1.844803317273E1,
-7.394550784795E1));
#10111=CARTESIAN_POINT('',(4.509101195778E1,-1.825400568554E1,
-7.674509259799E1));
#10112=CARTESIAN_POINT('',(4.567170458334E1,-1.759287534897E1,
-7.967507209673E1));
#10113=CARTESIAN_POINT('',(4.670804605286E1,-1.635267850620E1,
-8.268968756233E1));
#10114=CARTESIAN_POINT('',(4.814145851599E1,-1.449177579616E1,
-8.555729075765E1));
#10115=CARTESIAN_POINT('',(4.975071612001E1,-1.213086837183E1,
-8.800917492742E1));
#10116=CARTESIAN_POINT('',(5.128723001650E1,-9.439248352030E0,
-8.993199341456E1));
#10117=CARTESIAN_POINT('',(5.257435741476E1,-6.494829107096E0,
-9.132766023465E1));
#10118=CARTESIAN_POINT('',(5.344866869102E1,-3.316592062168E0,
-9.218698127371E1));
#10119=CARTESIAN_POINT('',(5.368063507978E1,-8.200319476933E-1,
-9.240347563033E1));
#10120=CARTESIAN_POINT('',(5.365238737079E1,4.888189031220E-1,
-9.237763564125E1));
#10121=CARTESIAN_POINT('',(5.364155407496E1,7.324544017894E-1,
-9.236802143951E1));
#10122=(BOUNDED_SURFACE()B_SPLINE_SURFACE(3,3,((#10030,#10031,#10032,#10033,
#10034,#10035,#10036,#10037,#10038,#10039,#10040,#10041,#10042,#10043,#10044,
#10045,#10046,#10047,#10048,#10049,#10050,#10051,#10052),(#10053,#10054,#10055,
#10056,#10057,#10058,#10059,#10060,#10061,#10062,#10063,#10064,#10065,#10066,
#10067,#10068,#10069,#10070,#10071,#10072,#10073,#10074,#10075),(#10076,#10077,
#10078,#10079,#10080,#10081,#10082,#10083,#10084,#10085,#10086,#10087,#10088,
#10089,#10090,#10091,#10092,#10093,#10094,#10095,#10096,#10097,#10098),(#10099,
#10100,#10101,#10102,#10103,#10104,#10105,#10106,#10107,#10108,#10109,#10110,
#10111,#10112,#10113,#10114,#10115,#10116,#10117,#10118,#10119,#10120,#10121)),
.UNSPECIFIED.,.F.,.F.,.F.)B_SPLINE_SURFACE_WITH_KNOTS((4,4),(4,1,1,1,1,1,1,1,1,
1,1,1,1,1,1,1,1,1,1,1,4),(0.E0,1.E0),(-1.021577672207E-2,0.E0,4.443291968357E-2,
9.528268310977E-2,1.534925249310E-1,2.185025689768E-1,2.844891837114E-1,
3.450097068330E-1,3.993386305986E-1,4.496373617835E-1,4.985845091307E-1,
5.488509409914E-1,6.029232421875E-1,6.634824045442E-1,7.295697650198E-1,
7.940589443301E-1,8.523162385552E-1,9.061137534173E-1,9.555480342478E-1,1.E0,
1.010204900563E0),.UNSPECIFIED.)GEOMETRIC_REPRESENTATION_ITEM()RATIONAL_B_SPLINE_SURFACE(((1.241313811364E0,1.241313811364E0,1.241313811364E0,1.241313811364E0,
1.241313811364E0,1.241313811364E0,1.241313811364E0,1.241313811364E0,
1.241313811364E0,1.241313811364E0,1.241313811364E0,1.241313811364E0,
1.241313811364E0,1.241313811364E0,1.241313811364E0,1.241313811364E0,
1.241313811364E0,1.241313811364E0,1.241313811364E0,1.241313811364E0,
1.241313811364E0,1.241313811364E0,1.241313811364E0),(9.195620628785E-1,
9.195620628785E-1,9.195620628785E-1,9.195620628785E-1,9.195620628785E-1,
9.195620628785E-1,9.195620628785E-1,9.195620628785E-1,9.195620628785E-1,
9.195620628785E-1,9.195620628785E-1,9.195620628785E-1,9.195620628785E-1,
9.195620628785E-1,9.195620628785E-1,9.195620628785E-1,9.195620628785E-1,
9.195620628785E-1,9.195620628785E-1,9.195620628785E-1,9.195620628785E-1,
9.195620628785E-1,9.195620628785E-1),(9.195620628785E-1,9.195620628785E-1,
9.195620628785E-1,9.195620628785E-1,9.195620628785E-1,9.195620628785E-1,
9.195620628785E-1,9.195620628785E-1,9.195620628785E-1,9.195620628785E-1,
9.195620628785E-1,9.195620628785E-1,9.195620628785E-1,9.195620628785E-1,
9.195620628785E-1,9.195620628785E-1,9.195620628785E-1,9.195620628785E-1,
9.195620628785E-1,9.195620628785E-1,9.195620628785E-1,9.195620628785E-1,
9.195620628785E-1),(1.241313811364E0,1.241313811364E0,1.241313811364E0,
1.241313811364E0,1.241313811364E0,1.241313811364E0,1.241313811364E0,
1.241313811364E0,1.241313811364E0,1.241313811364E0,1.241313811364E0,
1.241313811364E0,1.241313811364E0,1.241313811364E0,1.241313811364E0,
1.241313811364E0,1.241313811364E0,1.241313811364E0,1.241313811364E0,
1.241313811364E0,1.241313811364E0,1.241313811364E0,1.241313811364E0)))REPRESENTATION_ITEM('')SURFACE());
#10124=ORIENTED_EDGE('',*,*,#10123,.F.);
#10126=ORIENTED_EDGE('',*,*,#10125,.T.);
#10127=ORIENTED_EDGE('',*,*,#10023,.T.);
#10129=ORIENTED_EDGE('',*,*,#10128,.F.);
#10130=EDGE_LOOP('',(#10124,#10126,#10127,#10129));
#10131=FACE_OUTER_BOUND('',#10130,.F.);
#10132=ADVANCED_FACE('',(#10131),#10122,.F.);
#10133=CARTESIAN_POINT('',(0.E0,0.E0,-7.4E1));
#10134=DIRECTION('',(1.E0,0.E0,0.E0));
#10135=DIRECTION('',(0.E0,0.E0,-1.E0));
#10136=AXIS2_PLACEMENT_3D('',#10133,#10134,#10135);
#10137=CYLINDRICAL_SURFACE('',#10136,1.5E1);
#10139=ORIENTED_EDGE('',*,*,#10138,.F.);
#10141=ORIENTED_EDGE('',*,*,#10140,.T.);
#10142=ORIENTED_EDGE('',*,*,#10123,.T.);
#10144=ORIENTED_EDGE('',*,*,#10143,.F.);
#10145=EDGE_LOOP('',(#10139,#10141,#10142,#10144));
#10146=FACE_OUTER_BOUND('',#10145,.F.);
#10147=ADVANCED_FACE('',(#10146),#10137,.T.);
#10148=CARTESIAN_POINT('',(2.301860106429E1,5.328281007154E-1,
-5.562527336455E1));
#10149=CARTESIAN_POINT('',(2.302252657149E1,3.553681400010E-1,
-5.562009879806E1));
#10150=CARTESIAN_POINT('',(2.303511324314E1,-7.815024092374E-1,
-5.560376521645E1));
#10151=CARTESIAN_POINT('',(2.290463392081E1,-2.951437136431E0,
-5.577145919784E1));
#10152=CARTESIAN_POINT('',(2.234670784671E1,-5.992263079813E0,
-5.650760078745E1));
#10153=CARTESIAN_POINT('',(2.137382706251E1,-9.102402267122E0,
-5.786964298338E1));
#10154=CARTESIAN_POINT('',(2.004920114808E1,-1.206201375918E1,
-5.991960591612E1));
#10155=CARTESIAN_POINT('',(1.859428038275E1,-1.458112881339E1,
-6.255535500574E1));
#10156=CARTESIAN_POINT('',(1.728526495082E1,-1.648291177826E1,
-6.556269260559E1));
#10157=CARTESIAN_POINT('',(1.631265857693E1,-1.774393238850E1,
-6.877499127944E1));
#10158=CARTESIAN_POINT('',(1.577666053696E1,-1.839451397841E1,
-7.214741382347E1));
#10159=CARTESIAN_POINT('',(1.575546534234E1,-1.841957216836E1,
-7.568044530963E1));
#10160=CARTESIAN_POINT('',(1.631495197674E1,-1.774306117503E1,
-7.931158132883E1));
#10161=CARTESIAN_POINT('',(1.742315192919E1,-1.630246869836E1,
-8.283879072217E1));
#10162=CARTESIAN_POINT('',(1.884654281270E1,-1.418561668176E1,
-8.594244087288E1));
#10163=CARTESIAN_POINT('',(2.024689704915E1,-1.165154430976E1,
-8.839248686077E1));
#10164=CARTESIAN_POINT('',(2.138294857615E1,-9.021472564992E0,
-9.013464972955E1));
#10165=CARTESIAN_POINT('',(2.219135006097E1,-6.496688811488E0,
-9.127696096435E1));
#10166=CARTESIAN_POINT('',(2.270279103841E1,-4.148806701182E0,
-9.196370328666E1));
#10167=CARTESIAN_POINT('',(2.296998596900E1,-2.003233257268E0,
-9.231221856838E1));
#10168=CARTESIAN_POINT('',(2.303157376249E1,-4.639685713505E-1,
-9.239162797379E1));
#10169=CARTESIAN_POINT('',(2.302252136693E1,3.551329967220E-1,
-9.237991619071E1));
#10170=CARTESIAN_POINT('',(2.301860238623E1,5.325248481160E-1,
-9.237480018477E1));
#10171=CARTESIAN_POINT('',(2.274626596675E1,4.575019502831E-1,
-5.774334138137E1));
#10172=CARTESIAN_POINT('',(2.275013653629E1,3.051192012763E-1,
-5.773906543338E1));
#10173=CARTESIAN_POINT('',(2.276256083188E1,-6.709949986438E-1,
-5.772560049981E1));
#10174=CARTESIAN_POINT('',(2.263368851437E1,-2.534174089451E0,
-5.786365734515E1));
#10175=CARTESIAN_POINT('',(2.208164739138E1,-5.161926447510E0,
-5.847492475705E1));
#10176=CARTESIAN_POINT('',(2.111612833949E1,-7.880282317233E0,
-5.962310538096E1));
#10177=CARTESIAN_POINT('',(1.979668908510E1,-1.050335743804E1,
-6.138193573670E1));
#10178=CARTESIAN_POINT('',(1.834177463838E1,-1.276863871077E1,
-6.368296981933E1));
#10179=CARTESIAN_POINT('',(1.702733978025E1,-1.450294533074E1,
-6.635080939583E1));
#10180=CARTESIAN_POINT('',(1.604657831758E1,-1.566756330100E1,
-6.924104483980E1));
#10181=CARTESIAN_POINT('',(1.550416392160E1,-1.627419759061E1,
-7.230788315024E1));
#10182=CARTESIAN_POINT('',(1.548268020241E1,-1.629766427191E1,
-7.553507610208E1));
#10183=CARTESIAN_POINT('',(1.604899051980E1,-1.566647191308E1,
-7.883850998745E1));
#10184=CARTESIAN_POINT('',(1.716627812327E1,-1.433656290345E1,
-8.200916909396E1));
#10185=CARTESIAN_POINT('',(1.859450584430E1,-1.241044290143E1,
-8.475468766655E1));
#10186=CARTESIAN_POINT('',(1.999376153677E1,-1.013825946670E1,
-8.688670319173E1));
#10187=CARTESIAN_POINT('',(2.112496879599E1,-7.811047338848E0,
-8.837917165178E1));
#10188=CARTESIAN_POINT('',(2.192752481425E1,-5.602514373345E0,
-8.934382018021E1));
#10189=CARTESIAN_POINT('',(2.243403878058E1,-3.567708833102E0,
-8.991679822073E1));
#10190=CARTESIAN_POINT('',(2.269822489010E1,-1.719982028630E0,
-9.020515369261E1));
#10191=CARTESIAN_POINT('',(2.275907117692E1,-3.983628896803E-1,
-9.027060616226E1));
#10192=CARTESIAN_POINT('',(2.275012934358E1,3.049171241924E-1,
-9.026094761311E1));
#10193=CARTESIAN_POINT('',(2.274626088548E1,4.572421487253E-1,
-9.025672314880E1));
#10194=CARTESIAN_POINT('',(2.425679617183E1,4.422922115548E-1,
-5.925461970237E1));
#10195=CARTESIAN_POINT('',(2.426097145787E1,2.949964754883E-1,
-5.925014766717E1));
#10196=CARTESIAN_POINT('',(2.427429638635E1,-6.487403980573E-1,
-5.923599763500E1));
#10197=CARTESIAN_POINT('',(2.413651067741E1,-2.449959486890E0,
-5.938146940474E1));
#10198=CARTESIAN_POINT('',(2.355182816338E1,-4.956323902993E0,
-6.001453248922E1));
#10199=CARTESIAN_POINT('',(2.254547662562E1,-7.487344836275E0,
-6.116767834268E1));
#10200=CARTESIAN_POINT('',(2.119726911217E1,-9.857492417138E0,
-6.287072515463E1));
#10201=CARTESIAN_POINT('',(1.974231961871E1,-1.184038505155E1,
-6.501853439864E1));
#10202=CARTESIAN_POINT('',(1.845794407735E1,-1.331180781895E1,
-6.742429528527E1));
#10203=CARTESIAN_POINT('',(1.752241552090E1,-1.427197852082E1,
-6.995110845965E1));
#10204=CARTESIAN_POINT('',(1.701558999929E1,-1.476122487302E1,
-7.256946975427E1));
#10205=CARTESIAN_POINT('',(1.699570660658E1,-1.477996195959E1,
-7.529740614538E1));
#10206=CARTESIAN_POINT('',(1.752416877524E1,-1.427161844897E1,
-7.811523242853E1));
#10207=CARTESIAN_POINT('',(1.859105093526E1,-1.317413277653E1,
-8.089283834252E1));
#10208=CARTESIAN_POINT('',(1.999245071809E1,-1.153174496289E1,
-8.338385350587E1));
#10209=CARTESIAN_POINT('',(2.139779957991E1,-9.530153782631E0,
-8.538763289419E1));
#10210=CARTESIAN_POINT('',(2.255587598991E1,-7.419898104384E0,
-8.683737491193E1));
#10211=CARTESIAN_POINT('',(2.339085439472E1,-5.367136344384E0,
-8.780269444518E1));
#10212=CARTESIAN_POINT('',(2.392469645486E1,-3.438126112236E0,
-8.839038807272E1));
#10213=CARTESIAN_POINT('',(2.420557125108E1,-1.662908664596E0,
-8.869120224412E1));
#10214=CARTESIAN_POINT('',(2.427053036881E1,-3.851480549313E-1,
-8.876000677952E1));
#10215=CARTESIAN_POINT('',(2.426097529258E1,2.948014730155E-1,
-8.874986458790E1));
#10216=CARTESIAN_POINT('',(2.425682660652E1,4.420398728630E-1,
-8.874543989182E1));
#10217=CARTESIAN_POINT('',(2.637557802301E1,4.990262328101E-1,
-5.898391292352E1));
#10218=CARTESIAN_POINT('',(2.638018072704E1,3.328715642188E-1,
-5.897830257611E1));
#10219=CARTESIAN_POINT('',(2.639476895011E1,-7.320441586558E-1,
-5.896044644289E1));
#10220=CARTESIAN_POINT('',(2.624448065636E1,-2.764280018066E0,
-5.914461922772E1));
#10221=CARTESIAN_POINT('',(2.561401290300E1,-5.535335437934E0,
-5.992919915401E1));
#10222=CARTESIAN_POINT('',(2.455038668796E1,-8.229144608750E0,
-6.130227599270E1));
#10223=CARTESIAN_POINT('',(2.316182667779E1,-1.062665418390E1,
-6.322826651460E1));
#10224=CARTESIAN_POINT('',(2.170682802516E1,-1.251819347098E1,
-6.552349129628E1));
#10225=CARTESIAN_POINT('',(2.046461591398E1,-1.383574777698E1,
-6.794838961730E1));
#10226=CARTESIAN_POINT('',(1.959253439120E1,-1.464240821161E1,
-7.035302474282E1));
#10227=CARTESIAN_POINT('',(1.913562846791E1,-1.503210882093E1,
-7.272875949896E1));
#10228=CARTESIAN_POINT('',(1.911798981198E1,-1.504665603897E1,
-7.515225158947E1));
#10229=CARTESIAN_POINT('',(1.959336335630E1,-1.464316226269E1,
-7.770418142918E1));
#10230=CARTESIAN_POINT('',(2.058954309776E1,-1.371910350710E1,
-8.035787600873E1));
#10231=CARTESIAN_POINT('',(2.195331202201E1,-1.223281314069E1,
-8.289592205709E1));
#10232=CARTESIAN_POINT('',(2.336720761567E1,-1.030010045052E1,
-8.506097820810E1));
#10233=CARTESIAN_POINT('',(2.456297269210E1,-8.152189075595E0,
-8.670818654909E1));
#10234=CARTESIAN_POINT('',(2.544342914426E1,-5.973588633054E0,
-8.785198901374E1));
#10235=CARTESIAN_POINT('',(2.601560361841E1,-3.860824238647E0,
-8.857143500948E1));
#10236=CARTESIAN_POINT('',(2.631988720605E1,-1.876394371575E0,
-8.894763829578E1));
#10237=CARTESIAN_POINT('',(2.639061528588E1,-4.346001445449E-1,
-8.903449727580E1));
#10238=CARTESIAN_POINT('',(2.638020002962E1,3.326521434368E-1,
-8.902171065382E1));
#10239=CARTESIAN_POINT('',(2.637565827501E1,4.987395655589E-1,
-8.901614965616E1));
#10240=(BOUNDED_SURFACE()B_SPLINE_SURFACE(3,3,((#10148,#10149,#10150,#10151,
#10152,#10153,#10154,#10155,#10156,#10157,#10158,#10159,#10160,#10161,#10162,
#10163,#10164,#10165,#10166,#10167,#10168,#10169,#10170),(#10171,#10172,#10173,
#10174,#10175,#10176,#10177,#10178,#10179,#10180,#10181,#10182,#10183,#10184,
#10185,#10186,#10187,#10188,#10189,#10190,#10191,#10192,#10193),(#10194,#10195,
#10196,#10197,#10198,#10199,#10200,#10201,#10202,#10203,#10204,#10205,#10206,
#10207,#10208,#10209,#10210,#10211,#10212,#10213,#10214,#10215,#10216),(#10217,
#10218,#10219,#10220,#10221,#10222,#10223,#10224,#10225,#10226,#10227,#10228,
#10229,#10230,#10231,#10232,#10233,#10234,#10235,#10236,#10237,#10238,#10239)),
.UNSPECIFIED.,.F.,.F.,.F.)B_SPLINE_SURFACE_WITH_KNOTS((4,4),(4,1,1,1,1,1,1,1,1,
1,1,1,1,1,1,1,1,1,1,1,4),(0.E0,1.E0),(-9.776711201624E-3,0.E0,5.279235990100E-2,
1.092819500924E-1,1.718692979853E-1,2.400286351143E-1,3.075807763427E-1,
3.686830875885E-1,4.230261878236E-1,4.731700206224E-1,5.229040100928E-1,
5.768481611436E-1,6.384028567459E-1,7.063887781810E-1,7.720026678670E-1,
8.298750724495E-1,8.804945577949E-1,9.251637251833E-1,9.646880844338E-1,1.E0,
1.009771945520E0),.UNSPECIFIED.)GEOMETRIC_REPRESENTATION_ITEM()RATIONAL_B_SPLINE_SURFACE(((1.241317293844E0,1.241317293844E0,1.241317293844E0,1.241317293844E0,
1.241317293844E0,1.241317293844E0,1.241317293844E0,1.241317293844E0,
1.241317293844E0,1.241317293844E0,1.241317293844E0,1.241317293844E0,
1.241317293844E0,1.241317293844E0,1.241317293844E0,1.241317293844E0,
1.241317293844E0,1.241317293844E0,1.241317293844E0,1.241317293844E0,
1.241317293844E0,1.241317293844E0,1.241317293844E0),(9.195609020521E-1,
9.195609020521E-1,9.195609020521E-1,9.195609020521E-1,9.195609020521E-1,
9.195609020521E-1,9.195609020521E-1,9.195609020521E-1,9.195609020521E-1,
9.195609020521E-1,9.195609020521E-1,9.195609020521E-1,9.195609020521E-1,
9.195609020521E-1,9.195609020521E-1,9.195609020521E-1,9.195609020521E-1,
9.195609020521E-1,9.195609020521E-1,9.195609020521E-1,9.195609020521E-1,
9.195609020521E-1,9.195609020521E-1),(9.195609020521E-1,9.195609020521E-1,
9.195609020521E-1,9.195609020521E-1,9.195609020521E-1,9.195609020521E-1,
9.195609020521E-1,9.195609020521E-1,9.195609020521E-1,9.195609020521E-1,
9.195609020521E-1,9.195609020521E-1,9.195609020521E-1,9.195609020521E-1,
9.195609020521E-1,9.195609020521E-1,9.195609020521E-1,9.195609020521E-1,
9.195609020521E-1,9.195609020521E-1,9.195609020521E-1,9.195609020521E-1,
9.195609020521E-1),(1.241317293844E0,1.241317293844E0,1.241317293844E0,
1.241317293844E0,1.241317293844E0,1.241317293844E0,1.241317293844E0,
1.241317293844E0,1.241317293844E0,1.241317293844E0,1.241317293844E0,
1.241317293844E0,1.241317293844E0,1.241317293844E0,1.241317293844E0,
1.241317293844E0,1.241317293844E0,1.241317293844E0,1.241317293844E0,
1.241317293844E0,1.241317293844E0,1.241317293844E0,1.241317293844E0)))REPRESENTATION_ITEM('')SURFACE());
#10241=ORIENTED_EDGE('',*,*,#8889,.F.);
#10243=ORIENTED_EDGE('',*,*,#10242,.T.);
#10244=ORIENTED_EDGE('',*,*,#10138,.T.);
#10246=ORIENTED_EDGE('',*,*,#10245,.F.);
#10247=EDGE_LOOP('',(#10241,#10243,#10244,#10246));
#10248=FACE_OUTER_BOUND('',#10247,.F.);
#10249=ADVANCED_FACE('',(#10248),#10240,.F.);
#10250=CARTESIAN_POINT('',(2.301860106406E1,-5.328281051454E-1,
-9.237472664322E1));
#10251=CARTESIAN_POINT('',(2.302252657078E1,-3.553681405161E-1,
-9.237990120301E1));
#10252=CARTESIAN_POINT('',(2.303511275631E1,7.814588342995E-1,
-9.239623415164E1));
#10253=CARTESIAN_POINT('',(2.290464611457E1,2.951282908638E0,
-9.222855637476E1));
#10254=CARTESIAN_POINT('',(2.234677873611E1,5.991948661037E0,
-9.149249368024E1));
#10255=CARTESIAN_POINT('',(2.137395184261E1,9.102083786210E0,
-9.013053868123E1));
#10256=CARTESIAN_POINT('',(2.004932622756E1,1.206178189414E1,
-8.808060749637E1));
#10257=CARTESIAN_POINT('',(1.859440048806E1,1.458093458894E1,
-8.544488028905E1));
#10258=CARTESIAN_POINT('',(1.728542930855E1,1.648268378E1,-8.243771484306E1));
#10259=CARTESIAN_POINT('',(1.631284206506E1,1.774370288862E1,
-7.922574055240E1));
#10260=CARTESIAN_POINT('',(1.577676531775E1,1.839438939360E1,
-7.585365084033E1));
#10261=CARTESIAN_POINT('',(1.575537710712E1,1.841967644422E1,
-7.232096490539E1));
#10262=CARTESIAN_POINT('',(1.631456660923E1,1.774353595298E1,
-6.869011184999E1));
#10263=CARTESIAN_POINT('',(1.742250990389E1,1.630334686989E1,
-6.516284140588E1));
#10264=CARTESIAN_POINT('',(1.884588110458E1,1.418670294762E1,
-6.205880605412E1));
#10265=CARTESIAN_POINT('',(2.024641741004E1,1.165254102694E1,
-5.960828027748E1));
#10266=CARTESIAN_POINT('',(2.138266658581E1,9.022242661303E0,
-5.786575953204E1));
#10267=CARTESIAN_POINT('',(2.219120530945E1,6.497250324941E0,
-5.672323620484E1));
#10268=CARTESIAN_POINT('',(2.270273586763E1,4.149166750491E0,
-5.603636898888E1));
#10269=CARTESIAN_POINT('',(2.296997718197E1,2.003399480708E0,
-5.568779273155E1));
#10270=CARTESIAN_POINT('',(2.303157428220E1,4.640155333199E-1,
-5.560837135433E1));
#10271=CARTESIAN_POINT('',(2.302252136801E1,-3.551329967318E-1,
-5.562008380889E1));
#10272=CARTESIAN_POINT('',(2.301860238767E1,-5.325248467695E-1,
-5.562519981833E1));
#10273=CARTESIAN_POINT('',(2.274626596570E1,-4.575019537125E-1,
-9.025665862552E1));
#10274=CARTESIAN_POINT('',(2.275013653534E1,-3.051192014373E-1,
-9.026093456757E1));
#10275=CARTESIAN_POINT('',(2.276256035212E1,6.709575849501E-1,
-9.027439898032E1));
#10276=CARTESIAN_POINT('',(2.263370055387E1,2.534041654993E0,
-9.013635544947E1));
#10277=CARTESIAN_POINT('',(2.208171757546E1,5.161653898747E0,
-8.952515392240E1));
#10278=CARTESIAN_POINT('',(2.111625239797E1,7.880001759495E0,
-8.837704905700E1));
#10279=CARTESIAN_POINT('',(1.979681400897E1,1.050314984990E1,
-8.661824956161E1));
#10280=CARTESIAN_POINT('',(1.834189491322E1,1.276846319614E1,
-8.431723683731E1));
#10281=CARTESIAN_POINT('',(1.702750503711E1,1.450273647649E1,
-8.164955351341E1));
#10282=CARTESIAN_POINT('',(1.604676366625E1,1.566735030687E1,
-7.875961673732E1));
#10283=CARTESIAN_POINT('',(1.550427009938E1,1.627408101945E1,
-7.569308801736E1));
#10284=CARTESIAN_POINT('',(1.548259074825E1,1.629776195091E1,
-7.246621172580E1));
#10285=CARTESIAN_POINT('',(1.604860092971E1,1.566691352488E1,
-6.916302370666E1));
#10286=CARTESIAN_POINT('',(1.716563231079E1,1.433736849413E1,
-6.599228639854E1));
#10287=CARTESIAN_POINT('',(1.859384354815E1,1.241142325594E1,
-6.324640469885E1));
#10288=CARTESIAN_POINT('',(1.999328331967E1,1.013914606729E1,
-6.111395790310E1));
#10289=CARTESIAN_POINT('',(2.112468853117E1,7.811724064017E0,
-5.962117582560E1));
#10290=CARTESIAN_POINT('',(2.192738134681E1,5.603002627432E0,
-5.865634495476E1));
#10291=CARTESIAN_POINT('',(2.243398421634E1,3.568019362453E0,
-5.808326166109E1));
#10292=CARTESIAN_POINT('',(2.269821621008E1,1.720124749840E0,
-5.779485561336E1));
#10293=CARTESIAN_POINT('',(2.275907169003E1,3.984032112861E-1,
-5.772939328425E1));
#10294=CARTESIAN_POINT('',(2.275012934474E1,-3.049171242907E-1,
-5.773905238653E1));
#10295=CARTESIAN_POINT('',(2.274626088735E1,-4.572421476968E-1,
-5.774327685395E1));
#10296=CARTESIAN_POINT('',(2.425679617527E1,-4.422922156270E-1,
-8.874538030383E1));
#10297=CARTESIAN_POINT('',(2.426097145822E1,-2.949964762129E-1,
-8.874985233367E1));
#10298=CARTESIAN_POINT('',(2.427429586731E1,6.487042260913E-1,
-8.876400181643E1));
#10299=CARTESIAN_POINT('',(2.413652357248E1,2.449831475312E0,
-8.861854413149E1));
#10300=CARTESIAN_POINT('',(2.355190225953E1,4.956065636957E0,
-8.798554850033E1));
#10301=CARTESIAN_POINT('',(2.254560468657E1,7.487087979764E0,
-8.683247408781E1));
#10302=CARTESIAN_POINT('',(2.119739489906E1,9.857308941151E0,
-8.512944982128E1));
#10303=CARTESIAN_POINT('',(1.974243895313E1,1.184023308039E1,
-8.298165602393E1));
#10304=CARTESIAN_POINT('',(1.845810434707E1,1.331163240304E1,
-8.057602911751E1));
#10305=CARTESIAN_POINT('',(1.752259054987E1,1.427180487312E1,
-7.804946390574E1));
#10306=CARTESIAN_POINT('',(1.701568842845E1,1.476113160880E1,
-7.543135370744E1));
#10307=CARTESIAN_POINT('',(1.699562391330E1,1.478003990366E1,
-7.270368304381E1));
#10308=CARTESIAN_POINT('',(1.752380260607E1,1.427197664609E1,
-6.988608857201E1));
#10309=CARTESIAN_POINT('',(1.859042612872E1,1.317480719684E1,
-6.710845924694E1));
#10310=CARTESIAN_POINT('',(1.999179168348E1,1.153259625640E1,
-6.461715858103E1));
#10311=CARTESIAN_POINT('',(2.139731347545E1,9.530948579099E0,
-6.261300134930E1));
#10312=CARTESIAN_POINT('',(2.255558615429E1,7.420520959056E0,
-6.116296896250E1));
#10313=CARTESIAN_POINT('',(2.339070380497E1,5.367595973273E0,
-6.019747362175E1));
#10314=CARTESIAN_POINT('',(2.392463852636E1,3.438423523624E0,
-5.960967422350E1));
#10315=CARTESIAN_POINT('',(2.420556197745E1,1.663046647380E0,
-5.930880755510E1));
#10316=CARTESIAN_POINT('',(2.427053091850E1,3.851870387264E-1,
-5.923999263802E1));
#10317=CARTESIAN_POINT('',(2.426097529325E1,-2.948014729279E-1,
-5.925013541179E1));
#10318=CARTESIAN_POINT('',(2.425682660595E1,-4.420398716093E-1,
-5.925456011067E1));
#10319=CARTESIAN_POINT('',(2.637557803274E1,-4.990262386689E-1,
-8.901608708272E1));
#10320=CARTESIAN_POINT('',(2.638018072922E1,-3.328715659866E-1,
-8.902169742474E1));
#10321=CARTESIAN_POINT('',(2.639476837596E1,7.320033433125E-1,
-8.903955286145E1));
#10322=CARTESIAN_POINT('',(2.624449475150E1,2.764135619609E0,
-8.885539799303E1));
#10323=CARTESIAN_POINT('',(2.561409248651E1,5.535052760849E0,
-8.807090044762E1));
#10324=CARTESIAN_POINT('',(2.455052036309E1,8.228878801048E0,
-8.669790121053E1));
#10325=CARTESIAN_POINT('',(2.316195367520E1,1.062647590532E1,
-8.477192395757E1));
#10326=CARTESIAN_POINT('',(2.170694604048E1,1.251805156915E1,
-8.247670792021E1));
#10327=CARTESIAN_POINT('',(2.046476918835E1,1.383559409152E1,
-8.005193225525E1));
#10328=CARTESIAN_POINT('',(1.959269494499E1,1.464226615457E1,
-7.764750882638E1));
#10329=CARTESIAN_POINT('',(1.913571602829E1,1.503203603306E1,
-7.527197690575E1));
#10330=CARTESIAN_POINT('',(1.911791660201E1,1.504671645627E1,
-7.284871717427E1));
#10331=CARTESIAN_POINT('',(1.959303003905E1,1.464345166127E1,
-7.029703906301E1));
#10332=CARTESIAN_POINT('',(2.058894775572E1,1.371969016778E1,
-6.764340519827E1));
#10333=CARTESIAN_POINT('',(2.195265756227E1,1.223361258358E1,
-6.510514646033E1));
#10334=CARTESIAN_POINT('',(2.336671044783E1,1.030089314376E1,
-6.293972925617E1));
#10335=CARTESIAN_POINT('',(2.456266943178E1,8.152839451020E0,
-6.129221470536E1));
#10336=CARTESIAN_POINT('',(2.544326856425E1,5.974086530350E0,
-6.014821467137E1));
#10337=CARTESIAN_POINT('',(2.601554097097E1,3.861155134815E0,
-5.942864263177E1));
#10338=CARTESIAN_POINT('',(2.631987709980E1,1.876550064415E0,
-5.905237410033E1));
#10339=CARTESIAN_POINT('',(2.639061588689E1,4.346441333864E-1,
-5.896550198791E1));
#10340=CARTESIAN_POINT('',(2.638020002963E1,-3.326521430336E-1,
-5.897828934585E1));
#10341=CARTESIAN_POINT('',(2.637565827104E1,-4.987395637119E-1,
-5.898385034636E1));
#10342=(BOUNDED_SURFACE()B_SPLINE_SURFACE(3,3,((#10250,#10251,#10252,#10253,
#10254,#10255,#10256,#10257,#10258,#10259,#10260,#10261,#10262,#10263,#10264,
#10265,#10266,#10267,#10268,#10269,#10270,#10271,#10272),(#10273,#10274,#10275,
#10276,#10277,#10278,#10279,#10280,#10281,#10282,#10283,#10284,#10285,#10286,
#10287,#10288,#10289,#10290,#10291,#10292,#10293,#10294,#10295),(#10296,#10297,
#10298,#10299,#10300,#10301,#10302,#10303,#10304,#10305,#10306,#10307,#10308,
#10309,#10310,#10311,#10312,#10313,#10314,#10315,#10316,#10317,#10318),(#10319,
#10320,#10321,#10322,#10323,#10324,#10325,#10326,#10327,#10328,#10329,#10330,
#10331,#10332,#10333,#10334,#10335,#10336,#10337,#10338,#10339,#10340,#10341)),
.UNSPECIFIED.,.F.,.F.,.F.)B_SPLINE_SURFACE_WITH_KNOTS((4,4),(4,1,1,1,1,1,1,1,1,
1,1,1,1,1,1,1,1,1,1,1,4),(0.E0,1.E0),(-9.776711299019E-3,0.E0,5.278996161472E-2,
1.092759060750E-1,1.718597784297E-1,2.400241296713E-1,3.075776448095E-1,
3.686744680630E-1,4.230144499558E-1,4.731547329022E-1,5.228841000681E-1,
5.768219762028E-1,6.383683966093E-1,7.063568760925E-1,7.719807722122E-1,
8.298598953124E-1,8.804835422172E-1,9.251571856551E-1,9.646855021128E-1,1.E0,
1.009771944766E0),.UNSPECIFIED.)GEOMETRIC_REPRESENTATION_ITEM()RATIONAL_B_SPLINE_SURFACE(((1.241317293845E0,1.241317293845E0,1.241317293845E0,1.241317293845E0,
1.241317293845E0,1.241317293845E0,1.241317293845E0,1.241317293845E0,
1.241317293845E0,1.241317293845E0,1.241317293845E0,1.241317293845E0,
1.241317293845E0,1.241317293845E0,1.241317293845E0,1.241317293845E0,
1.241317293845E0,1.241317293845E0,1.241317293845E0,1.241317293845E0,
1.241317293845E0,1.241317293845E0,1.241317293845E0),(9.195609020516E-1,
9.195609020516E-1,9.195609020516E-1,9.195609020516E-1,9.195609020516E-1,
9.195609020516E-1,9.195609020516E-1,9.195609020516E-1,9.195609020516E-1,
9.195609020516E-1,9.195609020516E-1,9.195609020516E-1,9.195609020516E-1,
9.195609020516E-1,9.195609020516E-1,9.195609020516E-1,9.195609020516E-1,
9.195609020516E-1,9.195609020516E-1,9.195609020516E-1,9.195609020516E-1,
9.195609020516E-1,9.195609020516E-1),(9.195609020516E-1,9.195609020516E-1,
9.195609020516E-1,9.195609020516E-1,9.195609020516E-1,9.195609020516E-1,
9.195609020516E-1,9.195609020516E-1,9.195609020516E-1,9.195609020516E-1,
9.195609020516E-1,9.195609020516E-1,9.195609020516E-1,9.195609020516E-1,
9.195609020516E-1,9.195609020516E-1,9.195609020516E-1,9.195609020516E-1,
9.195609020516E-1,9.195609020516E-1,9.195609020516E-1,9.195609020516E-1,
9.195609020516E-1),(1.241317293845E0,1.241317293845E0,1.241317293845E0,
1.241317293845E0,1.241317293845E0,1.241317293845E0,1.241317293845E0,
1.241317293845E0,1.241317293845E0,1.241317293845E0,1.241317293845E0,
1.241317293845E0,1.241317293845E0,1.241317293845E0,1.241317293845E0,
1.241317293845E0,1.241317293845E0,1.241317293845E0,1.241317293845E0,
1.241317293845E0,1.241317293845E0,1.241317293845E0,1.241317293845E0)))REPRESENTATION_ITEM('')SURFACE());
#10343=ORIENTED_EDGE('',*,*,#8891,.F.);
#10344=ORIENTED_EDGE('',*,*,#10245,.T.);
#10346=ORIENTED_EDGE('',*,*,#10345,.T.);
#10347=ORIENTED_EDGE('',*,*,#10242,.F.);
#10348=EDGE_LOOP('',(#10343,#10344,#10346,#10347));
#10349=FACE_OUTER_BOUND('',#10348,.F.);
#10350=ADVANCED_FACE('',(#10349),#10342,.F.);
#10351=CARTESIAN_POINT('',(0.E0,0.E0,-7.4E1));
#10352=DIRECTION('',(1.E0,0.E0,0.E0));
#10353=DIRECTION('',(0.E0,0.E0,-1.E0));
#10354=AXIS2_PLACEMENT_3D('',#10351,#10352,#10353);
#10355=CYLINDRICAL_SURFACE('',#10354,1.5E1);
#10356=ORIENTED_EDGE('',*,*,#10345,.F.);
#10357=ORIENTED_EDGE('',*,*,#10143,.T.);
#10359=ORIENTED_EDGE('',*,*,#10358,.T.);
#10360=ORIENTED_EDGE('',*,*,#10140,.F.);
#10361=EDGE_LOOP('',(#10356,#10357,#10359,#10360));
#10362=FACE_OUTER_BOUND('',#10361,.F.);
#10363=ADVANCED_FACE('',(#10362),#10355,.T.);
#10364=CARTESIAN_POINT('',(5.028716221644E1,-4.821651830628E-1,
-8.901656919698E1));
#10365=CARTESIAN_POINT('',(5.029558133893E1,-3.216610160833E-1,
-8.902186113512E1));
#10366=CARTESIAN_POINT('',(5.031776112976E1,5.383864836167E-1,
-8.903585133948E1));
#10367=CARTESIAN_POINT('',(5.013132529276E1,2.203586242780E0,
-8.891850144906E1));
#10368=CARTESIAN_POINT('',(4.935826029155E1,4.519654851535E0,
-8.840111141793E1));
#10369=CARTESIAN_POINT('',(4.807271115225E1,6.940198638865E0,
-8.742009548547E1));
#10370=CARTESIAN_POINT('',(4.645516756270E1,9.303471393306E0,
-8.591783152002E1));
#10371=CARTESIAN_POINT('',(4.480568433380E1,1.139366869029E1,
-8.393719789357E1));
#10372=CARTESIAN_POINT('',(4.340384372475E1,1.303706120104E1,
-8.163688233716E1));
#10373=CARTESIAN_POINT('',(4.238452532177E1,1.418286087848E1,
-7.918583185335E1));
#10374=CARTESIAN_POINT('',(4.176614221451E1,1.486271738271E1,
-7.665528073586E1));
#10375=CARTESIAN_POINT('',(4.154841516810E1,1.509971512025E1,
-7.405272940864E1));
#10376=CARTESIAN_POINT('',(4.175298881649E1,1.487710637855E1,
-7.138042621564E1));
#10377=CARTESIAN_POINT('',(4.242104049251E1,1.414297345235E1,
-6.866322766290E1));
#10378=CARTESIAN_POINT('',(4.357276706175E1,1.284569427257E1,
-6.601369165969E1));
#10379=CARTESIAN_POINT('',(4.509949690388E1,1.103806657071E1,
-6.366297156379E1));
#10380=CARTESIAN_POINT('',(4.673794891060E1,8.913650225887E0,
-6.180229901316E1));
#10381=CARTESIAN_POINT('',(4.822601950753E1,6.670896151903E0,
-6.045978069292E1));
#10382=CARTESIAN_POINT('',(4.939691109399E1,4.411966996672E0,
-5.957301158035E1));
#10383=CARTESIAN_POINT('',(5.013366165645E1,2.181979836992E0,
-5.908001858636E1));
#10384=CARTESIAN_POINT('',(5.031776055997E1,5.389687943184E-1,
-5.896415351422E1));
#10385=CARTESIAN_POINT('',(5.029558679574E1,-3.213391866815E-1,
-5.897813349554E1));
#10386=CARTESIAN_POINT('',(5.028718131497E1,-4.816879032214E-1,
-5.898341483181E1));
#10387=CARTESIAN_POINT('',(5.240428059665E1,-5.612926438664E-1,
-8.874138404137E1));
#10388=CARTESIAN_POINT('',(5.241423358809E1,-3.745682885188E-1,
-8.874851745040E1));
#10389=CARTESIAN_POINT('',(5.244023995087E1,6.270331535997E-1,
-8.876761733367E1));
#10390=CARTESIAN_POINT('',(5.222320679831E1,2.564403567070E0,
-8.860595802579E1));
#10391=CARTESIAN_POINT('',(5.135933398885E1,5.122781481691E0,
-8.793329586094E1));
#10392=CARTESIAN_POINT('',(4.999709850788E1,7.605814910034E0,
-8.676443121974E1));
#10393=CARTESIAN_POINT('',(4.835509570051E1,9.870273644629E0,
-8.511352774537E1));
#10394=CARTESIAN_POINT('',(4.673370135545E1,1.175660476034E1,
-8.307962529081E1));
#10395=CARTESIAN_POINT('',(4.539206040407E1,1.316155656112E1,
-8.084821584135E1));
#10396=CARTESIAN_POINT('',(4.443904609830E1,1.409511031914E1,
-7.858018694176E1));
#10397=CARTESIAN_POINT('',(4.387173101673E1,1.462810085881E1,
-7.632135710085E1));
#10398=CARTESIAN_POINT('',(4.367425259633E1,1.480968636764E1,
-7.404584541013E1));
#10399=CARTESIAN_POINT('',(4.385972059119E1,1.463927171808E1,
-7.171081628124E1));
#10400=CARTESIAN_POINT('',(4.447236512738E1,1.406419855793E1,
-6.928543029435E1));
#10401=CARTESIAN_POINT('',(4.555100876152E1,1.300366200470E1,
-6.682337840487E1));
#10402=CARTESIAN_POINT('',(4.701876031942E1,1.144416065570E1,
-6.452020668913E1));
#10403=CARTESIAN_POINT('',(4.863901943271E1,9.504273723089E0,
-6.258514557993E1));
#10404=CARTESIAN_POINT('',(5.015801480144E1,7.333828386540E0,
-6.109458447103E1));
#10405=CARTESIAN_POINT('',(5.140239569844E1,5.004740297272E0,
-6.003315998221E1));
#10406=CARTESIAN_POINT('',(5.222594320200E1,2.539199770334E0,
-5.939199262359E1));
#10407=CARTESIAN_POINT('',(5.244024442463E1,6.277245016246E-1,
-5.923238979383E1));
#10408=CARTESIAN_POINT('',(5.241423710474E1,-3.741981598126E-1,
-5.925147533481E1));
#10409=CARTESIAN_POINT('',(5.240429931983E1,-5.607482187426E-1,
-5.925859488877E1));
#10410=CARTESIAN_POINT('',(5.391363326231E1,-6.742326171114E-1,
-9.024940998618E1));
#10411=CARTESIAN_POINT('',(5.392467979167E1,-4.500005288224E-1,
-9.025849663743E1));
#10412=CARTESIAN_POINT('',(5.395341422417E1,7.533568930015E-1,
-9.028293734463E1));
#10413=CARTESIAN_POINT('',(5.371456739306E1,3.079966408301E0,
-9.007541607746E1));
#10414=CARTESIAN_POINT('',(5.278595516764E1,6.079792294463E0,
-8.922995280276E1));
#10415=CARTESIAN_POINT('',(5.136904785760E1,8.884276497823E0,
-8.781160199127E1));
#10416=CARTESIAN_POINT('',(4.970960739253E1,1.134535254937E1,
-8.588061922073E1));
#10417=CARTESIAN_POINT('',(4.810823839517E1,1.332015396113E1,
-8.358211977227E1));
#10418=CARTESIAN_POINT('',(4.680951545661E1,1.473734089044E1,
-8.113932493288E1));
#10419=CARTESIAN_POINT('',(4.590377118866E1,1.564568441040E1,
-7.872644804929E1));
#10420=CARTESIAN_POINT('',(4.537286392508E1,1.614836450096E1,
-7.637877689754E1));
#10421=CARTESIAN_POINT('',(4.518982131420E1,1.631629234186E1,
-7.404680022107E1));
#10422=CARTESIAN_POINT('',(4.536166835646E1,1.615881334478E1,
-7.165487048420E1));
#10423=CARTESIAN_POINT('',(4.593481159930E1,1.561681428146E1,
-6.913412697039E1));
#10424=CARTESIAN_POINT('',(4.696135237329E1,1.458220742629E1,
-6.650789962176E1));
#10425=CARTESIAN_POINT('',(4.838705666952E1,1.299887442580E1,
-6.397193781606E1));
#10426=CARTESIAN_POINT('',(4.999434556231E1,1.095243778722E1,
-6.177044832444E1));
#10427=CARTESIAN_POINT('',(5.153538806227E1,8.579657067117E0,
-6.001843509903E1));
#10428=CARTESIAN_POINT('',(5.283216153581E1,5.941895277877E0,
-5.872793287573E1));
#10429=CARTESIAN_POINT('',(5.371758899641E1,3.049663791948E0,
-5.792194842451E1));
#10430=CARTESIAN_POINT('',(5.395342229361E1,7.541945222567E-1,
-5.771707200331E1));
#10431=CARTESIAN_POINT('',(5.392468192511E1,-4.495583285339E-1,
-5.774149418280E1));
#10432=CARTESIAN_POINT('',(5.391365171790E1,-6.735845969190E-1,
-5.775056338566E1));
#10433=CARTESIAN_POINT('',(5.364153551020E1,-7.331620764120E-1,
-9.236799399692E1));
#10434=CARTESIAN_POINT('',(5.365238490258E1,-4.893010236961E-1,
-9.237762680495E1));
#10435=CARTESIAN_POINT('',(5.368062753376E1,8.191273518415E-1,
-9.240348641369E1));
#10436=CARTESIAN_POINT('',(5.344571315200E1,3.349368978132E0,
-9.218421327172E1));
#10437=CARTESIAN_POINT('',(5.252877179049E1,6.646508028543E0,
-9.128279143595E1));
#10438=CARTESIAN_POINT('',(5.112172041547E1,9.781441447602E0,
-8.974731943379E1));
#10439=CARTESIAN_POINT('',(4.946542351490E1,1.258167495486E1,
-8.762260948038E1));
#10440=CARTESIAN_POINT('',(4.786044445859E1,1.486848793030E1,
-8.505393761068E1));
#10441=CARTESIAN_POINT('',(4.655398449801E1,1.653907169285E1,
-8.228384085414E1));
#10442=CARTESIAN_POINT('',(4.563971864903E1,1.762884433884E1,
-7.951088136907E1));
#10443=CARTESIAN_POINT('',(4.510224798536E1,1.824133914334E1,
-7.678289003281E1));
#10444=CARTESIAN_POINT('',(4.491660296657E1,1.844798418891E1,
-7.405485137286E1));
#10445=CARTESIAN_POINT('',(4.509090551884E1,1.825412353782E1,
-7.125609272369E1));
#10446=CARTESIAN_POINT('',(4.567116983641E1,1.759349421993E1,
-6.832697236571E1));
#10447=CARTESIAN_POINT('',(4.670710342591E1,1.635384099374E1,
-6.531257413501E1));
#10448=CARTESIAN_POINT('',(4.814038776996E1,1.449325002020E1,
-6.244450320482E1));
#10449=CARTESIAN_POINT('',(4.975001486238E1,1.213203846092E1,
-5.999172234774E1));
#10450=CARTESIAN_POINT('',(5.128708282744E1,9.439615848621E0,
-5.806815493464E1));
#10451=CARTESIAN_POINT('',(5.257441125699E1,6.494692731061E0,
-5.667228529693E1));
#10452=CARTESIAN_POINT('',(5.344868334113E1,3.316430996403E0,
-5.581300411439E1));
#10453=CARTESIAN_POINT('',(5.368063495499E1,8.200347567798E-1,
-5.559652337470E1));
#10454=CARTESIAN_POINT('',(5.365238728538E1,-4.888190229860E-1,
-5.562236345876E1));
#10455=CARTESIAN_POINT('',(5.364155401402E1,-7.324545677186E-1,
-5.563197767914E1));
#10456=(BOUNDED_SURFACE()B_SPLINE_SURFACE(3,3,((#10364,#10365,#10366,#10367,
#10368,#10369,#10370,#10371,#10372,#10373,#10374,#10375,#10376,#10377,#10378,
#10379,#10380,#10381,#10382,#10383,#10384,#10385,#10386),(#10387,#10388,#10389,
#10390,#10391,#10392,#10393,#10394,#10395,#10396,#10397,#10398,#10399,#10400,
#10401,#10402,#10403,#10404,#10405,#10406,#10407,#10408,#10409),(#10410,#10411,
#10412,#10413,#10414,#10415,#10416,#10417,#10418,#10419,#10420,#10421,#10422,
#10423,#10424,#10425,#10426,#10427,#10428,#10429,#10430,#10431,#10432),(#10433,
#10434,#10435,#10436,#10437,#10438,#10439,#10440,#10441,#10442,#10443,#10444,
#10445,#10446,#10447,#10448,#10449,#10450,#10451,#10452,#10453,#10454,#10455)),
.UNSPECIFIED.,.F.,.F.,.F.)B_SPLINE_SURFACE_WITH_KNOTS((4,4),(4,1,1,1,1,1,1,1,1,
1,1,1,1,1,1,1,1,1,1,1,4),(0.E0,1.E0),(-1.021577638795E-2,0.E0,4.442862582062E-2,
9.527253982517E-2,1.534758105635E-1,2.184732381642E-1,2.844524048121E-1,
3.449803768416E-1,3.993180869791E-1,4.496439160527E-1,4.985877140277E-1,
5.488211891882E-1,6.028853607480E-1,6.634327188725E-1,7.295162449738E-1,
7.940330327167E-1,8.523163157365E-1,9.061206022164E-1,9.555479146319E-1,1.E0,
1.010204902876E0),.UNSPECIFIED.)GEOMETRIC_REPRESENTATION_ITEM()RATIONAL_B_SPLINE_SURFACE(((1.241313904820E0,1.241313904820E0,1.241313904820E0,1.241313904820E0,
1.241313904820E0,1.241313904820E0,1.241313904820E0,1.241313904820E0,
1.241313904820E0,1.241313904820E0,1.241313904820E0,1.241313904820E0,
1.241313904820E0,1.241313904820E0,1.241313904820E0,1.241313904820E0,
1.241313904820E0,1.241313904820E0,1.241313904820E0,1.241313904820E0,
1.241313904820E0,1.241313904820E0,1.241313904820E0),(9.195620317266E-1,
9.195620317266E-1,9.195620317266E-1,9.195620317266E-1,9.195620317266E-1,
9.195620317266E-1,9.195620317266E-1,9.195620317266E-1,9.195620317266E-1,
9.195620317266E-1,9.195620317266E-1,9.195620317266E-1,9.195620317266E-1,
9.195620317266E-1,9.195620317266E-1,9.195620317266E-1,9.195620317266E-1,
9.195620317266E-1,9.195620317266E-1,9.195620317266E-1,9.195620317266E-1,
9.195620317266E-1,9.195620317266E-1),(9.195620317266E-1,9.195620317266E-1,
9.195620317266E-1,9.195620317266E-1,9.195620317266E-1,9.195620317266E-1,
9.195620317266E-1,9.195620317266E-1,9.195620317266E-1,9.195620317266E-1,
9.195620317266E-1,9.195620317266E-1,9.195620317266E-1,9.195620317266E-1,
9.195620317266E-1,9.195620317266E-1,9.195620317266E-1,9.195620317266E-1,
9.195620317266E-1,9.195620317266E-1,9.195620317266E-1,9.195620317266E-1,
9.195620317266E-1),(1.241313904820E0,1.241313904820E0,1.241313904820E0,
1.241313904820E0,1.241313904820E0,1.241313904820E0,1.241313904820E0,
1.241313904820E0,1.241313904820E0,1.241313904820E0,1.241313904820E0,
1.241313904820E0,1.241313904820E0,1.241313904820E0,1.241313904820E0,
1.241313904820E0,1.241313904820E0,1.241313904820E0,1.241313904820E0,
1.241313904820E0,1.241313904820E0,1.241313904820E0,1.241313904820E0)))REPRESENTATION_ITEM('')SURFACE());
#10457=ORIENTED_EDGE('',*,*,#10358,.F.);
#10458=ORIENTED_EDGE('',*,*,#10128,.T.);
#10459=ORIENTED_EDGE('',*,*,#10025,.T.);
#10460=ORIENTED_EDGE('',*,*,#10125,.F.);
#10461=EDGE_LOOP('',(#10457,#10458,#10459,#10460));
#10462=FACE_OUTER_BOUND('',#10461,.F.);
#10463=ADVANCED_FACE('',(#10462),#10456,.F.);
#10464=CARTESIAN_POINT('',(6.5E1,-2.95E1,-7.4E1));
#10465=DIRECTION('',(0.E0,1.E0,0.E0));
#10466=DIRECTION('',(3.489565731472E-2,0.E0,9.993909610861E-1));
#10467=AXIS2_PLACEMENT_3D('',#10464,#10465,#10466);
#10468=TOROIDAL_SURFACE('',#10467,1.95E1,5.E-1);
#10470=ORIENTED_EDGE('',*,*,#10469,.T.);
#10472=ORIENTED_EDGE('',*,*,#10471,.T.);
#10473=ORIENTED_EDGE('',*,*,#10018,.F.);
#10475=ORIENTED_EDGE('',*,*,#10474,.F.);
#10476=EDGE_LOOP('',(#10470,#10472,#10473,#10475));
#10477=FACE_OUTER_BOUND('',#10476,.F.);
#10478=ADVANCED_FACE('',(#10477),#10468,.T.);
#10479=CARTESIAN_POINT('',(0.E0,-3.E1,0.E0));
#10480=DIRECTION('',(0.E0,1.E0,0.E0));
#10481=DIRECTION('',(0.E0,0.E0,-1.E0));
#10482=AXIS2_PLACEMENT_3D('',#10479,#10480,#10481);
#10483=PLANE('',#10482);
#10484=ORIENTED_EDGE('',*,*,#10469,.F.);
#10486=ORIENTED_EDGE('',*,*,#10485,.F.);
#10487=EDGE_LOOP('',(#10484,#10486));
#10488=FACE_OUTER_BOUND('',#10487,.F.);
#10490=ORIENTED_EDGE('',*,*,#10489,.F.);
#10492=ORIENTED_EDGE('',*,*,#10491,.F.);
#10493=EDGE_LOOP('',(#10490,#10492));
#10494=FACE_BOUND('',#10493,.F.);
#10495=ADVANCED_FACE('',(#10488,#10494),#10483,.F.);
#10496=CARTESIAN_POINT('',(6.5E1,-2.95E1,-7.4E1));
#10497=DIRECTION('',(0.E0,1.E0,0.E0));
#10498=DIRECTION('',(-3.489565731472E-2,0.E0,-9.993909610861E-1));
#10499=AXIS2_PLACEMENT_3D('',#10496,#10497,#10498);
#10500=TOROIDAL_SURFACE('',#10499,1.95E1,5.E-1);
#10501=ORIENTED_EDGE('',*,*,#10485,.T.);
#10502=ORIENTED_EDGE('',*,*,#10474,.T.);
#10503=ORIENTED_EDGE('',*,*,#10004,.F.);
#10504=ORIENTED_EDGE('',*,*,#10471,.F.);
#10505=EDGE_LOOP('',(#10501,#10502,#10503,#10504));
#10506=FACE_OUTER_BOUND('',#10505,.F.);
#10507=ADVANCED_FACE('',(#10506),#10500,.T.);
#10508=CARTESIAN_POINT('',(6.5E1,-2.99E1,-7.4E1));
#10509=DIRECTION('',(0.E0,1.E0,0.E0));
#10510=DIRECTION('',(9.812099727827E-2,0.E0,-9.951744921837E-1));
#10511=AXIS2_PLACEMENT_3D('',#10508,#10509,#10510);
#10512=TOROIDAL_SURFACE('',#10511,5.1E0,1.E-1);
#10513=ORIENTED_EDGE('',*,*,#10489,.T.);
#10515=ORIENTED_EDGE('',*,*,#10514,.T.);
#10517=ORIENTED_EDGE('',*,*,#10516,.F.);
#10519=ORIENTED_EDGE('',*,*,#10518,.F.);
#10520=EDGE_LOOP('',(#10513,#10515,#10517,#10519));
#10521=FACE_OUTER_BOUND('',#10520,.F.);
#10522=ADVANCED_FACE('',(#10521),#10512,.T.);
#10523=CARTESIAN_POINT('',(6.5E1,-2.99E1,-7.4E1));
#10524=DIRECTION('',(0.E0,1.E0,0.E0));
#10525=DIRECTION('',(-9.812099727827E-2,0.E0,9.951744921837E-1));
#10526=AXIS2_PLACEMENT_3D('',#10523,#10524,#10525);
#10527=TOROIDAL_SURFACE('',#10526,5.1E0,1.E-1);
#10528=ORIENTED_EDGE('',*,*,#10491,.T.);
#10529=ORIENTED_EDGE('',*,*,#10518,.T.);
#10531=ORIENTED_EDGE('',*,*,#10530,.F.);
#10532=ORIENTED_EDGE('',*,*,#10514,.F.);
#10533=EDGE_LOOP('',(#10528,#10529,#10531,#10532));
#10534=FACE_OUTER_BOUND('',#10533,.F.);
#10535=ADVANCED_FACE('',(#10534),#10527,.T.);
#10536=CARTESIAN_POINT('',(6.5E1,-3.3E1,-7.4E1));
#10537=DIRECTION('',(0.E0,1.E0,0.E0));
#10538=DIRECTION('',(0.E0,0.E0,-1.E0));
#10539=AXIS2_PLACEMENT_3D('',#10536,#10537,#10538);
#10540=CYLINDRICAL_SURFACE('',#10539,5.E0);
#10542=ORIENTED_EDGE('',*,*,#10541,.T.);
#10544=ORIENTED_EDGE('',*,*,#10543,.F.);
#10545=ORIENTED_EDGE('',*,*,#10530,.T.);
#10547=ORIENTED_EDGE('',*,*,#10546,.T.);
#10548=EDGE_LOOP('',(#10542,#10544,#10545,#10547));
#10549=FACE_OUTER_BOUND('',#10548,.F.);
#10550=ADVANCED_FACE('',(#10549),#10540,.F.);
#10551=CARTESIAN_POINT('',(6.5E1,-2.178978583449E1,-7.4E1));
#10552=DIRECTION('',(0.E0,1.E0,0.E0));
#10553=DIRECTION('',(-7.262675810233E-2,0.E0,-9.973591900652E-1));
#10554=AXIS2_PLACEMENT_3D('',#10551,#10552,#10553);
#10555=TOROIDAL_SURFACE('',#10554,5.1E0,1.E-1);
#10557=ORIENTED_EDGE('',*,*,#10556,.T.);
#10559=ORIENTED_EDGE('',*,*,#10558,.T.);
#10560=ORIENTED_EDGE('',*,*,#10541,.F.);
#10562=ORIENTED_EDGE('',*,*,#10561,.F.);
#10563=EDGE_LOOP('',(#10557,#10559,#10560,#10562));
#10564=FACE_OUTER_BOUND('',#10563,.F.);
#10565=ADVANCED_FACE('',(#10564),#10555,.T.);
#10566=CARTESIAN_POINT('',(6.5E1,-2.085159164705E1,-7.4E1));
#10567=DIRECTION('',(0.E0,1.E0,0.E0));
#10568=DIRECTION('',(0.E0,0.E0,-1.E0));
#10569=AXIS2_PLACEMENT_3D('',#10566,#10567,#10568);
#10570=CONICAL_SURFACE('',#10569,6.525E0,6.E1);
#10571=ORIENTED_EDGE('',*,*,#10556,.F.);
#10573=ORIENTED_EDGE('',*,*,#10572,.T.);
#10575=ORIENTED_EDGE('',*,*,#10574,.T.);
#10577=ORIENTED_EDGE('',*,*,#10576,.F.);
#10578=EDGE_LOOP('',(#10571,#10573,#10575,#10577));
#10579=FACE_OUTER_BOUND('',#10578,.F.);
#10580=ADVANCED_FACE('',(#10579),#10570,.F.);
#10581=CARTESIAN_POINT('',(6.5E1,-2.085159164705E1,-7.4E1));
#10582=DIRECTION('',(0.E0,1.E0,0.E0));
#10583=DIRECTION('',(0.E0,0.E0,-1.E0));
#10584=AXIS2_PLACEMENT_3D('',#10581,#10582,#10583);
#10585=CONICAL_SURFACE('',#10584,6.525E0,6.E1);
#10587=ORIENTED_EDGE('',*,*,#10586,.F.);
#10588=ORIENTED_EDGE('',*,*,#10576,.T.);
#10590=ORIENTED_EDGE('',*,*,#10589,.F.);
#10591=ORIENTED_EDGE('',*,*,#10572,.F.);
#10592=EDGE_LOOP('',(#10587,#10588,#10590,#10591));
#10593=FACE_OUTER_BOUND('',#10592,.F.);
#10594=ADVANCED_FACE('',(#10593),#10585,.F.);
#10595=CARTESIAN_POINT('',(6.5E1,-2.178978583449E1,-7.4E1));
#10596=DIRECTION('',(0.E0,1.E0,0.E0));
#10597=DIRECTION('',(7.262675810233E-2,0.E0,9.973591900652E-1));
#10598=AXIS2_PLACEMENT_3D('',#10595,#10596,#10597);
#10599=TOROIDAL_SURFACE('',#10598,5.1E0,1.E-1);
#10600=ORIENTED_EDGE('',*,*,#10586,.T.);
#10601=ORIENTED_EDGE('',*,*,#10561,.T.);
#10603=ORIENTED_EDGE('',*,*,#10602,.F.);
#10604=ORIENTED_EDGE('',*,*,#10558,.F.);
#10605=EDGE_LOOP('',(#10600,#10601,#10603,#10604));
#10606=FACE_OUTER_BOUND('',#10605,.F.);
#10607=ADVANCED_FACE('',(#10606),#10599,.T.);
#10608=CARTESIAN_POINT('',(6.5E1,-3.3E1,-7.4E1));
#10609=DIRECTION('',(0.E0,1.E0,0.E0));
#10610=DIRECTION('',(0.E0,0.E0,-1.E0));
#10611=AXIS2_PLACEMENT_3D('',#10608,#10609,#10610);
#10612=CYLINDRICAL_SURFACE('',#10611,5.E0);
#10613=ORIENTED_EDGE('',*,*,#10602,.T.);
#10614=ORIENTED_EDGE('',*,*,#10546,.F.);
#10615=ORIENTED_EDGE('',*,*,#10516,.T.);
#10616=ORIENTED_EDGE('',*,*,#10543,.T.);
#10617=EDGE_LOOP('',(#10613,#10614,#10615,#10616));
#10618=FACE_OUTER_BOUND('',#10617,.F.);
#10619=ADVANCED_FACE('',(#10618),#10612,.F.);
#10620=CARTESIAN_POINT('',(6.5E1,-2.E1,-7.4E1));
#10621=DIRECTION('',(0.E0,1.E0,0.E0));
#10622=DIRECTION('',(0.E0,0.E0,-1.E0));
#10623=AXIS2_PLACEMENT_3D('',#10620,#10621,#10622);
#10624=PLANE('',#10623);
#10625=ORIENTED_EDGE('',*,*,#9817,.F.);
#10626=ORIENTED_EDGE('',*,*,#9802,.F.);
#10627=EDGE_LOOP('',(#10625,#10626));
#10628=FACE_OUTER_BOUND('',#10627,.F.);
#10629=ORIENTED_EDGE('',*,*,#10574,.F.);
#10630=ORIENTED_EDGE('',*,*,#10589,.T.);
#10631=EDGE_LOOP('',(#10629,#10630));
#10632=FACE_BOUND('',#10631,.F.);
#10633=ADVANCED_FACE('',(#10628,#10632),#10624,.T.);
#10634=CARTESIAN_POINT('',(6.5E1,2.99E1,-7.4E1));
#10635=DIRECTION('',(0.E0,1.E0,0.E0));
#10636=DIRECTION('',(-6.974880900298E-2,0.E0,-9.975645862011E-1));
#10637=AXIS2_PLACEMENT_3D('',#10634,#10635,#10636);
#10638=TOROIDAL_SURFACE('',#10637,1.01E1,1.E-1);
#10639=ORIENTED_EDGE('',*,*,#9963,.T.);
#10640=ORIENTED_EDGE('',*,*,#9946,.T.);
#10641=ORIENTED_EDGE('',*,*,#9903,.F.);
#10642=ORIENTED_EDGE('',*,*,#9943,.F.);
#10643=EDGE_LOOP('',(#10639,#10640,#10641,#10642));
#10644=FACE_OUTER_BOUND('',#10643,.F.);
#10645=ADVANCED_FACE('',(#10644),#10638,.T.);
#10646=CARTESIAN_POINT('',(5.000353366238E1,1.009783213176E1,
-7.367350387325E1));
#10647=CARTESIAN_POINT('',(5.000114035623E1,1.010137671480E1,
-7.378224393037E1));
#10648=CARTESIAN_POINT('',(4.999532517198E1,1.010999914987E1,
-7.431370097239E1));
#10649=CARTESIAN_POINT('',(5.003780784768E1,1.004702336716E1,
-7.531373346405E1));
#10650=CARTESIAN_POINT('',(5.022085348258E1,9.773206943746E0,
-7.669948094990E1));
#10651=CARTESIAN_POINT('',(5.056011815745E1,9.254174294401E0,
-7.816071171215E1));
#10652=CARTESIAN_POINT('',(5.106794868514E1,8.443322959496E0,
-7.963944884799E1));
#10653=CARTESIAN_POINT('',(5.173060312399E1,7.304626738348E0,
-8.106506844404E1));
#10654=CARTESIAN_POINT('',(5.248568692048E1,5.833148813023E0,
-8.233058353947E1));
#10655=CARTESIAN_POINT('',(5.320235001795E1,4.086199820634E0,
-8.331365315247E1));
#10656=CARTESIAN_POINT('',(5.372269422999E1,2.169522058854E0,
-8.393436020646E1));
#10657=CARTESIAN_POINT('',(5.393486061582E1,1.540175507859E-1,
-8.416921355089E1));
#10658=CARTESIAN_POINT('',(5.377640695910E1,-1.897135220451E0,
-8.399503930353E1));
#10659=CARTESIAN_POINT('',(5.328673629395E1,-3.830308219670E0,
-8.341917920449E1));
#10660=CARTESIAN_POINT('',(5.263313604605E1,-5.496476184247E0,
-8.254066633565E1));
#10661=CARTESIAN_POINT('',(5.197820066008E1,-6.836047854977E0,
-8.149643157759E1));
#10662=CARTESIAN_POINT('',(5.140650673676E1,-7.867666915285E0,
-8.039140436812E1));
#10663=CARTESIAN_POINT('',(5.094470030843E1,-8.639877962295E0,
-7.928791780361E1));
#10664=CARTESIAN_POINT('',(5.059319870471E1,-9.200068066639E0,
-7.822596416226E1));
#10665=CARTESIAN_POINT('',(5.034012837588E1,-9.591180666396E0,
-7.722843334675E1));
#10666=CARTESIAN_POINT('',(5.016949450727E1,-9.849816662067E0,
-7.630763158426E1));
#10667=CARTESIAN_POINT('',(5.006481165358E1,-1.000663721130E1,
-7.546842216218E1));
#10668=CARTESIAN_POINT('',(5.001090779472E1,-1.008687372167E1,
-7.470851129541E1));
#10669=CARTESIAN_POINT('',(4.999747046805E1,-1.010682343823E1,
-7.411875154166E1));
#10670=CARTESIAN_POINT('',(5.000113619316E1,-1.010138078773E1,
-7.378232452097E1));
#10671=CARTESIAN_POINT('',(5.000351317721E1,-1.009785381960E1,
-7.367360137760E1));
#10672=CARTESIAN_POINT('',(5.000546618182E1,1.003635675802E1,
-7.367554687651E1));
#10673=CARTESIAN_POINT('',(5.000307320988E1,1.003987856397E1,
-7.378360654669E1));
#10674=CARTESIAN_POINT('',(4.999725879936E1,1.004844555151E1,
-7.431173797530E1));
#10675=CARTESIAN_POINT('',(5.003973590256E1,9.985874885254E0,
-7.530551276345E1));
#10676=CARTESIAN_POINT('',(5.022275911756E1,9.713815430143E0,
-7.668261276947E1));
#10677=CARTESIAN_POINT('',(5.056198841249E1,9.198094221625E0,
-7.813477945757E1));
#10678=CARTESIAN_POINT('',(5.106977994160E1,8.392370838818E0,
-7.960442850782E1));
#10679=CARTESIAN_POINT('',(5.173240638486E1,7.260795357209E0,
-8.102139276268E1));
#10680=CARTESIAN_POINT('',(5.248749023990E1,5.798394951802E0,
-8.227934304905E1));
#10681=CARTESIAN_POINT('',(5.320419235330E1,4.062048221106E0,
-8.325665027334E1));
#10682=CARTESIAN_POINT('',(5.372459990602E1,2.156791575132E0,
-8.387380031042E1));
#10683=CARTESIAN_POINT('',(5.393680462974E1,1.531173658482E-1,
-8.410733281188E1));
#10684=CARTESIAN_POINT('',(5.377832128916E1,-1.886013903598E0,
-8.393413608491E1));
#10685=CARTESIAN_POINT('',(5.328858654879E1,-3.807692675319E0,
-8.336156608835E1));
#10686=CARTESIAN_POINT('',(5.263494539689E1,-5.463773846887E0,
-8.248818871162E1));
#10687=CARTESIAN_POINT('',(5.198000186629E1,-6.795114936003E0,
-8.145016977615E1));
#10688=CARTESIAN_POINT('',(5.140832220592E1,-7.820319731702E0,
-8.035181152769E1));
#10689=CARTESIAN_POINT('',(5.094654097983E1,-8.587682819881E0,
-7.925505669206E1));
#10690=CARTESIAN_POINT('',(5.059506698770E1,-9.144328439335E0,
-7.819963632669E1));
#10691=CARTESIAN_POINT('',(5.034202134731E1,-9.532951170684E0,
-7.720828230562E1));
#10692=CARTESIAN_POINT('',(5.017140654673E1,-9.789933223721E0,
-7.629320916879E1));
#10693=CARTESIAN_POINT('',(5.006673640096E1,-9.945747886582E0,
-7.545923726165E1));
#10694=CARTESIAN_POINT('',(5.001283938977E1,-1.002546883205E1,
-7.470407776106E1));
#10695=CARTESIAN_POINT('',(4.999940380374E1,-1.004529026768E1,
-7.411800844934E1));
#10696=CARTESIAN_POINT('',(5.000306905252E1,-1.003988261159E1,
-7.378368663333E1));
#10697=CARTESIAN_POINT('',(5.000544571962E1,-1.003637831273E1,
-7.367564377036E1));
#10698=CARTESIAN_POINT('',(4.996196205697E1,9.992833889738E0,
-7.367601661418E1));
#10699=CARTESIAN_POINT('',(4.995956156136E1,9.996360722591E0,
-7.378391918383E1));
#10700=CARTESIAN_POINT('',(4.995372973301E1,1.000494062938E1,
-7.431128762424E1));
#10701=CARTESIAN_POINT('',(4.999633228211E1,9.942273170129E0,
-7.530362604681E1));
#10702=CARTESIAN_POINT('',(5.017986020517E1,9.669868527042E0,
-7.667833161368E1));
#10703=CARTESIAN_POINT('',(5.051988595955E1,9.153814751846E0,
-7.812705048471E1));
#10704=CARTESIAN_POINT('',(5.102855540964E1,8.348339743364E0,
-7.959177656354E1));
#10705=CARTESIAN_POINT('',(5.169181207869E1,7.218478659696E0,
-8.100219278438E1));
#10706=CARTESIAN_POINT('',(5.244689461551E1,5.760399861845E0,
-8.225232169903E1));
#10707=CARTESIAN_POINT('',(5.316271841750E1,4.032144223632E0,
-8.322161960302E1));
#10708=CARTESIAN_POINT('',(5.368170006950E1,2.139345655315E0,
-8.383233372877E1));
#10709=CARTESIAN_POINT('',(5.389304174565E1,1.518183218326E-1,
-8.406300721981E1));
#10710=CARTESIAN_POINT('',(5.373522663648E1,-1.870574667469E0,
-8.389196567701E1));
#10711=CARTESIAN_POINT('',(5.324693433259E1,-3.779261281896E0,
-8.332553466957E1));
#10712=CARTESIAN_POINT('',(5.259421399567E1,-5.427198180868E0,
-8.245955249864E1));
#10713=CARTESIAN_POINT('',(5.193945381386E1,-6.754042055998E0,
-8.142843232767E1));
#10714=CARTESIAN_POINT('',(5.136745307132E1,-7.777068516177E0,
-8.033582722671E1));
#10715=CARTESIAN_POINT('',(5.090510450236E1,-8.543591123908E0,
-7.924359583595E1));
#10716=CARTESIAN_POINT('',(5.055300892876E1,-9.100094885229E0,
-7.819159772211E1));
#10717=CARTESIAN_POINT('',(5.029940751182E1,-9.488876008754E0,
-7.720278269280E1));
#10718=CARTESIAN_POINT('',(5.012836345940E1,-9.746088856537E0,
-7.628959648938E1));
#10719=CARTESIAN_POINT('',(5.002340723774E1,-9.902094992294E0,
-7.545706454368E1));
#10720=CARTESIAN_POINT('',(4.996935607443E1,-9.981929293012E0,
-7.470306053290E1));
#10721=CARTESIAN_POINT('',(4.995588130377E1,-1.000178048478E1,
-7.411783796099E1));
#10722=CARTESIAN_POINT('',(4.995955727572E1,-9.996364761369E0,
-7.378399914901E1));
#10723=CARTESIAN_POINT('',(4.996194107778E1,-9.992855369519E0,
-7.367611337426E1));
#10724=CARTESIAN_POINT('',(4.990046829200E1,9.994722356445E0,
-7.367461672603E1));
#10725=CARTESIAN_POINT('',(4.989805716158E1,9.998278848681E0,
-7.378298459720E1));
#10726=CARTESIAN_POINT('',(4.989220071287E1,1.000693189068E1,
-7.431263404830E1));
#10727=CARTESIAN_POINT('',(4.993498058171E1,9.943726796245E0,
-7.530926365458E1));
#10728=CARTESIAN_POINT('',(5.011922191754E1,9.669092589993E0,
-7.668933848850E1));
#10729=CARTESIAN_POINT('',(5.046037347988E1,9.149272058857E0,
-7.814240104728E1));
#10730=CARTESIAN_POINT('',(5.097028388511E1,8.339009146127E0,
-7.960947520004E1));
#10731=CARTESIAN_POINT('',(5.163443138822E1,7.204374495218E0,
-8.101958188658E1));
#10732=CARTESIAN_POINT('',(5.238951206171E1,5.743134865336E0,
-8.226656741555E1));
#10733=CARTESIAN_POINT('',(5.310409435670E1,4.015354433317E0,
-8.323066219420E1));
#10734=CARTESIAN_POINT('',(5.362106047559E1,2.128191031200E0,
-8.383612196789E1));
#10735=CARTESIAN_POINT('',(5.383118222044E1,1.509399931278E-1,
-8.406420204730E1));
#10736=CARTESIAN_POINT('',(5.367431166687E1,-1.860558215506E0,
-8.389513363427E1));
#10737=CARTESIAN_POINT('',(5.318805826965E1,-3.762951570084E0,
-8.333381737882E1));
#10738=CARTESIAN_POINT('',(5.253663951919E1,-5.409824985598E0,
-8.247282444923E1));
#10739=CARTESIAN_POINT('',(5.188213850379E1,-6.738742332703E0,
-8.144493351421E1));
#10740=CARTESIAN_POINT('',(5.130968390653E1,-7.765200710941E0,
-8.035353605320E1));
#10741=CARTESIAN_POINT('',(5.084653338950E1,-8.535420580586E0,
-7.926076595576E1));
#10742=CARTESIAN_POINT('',(5.049355920072E1,-9.095274609648E0,
-7.820691995067E1));
#10743=CARTESIAN_POINT('',(5.023917218489E1,-9.486762455395E0,
-7.721540424585E1));
#10744=CARTESIAN_POINT('',(5.006752137824E1,-9.745945225562E0,
-7.629907280640E1));
#10745=CARTESIAN_POINT('',(4.996216078380E1,-9.903219392123E0,
-7.546327478863E1));
#10746=CARTESIAN_POINT('',(4.990789172405E1,-9.983724451760E0,
-7.470610138608E1));
#10747=CARTESIAN_POINT('',(4.989436156530E1,-1.000374466341E1,
-7.411834763871E1));
#10748=CARTESIAN_POINT('',(4.989805269463E1,-9.998282900663E0,
-7.378306490006E1));
#10749=CARTESIAN_POINT('',(4.990044658204E1,-9.994743866769E0,
-7.367471391347E1));
#10750=(BOUNDED_SURFACE()B_SPLINE_SURFACE(3,3,((#10646,#10647,#10648,#10649,
#10650,#10651,#10652,#10653,#10654,#10655,#10656,#10657,#10658,#10659,#10660,
#10661,#10662,#10663,#10664,#10665,#10666,#10667,#10668,#10669,#10670,#10671),(
#10672,#10673,#10674,#10675,#10676,#10677,#10678,#10679,#10680,#10681,#10682,
#10683,#10684,#10685,#10686,#10687,#10688,#10689,#10690,#10691,#10692,#10693,
#10694,#10695,#10696,#10697),(#10698,#10699,#10700,#10701,#10702,#10703,#10704,
#10705,#10706,#10707,#10708,#10709,#10710,#10711,#10712,#10713,#10714,#10715,
#10716,#10717,#10718,#10719,#10720,#10721,#10722,#10723),(#10724,#10725,#10726,
#10727,#10728,#10729,#10730,#10731,#10732,#10733,#10734,#10735,#10736,#10737,
#10738,#10739,#10740,#10741,#10742,#10743,#10744,#10745,#10746,#10747,#10748,
#10749)),.UNSPECIFIED.,.F.,.F.,.F.)B_SPLINE_SURFACE_WITH_KNOTS((4,4),(4,1,1,1,1,
1,1,1,1,1,1,1,1,1,1,1,1,1,1,1,1,1,1,4),(0.E0,1.E0),(-1.000139861456E-2,0.E0,
3.882467476118E-2,8.174337920702E-2,1.302537608934E-1,1.837819605974E-1,
2.424185981648E-1,3.071161227627E-1,3.730938743987E-1,4.352758285090E-1,
4.946902403365E-1,5.560636158333E-1,6.201649157993E-1,6.815292747508E-1,
7.367560146303E-1,7.858027551023E-1,8.289292831520E-1,8.668174073735E-1,
9.002235801246E-1,9.297238752375E-1,9.558394446069E-1,9.790894254553E-1,1.E0,
1.009998749395E0),.UNSPECIFIED.)GEOMETRIC_REPRESENTATION_ITEM()RATIONAL_B_SPLINE_SURFACE(((1.187262732592E0,1.187262732592E0,1.187262732592E0,1.187262732592E0,
1.187262732592E0,1.187262732592E0,1.187262732592E0,1.187262732592E0,
1.187262732592E0,1.187262732592E0,1.187262732592E0,1.187262732592E0,
1.187262732592E0,1.187262732592E0,1.187262732592E0,1.187262732592E0,
1.187262732592E0,1.187262732592E0,1.187262732592E0,1.187262732592E0,
1.187262732592E0,1.187262732592E0,1.187262732592E0,1.187262732592E0,
1.187262732592E0,1.187262732592E0),(9.375790891359E-1,9.375790891359E-1,
9.375790891359E-1,9.375790891359E-1,9.375790891359E-1,9.375790891359E-1,
9.375790891359E-1,9.375790891359E-1,9.375790891359E-1,9.375790891359E-1,
9.375790891359E-1,9.375790891359E-1,9.375790891359E-1,9.375790891359E-1,
9.375790891359E-1,9.375790891359E-1,9.375790891359E-1,9.375790891359E-1,
9.375790891359E-1,9.375790891359E-1,9.375790891359E-1,9.375790891359E-1,
9.375790891359E-1,9.375790891359E-1,9.375790891359E-1,9.375790891359E-1),(
9.375790891359E-1,9.375790891359E-1,9.375790891359E-1,9.375790891359E-1,
9.375790891359E-1,9.375790891359E-1,9.375790891359E-1,9.375790891359E-1,
9.375790891359E-1,9.375790891359E-1,9.375790891359E-1,9.375790891359E-1,
9.375790891359E-1,9.375790891359E-1,9.375790891359E-1,9.375790891359E-1,
9.375790891359E-1,9.375790891359E-1,9.375790891359E-1,9.375790891359E-1,
9.375790891359E-1,9.375790891359E-1,9.375790891359E-1,9.375790891359E-1,
9.375790891359E-1,9.375790891359E-1),(1.187262732592E0,1.187262732592E0,
1.187262732592E0,1.187262732592E0,1.187262732592E0,1.187262732592E0,
1.187262732592E0,1.187262732592E0,1.187262732592E0,1.187262732592E0,
1.187262732592E0,1.187262732592E0,1.187262732592E0,1.187262732592E0,
1.187262732592E0,1.187262732592E0,1.187262732592E0,1.187262732592E0,
1.187262732592E0,1.187262732592E0,1.187262732592E0,1.187262732592E0,
1.187262732592E0,1.187262732592E0,1.187262732592E0,1.187262732592E0)))REPRESENTATION_ITEM('')SURFACE());
#10751=ORIENTED_EDGE('',*,*,#9789,.T.);
#10752=ORIENTED_EDGE('',*,*,#9768,.T.);
#10753=ORIENTED_EDGE('',*,*,#9630,.F.);
#10754=ORIENTED_EDGE('',*,*,#9765,.F.);
#10755=EDGE_LOOP('',(#10751,#10752,#10753,#10754));
#10756=FACE_OUTER_BOUND('',#10755,.F.);
#10757=ADVANCED_FACE('',(#10756),#10750,.T.);
#10758=CARTESIAN_POINT('',(-2.474873734153E1,-2.474873734153E1,-1.099E2));
#10759=DIRECTION('',(0.E0,0.E0,1.E0));
#10760=DIRECTION('',(9.956227945696E-1,-9.346256434244E-2,0.E0));
#10761=AXIS2_PLACEMENT_3D('',#10758,#10759,#10760);
#10762=TOROIDAL_SURFACE('',#10761,5.35E0,1.E-1);
#10763=ORIENTED_EDGE('',*,*,#9077,.T.);
#10765=ORIENTED_EDGE('',*,*,#10764,.T.);
#10767=ORIENTED_EDGE('',*,*,#10766,.F.);
#10769=ORIENTED_EDGE('',*,*,#10768,.F.);
#10770=EDGE_LOOP('',(#10763,#10765,#10767,#10769));
#10771=FACE_OUTER_BOUND('',#10770,.F.);
#10772=ADVANCED_FACE('',(#10771),#10762,.T.);
#10773=CARTESIAN_POINT('',(-2.474873734153E1,-2.474873734153E1,-1.099E2));
#10774=DIRECTION('',(0.E0,0.E0,1.E0));
#10775=DIRECTION('',(-9.956227945696E-1,9.346256434244E-2,0.E0));
#10776=AXIS2_PLACEMENT_3D('',#10773,#10774,#10775);
#10777=TOROIDAL_SURFACE('',#10776,5.35E0,1.E-1);
#10778=ORIENTED_EDGE('',*,*,#9079,.T.);
#10779=ORIENTED_EDGE('',*,*,#10768,.T.);
#10781=ORIENTED_EDGE('',*,*,#10780,.F.);
#10782=ORIENTED_EDGE('',*,*,#10764,.F.);
#10783=EDGE_LOOP('',(#10778,#10779,#10781,#10782));
#10784=FACE_OUTER_BOUND('',#10783,.F.);
#10785=ADVANCED_FACE('',(#10784),#10777,.T.);
#10786=CARTESIAN_POINT('',(-2.474873734153E1,-2.474873734153E1,-1.1E2));
#10787=DIRECTION('',(0.E0,0.E0,1.E0));
#10788=DIRECTION('',(1.E0,0.E0,0.E0));
#10789=AXIS2_PLACEMENT_3D('',#10786,#10787,#10788);
#10790=CYLINDRICAL_SURFACE('',#10789,5.25E0);
#10791=ORIENTED_EDGE('',*,*,#10780,.T.);
#10793=ORIENTED_EDGE('',*,*,#10792,.T.);
#10795=ORIENTED_EDGE('',*,*,#10794,.T.);
#10797=ORIENTED_EDGE('',*,*,#10796,.F.);
#10798=EDGE_LOOP('',(#10791,#10793,#10795,#10797));
#10799=FACE_OUTER_BOUND('',#10798,.F.);
#10800=ADVANCED_FACE('',(#10799),#10790,.F.);
#10801=CARTESIAN_POINT('',(-2.474873734153E1,-2.474873734153E1,-1.1E2));
#10802=DIRECTION('',(0.E0,0.E0,1.E0));
#10803=DIRECTION('',(1.E0,0.E0,0.E0));
#10804=AXIS2_PLACEMENT_3D('',#10801,#10802,#10803);
#10805=CYLINDRICAL_SURFACE('',#10804,5.25E0);
#10806=ORIENTED_EDGE('',*,*,#10766,.T.);
#10807=ORIENTED_EDGE('',*,*,#10796,.T.);
#10809=ORIENTED_EDGE('',*,*,#10808,.T.);
#10810=ORIENTED_EDGE('',*,*,#10792,.F.);
#10811=EDGE_LOOP('',(#10806,#10807,#10809,#10810));
#10812=FACE_OUTER_BOUND('',#10811,.F.);
#10813=ADVANCED_FACE('',(#10812),#10805,.F.);
#10814=CARTESIAN_POINT('',(-2.474873734153E1,-2.474873734153E1,-1.001E2));
#10815=DIRECTION('',(0.E0,0.E0,1.E0));
#10816=DIRECTION('',(-9.911734579880E-1,-1.325714003101E-1,0.E0));
#10817=AXIS2_PLACEMENT_3D('',#10814,#10815,#10816);
#10818=TOROIDAL_SURFACE('',#10817,5.35E0,1.E-1);
#10819=ORIENTED_EDGE('',*,*,#8945,.T.);
#10821=ORIENTED_EDGE('',*,*,#10820,.T.);
#10822=ORIENTED_EDGE('',*,*,#10808,.F.);
#10824=ORIENTED_EDGE('',*,*,#10823,.F.);
#10825=EDGE_LOOP('',(#10819,#10821,#10822,#10824));
#10826=FACE_OUTER_BOUND('',#10825,.F.);
#10827=ADVANCED_FACE('',(#10826),#10818,.T.);
#10828=CARTESIAN_POINT('',(-2.474873734153E1,-2.474873734153E1,-1.001E2));
#10829=DIRECTION('',(0.E0,0.E0,1.E0));
#10830=DIRECTION('',(9.911734579880E-1,1.325714003101E-1,0.E0));
#10831=AXIS2_PLACEMENT_3D('',#10828,#10829,#10830);
#10832=TOROIDAL_SURFACE('',#10831,5.35E0,1.E-1);
#10833=ORIENTED_EDGE('',*,*,#8947,.T.);
#10834=ORIENTED_EDGE('',*,*,#10823,.T.);
#10835=ORIENTED_EDGE('',*,*,#10794,.F.);
#10836=ORIENTED_EDGE('',*,*,#10820,.F.);
#10837=EDGE_LOOP('',(#10833,#10834,#10835,#10836));
#10838=FACE_OUTER_BOUND('',#10837,.F.);
#10839=ADVANCED_FACE('',(#10838),#10832,.T.);
#10840=CARTESIAN_POINT('',(-2.474873734153E1,2.474873734153E1,-1.099E2));
#10841=DIRECTION('',(0.E0,0.E0,1.E0));
#10842=DIRECTION('',(-9.346256434244E-2,-9.956227945696E-1,0.E0));
#10843=AXIS2_PLACEMENT_3D('',#10840,#10841,#10842);
#10844=TOROIDAL_SURFACE('',#10843,5.35E0,1.E-1);
#10845=ORIENTED_EDGE('',*,*,#9083,.T.);
#10847=ORIENTED_EDGE('',*,*,#10846,.T.);
#10849=ORIENTED_EDGE('',*,*,#10848,.F.);
#10851=ORIENTED_EDGE('',*,*,#10850,.F.);
#10852=EDGE_LOOP('',(#10845,#10847,#10849,#10851));
#10853=FACE_OUTER_BOUND('',#10852,.F.);
#10854=ADVANCED_FACE('',(#10853),#10844,.T.);
#10855=CARTESIAN_POINT('',(-2.474873734153E1,2.474873734153E1,-1.099E2));
#10856=DIRECTION('',(0.E0,0.E0,1.E0));
#10857=DIRECTION('',(9.346256434244E-2,9.956227945696E-1,0.E0));
#10858=AXIS2_PLACEMENT_3D('',#10855,#10856,#10857);
#10859=TOROIDAL_SURFACE('',#10858,5.35E0,1.E-1);
#10860=ORIENTED_EDGE('',*,*,#9085,.T.);
#10861=ORIENTED_EDGE('',*,*,#10850,.T.);
#10863=ORIENTED_EDGE('',*,*,#10862,.F.);
#10864=ORIENTED_EDGE('',*,*,#10846,.F.);
#10865=EDGE_LOOP('',(#10860,#10861,#10863,#10864));
#10866=FACE_OUTER_BOUND('',#10865,.F.);
#10867=ADVANCED_FACE('',(#10866),#10859,.T.);
#10868=CARTESIAN_POINT('',(-2.474873734153E1,2.474873734153E1,-1.1E2));
#10869=DIRECTION('',(0.E0,0.E0,1.E0));
#10870=DIRECTION('',(0.E0,-1.E0,0.E0));
#10871=AXIS2_PLACEMENT_3D('',#10868,#10869,#10870);
#10872=CYLINDRICAL_SURFACE('',#10871,5.25E0);
#10874=ORIENTED_EDGE('',*,*,#10873,.T.);
#10876=ORIENTED_EDGE('',*,*,#10875,.F.);
#10877=ORIENTED_EDGE('',*,*,#10862,.T.);
#10879=ORIENTED_EDGE('',*,*,#10878,.T.);
#10880=EDGE_LOOP('',(#10874,#10876,#10877,#10879));
#10881=FACE_OUTER_BOUND('',#10880,.F.);
#10882=ADVANCED_FACE('',(#10881),#10872,.F.);
#10883=CARTESIAN_POINT('',(-2.474873734153E1,2.474873734153E1,-1.001E2));
#10884=DIRECTION('',(0.E0,0.E0,1.E0));
#10885=DIRECTION('',(1.325714003101E-1,-9.911734579880E-1,0.E0));
#10886=AXIS2_PLACEMENT_3D('',#10883,#10884,#10885);
#10887=TOROIDAL_SURFACE('',#10886,5.35E0,1.E-1);
#10888=ORIENTED_EDGE('',*,*,#8929,.T.);
#10890=ORIENTED_EDGE('',*,*,#10889,.T.);
#10891=ORIENTED_EDGE('',*,*,#10873,.F.);
#10893=ORIENTED_EDGE('',*,*,#10892,.F.);
#10894=EDGE_LOOP('',(#10888,#10890,#10891,#10893));
#10895=FACE_OUTER_BOUND('',#10894,.F.);
#10896=ADVANCED_FACE('',(#10895),#10887,.T.);
#10897=CARTESIAN_POINT('',(-2.474873734153E1,2.474873734153E1,-1.001E2));
#10898=DIRECTION('',(0.E0,0.E0,1.E0));
#10899=DIRECTION('',(-1.325714003101E-1,9.911734579880E-1,0.E0));
#10900=AXIS2_PLACEMENT_3D('',#10897,#10898,#10899);
#10901=TOROIDAL_SURFACE('',#10900,5.35E0,1.E-1);
#10902=ORIENTED_EDGE('',*,*,#8927,.T.);
#10903=ORIENTED_EDGE('',*,*,#10892,.T.);
#10905=ORIENTED_EDGE('',*,*,#10904,.F.);
#10906=ORIENTED_EDGE('',*,*,#10889,.F.);
#10907=EDGE_LOOP('',(#10902,#10903,#10905,#10906));
#10908=FACE_OUTER_BOUND('',#10907,.F.);
#10909=ADVANCED_FACE('',(#10908),#10901,.T.);
#10910=CARTESIAN_POINT('',(-2.474873734153E1,2.474873734153E1,-1.1E2));
#10911=DIRECTION('',(0.E0,0.E0,1.E0));
#10912=DIRECTION('',(0.E0,-1.E0,0.E0));
#10913=AXIS2_PLACEMENT_3D('',#10910,#10911,#10912);
#10914=CYLINDRICAL_SURFACE('',#10913,5.25E0);
#10915=ORIENTED_EDGE('',*,*,#10904,.T.);
#10916=ORIENTED_EDGE('',*,*,#10878,.F.);
#10917=ORIENTED_EDGE('',*,*,#10848,.T.);
#10918=ORIENTED_EDGE('',*,*,#10875,.T.);
#10919=EDGE_LOOP('',(#10915,#10916,#10917,#10918));
#10920=FACE_OUTER_BOUND('',#10919,.F.);
#10921=ADVANCED_FACE('',(#10920),#10914,.F.);
#10922=CARTESIAN_POINT('',(2.474873734153E1,2.474873734153E1,-1.099E2));
#10923=DIRECTION('',(0.E0,0.E0,1.E0));
#10924=DIRECTION('',(-9.956227945696E-1,9.346256434244E-2,0.E0));
#10925=AXIS2_PLACEMENT_3D('',#10922,#10923,#10924);
#10926=TOROIDAL_SURFACE('',#10925,5.35E0,1.E-1);
#10927=ORIENTED_EDGE('',*,*,#9089,.T.);
#10929=ORIENTED_EDGE('',*,*,#10928,.T.);
#10931=ORIENTED_EDGE('',*,*,#10930,.F.);
#10933=ORIENTED_EDGE('',*,*,#10932,.F.);
#10934=EDGE_LOOP('',(#10927,#10929,#10931,#10933));
#10935=FACE_OUTER_BOUND('',#10934,.F.);
#10936=ADVANCED_FACE('',(#10935),#10926,.T.);
#10937=CARTESIAN_POINT('',(2.474873734153E1,2.474873734153E1,-1.099E2));
#10938=DIRECTION('',(0.E0,0.E0,1.E0));
#10939=DIRECTION('',(9.956227945696E-1,-9.346256434244E-2,0.E0));
#10940=AXIS2_PLACEMENT_3D('',#10937,#10938,#10939);
#10941=TOROIDAL_SURFACE('',#10940,5.35E0,1.E-1);
#10942=ORIENTED_EDGE('',*,*,#9091,.T.);
#10943=ORIENTED_EDGE('',*,*,#10932,.T.);
#10945=ORIENTED_EDGE('',*,*,#10944,.F.);
#10946=ORIENTED_EDGE('',*,*,#10928,.F.);
#10947=EDGE_LOOP('',(#10942,#10943,#10945,#10946));
#10948=FACE_OUTER_BOUND('',#10947,.F.);
#10949=ADVANCED_FACE('',(#10948),#10941,.T.);
#10950=CARTESIAN_POINT('',(2.474873734153E1,2.474873734153E1,-1.1E2));
#10951=DIRECTION('',(0.E0,0.E0,1.E0));
#10952=DIRECTION('',(-1.E0,0.E0,0.E0));
#10953=AXIS2_PLACEMENT_3D('',#10950,#10951,#10952);
#10954=CYLINDRICAL_SURFACE('',#10953,5.25E0);
#10956=ORIENTED_EDGE('',*,*,#10955,.T.);
#10958=ORIENTED_EDGE('',*,*,#10957,.F.);
#10959=ORIENTED_EDGE('',*,*,#10944,.T.);
#10961=ORIENTED_EDGE('',*,*,#10960,.T.);
#10962=EDGE_LOOP('',(#10956,#10958,#10959,#10961));
#10963=FACE_OUTER_BOUND('',#10962,.F.);
#10964=ADVANCED_FACE('',(#10963),#10954,.F.);
#10965=CARTESIAN_POINT('',(2.474873734153E1,2.474873734153E1,-1.001E2));
#10966=DIRECTION('',(0.E0,0.E0,1.E0));
#10967=DIRECTION('',(-9.911734579880E-1,-1.325714003101E-1,0.E0));
#10968=AXIS2_PLACEMENT_3D('',#10965,#10966,#10967);
#10969=TOROIDAL_SURFACE('',#10968,5.35E0,1.E-1);
#10970=ORIENTED_EDGE('',*,*,#8935,.T.);
#10972=ORIENTED_EDGE('',*,*,#10971,.T.);
#10973=ORIENTED_EDGE('',*,*,#10955,.F.);
#10975=ORIENTED_EDGE('',*,*,#10974,.F.);
#10976=EDGE_LOOP('',(#10970,#10972,#10973,#10975));
#10977=FACE_OUTER_BOUND('',#10976,.F.);
#10978=ADVANCED_FACE('',(#10977),#10969,.T.);
#10979=CARTESIAN_POINT('',(2.474873734153E1,2.474873734153E1,-1.001E2));
#10980=DIRECTION('',(0.E0,0.E0,1.E0));
#10981=DIRECTION('',(9.911734579880E-1,1.325714003101E-1,0.E0));
#10982=AXIS2_PLACEMENT_3D('',#10979,#10980,#10981);
#10983=TOROIDAL_SURFACE('',#10982,5.35E0,1.E-1);
#10984=ORIENTED_EDGE('',*,*,#8933,.T.);
#10985=ORIENTED_EDGE('',*,*,#10974,.T.);
#10987=ORIENTED_EDGE('',*,*,#10986,.F.);
#10988=ORIENTED_EDGE('',*,*,#10971,.F.);
#10989=EDGE_LOOP('',(#10984,#10985,#10987,#10988));
#10990=FACE_OUTER_BOUND('',#10989,.F.);
#10991=ADVANCED_FACE('',(#10990),#10983,.T.);
#10992=CARTESIAN_POINT('',(2.474873734153E1,2.474873734153E1,-1.1E2));
#10993=DIRECTION('',(0.E0,0.E0,1.E0));
#10994=DIRECTION('',(-1.E0,0.E0,0.E0));
#10995=AXIS2_PLACEMENT_3D('',#10992,#10993,#10994);
#10996=CYLINDRICAL_SURFACE('',#10995,5.25E0);
#10997=ORIENTED_EDGE('',*,*,#10986,.T.);
#10998=ORIENTED_EDGE('',*,*,#10960,.F.);
#10999=ORIENTED_EDGE('',*,*,#10930,.T.);
#11000=ORIENTED_EDGE('',*,*,#10957,.T.);
#11001=EDGE_LOOP('',(#10997,#10998,#10999,#11000));
#11002=FACE_OUTER_BOUND('',#11001,.F.);
#11003=ADVANCED_FACE('',(#11002),#10996,.F.);
#11004=CARTESIAN_POINT('',(2.474873734153E1,-2.474873734153E1,-1.099E2));
#11005=DIRECTION('',(0.E0,0.E0,1.E0));
#11006=DIRECTION('',(9.346256434244E-2,9.956227945696E-1,0.E0));
#11007=AXIS2_PLACEMENT_3D('',#11004,#11005,#11006);
#11008=TOROIDAL_SURFACE('',#11007,5.35E0,1.E-1);
#11009=ORIENTED_EDGE('',*,*,#9095,.T.);
#11011=ORIENTED_EDGE('',*,*,#11010,.T.);
#11013=ORIENTED_EDGE('',*,*,#11012,.F.);
#11015=ORIENTED_EDGE('',*,*,#11014,.F.);
#11016=EDGE_LOOP('',(#11009,#11011,#11013,#11015));
#11017=FACE_OUTER_BOUND('',#11016,.F.);
#11018=ADVANCED_FACE('',(#11017),#11008,.T.);
#11019=CARTESIAN_POINT('',(2.474873734153E1,-2.474873734153E1,-1.099E2));
#11020=DIRECTION('',(0.E0,0.E0,1.E0));
#11021=DIRECTION('',(-9.346256434244E-2,-9.956227945696E-1,0.E0));
#11022=AXIS2_PLACEMENT_3D('',#11019,#11020,#11021);
#11023=TOROIDAL_SURFACE('',#11022,5.35E0,1.E-1);
#11024=ORIENTED_EDGE('',*,*,#9097,.T.);
#11025=ORIENTED_EDGE('',*,*,#11014,.T.);
#11027=ORIENTED_EDGE('',*,*,#11026,.F.);
#11028=ORIENTED_EDGE('',*,*,#11010,.F.);
#11029=EDGE_LOOP('',(#11024,#11025,#11027,#11028));
#11030=FACE_OUTER_BOUND('',#11029,.F.);
#11031=ADVANCED_FACE('',(#11030),#11023,.T.);
#11032=CARTESIAN_POINT('',(2.474873734153E1,-2.474873734153E1,-1.1E2));
#11033=DIRECTION('',(0.E0,0.E0,1.E0));
#11034=DIRECTION('',(0.E0,1.E0,0.E0));
#11035=AXIS2_PLACEMENT_3D('',#11032,#11033,#11034);
#11036=CYLINDRICAL_SURFACE('',#11035,5.25E0);
#11038=ORIENTED_EDGE('',*,*,#11037,.T.);
#11040=ORIENTED_EDGE('',*,*,#11039,.F.);
#11041=ORIENTED_EDGE('',*,*,#11026,.T.);
#11043=ORIENTED_EDGE('',*,*,#11042,.T.);
#11044=EDGE_LOOP('',(#11038,#11040,#11041,#11043));
#11045=FACE_OUTER_BOUND('',#11044,.F.);
#11046=ADVANCED_FACE('',(#11045),#11036,.F.);
#11047=CARTESIAN_POINT('',(2.474873734153E1,-2.474873734153E1,-1.001E2));
#11048=DIRECTION('',(0.E0,0.E0,1.E0));
#11049=DIRECTION('',(-1.325714003101E-1,9.911734579880E-1,0.E0));
#11050=AXIS2_PLACEMENT_3D('',#11047,#11048,#11049);
#11051=TOROIDAL_SURFACE('',#11050,5.35E0,1.E-1);
#11052=ORIENTED_EDGE('',*,*,#8941,.T.);
#11054=ORIENTED_EDGE('',*,*,#11053,.T.);
#11055=ORIENTED_EDGE('',*,*,#11037,.F.);
#11057=ORIENTED_EDGE('',*,*,#11056,.F.);
#11058=EDGE_LOOP('',(#11052,#11054,#11055,#11057));
#11059=FACE_OUTER_BOUND('',#11058,.F.);
#11060=ADVANCED_FACE('',(#11059),#11051,.T.);
#11061=CARTESIAN_POINT('',(2.474873734153E1,-2.474873734153E1,-1.001E2));
#11062=DIRECTION('',(0.E0,0.E0,1.E0));
#11063=DIRECTION('',(1.325714003101E-1,-9.911734579880E-1,0.E0));
#11064=AXIS2_PLACEMENT_3D('',#11061,#11062,#11063);
#11065=TOROIDAL_SURFACE('',#11064,5.35E0,1.E-1);
#11066=ORIENTED_EDGE('',*,*,#8939,.T.);
#11067=ORIENTED_EDGE('',*,*,#11056,.T.);
#11069=ORIENTED_EDGE('',*,*,#11068,.F.);
#11070=ORIENTED_EDGE('',*,*,#11053,.F.);
#11071=EDGE_LOOP('',(#11066,#11067,#11069,#11070));
#11072=FACE_OUTER_BOUND('',#11071,.F.);
#11073=ADVANCED_FACE('',(#11072),#11065,.T.);
#11074=CARTESIAN_POINT('',(2.474873734153E1,-2.474873734153E1,-1.1E2));
#11075=DIRECTION('',(0.E0,0.E0,1.E0));
#11076=DIRECTION('',(0.E0,1.E0,0.E0));
#11077=AXIS2_PLACEMENT_3D('',#11074,#11075,#11076);
#11078=CYLINDRICAL_SURFACE('',#11077,5.25E0);
#11079=ORIENTED_EDGE('',*,*,#11068,.T.);
#11080=ORIENTED_EDGE('',*,*,#11042,.F.);
#11081=ORIENTED_EDGE('',*,*,#11012,.T.);
#11082=ORIENTED_EDGE('',*,*,#11039,.T.);
#11083=EDGE_LOOP('',(#11079,#11080,#11081,#11082));
#11084=FACE_OUTER_BOUND('',#11083,.F.);
#11085=ADVANCED_FACE('',(#11084),#11078,.F.);
#11086=CARTESIAN_POINT('',(0.E0,0.E0,4.381780460041E1));
#11087=DIRECTION('',(0.E0,0.E0,-1.E0));
#11088=DIRECTION('',(-1.211482977716E-2,-9.999266127569E-1,0.E0));
#11089=AXIS2_PLACEMENT_3D('',#11086,#11087,#11088);
#11090=TOROIDAL_SURFACE('',#11089,2.6E1,3.E0);
#11091=ORIENTED_EDGE('',*,*,#8714,.F.);
#11093=ORIENTED_EDGE('',*,*,#11092,.T.);
#11095=ORIENTED_EDGE('',*,*,#11094,.T.);
#11097=ORIENTED_EDGE('',*,*,#11096,.F.);
#11098=EDGE_LOOP('',(#11091,#11093,#11095,#11097));
#11099=FACE_OUTER_BOUND('',#11098,.F.);
#11100=ADVANCED_FACE('',(#11099),#11090,.F.);
#11101=CARTESIAN_POINT('',(0.E0,0.E0,4.381780460041E1));
#11102=DIRECTION('',(0.E0,0.E0,-1.E0));
#11103=DIRECTION('',(1.211482977715E-2,9.999266127569E-1,0.E0));
#11104=AXIS2_PLACEMENT_3D('',#11101,#11102,#11103);
#11105=TOROIDAL_SURFACE('',#11104,2.6E1,3.E0);
#11106=ORIENTED_EDGE('',*,*,#8668,.F.);
#11107=ORIENTED_EDGE('',*,*,#11096,.T.);
#11109=ORIENTED_EDGE('',*,*,#11108,.T.);
#11110=ORIENTED_EDGE('',*,*,#11092,.F.);
#11111=EDGE_LOOP('',(#11106,#11107,#11109,#11110));
#11112=FACE_OUTER_BOUND('',#11111,.F.);
#11113=ADVANCED_FACE('',(#11112),#11105,.F.);
#11114=CARTESIAN_POINT('',(0.E0,0.E0,1.2625E2));
#11115=DIRECTION('',(0.E0,0.E0,-1.E0));
#11116=DIRECTION('',(0.E0,-1.E0,0.E0));
#11117=AXIS2_PLACEMENT_3D('',#11114,#11115,#11116);
#11118=CYLINDRICAL_SURFACE('',#11117,2.3E1);
#11120=ORIENTED_EDGE('',*,*,#11119,.F.);
#11122=ORIENTED_EDGE('',*,*,#11121,.T.);
#11123=ORIENTED_EDGE('',*,*,#11108,.F.);
#11125=ORIENTED_EDGE('',*,*,#11124,.F.);
#11126=EDGE_LOOP('',(#11120,#11122,#11123,#11125));
#11127=FACE_OUTER_BOUND('',#11126,.F.);
#11128=ADVANCED_FACE('',(#11127),#11118,.T.);
#11129=CARTESIAN_POINT('',(0.E0,0.E0,8.95E1));
#11130=DIRECTION('',(0.E0,0.E0,-1.E0));
#11131=DIRECTION('',(2.239355958133E-2,-9.997492328025E-1,0.E0));
#11132=AXIS2_PLACEMENT_3D('',#11129,#11130,#11131);
#11133=TOROIDAL_SURFACE('',#11132,2.25E1,5.E-1);
#11134=ORIENTED_EDGE('',*,*,#11119,.T.);
#11136=ORIENTED_EDGE('',*,*,#11135,.T.);
#11138=ORIENTED_EDGE('',*,*,#11137,.F.);
#11140=ORIENTED_EDGE('',*,*,#11139,.F.);
#11141=EDGE_LOOP('',(#11134,#11136,#11138,#11140));
#11142=FACE_OUTER_BOUND('',#11141,.F.);
#11143=ADVANCED_FACE('',(#11142),#11133,.T.);
#11144=CARTESIAN_POINT('',(0.E0,0.E0,8.95E1));
#11145=DIRECTION('',(0.E0,0.E0,-1.E0));
#11146=DIRECTION('',(-2.239355958133E-2,9.997492328025E-1,0.E0));
#11147=AXIS2_PLACEMENT_3D('',#11144,#11145,#11146);
#11148=TOROIDAL_SURFACE('',#11147,2.25E1,5.E-1);
#11150=ORIENTED_EDGE('',*,*,#11149,.T.);
#11151=ORIENTED_EDGE('',*,*,#11139,.T.);
#11153=ORIENTED_EDGE('',*,*,#11152,.F.);
#11154=ORIENTED_EDGE('',*,*,#11135,.F.);
#11155=EDGE_LOOP('',(#11150,#11151,#11153,#11154));
#11156=FACE_OUTER_BOUND('',#11155,.F.);
#11157=ADVANCED_FACE('',(#11156),#11148,.T.);
#11158=CARTESIAN_POINT('',(0.E0,0.E0,1.2625E2));
#11159=DIRECTION('',(0.E0,0.E0,-1.E0));
#11160=DIRECTION('',(0.E0,-1.E0,0.E0));
#11161=AXIS2_PLACEMENT_3D('',#11158,#11159,#11160);
#11162=CYLINDRICAL_SURFACE('',#11161,2.3E1);
#11163=ORIENTED_EDGE('',*,*,#11149,.F.);
#11164=ORIENTED_EDGE('',*,*,#11124,.T.);
#11165=ORIENTED_EDGE('',*,*,#11094,.F.);
#11166=ORIENTED_EDGE('',*,*,#11121,.F.);
#11167=EDGE_LOOP('',(#11163,#11164,#11165,#11166));
#11168=FACE_OUTER_BOUND('',#11167,.F.);
#11169=ADVANCED_FACE('',(#11168),#11162,.T.);
#11170=CARTESIAN_POINT('',(0.E0,0.E0,9.E1));
#11171=DIRECTION('',(0.E0,0.E0,-1.E0));
#11172=DIRECTION('',(0.E0,-1.E0,0.E0));
#11173=AXIS2_PLACEMENT_3D('',#11170,#11171,#11172);
#11174=PLANE('',#11173);
#11175=ORIENTED_EDGE('',*,*,#11137,.T.);
#11176=ORIENTED_EDGE('',*,*,#11152,.T.);
#11177=EDGE_LOOP('',(#11175,#11176));
#11178=FACE_OUTER_BOUND('',#11177,.F.);
#11180=ORIENTED_EDGE('',*,*,#11179,.T.);
#11182=ORIENTED_EDGE('',*,*,#11181,.T.);
#11183=EDGE_LOOP('',(#11180,#11182));
#11184=FACE_BOUND('',#11183,.F.);
#11185=ADVANCED_FACE('',(#11178,#11184),#11174,.F.);
#11186=CARTESIAN_POINT('',(0.E0,0.E0,9.01E1));
#11187=DIRECTION('',(0.E0,0.E0,-1.E0));
#11188=DIRECTION('',(-3.602225924184E-2,-9.993509878111E-1,0.E0));
#11189=AXIS2_PLACEMENT_3D('',#11186,#11187,#11188);
#11190=TOROIDAL_SURFACE('',#11189,1.947423856868E1,1.E-1);
#11191=ORIENTED_EDGE('',*,*,#11179,.F.);
#11193=ORIENTED_EDGE('',*,*,#11192,.T.);
#11195=ORIENTED_EDGE('',*,*,#11194,.T.);
#11197=ORIENTED_EDGE('',*,*,#11196,.F.);
#11198=EDGE_LOOP('',(#11191,#11193,#11195,#11197));
#11199=FACE_OUTER_BOUND('',#11198,.F.);
#11200=ADVANCED_FACE('',(#11199),#11190,.F.);
#11201=CARTESIAN_POINT('',(0.E0,0.E0,9.01E1));
#11202=DIRECTION('',(0.E0,0.E0,-1.E0));
#11203=DIRECTION('',(3.602225924184E-2,9.993509878111E-1,0.E0));
#11204=AXIS2_PLACEMENT_3D('',#11201,#11202,#11203);
#11205=TOROIDAL_SURFACE('',#11204,1.947423856868E1,1.E-1);
#11206=ORIENTED_EDGE('',*,*,#11181,.F.);
#11207=ORIENTED_EDGE('',*,*,#11196,.T.);
#11209=ORIENTED_EDGE('',*,*,#11208,.T.);
#11210=ORIENTED_EDGE('',*,*,#11192,.F.);
#11211=EDGE_LOOP('',(#11206,#11207,#11209,#11210));
#11212=FACE_OUTER_BOUND('',#11211,.F.);
#11213=ADVANCED_FACE('',(#11212),#11205,.F.);
#11214=CARTESIAN_POINT('',(0.E0,0.E0,1.2625E2));
#11215=DIRECTION('',(0.E0,0.E0,-1.E0));
#11216=DIRECTION('',(0.E0,-1.E0,0.E0));
#11217=AXIS2_PLACEMENT_3D('',#11214,#11215,#11216);
#11218=CYLINDRICAL_SURFACE('',#11217,1.937423856868E1);
#11220=ORIENTED_EDGE('',*,*,#11219,.T.);
#11222=ORIENTED_EDGE('',*,*,#11221,.T.);
#11223=ORIENTED_EDGE('',*,*,#11208,.F.);
#11225=ORIENTED_EDGE('',*,*,#11224,.F.);
#11226=EDGE_LOOP('',(#11220,#11222,#11223,#11225));
#11227=FACE_OUTER_BOUND('',#11226,.F.);
#11228=ADVANCED_FACE('',(#11227),#11218,.T.);
#11229=CARTESIAN_POINT('',(0.E0,0.E0,9.49E1));
#11230=DIRECTION('',(0.E0,0.E0,-1.E0));
#11231=DIRECTION('',(2.438511756913E-2,9.997026388087E-1,0.E0));
#11232=AXIS2_PLACEMENT_3D('',#11229,#11230,#11231);
#11233=TOROIDAL_SURFACE('',#11232,1.947423856868E1,1.E-1);
#11234=ORIENTED_EDGE('',*,*,#11219,.F.);
#11236=ORIENTED_EDGE('',*,*,#11235,.T.);
#11238=ORIENTED_EDGE('',*,*,#11237,.T.);
#11240=ORIENTED_EDGE('',*,*,#11239,.F.);
#11241=EDGE_LOOP('',(#11234,#11236,#11238,#11240));
#11242=FACE_OUTER_BOUND('',#11241,.F.);
#11243=ADVANCED_FACE('',(#11242),#11233,.F.);
#11244=CARTESIAN_POINT('',(0.E0,0.E0,9.49E1));
#11245=DIRECTION('',(0.E0,0.E0,-1.E0));
#11246=DIRECTION('',(-2.438511756913E-2,-9.997026388087E-1,0.E0));
#11247=AXIS2_PLACEMENT_3D('',#11244,#11245,#11246);
#11248=TOROIDAL_SURFACE('',#11247,1.947423856868E1,1.E-1);
#11250=ORIENTED_EDGE('',*,*,#11249,.F.);
#11251=ORIENTED_EDGE('',*,*,#11239,.T.);
#11253=ORIENTED_EDGE('',*,*,#11252,.T.);
#11254=ORIENTED_EDGE('',*,*,#11235,.F.);
#11255=EDGE_LOOP('',(#11250,#11251,#11253,#11254));
#11256=FACE_OUTER_BOUND('',#11255,.F.);
#11257=ADVANCED_FACE('',(#11256),#11248,.F.);
#11258=CARTESIAN_POINT('',(0.E0,0.E0,1.2625E2));
#11259=DIRECTION('',(0.E0,0.E0,-1.E0));
#11260=DIRECTION('',(0.E0,-1.E0,0.E0));
#11261=AXIS2_PLACEMENT_3D('',#11258,#11259,#11260);
#11262=CYLINDRICAL_SURFACE('',#11261,1.937423856868E1);
#11263=ORIENTED_EDGE('',*,*,#11249,.T.);
#11264=ORIENTED_EDGE('',*,*,#11224,.T.);
#11265=ORIENTED_EDGE('',*,*,#11194,.F.);
#11266=ORIENTED_EDGE('',*,*,#11221,.F.);
#11267=EDGE_LOOP('',(#11263,#11264,#11265,#11266));
#11268=FACE_OUTER_BOUND('',#11267,.F.);
#11269=ADVANCED_FACE('',(#11268),#11262,.T.);
#11270=CARTESIAN_POINT('',(0.E0,0.E0,9.5E1));
#11271=DIRECTION('',(0.E0,0.E0,-1.E0));
#11272=DIRECTION('',(0.E0,-1.E0,0.E0));
#11273=AXIS2_PLACEMENT_3D('',#11270,#11271,#11272);
#11274=PLANE('',#11273);
#11276=ORIENTED_EDGE('',*,*,#11275,.F.);
#11278=ORIENTED_EDGE('',*,*,#11277,.F.);
#11279=EDGE_LOOP('',(#11276,#11278));
#11280=FACE_OUTER_BOUND('',#11279,.F.);
#11281=ORIENTED_EDGE('',*,*,#11252,.F.);
#11282=ORIENTED_EDGE('',*,*,#11237,.F.);
#11283=EDGE_LOOP('',(#11281,#11282));
#11284=FACE_BOUND('',#11283,.F.);
#11285=ADVANCED_FACE('',(#11280,#11284),#11274,.T.);
#11286=CARTESIAN_POINT('',(0.E0,0.E0,9.55E1));
#11287=DIRECTION('',(0.E0,0.E0,-1.E0));
#11288=DIRECTION('',(2.344789389659E-2,-9.997250603400E-1,0.E0));
#11289=AXIS2_PLACEMENT_3D('',#11286,#11287,#11288);
#11290=TOROIDAL_SURFACE('',#11289,2.0455E1,5.E-1);
#11291=ORIENTED_EDGE('',*,*,#11275,.T.);
#11293=ORIENTED_EDGE('',*,*,#11292,.T.);
#11295=ORIENTED_EDGE('',*,*,#11294,.F.);
#11297=ORIENTED_EDGE('',*,*,#11296,.F.);
#11298=EDGE_LOOP('',(#11291,#11293,#11295,#11297));
#11299=FACE_OUTER_BOUND('',#11298,.F.);
#11300=ADVANCED_FACE('',(#11299),#11290,.T.);
#11301=CARTESIAN_POINT('',(0.E0,0.E0,9.55E1));
#11302=DIRECTION('',(0.E0,0.E0,-1.E0));
#11303=DIRECTION('',(-2.344789389659E-2,9.997250603400E-1,0.E0));
#11304=AXIS2_PLACEMENT_3D('',#11301,#11302,#11303);
#11305=TOROIDAL_SURFACE('',#11304,2.0455E1,5.E-1);
#11306=ORIENTED_EDGE('',*,*,#11277,.T.);
#11307=ORIENTED_EDGE('',*,*,#11296,.T.);
#11309=ORIENTED_EDGE('',*,*,#11308,.F.);
#11310=ORIENTED_EDGE('',*,*,#11292,.F.);
#11311=EDGE_LOOP('',(#11306,#11307,#11309,#11310));
#11312=FACE_OUTER_BOUND('',#11311,.F.);
#11313=ADVANCED_FACE('',(#11312),#11305,.T.);
#11314=CARTESIAN_POINT('',(0.E0,0.E0,1.2625E2));
#11315=DIRECTION('',(0.E0,0.E0,-1.E0));
#11316=DIRECTION('',(0.E0,-1.E0,0.E0));
#11317=AXIS2_PLACEMENT_3D('',#11314,#11315,#11316);
#11318=CYLINDRICAL_SURFACE('',#11317,2.0955E1);
#11320=ORIENTED_EDGE('',*,*,#11319,.F.);
#11322=ORIENTED_EDGE('',*,*,#11321,.T.);
#11323=ORIENTED_EDGE('',*,*,#11308,.T.);
#11325=ORIENTED_EDGE('',*,*,#11324,.F.);
#11326=EDGE_LOOP('',(#11320,#11322,#11323,#11325));
#11327=FACE_OUTER_BOUND('',#11326,.F.);
#11328=ADVANCED_FACE('',(#11327),#11318,.T.);
#11329=CARTESIAN_POINT('',(0.E0,0.E0,1.129585786438E2));
#11330=DIRECTION('',(0.E0,0.E0,-1.E0));
#11331=DIRECTION('',(-2.457852811707E-2,9.996979023463E-1,0.E0));
#11332=AXIS2_PLACEMENT_3D('',#11329,#11330,#11331);
#11333=TOROIDAL_SURFACE('',#11332,2.0855E1,1.E-1);
#11334=ORIENTED_EDGE('',*,*,#11319,.T.);
#11336=ORIENTED_EDGE('',*,*,#11335,.T.);
#11338=ORIENTED_EDGE('',*,*,#11337,.F.);
#11340=ORIENTED_EDGE('',*,*,#11339,.F.);
#11341=EDGE_LOOP('',(#11334,#11336,#11338,#11340));
#11342=FACE_OUTER_BOUND('',#11341,.F.);
#11343=ADVANCED_FACE('',(#11342),#11333,.T.);
#11344=CARTESIAN_POINT('',(0.E0,0.E0,1.129585786438E2));
#11345=DIRECTION('',(0.E0,0.E0,-1.E0));
#11346=DIRECTION('',(2.457852811707E-2,-9.996979023463E-1,0.E0));
#11347=AXIS2_PLACEMENT_3D('',#11344,#11345,#11346);
#11348=TOROIDAL_SURFACE('',#11347,2.0855E1,1.E-1);
#11350=ORIENTED_EDGE('',*,*,#11349,.T.);
#11351=ORIENTED_EDGE('',*,*,#11339,.T.);
#11353=ORIENTED_EDGE('',*,*,#11352,.F.);
#11354=ORIENTED_EDGE('',*,*,#11335,.F.);
#11355=EDGE_LOOP('',(#11350,#11351,#11353,#11354));
#11356=FACE_OUTER_BOUND('',#11355,.F.);
#11357=ADVANCED_FACE('',(#11356),#11348,.T.);
#11358=CARTESIAN_POINT('',(0.E0,0.E0,1.2625E2));
#11359=DIRECTION('',(0.E0,0.E0,-1.E0));
#11360=DIRECTION('',(0.E0,-1.E0,0.E0));
#11361=AXIS2_PLACEMENT_3D('',#11358,#11359,#11360);
#11362=CYLINDRICAL_SURFACE('',#11361,2.0955E1);
#11363=ORIENTED_EDGE('',*,*,#11349,.F.);
#11364=ORIENTED_EDGE('',*,*,#11324,.T.);
#11365=ORIENTED_EDGE('',*,*,#11294,.T.);
#11366=ORIENTED_EDGE('',*,*,#11321,.F.);
#11367=EDGE_LOOP('',(#11363,#11364,#11365,#11366));
#11368=FACE_OUTER_BOUND('',#11367,.F.);
#11369=ADVANCED_FACE('',(#11368),#11362,.T.);
#11370=CARTESIAN_POINT('',(-1.977667393172E-14,0.E0,1.14E2));
#11371=DIRECTION('',(0.E0,0.E0,-1.E0));
#11372=DIRECTION('',(0.E0,-1.E0,0.E0));
#11373=AXIS2_PLACEMENT_3D('',#11370,#11371,#11372);
#11374=CONICAL_SURFACE('',#11373,1.995499999995E1,4.5E1);
#11375=ORIENTED_EDGE('',*,*,#11352,.T.);
#11377=ORIENTED_EDGE('',*,*,#11376,.T.);
#11379=ORIENTED_EDGE('',*,*,#11378,.T.);
#11381=ORIENTED_EDGE('',*,*,#11380,.F.);
#11382=EDGE_LOOP('',(#11375,#11377,#11379,#11381));
#11383=FACE_OUTER_BOUND('',#11382,.F.);
#11384=ADVANCED_FACE('',(#11383),#11374,.T.);
#11385=CARTESIAN_POINT('',(0.E0,0.E0,1.14E2));
#11386=DIRECTION('',(0.E0,0.E0,-1.E0));
#11387=DIRECTION('',(0.E0,-1.E0,0.E0));
#11388=AXIS2_PLACEMENT_3D('',#11385,#11386,#11387);
#11389=CONICAL_SURFACE('',#11388,1.995499999995E1,4.5E1);
#11390=ORIENTED_EDGE('',*,*,#11337,.T.);
#11391=ORIENTED_EDGE('',*,*,#11380,.T.);
#11393=ORIENTED_EDGE('',*,*,#11392,.T.);
#11394=ORIENTED_EDGE('',*,*,#11376,.F.);
#11395=EDGE_LOOP('',(#11390,#11391,#11393,#11394));
#11396=FACE_OUTER_BOUND('',#11395,.F.);
#11397=ADVANCED_FACE('',(#11396),#11389,.T.);
#11398=CARTESIAN_POINT('',(0.E0,0.E0,1.149E2));
#11399=DIRECTION('',(0.E0,0.E0,-1.E0));
#11400=DIRECTION('',(-3.497434393590E-2,-9.993882104899E-1,0.E0));
#11401=AXIS2_PLACEMENT_3D('',#11398,#11399,#11400);
#11402=TOROIDAL_SURFACE('',#11401,1.891357864376E1,1.E-1);
#11403=ORIENTED_EDGE('',*,*,#4443,.T.);
#11405=ORIENTED_EDGE('',*,*,#11404,.T.);
#11406=ORIENTED_EDGE('',*,*,#11392,.F.);
#11408=ORIENTED_EDGE('',*,*,#11407,.F.);
#11409=EDGE_LOOP('',(#11403,#11405,#11406,#11408));
#11410=FACE_OUTER_BOUND('',#11409,.F.);
#11411=ADVANCED_FACE('',(#11410),#11402,.T.);
#11412=CARTESIAN_POINT('',(-1.977667393172E-14,0.E0,1.149E2));
#11413=DIRECTION('',(0.E0,0.E0,-1.E0));
#11414=DIRECTION('',(3.497434393590E-2,9.993882104899E-1,0.E0));
#11415=AXIS2_PLACEMENT_3D('',#11412,#11413,#11414);
#11416=TOROIDAL_SURFACE('',#11415,1.891357864376E1,1.E-1);
#11417=ORIENTED_EDGE('',*,*,#4445,.T.);
#11418=ORIENTED_EDGE('',*,*,#11407,.T.);
#11419=ORIENTED_EDGE('',*,*,#11378,.F.);
#11420=ORIENTED_EDGE('',*,*,#11404,.F.);
#11421=EDGE_LOOP('',(#11417,#11418,#11419,#11420));
#11422=FACE_OUTER_BOUND('',#11421,.F.);
#11423=ADVANCED_FACE('',(#11422),#11416,.T.);
#11424=CARTESIAN_POINT('',(0.E0,1.396266598742E2,0.E0));
#11425=DIRECTION('',(0.E0,1.E0,0.E0));
#11426=DIRECTION('',(-3.489565731472E-2,0.E0,-9.993909610861E-1));
#11427=AXIS2_PLACEMENT_3D('',#11424,#11425,#11426);
#11428=TOROIDAL_SURFACE('',#11427,2.01E1,1.E-1);
#11429=ORIENTED_EDGE('',*,*,#7530,.T.);
#11430=ORIENTED_EDGE('',*,*,#7514,.T.);
#11431=ORIENTED_EDGE('',*,*,#7471,.F.);
#11432=ORIENTED_EDGE('',*,*,#7511,.F.);
#11433=EDGE_LOOP('',(#11429,#11430,#11431,#11432));
#11434=FACE_OUTER_BOUND('',#11433,.F.);
#11435=ADVANCED_FACE('',(#11434),#11428,.T.);
#11436=CARTESIAN_POINT('',(3.288749241754E1,3.400461281339E0,
-1.885671639131E1));
#11437=CARTESIAN_POINT('',(3.283836267986E1,3.174684536863E0,
-1.908249313579E1));
#11438=CARTESIAN_POINT('',(3.271173712820E1,2.632904895332E0,
-1.962427277732E1));
#11439=CARTESIAN_POINT('',(3.246953851221E1,1.744802192871E0,
-2.051237547978E1));
#11440=CARTESIAN_POINT('',(3.213413694013E1,7.009097324290E-1,
-2.155626794022E1));
#11441=CARTESIAN_POINT('',(3.170224930337E1,-4.473584727181E-1,
-2.270453614537E1));
#11442=CARTESIAN_POINT('',(3.114956487581E1,-1.707913136497E0,
-2.396509080915E1));
#11443=CARTESIAN_POINT('',(3.044594394885E1,-3.087930142012E0,
-2.534510781466E1));
#11444=CARTESIAN_POINT('',(2.955511135951E1,-4.591181337872E0,
-2.684835901052E1));
#11445=CARTESIAN_POINT('',(2.844283158699E1,-6.203781148598E0,
-2.846095882125E1));
#11446=CARTESIAN_POINT('',(2.709776033026E1,-7.876309730419E0,
-3.013348740307E1));
#11447=CARTESIAN_POINT('',(2.555413784290E1,-9.523657526898E0,
-3.178083519955E1));
#11448=CARTESIAN_POINT('',(2.389116230394E1,-1.105424494709E1,
-3.331142261974E1));
#11449=CARTESIAN_POINT('',(2.220117133318E1,-1.240725086785E1,
-3.466442854050E1));
#11450=CARTESIAN_POINT('',(2.055203394359E1,-1.356716822067E1,
-3.582434589332E1));
#11451=CARTESIAN_POINT('',(1.897325375118E1,-1.455123195133E1,
-3.680840962398E1));
#11452=CARTESIAN_POINT('',(1.746864079E1,-1.538745509473E1,-3.764463276738E1));
#11453=CARTESIAN_POINT('',(1.602651887022E1,-1.610470589393E1,
-3.836188356658E1));
#11454=CARTESIAN_POINT('',(1.461790157111E1,-1.673214358404E1,
-3.898932125669E1));
#11455=CARTESIAN_POINT('',(1.320034083855E1,-1.729533448539E1,
-3.955251215804E1));
#11456=CARTESIAN_POINT('',(1.173686495594E1,-1.780846896911E1,
-4.006564664176E1));
#11457=CARTESIAN_POINT('',(1.022242551214E1,-1.826923751736E1,
-4.052641519001E1));
#11458=CARTESIAN_POINT('',(8.696431503277E0,-1.866353677432E1,
-4.092071444696E1));
#11459=CARTESIAN_POINT('',(7.222481805587E0,-1.897981827628E1,
-4.123699594893E1));
#11460=CARTESIAN_POINT('',(5.851993344259E0,-1.921898695292E1,
-4.147616462557E1));
#11461=CARTESIAN_POINT('',(4.604915132189E0,-1.939186495093E1,
-4.164904262358E1));
#11462=CARTESIAN_POINT('',(3.460627223498E0,-1.951380368771E1,
-4.177098136036E1));
#11463=CARTESIAN_POINT('',(2.360534624644E0,-1.959878723620E1,
-4.185596490885E1));
#11464=CARTESIAN_POINT('',(1.213980391293E0,-1.965413144691E1,
-4.191130911956E1));
#11465=CARTESIAN_POINT('',(2.548744967169E-1,-1.967018476755E1,
-4.192736244020E1));
#11466=CARTESIAN_POINT('',(-3.322328111137E-1,-1.966630689888E1,
-4.192348457153E1));
#11467=CARTESIAN_POINT('',(-4.983018298793E-1,-1.966411119633E1,
-4.192128886898E1));
#11468=CARTESIAN_POINT('',(3.291155186198E1,3.346281861794E0,
-1.880777238167E1));
#11469=CARTESIAN_POINT('',(3.286239469320E1,3.120379056818E0,
-1.903367518664E1));
#11470=CARTESIAN_POINT('',(3.273569844869E1,2.578296950915E0,
-1.957575729255E1));
#11471=CARTESIAN_POINT('',(3.249336460221E1,1.689698370475E0,
-2.046435587299E1));
#11472=CARTESIAN_POINT('',(3.215777559915E1,6.452225249584E-1,
-2.150883171850E1));
#11473=CARTESIAN_POINT('',(3.172564616048E1,-5.036886266614E-1,
-2.265774287012E1));
#11474=CARTESIAN_POINT('',(3.117265128850E1,-1.764951459379E0,
-2.391900570284E1));
#11475=CARTESIAN_POINT('',(3.046863308550E1,-3.145747832463E0,
-2.529980207592E1));
#11476=CARTESIAN_POINT('',(2.957729358431E1,-4.649854730709E0,
-2.680390897417E1));
#11477=CARTESIAN_POINT('',(2.846437365075E1,-6.263383141672E0,
-2.841743738513E1));
#11478=CARTESIAN_POINT('',(2.711851570254E1,-7.936890649927E0,
-3.009094489339E1));
#11479=CARTESIAN_POINT('',(2.557397072150E1,-9.585223844504E0,
-3.173927808797E1));
#11480=CARTESIAN_POINT('',(2.390997438395E1,-1.111675178823E1,
-3.327080603169E1));
#11481=CARTESIAN_POINT('',(2.221891384171E1,-1.247061492368E1,
-3.462466916715E1));
#11482=CARTESIAN_POINT('',(2.056869837386E1,-1.363129131278E1,
-3.578534555624E1));
#11483=CARTESIAN_POINT('',(1.898885175233E1,-1.461602038781E1,
-3.677007463127E1));
#11484=CARTESIAN_POINT('',(1.748318913954E1,-1.545282741963E1,
-3.760688166309E1));
#11485=CARTESIAN_POINT('',(1.604002916468E1,-1.617059493794E1,
-3.832464918141E1));
#11486=CARTESIAN_POINT('',(1.463036682859E1,-1.679849849888E1,
-3.895255274235E1));
#11487=CARTESIAN_POINT('',(1.321172287585E1,-1.736212013251E1,
-3.951617437597E1));
#11488=CARTESIAN_POINT('',(1.174709519187E1,-1.787565886366E1,
-4.002971310712E1));
#11489=CARTESIAN_POINT('',(1.023142826926E1,-1.833680128681E1,
-4.049085553027E1));
#11490=CARTESIAN_POINT('',(8.704162036100E0,-1.873142966271E1,
-4.088548390617E1));
#11491=CARTESIAN_POINT('',(7.228952281753E0,-1.904798185407E1,
-4.120203609753E1));
#11492=CARTESIAN_POINT('',(5.857267994690E0,-1.928735942152E1,
-4.144141366498E1));
#11493=CARTESIAN_POINT('',(4.609084462619E0,-1.946039077148E1,
-4.161444501494E1));
#11494=CARTESIAN_POINT('',(3.463770675862E0,-1.958243890276E1,
-4.173649314622E1));
#11495=CARTESIAN_POINT('',(2.362683804415E0,-1.966749930724E1,
-4.182155355070E1));
#11496=CARTESIAN_POINT('',(1.215087448231E0,-1.972289385618E1,
-4.187694809964E1));
#11497=CARTESIAN_POINT('',(2.551069233436E-1,-1.973896183021E1,
-4.189301607367E1));
#11498=CARTESIAN_POINT('',(-3.325357824879E-1,-1.973508042128E1,
-4.188913466475E1));
#11499=CARTESIAN_POINT('',(-4.987562027811E-1,-1.973288271214E1,
-4.188693695560E1));
#11500=CARTESIAN_POINT('',(3.286600237646E1,3.307729637899E0,
-1.875930844813E1));
#11501=CARTESIAN_POINT('',(3.281689714040E1,3.082065491424E0,
-1.898497259460E1));
#11502=CARTESIAN_POINT('',(3.269033473202E1,2.540556012895E0,
-1.952648207313E1));
#11503=CARTESIAN_POINT('',(3.244825690472E1,1.652896231641E0,
-2.041414185438E1));
#11504=CARTESIAN_POINT('',(3.211302274713E1,6.095248542707E-1,
-2.145751323175E1));
#11505=CARTESIAN_POINT('',(3.168135108930E1,-5.381690672040E-1,
-2.260520715323E1));
#11506=CARTESIAN_POINT('',(3.112894395256E1,-1.798091190211E0,
-2.386512927624E1));
#11507=CARTESIAN_POINT('',(3.042567787497E1,-3.177412059905E0,
-2.524445014593E1));
#11508=CARTESIAN_POINT('',(2.953529806234E1,-4.679898937226E0,
-2.674693702325E1));
#11509=CARTESIAN_POINT('',(2.842359008554E1,-6.291669316613E0,
-2.835870740264E1));
#11510=CARTESIAN_POINT('',(2.707922150639E1,-7.963323515431E0,
-3.003036160146E1));
#11511=CARTESIAN_POINT('',(2.553642299596E1,-9.609791148377E0,
-3.167682923440E1));
#11512=CARTESIAN_POINT('',(2.387435924046E1,-1.113953848727E1,
-3.320657657330E1));
#11513=CARTESIAN_POINT('',(2.218532361741E1,-1.249177873869E1,
-3.455881682471E1));
#11514=CARTESIAN_POINT('',(2.053714917383E1,-1.365101811572E1,
-3.571805620174E1));
#11515=CARTESIAN_POINT('',(1.895932152234E1,-1.463448755678E1,
-3.670152564280E1));
#11516=CARTESIAN_POINT('',(1.745564611633E1,-1.547018916751E1,
-3.753722725354E1));
#11517=CARTESIAN_POINT('',(1.601445139362E1,-1.618697843007E1,
-3.825401651610E1));
#11518=CARTESIAN_POINT('',(1.460676752784E1,-1.681400000154E1,
-3.888103808757E1));
#11519=CARTESIAN_POINT('',(1.319017433410E1,-1.737680617023E1,
-3.944384425626E1));
#11520=CARTESIAN_POINT('',(1.172772724742E1,-1.788957957770E1,
-3.995661766373E1));
#11521=CARTESIAN_POINT('',(1.021438419511E1,-1.835001417862E1,
-4.041705226465E1));
#11522=CARTESIAN_POINT('',(8.689526544672E0,-1.874401946456E1,
-4.081105755058E1));
#11523=CARTESIAN_POINT('',(7.216702337197E0,-1.906005918512E1,
-4.112709727115E1));
#11524=CARTESIAN_POINT('',(5.847281994639E0,-1.929904127922E1,
-4.136607936524E1));
#11525=CARTESIAN_POINT('',(4.601191061069E0,-1.947178230235E1,
-4.153882038837E1));
#11526=CARTESIAN_POINT('',(3.457819472862E0,-1.959362332731E1,
-4.166066141334E1));
#11527=CARTESIAN_POINT('',(2.358614964293E0,-1.967853822755E1,
-4.174557631358E1));
#11528=CARTESIAN_POINT('',(1.212991561349E0,-1.973383747585E1,
-4.180087556188E1));
#11529=CARTESIAN_POINT('',(2.546668918503E-1,-1.974987770800E1,
-4.181691579403E1));
#11530=CARTESIAN_POINT('',(-3.319621952524E-1,-1.974600300151E1,
-4.181304108753E1));
#11531=CARTESIAN_POINT('',(-4.978959812593E-1,-1.974380909126E1,
-4.181084717729E1));
#11532=CARTESIAN_POINT('',(3.279007378450E1,3.318007991045E0,
-1.875306450363E1));
#11533=CARTESIAN_POINT('',(3.274105511755E1,3.092741675715E0,
-1.897833081896E1));
#11534=CARTESIAN_POINT('',(3.261471580695E1,2.552186736843E0,
-1.951888575783E1));
#11535=CARTESIAN_POINT('',(3.237306475013E1,1.666091884357E0,
-2.040498061032E1));
#11536=CARTESIAN_POINT('',(3.203842210124E1,6.245615971826E-1,
-2.144651089749E1));
#11537=CARTESIAN_POINT('',(3.160751353994E1,-5.211032657869E-1,
-2.259217576046E1));
#11538=CARTESIAN_POINT('',(3.105608612687E1,-1.778790496359E0,
-2.384986299103E1));
#11539=CARTESIAN_POINT('',(3.035407380269E1,-3.155651779660E0,
-2.522672427433E1));
#11540=CARTESIAN_POINT('',(2.946529374033E1,-4.655438167473E0,
-2.672651066215E1));
#11541=CARTESIAN_POINT('',(2.835560603159E1,-6.264278000869E0,
-2.833535049554E1));
#11542=CARTESIAN_POINT('',(2.701372015217E1,-7.932842830522E0,
-3.000391532520E1));
#11543=CARTESIAN_POINT('',(2.547383291620E1,-9.576200670544E0,
-3.164727316522E1));
#11544=CARTESIAN_POINT('',(2.381499067314E1,-1.110297983501E1,
-3.317405232969E1));
#11545=CARTESIAN_POINT('',(2.212933048367E1,-1.245251482426E1,
-3.452358731894E1));
#11546=CARTESIAN_POINT('',(2.048455831999E1,-1.360935877792E1,
-3.568043127259E1));
#11547=CARTESIAN_POINT('',(1.891009618516E1,-1.459072847553E1,
-3.666180097020E1));
#11548=CARTESIAN_POINT('',(1.740973334813E1,-1.542458740757E1,
-3.749565990225E1));
#11549=CARTESIAN_POINT('',(1.597181459720E1,-1.613974596934E1,
-3.821081846401E1));
#11550=CARTESIAN_POINT('',(1.456742873716E1,-1.676529731085E1,
-3.883636980552E1));
#11551=CARTESIAN_POINT('',(1.315425405057E1,-1.732674414247E1,
-3.939781663714E1));
#11552=CARTESIAN_POINT('',(1.169544190470E1,-1.783824179568E1,
-3.990931429036E1));
#11553=CARTESIAN_POINT('',(1.018597262171E1,-1.829749649425E1,
-4.036856898892E1));
#11554=CARTESIAN_POINT('',(8.665129951736E0,-1.869046312206E1,
-4.076153561673E1));
#11555=CARTESIAN_POINT('',(7.196282325182E0,-1.900564858080E1,
-4.107672107548E1));
#11556=CARTESIAN_POINT('',(5.830635858805E0,-1.924397144167E1,
-4.131504393634E1));
#11557=CARTESIAN_POINT('',(4.588033176658E0,-1.941622850527E1,
-4.148730099994E1));
#11558=CARTESIAN_POINT('',(3.447899131082E0,-1.953772429492E1,
-4.160879678959E1));
#11559=CARTESIAN_POINT('',(2.351832422234E0,-1.962239664725E1,
-4.169346914193E1));
#11560=CARTESIAN_POINT('',(1.209497828368E0,-1.967753703442E1,
-4.174860952910E1));
#11561=CARTESIAN_POINT('',(2.539333825401E-1,-1.969353102231E1,
-4.176460351698E1));
#11562=CARTESIAN_POINT('',(-3.310060555584E-1,-1.968966748842E1,
-4.176073998309E1));
#11563=CARTESIAN_POINT('',(-4.964620373152E-1,-1.968747991073E1,
-4.175855240540E1));
#11564=(BOUNDED_SURFACE()B_SPLINE_SURFACE(3,3,((#11436,#11437,#11438,#11439,
#11440,#11441,#11442,#11443,#11444,#11445,#11446,#11447,#11448,#11449,#11450,
#11451,#11452,#11453,#11454,#11455,#11456,#11457,#11458,#11459,#11460,#11461,
#11462,#11463,#11464,#11465,#11466,#11467),(#11468,#11469,#11470,#11471,#11472,
#11473,#11474,#11475,#11476,#11477,#11478,#11479,#11480,#11481,#11482,#11483,
#11484,#11485,#11486,#11487,#11488,#11489,#11490,#11491,#11492,#11493,#11494,
#11495,#11496,#11497,#11498,#11499),(#11500,#11501,#11502,#11503,#11504,#11505,
#11506,#11507,#11508,#11509,#11510,#11511,#11512,#11513,#11514,#11515,#11516,
#11517,#11518,#11519,#11520,#11521,#11522,#11523,#11524,#11525,#11526,#11527,
#11528,#11529,#11530,#11531),(#11532,#11533,#11534,#11535,#11536,#11537,#11538,
#11539,#11540,#11541,#11542,#11543,#11544,#11545,#11546,#11547,#11548,#11549,
#11550,#11551,#11552,#11553,#11554,#11555,#11556,#11557,#11558,#11559,#11560,
#11561,#11562,#11563)),.UNSPECIFIED.,.F.,.F.,.F.)B_SPLINE_SURFACE_WITH_KNOTS((4,
4),(4,1,1,1,1,1,1,1,1,1,1,1,1,1,1,1,1,1,1,1,1,1,1,1,1,1,1,1,1,4),(0.E0,1.E0),(
7.209086901370E-1,7.262891788530E-1,7.338419592643E-1,7.422095644196E-1,
7.514992698821E-1,7.618223088558E-1,7.732860670117E-1,7.860396374647E-1,
8.001948018251E-1,8.155202613433E-1,8.313241583020E-1,8.467001783796E-1,
8.609413257249E-1,8.738056634982E-1,8.854084071052E-1,8.959654895885E-1,
9.056540316555E-1,9.147501764518E-1,9.236702166394E-1,9.327111752017E-1,
9.419299223124E-1,9.510992815585E-1,9.597387568448E-1,9.675536511146E-1,
9.745825580144E-1,9.808805670816E-1,9.868062088312E-1,9.929938884297E-1,1.E0,
1.002764397879E0),.UNSPECIFIED.)GEOMETRIC_REPRESENTATION_ITEM()RATIONAL_B_SPLINE_SURFACE(((1.274395605980E0,1.274395605980E0,1.274395605980E0,1.274395605980E0,
1.274395605980E0,1.274395605980E0,1.274395605980E0,1.274395605980E0,
1.274395605980E0,1.274395605980E0,1.274395605980E0,1.274395605980E0,
1.274395605980E0,1.274395605980E0,1.274395605980E0,1.274395605980E0,
1.274395605980E0,1.274395605980E0,1.274395605980E0,1.274395605980E0,
1.274395605980E0,1.274395605980E0,1.274395605980E0,1.274395605980E0,
1.274395605980E0,1.274395605980E0,1.274395605980E0,1.274395605980E0,
1.274395605980E0,1.274395605980E0,1.274395605980E0,1.274395605980E0),(
9.085347980067E-1,9.085347980067E-1,9.085347980067E-1,9.085347980067E-1,
9.085347980067E-1,9.085347980067E-1,9.085347980067E-1,9.085347980067E-1,
9.085347980067E-1,9.085347980067E-1,9.085347980067E-1,9.085347980067E-1,
9.085347980067E-1,9.085347980067E-1,9.085347980067E-1,9.085347980067E-1,
9.085347980067E-1,9.085347980067E-1,9.085347980067E-1,9.085347980067E-1,
9.085347980067E-1,9.085347980067E-1,9.085347980067E-1,9.085347980067E-1,
9.085347980067E-1,9.085347980067E-1,9.085347980067E-1,9.085347980067E-1,
9.085347980067E-1,9.085347980067E-1,9.085347980067E-1,9.085347980067E-1),(
9.085347980067E-1,9.085347980067E-1,9.085347980067E-1,9.085347980067E-1,
9.085347980067E-1,9.085347980067E-1,9.085347980067E-1,9.085347980067E-1,
9.085347980067E-1,9.085347980067E-1,9.085347980067E-1,9.085347980067E-1,
9.085347980067E-1,9.085347980067E-1,9.085347980067E-1,9.085347980067E-1,
9.085347980067E-1,9.085347980067E-1,9.085347980067E-1,9.085347980067E-1,
9.085347980067E-1,9.085347980067E-1,9.085347980067E-1,9.085347980067E-1,
9.085347980067E-1,9.085347980067E-1,9.085347980067E-1,9.085347980067E-1,
9.085347980067E-1,9.085347980067E-1,9.085347980067E-1,9.085347980067E-1),(
1.274395605980E0,1.274395605980E0,1.274395605980E0,1.274395605980E0,
1.274395605980E0,1.274395605980E0,1.274395605980E0,1.274395605980E0,
1.274395605980E0,1.274395605980E0,1.274395605980E0,1.274395605980E0,
1.274395605980E0,1.274395605980E0,1.274395605980E0,1.274395605980E0,
1.274395605980E0,1.274395605980E0,1.274395605980E0,1.274395605980E0,
1.274395605980E0,1.274395605980E0,1.274395605980E0,1.274395605980E0,
1.274395605980E0,1.274395605980E0,1.274395605980E0,1.274395605980E0,
1.274395605980E0,1.274395605980E0,1.274395605980E0,1.274395605980E0)))REPRESENTATION_ITEM('')SURFACE());
#11565=ORIENTED_EDGE('',*,*,#6043,.T.);
#11566=ORIENTED_EDGE('',*,*,#6151,.F.);
#11567=ORIENTED_EDGE('',*,*,#4650,.F.);
#11568=ORIENTED_EDGE('',*,*,#6016,.T.);
#11569=EDGE_LOOP('',(#11565,#11566,#11567,#11568));
#11570=FACE_OUTER_BOUND('',#11569,.F.);
#11571=ADVANCED_FACE('',(#11570),#11564,.F.);
#11572=CARTESIAN_POINT('',(0.E0,9.E-1,0.E0));
#11573=DIRECTION('',(0.E0,1.E0,0.E0));
#11574=DIRECTION('',(4.812312132995E-2,0.E0,9.988414114330E-1));
#11575=AXIS2_PLACEMENT_3D('',#11572,#11573,#11574);
#11576=TOROIDAL_SURFACE('',#11575,1.46E1,1.E-1);
#11577=ORIENTED_EDGE('',*,*,#5450,.T.);
#11578=ORIENTED_EDGE('',*,*,#5433,.T.);
#11580=ORIENTED_EDGE('',*,*,#11579,.F.);
#11581=ORIENTED_EDGE('',*,*,#5430,.F.);
#11582=EDGE_LOOP('',(#11577,#11578,#11580,#11581));
#11583=FACE_OUTER_BOUND('',#11582,.F.);
#11584=ADVANCED_FACE('',(#11583),#11576,.T.);
#11585=CARTESIAN_POINT('',(0.E0,-3.3E0,0.E0));
#11586=DIRECTION('',(0.E0,1.E0,0.E0));
#11587=DIRECTION('',(0.E0,0.E0,-1.E0));
#11588=AXIS2_PLACEMENT_3D('',#11585,#11586,#11587);
#11589=CYLINDRICAL_SURFACE('',#11588,1.45E1);
#11590=ORIENTED_EDGE('',*,*,#11579,.T.);
#11591=ORIENTED_EDGE('',*,*,#5418,.F.);
#11592=ORIENTED_EDGE('',*,*,#5388,.T.);
#11593=ORIENTED_EDGE('',*,*,#5415,.T.);
#11594=EDGE_LOOP('',(#11590,#11591,#11592,#11593));
#11595=FACE_OUTER_BOUND('',#11594,.F.);
#11596=ADVANCED_FACE('',(#11595),#11589,.F.);
#11597=CARTESIAN_POINT('',(-3.087661248007E1,-3.1E0,-1.795857864376E1));
#11598=DIRECTION('',(1.E0,0.E0,0.E0));
#11599=DIRECTION('',(0.E0,7.071067811865E-1,-7.071067811865E-1));
#11600=AXIS2_PLACEMENT_3D('',#11597,#11598,#11599);
#11601=CYLINDRICAL_SURFACE('',#11600,1.E-1);
#11603=ORIENTED_EDGE('',*,*,#11602,.F.);
#11604=ORIENTED_EDGE('',*,*,#5291,.T.);
#11605=ORIENTED_EDGE('',*,*,#5367,.T.);
#11606=ORIENTED_EDGE('',*,*,#5016,.F.);
#11607=EDGE_LOOP('',(#11603,#11604,#11605,#11606));
#11608=FACE_OUTER_BOUND('',#11607,.F.);
#11609=ADVANCED_FACE('',(#11608),#11601,.F.);
#11610=CARTESIAN_POINT('',(9.79E1,-3.E0,-1.8E1));
#11611=DIRECTION('',(0.E0,-7.071067811865E-1,7.071067811865E-1));
#11612=DIRECTION('',(0.E0,-7.071067811865E-1,-7.071067811865E-1));
#11613=AXIS2_PLACEMENT_3D('',#11610,#11611,#11612);
#11614=PLANE('',#11613);
#11615=ORIENTED_EDGE('',*,*,#11602,.T.);
#11616=ORIENTED_EDGE('',*,*,#5109,.F.);
#11617=ORIENTED_EDGE('',*,*,#5201,.F.);
#11618=EDGE_LOOP('',(#11615,#11616,#11617));
#11619=FACE_OUTER_BOUND('',#11618,.F.);
#11620=ADVANCED_FACE('',(#11619),#11614,.T.);
#11621=CARTESIAN_POINT('',(0.E0,0.E0,8.51E1));
#11622=DIRECTION('',(0.E0,0.E0,-1.E0));
#11623=DIRECTION('',(4.652019544029E-2,9.989173496422E-1,0.E0));
#11624=AXIS2_PLACEMENT_3D('',#11621,#11622,#11623);
#11625=TOROIDAL_SURFACE('',#11624,1.51E1,1.E-1);
#11626=ORIENTED_EDGE('',*,*,#4526,.T.);
#11627=ORIENTED_EDGE('',*,*,#4509,.T.);
#11629=ORIENTED_EDGE('',*,*,#11628,.F.);
#11630=ORIENTED_EDGE('',*,*,#4506,.F.);
#11631=EDGE_LOOP('',(#11626,#11627,#11629,#11630));
#11632=FACE_OUTER_BOUND('',#11631,.F.);
#11633=ADVANCED_FACE('',(#11632),#11625,.T.);
#11634=CARTESIAN_POINT('',(0.E0,0.E0,1.2625E2));
#11635=DIRECTION('',(0.E0,0.E0,-1.E0));
#11636=DIRECTION('',(0.E0,-1.E0,0.E0));
#11637=AXIS2_PLACEMENT_3D('',#11634,#11635,#11636);
#11638=CYLINDRICAL_SURFACE('',#11637,1.5E1);
#11639=ORIENTED_EDGE('',*,*,#11628,.T.);
#11640=ORIENTED_EDGE('',*,*,#4494,.F.);
#11641=ORIENTED_EDGE('',*,*,#4464,.T.);
#11642=ORIENTED_EDGE('',*,*,#4491,.T.);
#11643=EDGE_LOOP('',(#11639,#11640,#11641,#11642));
#11644=FACE_OUTER_BOUND('',#11643,.F.);
#11645=ADVANCED_FACE('',(#11644),#11638,.F.);
#11647=CARTESIAN_POINT('',(0.E0,7.2E1,5.5E1));
#11648=DIRECTION('',(0.E0,0.E0,1.E0));
#11649=DIRECTION('',(-1.E0,0.E0,0.E0));
#11650=AXIS2_PLACEMENT_3D('',#11647,#11648,#11649);
#11652=DIRECTION('',(0.E0,0.E0,-1.E0));
#11653=VECTOR('',#11652,1.6E1);
#11654=CARTESIAN_POINT('',(-2.6873E1,7.2E1,5.5E1));
#11655=LINE('',#11654,#11653);
#11656=CARTESIAN_POINT('',(0.E0,7.2E1,5.5E1));
#11657=DIRECTION('',(0.E0,0.E0,1.E0));
#11658=DIRECTION('',(1.E0,0.E0,0.E0));
#11659=AXIS2_PLACEMENT_3D('',#11656,#11657,#11658);
#11661=DIRECTION('',(0.E0,0.E0,-1.E0));
#11662=VECTOR('',#11661,1.6E1);
#11663=CARTESIAN_POINT('',(2.6873E1,7.2E1,5.5E1));
#11664=LINE('',#11663,#11662);
#11665=CARTESIAN_POINT('',(0.E0,7.2E1,3.9E1));
#11666=DIRECTION('',(0.E0,0.E0,1.E0));
#11667=DIRECTION('',(1.E0,0.E0,0.E0));
#11668=AXIS2_PLACEMENT_3D('',#11665,#11666,#11667);
#11670=CARTESIAN_POINT('',(0.E0,7.2E1,3.9E1));
#11671=DIRECTION('',(0.E0,0.E0,1.E0));
#11672=DIRECTION('',(-1.E0,0.E0,0.E0));
#11673=AXIS2_PLACEMENT_3D('',#11670,#11671,#11672);
#11675=CARTESIAN_POINT('',(-2.677300184706E1,7.2E1,3.9E1));
#11676=CARTESIAN_POINT('',(-2.676874023349E1,7.389601990547E1,3.9E1));
#11677=CARTESIAN_POINT('',(-2.638208152927E1,7.759476502196E1,3.9E1));
#11678=CARTESIAN_POINT('',(-2.463728942421E1,8.297281305867E1,3.9E1));
#11679=CARTESIAN_POINT('',(-2.181888612293E1,8.785134812138E1,3.9E1));
#11680=CARTESIAN_POINT('',(-1.804604699229E1,9.204244832763E1,3.9E1));
#11681=CARTESIAN_POINT('',(-1.348473566775E1,9.535616527896E1,3.9E1));
#11682=CARTESIAN_POINT('',(-8.334015877917E0,9.764948896728E1,3.9E1));
#11683=CARTESIAN_POINT('',(-2.819076187632E0,9.882170605651E1,3.9E1));
#11684=CARTESIAN_POINT('',(2.819076187632E0,9.882170605651E1,3.9E1));
#11685=CARTESIAN_POINT('',(8.334015877917E0,9.764948896728E1,3.9E1));
#11686=CARTESIAN_POINT('',(1.348473566775E1,9.535616527896E1,3.9E1));
#11687=CARTESIAN_POINT('',(1.804604699229E1,9.204244832763E1,3.9E1));
#11688=CARTESIAN_POINT('',(2.181888612293E1,8.785134812138E1,3.9E1));
#11689=CARTESIAN_POINT('',(2.463728942421E1,8.297281305867E1,3.9E1));
#11690=CARTESIAN_POINT('',(2.638208152927E1,7.759476502196E1,3.9E1));
#11691=CARTESIAN_POINT('',(2.676874023349E1,7.389601990547E1,3.9E1));
#11692=CARTESIAN_POINT('',(2.677300184706E1,7.2E1,3.9E1));
#11694=CARTESIAN_POINT('',(2.677300184706E1,7.2E1,3.9E1));
#11695=CARTESIAN_POINT('',(2.676874023349E1,7.010398009453E1,3.9E1));
#11696=CARTESIAN_POINT('',(2.638208152927E1,6.640523497804E1,3.9E1));
#11697=CARTESIAN_POINT('',(2.463728942421E1,6.102718694133E1,3.9E1));
#11698=CARTESIAN_POINT('',(2.181888612293E1,5.614865187862E1,3.9E1));
#11699=CARTESIAN_POINT('',(1.804604699229E1,5.195755167237E1,3.9E1));
#11700=CARTESIAN_POINT('',(1.348473566775E1,4.864383472104E1,3.9E1));
#11701=CARTESIAN_POINT('',(8.334015877917E0,4.635051103272E1,3.9E1));
#11702=CARTESIAN_POINT('',(2.819076187632E0,4.517829394349E1,3.9E1));
#11703=CARTESIAN_POINT('',(-2.819076187632E0,4.517829394349E1,3.9E1));
#11704=CARTESIAN_POINT('',(-8.334015877917E0,4.635051103272E1,3.9E1));
#11705=CARTESIAN_POINT('',(-1.348473566775E1,4.864383472104E1,3.9E1));
#11706=CARTESIAN_POINT('',(-1.804604699229E1,5.195755167237E1,3.9E1));
#11707=CARTESIAN_POINT('',(-2.181888612293E1,5.614865187862E1,3.9E1));
#11708=CARTESIAN_POINT('',(-2.463728942421E1,6.102718694133E1,3.9E1));
#11709=CARTESIAN_POINT('',(-2.638208152927E1,6.640523497804E1,3.9E1));
#11710=CARTESIAN_POINT('',(-2.676874023349E1,7.010398009453E1,3.9E1));
#11711=CARTESIAN_POINT('',(-2.677300184706E1,7.2E1,3.9E1));
#11713=CARTESIAN_POINT('',(2.6873E1,7.2E1,5.5E1));
#11714=CARTESIAN_POINT('',(-2.6873E1,7.2E1,5.5E1));
#11715=VERTEX_POINT('',#11713);
#11716=VERTEX_POINT('',#11714);
#11717=CARTESIAN_POINT('',(2.6873E1,7.2E1,3.9E1));
#11718=CARTESIAN_POINT('',(-2.6873E1,7.2E1,3.9E1));
#11719=VERTEX_POINT('',#11717);
#11720=VERTEX_POINT('',#11718);
#11721=VERTEX_POINT('',#11692);
#11722=VERTEX_POINT('',#11675);
#11723=CARTESIAN_POINT('',(0.E0,7.2E1,5.5E1));
#11724=DIRECTION('',(0.E0,0.E0,1.E0));
#11725=DIRECTION('',(1.E0,0.E0,0.E0));
#11726=AXIS2_PLACEMENT_3D('',#11723,#11724,#11725);
#11727=CYLINDRICAL_SURFACE('',#11726,2.6873E1);
#11729=ORIENTED_EDGE('',*,*,#11728,.T.);
#11731=ORIENTED_EDGE('',*,*,#11730,.T.);
#11733=ORIENTED_EDGE('',*,*,#11732,.F.);
#11735=ORIENTED_EDGE('',*,*,#11734,.F.);
#11736=EDGE_LOOP('',(#11729,#11731,#11733,#11735));
#11737=FACE_OUTER_BOUND('',#11736,.F.);
#11738=ADVANCED_FACE('',(#11737),#11727,.T.);
#11739=CARTESIAN_POINT('',(0.E0,7.2E1,5.5E1));
#11740=DIRECTION('',(0.E0,0.E0,1.E0));
#11741=DIRECTION('',(1.E0,0.E0,0.E0));
#11742=AXIS2_PLACEMENT_3D('',#11739,#11740,#11741);
#11743=CYLINDRICAL_SURFACE('',#11742,2.6873E1);
#11745=ORIENTED_EDGE('',*,*,#11744,.T.);
#11746=ORIENTED_EDGE('',*,*,#11734,.T.);
#11748=ORIENTED_EDGE('',*,*,#11747,.F.);
#11749=ORIENTED_EDGE('',*,*,#11730,.F.);
#11750=EDGE_LOOP('',(#11745,#11746,#11748,#11749));
#11751=FACE_OUTER_BOUND('',#11750,.F.);
#11752=ADVANCED_FACE('',(#11751),#11743,.T.);
#11753=CARTESIAN_POINT('',(0.E0,7.2E1,3.9E1));
#11754=DIRECTION('',(0.E0,0.E0,1.E0));
#11755=DIRECTION('',(1.E0,0.E0,0.E0));
#11756=AXIS2_PLACEMENT_3D('',#11753,#11754,#11755);
#11757=PLANE('',#11756);
#11758=ORIENTED_EDGE('',*,*,#11747,.T.);
#11759=ORIENTED_EDGE('',*,*,#11732,.T.);
#11760=EDGE_LOOP('',(#11758,#11759));
#11761=FACE_OUTER_BOUND('',#11760,.F.);
#11763=ORIENTED_EDGE('',*,*,#11762,.T.);
#11765=ORIENTED_EDGE('',*,*,#11764,.T.);
#11766=EDGE_LOOP('',(#11763,#11765));
#11767=FACE_BOUND('',#11766,.F.);
#11768=ADVANCED_FACE('',(#11761,#11767),#11757,.F.);
#11771=CARTESIAN_POINT('',(0.E0,0.E0,1.15E2));
#11772=DIRECTION('',(0.E0,0.E0,1.E0));
#11773=DIRECTION('',(-1.E0,0.E0,0.E0));
#11774=AXIS2_PLACEMENT_3D('',#11771,#11772,#11773);
#11776=DIRECTION('',(0.E0,0.E0,-1.E0));
#11777=VECTOR('',#11776,2.E1);
#11778=CARTESIAN_POINT('',(-2.0955E1,0.E0,1.15E2));
#11779=LINE('',#11778,#11777);
#11780=CARTESIAN_POINT('',(0.E0,0.E0,1.15E2));
#11781=DIRECTION('',(0.E0,0.E0,1.E0));
#11782=DIRECTION('',(1.E0,0.E0,0.E0));
#11783=AXIS2_PLACEMENT_3D('',#11780,#11781,#11782);
#11785=DIRECTION('',(0.E0,0.E0,-1.E0));
#11786=VECTOR('',#11785,2.E1);
#11787=CARTESIAN_POINT('',(2.0955E1,0.E0,1.15E2));
#11788=LINE('',#11787,#11786);
#11789=CARTESIAN_POINT('',(0.E0,0.E0,9.5E1));
#11790=DIRECTION('',(0.E0,0.E0,1.E0));
#11791=DIRECTION('',(1.E0,0.E0,0.E0));
#11792=AXIS2_PLACEMENT_3D('',#11789,#11790,#11791);
#11794=CARTESIAN_POINT('',(0.E0,0.E0,9.5E1));
#11795=DIRECTION('',(0.E0,0.E0,1.E0));
#11796=DIRECTION('',(-1.E0,0.E0,0.E0));
#11797=AXIS2_PLACEMENT_3D('',#11794,#11795,#11796);
#11799=CARTESIAN_POINT('',(-2.045500264723E1,0.E0,9.5E1));
#11800=CARTESIAN_POINT('',(-2.045071657697E1,1.555262023387E0,9.5E1));
#11801=CARTESIAN_POINT('',(-2.011221060901E1,4.578306811765E0,9.5E1));
#11802=CARTESIAN_POINT('',(-1.858410615022E1,8.953030882582E0,9.5E1));
#11803=CARTESIAN_POINT('',(-1.612728825820E1,1.286012785134E1,9.5E1));
#11804=CARTESIAN_POINT('',(-1.286093107841E1,1.612737099730E1,9.5E1));
#11805=CARTESIAN_POINT('',(-8.949900713417E0,1.858457842087E1,9.5E1));
#11806=CARTESIAN_POINT('',(-4.590024261355E0,2.011023878728E1,9.5E1));
#11807=CARTESIAN_POINT('',(0.E0,2.062738457720E1,9.5E1));
#11808=CARTESIAN_POINT('',(4.590024261355E0,2.011023878728E1,9.5E1));
#11809=CARTESIAN_POINT('',(8.949900713417E0,1.858457842087E1,9.5E1));
#11810=CARTESIAN_POINT('',(1.286093107841E1,1.612737099730E1,9.5E1));
#11811=CARTESIAN_POINT('',(1.612728825820E1,1.286012785134E1,9.5E1));
#11812=CARTESIAN_POINT('',(1.858410615022E1,8.953030882582E0,9.5E1));
#11813=CARTESIAN_POINT('',(2.011221060901E1,4.578306811765E0,9.5E1));
#11814=CARTESIAN_POINT('',(2.045071657697E1,1.555262023387E0,9.5E1));
#11815=CARTESIAN_POINT('',(2.045500264723E1,0.E0,9.5E1));
#11817=CARTESIAN_POINT('',(2.045500264723E1,0.E0,9.5E1));
#11818=CARTESIAN_POINT('',(2.045071657697E1,-1.555262023387E0,9.5E1));
#11819=CARTESIAN_POINT('',(2.011221060901E1,-4.578306811765E0,9.5E1));
#11820=CARTESIAN_POINT('',(1.858410615022E1,-8.953030882582E0,9.5E1));
#11821=CARTESIAN_POINT('',(1.612728825820E1,-1.286012785134E1,9.5E1));
#11822=CARTESIAN_POINT('',(1.286093107841E1,-1.612737099730E1,9.5E1));
#11823=CARTESIAN_POINT('',(8.949900713417E0,-1.858457842087E1,9.5E1));
#11824=CARTESIAN_POINT('',(4.590024261355E0,-2.011023878728E1,9.5E1));
#11825=CARTESIAN_POINT('',(0.E0,-2.062738457720E1,9.5E1));
#11826=CARTESIAN_POINT('',(-4.590024261355E0,-2.011023878728E1,9.5E1));
#11827=CARTESIAN_POINT('',(-8.949900713417E0,-1.858457842087E1,9.5E1));
#11828=CARTESIAN_POINT('',(-1.286093107841E1,-1.612737099730E1,9.5E1));
#11829=CARTESIAN_POINT('',(-1.612728825820E1,-1.286012785134E1,9.5E1));
#11830=CARTESIAN_POINT('',(-1.858410615022E1,-8.953030882582E0,9.5E1));
#11831=CARTESIAN_POINT('',(-2.011221060901E1,-4.578306811765E0,9.5E1));
#11832=CARTESIAN_POINT('',(-2.045071657697E1,-1.555262023387E0,9.5E1));
#11833=CARTESIAN_POINT('',(-2.045500264723E1,0.E0,9.5E1));
#11835=CARTESIAN_POINT('',(2.0955E1,0.E0,1.15E2));
#11836=CARTESIAN_POINT('',(-2.0955E1,0.E0,1.15E2));
#11837=VERTEX_POINT('',#11835);
#11838=VERTEX_POINT('',#11836);
#11839=CARTESIAN_POINT('',(2.0955E1,0.E0,9.5E1));
#11840=CARTESIAN_POINT('',(-2.0955E1,0.E0,9.5E1));
#11841=VERTEX_POINT('',#11839);
#11842=VERTEX_POINT('',#11840);
#11843=VERTEX_POINT('',#11815);
#11844=VERTEX_POINT('',#11799);
#11845=CARTESIAN_POINT('',(0.E0,0.E0,1.15E2));
#11846=DIRECTION('',(0.E0,0.E0,1.E0));
#11847=DIRECTION('',(1.E0,0.E0,0.E0));
#11848=AXIS2_PLACEMENT_3D('',#11845,#11846,#11847);
#11849=CYLINDRICAL_SURFACE('',#11848,2.0955E1);
#11851=ORIENTED_EDGE('',*,*,#11850,.T.);
#11853=ORIENTED_EDGE('',*,*,#11852,.T.);
#11855=ORIENTED_EDGE('',*,*,#11854,.F.);
#11857=ORIENTED_EDGE('',*,*,#11856,.F.);
#11858=EDGE_LOOP('',(#11851,#11853,#11855,#11857));
#11859=FACE_OUTER_BOUND('',#11858,.F.);
#11860=ADVANCED_FACE('',(#11859),#11849,.T.);
#11861=CARTESIAN_POINT('',(0.E0,0.E0,1.15E2));
#11862=DIRECTION('',(0.E0,0.E0,1.E0));
#11863=DIRECTION('',(1.E0,0.E0,0.E0));
#11864=AXIS2_PLACEMENT_3D('',#11861,#11862,#11863);
#11865=CYLINDRICAL_SURFACE('',#11864,2.0955E1);
#11867=ORIENTED_EDGE('',*,*,#11866,.T.);
#11868=ORIENTED_EDGE('',*,*,#11856,.T.);
#11870=ORIENTED_EDGE('',*,*,#11869,.F.);
#11871=ORIENTED_EDGE('',*,*,#11852,.F.);
#11872=EDGE_LOOP('',(#11867,#11868,#11870,#11871));
#11873=FACE_OUTER_BOUND('',#11872,.F.);
#11874=ADVANCED_FACE('',(#11873),#11865,.T.);
#11875=CARTESIAN_POINT('',(0.E0,0.E0,9.5E1));
#11876=DIRECTION('',(0.E0,0.E0,1.E0));
#11877=DIRECTION('',(1.E0,0.E0,0.E0));
#11878=AXIS2_PLACEMENT_3D('',#11875,#11876,#11877);
#11879=PLANE('',#11878);
#11880=ORIENTED_EDGE('',*,*,#11869,.T.);
#11881=ORIENTED_EDGE('',*,*,#11854,.T.);
#11882=EDGE_LOOP('',(#11880,#11881));
#11883=FACE_OUTER_BOUND('',#11882,.F.);
#11885=ORIENTED_EDGE('',*,*,#11884,.T.);
#11887=ORIENTED_EDGE('',*,*,#11886,.T.);
#11888=EDGE_LOOP('',(#11885,#11887));
#11889=FACE_BOUND('',#11888,.F.);
#11890=ADVANCED_FACE('',(#11883,#11889),#11879,.F.);
#11893=CARTESIAN_POINT('',(0.E0,1.427266598742E2,0.E0));
#11894=DIRECTION('',(0.E0,1.E0,0.E0));
#11895=DIRECTION('',(1.E0,0.E0,0.E0));
#11896=AXIS2_PLACEMENT_3D('',#11893,#11894,#11895);
#11898=DIRECTION('',(0.E0,-1.E0,0.E0));
#11899=VECTOR('',#11898,2.E1);
#11900=CARTESIAN_POINT('',(2.9807E1,1.427266598742E2,0.E0));
#11901=LINE('',#11900,#11899);
#11902=CARTESIAN_POINT('',(0.E0,1.427266598742E2,0.E0));
#11903=DIRECTION('',(0.E0,1.E0,0.E0));
#11904=DIRECTION('',(-1.E0,0.E0,0.E0));
#11905=AXIS2_PLACEMENT_3D('',#11902,#11903,#11904);
#11907=DIRECTION('',(0.E0,-1.E0,0.E0));
#11908=VECTOR('',#11907,2.E1);
#11909=CARTESIAN_POINT('',(-2.9807E1,1.427266598742E2,-1.238979207262E-14));
#11910=LINE('',#11909,#11908);
#11911=CARTESIAN_POINT('',(0.E0,1.227266598742E2,0.E0));
#11912=DIRECTION('',(0.E0,1.E0,0.E0));
#11913=DIRECTION('',(-1.E0,0.E0,0.E0));
#11914=AXIS2_PLACEMENT_3D('',#11911,#11912,#11913);
#11916=CARTESIAN_POINT('',(0.E0,1.227266598742E2,0.E0));
#11917=DIRECTION('',(0.E0,1.E0,0.E0));
#11918=DIRECTION('',(1.E0,0.E0,0.E0));
#11919=AXIS2_PLACEMENT_3D('',#11916,#11917,#11918);
#11921=CARTESIAN_POINT('',(2.190000150670E1,1.227266598742E2,0.E0));
#11922=CARTESIAN_POINT('',(2.189651555678E1,1.227266598742E2,1.550922045414E0));
#11923=CARTESIAN_POINT('',(2.158023327161E1,1.227266598742E2,4.576452170380E0));
#11924=CARTESIAN_POINT('',(2.015301379327E1,1.227266598742E2,8.975632388564E0));
#11925=CARTESIAN_POINT('',(1.784759294816E1,1.227266598742E2,1.296621685250E1));
#11926=CARTESIAN_POINT('',(1.476145478862E1,1.227266598742E2,1.639448766635E1));
#11927=CARTESIAN_POINT('',(1.103035562198E1,1.227266598742E2,1.910506926798E1));
#11928=CARTESIAN_POINT('',(6.817127243550E0,1.227266598742E2,2.098098114803E1));
#11929=CARTESIAN_POINT('',(2.305971258259E0,1.227266598742E2,2.193984097880E1));
#11930=CARTESIAN_POINT('',(-2.305971258259E0,1.227266598742E2,
2.193984097880E1));
#11931=CARTESIAN_POINT('',(-6.817127243550E0,1.227266598742E2,
2.098098114803E1));
#11932=CARTESIAN_POINT('',(-1.103035562198E1,1.227266598742E2,
1.910506926798E1));
#11933=CARTESIAN_POINT('',(-1.476145478862E1,1.227266598742E2,
1.639448766635E1));
#11934=CARTESIAN_POINT('',(-1.784759294816E1,1.227266598742E2,
1.296621685250E1));
#11935=CARTESIAN_POINT('',(-2.015301379327E1,1.227266598742E2,
8.975632388564E0));
#11936=CARTESIAN_POINT('',(-2.158023327161E1,1.227266598742E2,
4.576452170380E0));
#11937=CARTESIAN_POINT('',(-2.189651555678E1,1.227266598742E2,
1.550922045414E0));
#11938=CARTESIAN_POINT('',(-2.190000150670E1,1.227266598742E2,
-1.019681723390E-14));
#11940=CARTESIAN_POINT('',(-2.190000150670E1,1.227266598742E2,
-1.019681723390E-14));
#11941=CARTESIAN_POINT('',(-2.189651555678E1,1.227266598742E2,
-1.550922045414E0));
#11942=CARTESIAN_POINT('',(-2.158023327161E1,1.227266598742E2,
-4.576452170380E0));
#11943=CARTESIAN_POINT('',(-2.015301379327E1,1.227266598742E2,
-8.975632388564E0));
#11944=CARTESIAN_POINT('',(-1.784759294816E1,1.227266598742E2,
-1.296621685250E1));
#11945=CARTESIAN_POINT('',(-1.476145478862E1,1.227266598742E2,
-1.639448766635E1));
#11946=CARTESIAN_POINT('',(-1.103035562198E1,1.227266598742E2,
-1.910506926798E1));
#11947=CARTESIAN_POINT('',(-6.817127243550E0,1.227266598742E2,
-2.098098114803E1));
#11948=CARTESIAN_POINT('',(-2.305971258259E0,1.227266598742E2,
-2.193984097880E1));
#11949=CARTESIAN_POINT('',(2.305971258259E0,1.227266598742E2,
-2.193984097880E1));
#11950=CARTESIAN_POINT('',(6.817127243550E0,1.227266598742E2,
-2.098098114803E1));
#11951=CARTESIAN_POINT('',(1.103035562198E1,1.227266598742E2,
-1.910506926798E1));
#11952=CARTESIAN_POINT('',(1.476145478862E1,1.227266598742E2,
-1.639448766635E1));
#11953=CARTESIAN_POINT('',(1.784759294816E1,1.227266598742E2,
-1.296621685250E1));
#11954=CARTESIAN_POINT('',(2.015301379327E1,1.227266598742E2,
-8.975632388564E0));
#11955=CARTESIAN_POINT('',(2.158023327161E1,1.227266598742E2,
-4.576452170380E0));
#11956=CARTESIAN_POINT('',(2.189651555678E1,1.227266598742E2,
-1.550922045414E0));
#11957=CARTESIAN_POINT('',(2.190000150670E1,1.227266598742E2,0.E0));
#11959=CARTESIAN_POINT('',(-2.9807E1,1.427266598742E2,0.E0));
#11960=CARTESIAN_POINT('',(2.9807E1,1.427266598742E2,0.E0));
#11961=VERTEX_POINT('',#11959);
#11962=VERTEX_POINT('',#11960);
#11963=CARTESIAN_POINT('',(-2.9807E1,1.227266598742E2,-1.116514527347E-14));
#11964=CARTESIAN_POINT('',(2.9807E1,1.227266598742E2,0.E0));
#11965=VERTEX_POINT('',#11963);
#11966=VERTEX_POINT('',#11964);
#11967=VERTEX_POINT('',#11938);
#11968=VERTEX_POINT('',#11921);
#11969=CARTESIAN_POINT('',(0.E0,1.427266598742E2,0.E0));
#11970=DIRECTION('',(0.E0,1.E0,0.E0));
#11971=DIRECTION('',(-1.E0,0.E0,0.E0));
#11972=AXIS2_PLACEMENT_3D('',#11969,#11970,#11971);
#11973=CYLINDRICAL_SURFACE('',#11972,2.9807E1);
#11975=ORIENTED_EDGE('',*,*,#11974,.T.);
#11977=ORIENTED_EDGE('',*,*,#11976,.T.);
#11979=ORIENTED_EDGE('',*,*,#11978,.F.);
#11981=ORIENTED_EDGE('',*,*,#11980,.F.);
#11982=EDGE_LOOP('',(#11975,#11977,#11979,#11981));
#11983=FACE_OUTER_BOUND('',#11982,.F.);
#11984=ADVANCED_FACE('',(#11983),#11973,.T.);
#11985=CARTESIAN_POINT('',(0.E0,1.427266598742E2,0.E0));
#11986=DIRECTION('',(0.E0,1.E0,0.E0));
#11987=DIRECTION('',(-1.E0,0.E0,0.E0));
#11988=AXIS2_PLACEMENT_3D('',#11985,#11986,#11987);
#11989=CYLINDRICAL_SURFACE('',#11988,2.9807E1);
#11991=ORIENTED_EDGE('',*,*,#11990,.T.);
#11992=ORIENTED_EDGE('',*,*,#11980,.T.);
#11994=ORIENTED_EDGE('',*,*,#11993,.F.);
#11995=ORIENTED_EDGE('',*,*,#11976,.F.);
#11996=EDGE_LOOP('',(#11991,#11992,#11994,#11995));
#11997=FACE_OUTER_BOUND('',#11996,.F.);
#11998=ADVANCED_FACE('',(#11997),#11989,.T.);
#11999=CARTESIAN_POINT('',(0.E0,1.227266598742E2,0.E0));
#12000=DIRECTION('',(0.E0,1.E0,0.E0));
#12001=DIRECTION('',(-1.E0,0.E0,0.E0));
#12002=AXIS2_PLACEMENT_3D('',#11999,#12000,#12001);
#12003=PLANE('',#12002);
#12004=ORIENTED_EDGE('',*,*,#11993,.T.);
#12005=ORIENTED_EDGE('',*,*,#11978,.T.);
#12006=EDGE_LOOP('',(#12004,#12005));
#12007=FACE_OUTER_BOUND('',#12006,.F.);
#12009=ORIENTED_EDGE('',*,*,#12008,.T.);
#12011=ORIENTED_EDGE('',*,*,#12010,.T.);
#12012=EDGE_LOOP('',(#12009,#12011));
#12013=FACE_BOUND('',#12012,.F.);
#12014=ADVANCED_FACE('',(#12007,#12013),#12003,.F.);
#12019=DIMENSIONAL_EXPONENTS(0.E0,0.E0,0.E0,0.E0,0.E0,0.E0,0.E0);
#12021=PLANE_ANGLE_MEASURE_WITH_UNIT(PLANE_ANGLE_MEASURE(1.745329251994E-2),
#12020);
#12022=(CONVERSION_BASED_UNIT('DEGREE',#12021)NAMED_UNIT(*)PLANE_ANGLE_UNIT());
#12024=UNCERTAINTY_MEASURE_WITH_UNIT(LENGTH_MEASURE(3.195695152089E-2),#12018,
'closure',
'Maximum model space distance between geometric entities at asserted connectivities');
#12025=(GEOMETRIC_REPRESENTATION_CONTEXT(3)GLOBAL_UNCERTAINTY_ASSIGNED_CONTEXT((
#12024))GLOBAL_UNIT_ASSIGNED_CONTEXT((#12018,#12022,#12023))REPRESENTATION_CONTEXT('ID1','3'));
#12028=CARTESIAN_POINT('',(0.E0,0.E0,0.E0));
#12029=DIRECTION('',(0.E0,0.E0,1.E0));
#12030=DIRECTION('',(1.E0,0.E0,0.E0));
#12033=SHAPE_REPRESENTATION_RELATIONSHIP('','',#12032,#12026);
#12034=SHAPE_REPRESENTATION_RELATIONSHIP('','',#12032,#12027);
#12035=APPLICATION_CONTEXT(
'CONFIGURATION CONTROLLED 3D DESIGNS OF MECHANICAL PARTS AND ASSEMBLIES');
#12036=APPLICATION_PROTOCOL_DEFINITION('international standard',
'config_control_design',1994,#12035);
#12037=DESIGN_CONTEXT('',#12035,'design');
#12038=MECHANICAL_CONTEXT('',#12035,'mechanical');
#12039=PRODUCT('TAP','TAP','NOT SPECIFIED',(#12038));
#12040=PRODUCT_DEFINITION_FORMATION_WITH_SPECIFIED_SOURCE('1','LAST_VERSION',
#12039,.MADE.);
#12044=PRODUCT_CATEGORY('part','');
#12045=PRODUCT_RELATED_PRODUCT_CATEGORY('detail','',(#12039));
#12046=PRODUCT_CATEGORY_RELATIONSHIP('','',#12044,#12045);
#12047=SECURITY_CLASSIFICATION_LEVEL('unclassified');
#12048=SECURITY_CLASSIFICATION('','',#12047);
#12049=CC_DESIGN_SECURITY_CLASSIFICATION(#12048,(#12040));
#12050=APPROVAL_STATUS('approved');
#12051=APPROVAL(#12050,'');
#12052=CC_DESIGN_APPROVAL(#12051,(#12048,#12040,#12041));
#12053=CALENDAR_DATE(126,9,9);
#12054=COORDINATED_UNIVERSAL_TIME_OFFSET(5,30,.AHEAD.);
#12055=LOCAL_TIME(0,12,4.2E1,#12054);
#12056=DATE_AND_TIME(#12053,#12055);
#12057=APPROVAL_DATE_TIME(#12056,#12051);
#12058=DATE_TIME_ROLE('creation_date');
#12059=CC_DESIGN_DATE_AND_TIME_ASSIGNMENT(#12056,#12058,(#12041));
#12060=DATE_TIME_ROLE('classification_date');
#12061=CC_DESIGN_DATE_AND_TIME_ASSIGNMENT(#12056,#12060,(#12048));
#12062=PERSON('UNSPECIFIED','UNSPECIFIED',$,$,$,$);
#12063=ORGANIZATION('UNSPECIFIED','UNSPECIFIED','UNSPECIFIED');
#12064=PERSON_AND_ORGANIZATION(#12062,#12063);
#12065=APPROVAL_ROLE('approver');
#12066=APPROVAL_PERSON_ORGANIZATION(#12064,#12051,#12065);
#12067=PERSON_AND_ORGANIZATION_ROLE('creator');
#12068=CC_DESIGN_PERSON_AND_ORGANIZATION_ASSIGNMENT(#12064,#12067,(#12040,
#12041));
#12069=PERSON_AND_ORGANIZATION_ROLE('design_supplier');
#12070=CC_DESIGN_PERSON_AND_ORGANIZATION_ASSIGNMENT(#12064,#12069,(#12040));
#12071=PERSON_AND_ORGANIZATION_ROLE('classification_officer');
#12072=CC_DESIGN_PERSON_AND_ORGANIZATION_ASSIGNMENT(#12064,#12071,(#12048));
#12073=PERSON_AND_ORGANIZATION_ROLE('design_owner');
#12074=CC_DESIGN_PERSON_AND_ORGANIZATION_ASSIGNMENT(#12064,#12073,(#12039));
#6=CIRCLE('',#5,1.51E1);
#11=CIRCLE('',#10,1.51E1);
#16=CIRCLE('',#15,1.891357864376E1);
#21=CIRCLE('',#20,1.891357864376E1);
#26=CIRCLE('',#25,1.E-1);
#31=CIRCLE('',#30,1.E-1);
#36=CIRCLE('',#35,1.5E1);
#45=CIRCLE('',#44,1.5E1);
#54=CIRCLE('',#53,1.E-1);
#59=CIRCLE('',#58,1.79E1);
#64=CIRCLE('',#63,1.79E1);
#69=CIRCLE('',#68,1.51E1);
#74=CIRCLE('',#73,1.51E1);
#79=CIRCLE('',#78,1.E-1);
#84=CIRCLE('',#83,1.8E1);
#93=CIRCLE('',#92,1.8E1);
#102=CIRCLE('',#101,1.E-1);
#134=B_SPLINE_CURVE_WITH_KNOTS('',3,(#103,#104,#105,#106,#107,#108,#109,#110,
#111,#112,#113,#114,#115,#116,#117,#118,#119,#120,#121,#122,#123,#124,#125,#126,
#127,#128,#129,#130,#131,#132,#133),.UNSPECIFIED.,.F.,.F.,(4,1,1,1,1,1,1,1,1,1,
1,1,1,1,1,1,1,1,1,1,1,1,1,1,1,1,1,1,4),(0.E0,3.571428571429E-2,
7.142857142857E-2,1.071428571429E-1,1.428571428571E-1,1.785714285714E-1,
2.142857142857E-1,2.5E-1,2.857142857143E-1,3.214285714286E-1,3.571428571429E-1,
3.928571428571E-1,4.285714285714E-1,4.642857142857E-1,5.E-1,5.357142857143E-1,
5.714285714286E-1,6.071428571429E-1,6.428571428571E-1,6.785714285714E-1,
7.142857142857E-1,7.5E-1,7.857142857143E-1,8.214285714286E-1,8.571428571429E-1,
8.928571428571E-1,9.285714285714E-1,9.642857142857E-1,1.E0),.UNSPECIFIED.);
#139=CIRCLE('',#138,6.2E1);
#144=CIRCLE('',#143,1.802898550725E1);
#149=CIRCLE('',#148,6.2E1);
#169=B_SPLINE_CURVE_WITH_KNOTS('',3,(#150,#151,#152,#153,#154,#155,#156,#157,
#158,#159,#160,#161,#162,#163,#164,#165,#166,#167,#168),.UNSPECIFIED.,.F.,.F.,
(4,1,1,1,1,1,1,1,1,1,1,1,1,1,1,1,4),(0.E0,6.25E-2,1.25E-1,1.875E-1,2.5E-1,
3.125E-1,3.75E-1,4.375E-1,5.E-1,5.625E-1,6.25E-1,6.875E-1,7.5E-1,8.125E-1,
8.75E-1,9.375E-1,1.E0),.UNSPECIFIED.);
#181=B_SPLINE_CURVE_WITH_KNOTS('',3,(#170,#171,#172,#173,#174,#175,#176,#177,
#178,#179,#180),.UNSPECIFIED.,.F.,.F.,(4,1,1,1,1,1,1,1,4),(0.E0,1.25E-1,2.5E-1,
3.75E-1,5.E-1,6.25E-1,7.5E-1,8.75E-1,1.E0),.UNSPECIFIED.);
#188=B_SPLINE_CURVE_WITH_KNOTS('',3,(#182,#183,#184,#185,#186,#187),
.UNSPECIFIED.,.F.,.F.,(4,1,1,4),(0.E0,3.333333333333E-1,6.666666666667E-1,1.E0),
.UNSPECIFIED.);
#220=B_SPLINE_CURVE_WITH_KNOTS('',3,(#189,#190,#191,#192,#193,#194,#195,#196,
#197,#198,#199,#200,#201,#202,#203,#204,#205,#206,#207,#208,#209,#210,#211,#212,
#213,#214,#215,#216,#217,#218,#219),.UNSPECIFIED.,.F.,.F.,(4,1,1,1,1,1,1,1,1,1,
1,1,1,1,1,1,1,1,1,1,1,1,1,1,1,1,1,1,4),(0.E0,3.571428571429E-2,
7.142857142857E-2,1.071428571429E-1,1.428571428571E-1,1.785714285714E-1,
2.142857142857E-1,2.5E-1,2.857142857143E-1,3.214285714286E-1,3.571428571429E-1,
3.928571428571E-1,4.285714285714E-1,4.642857142857E-1,5.E-1,5.357142857143E-1,
5.714285714286E-1,6.071428571429E-1,6.428571428571E-1,6.785714285714E-1,
7.142857142857E-1,7.5E-1,7.857142857143E-1,8.214285714286E-1,8.571428571429E-1,
8.928571428571E-1,9.285714285714E-1,9.642857142857E-1,1.E0),.UNSPECIFIED.);
#225=CIRCLE('',#224,6.2E1);
#230=CIRCLE('',#229,1.802898550725E1);
#235=CIRCLE('',#234,6.2E1);
#273=B_SPLINE_CURVE_WITH_KNOTS('',3,(#236,#237,#238,#239,#240,#241,#242,#243,
#244,#245,#246,#247,#248,#249,#250,#251,#252,#253,#254,#255,#256,#257,#258,#259,
#260,#261,#262,#263,#264,#265,#266,#267,#268,#269,#270,#271,#272),.UNSPECIFIED.,
.F.,.F.,(4,1,1,1,1,1,1,1,1,1,1,1,1,1,1,1,1,1,1,1,1,1,1,1,1,1,1,1,1,1,1,1,1,1,4),
(0.E0,2.941176470588E-2,5.882352941176E-2,8.823529411765E-2,1.176470588235E-1,
1.470588235294E-1,1.764705882353E-1,2.058823529412E-1,2.352941176471E-1,
2.647058823529E-1,2.941176470588E-1,3.235294117647E-1,3.529411764706E-1,
3.823529411765E-1,4.117647058824E-1,4.411764705882E-1,4.705882352941E-1,5.E-1,
5.294117647059E-1,5.588235294118E-1,5.882352941176E-1,6.176470588235E-1,
6.470588235294E-1,6.764705882353E-1,7.058823529412E-1,7.352941176471E-1,
7.647058823529E-1,7.941176470588E-1,8.235294117647E-1,8.529411764706E-1,
8.823529411765E-1,9.117647058824E-1,9.411764705882E-1,9.705882352941E-1,1.E0),
.UNSPECIFIED.);
#278=CIRCLE('',#277,6.2E1);
#298=B_SPLINE_CURVE_WITH_KNOTS('',3,(#279,#280,#281,#282,#283,#284,#285,#286,
#287,#288,#289,#290,#291,#292,#293,#294,#295,#296,#297),.UNSPECIFIED.,.F.,.F.,
(4,1,1,1,1,1,1,1,1,1,1,1,1,1,1,1,4),(0.E0,6.25E-2,1.25E-1,1.875E-1,2.5E-1,
3.125E-1,3.75E-1,4.375E-1,5.E-1,5.625E-1,6.25E-1,6.875E-1,7.5E-1,8.125E-1,
8.75E-1,9.375E-1,1.E0),.UNSPECIFIED.);
#313=B_SPLINE_CURVE_WITH_KNOTS('',3,(#299,#300,#301,#302,#303,#304,#305,#306,
#307,#308,#309,#310,#311,#312),.UNSPECIFIED.,.F.,.F.,(4,1,1,1,1,1,1,1,1,1,1,4),(
0.E0,9.090909090909E-2,1.818181818182E-1,2.727272727273E-1,3.636363636364E-1,
4.545454545455E-1,5.454545454545E-1,6.363636363636E-1,7.272727272727E-1,
8.181818181818E-1,9.090909090909E-1,1.E0),.UNSPECIFIED.);
#320=B_SPLINE_CURVE_WITH_KNOTS('',3,(#314,#315,#316,#317,#318,#319),
.UNSPECIFIED.,.F.,.F.,(4,1,1,4),(0.E0,3.333333333333E-1,6.666666666667E-1,1.E0),
.UNSPECIFIED.);
#325=CIRCLE('',#324,1.E-1);
#354=B_SPLINE_CURVE_WITH_KNOTS('',3,(#330,#331,#332,#333,#334,#335,#336,#337,
#338,#339,#340,#341,#342,#343,#344,#345,#346,#347,#348,#349,#350,#351,#352,
#353),.UNSPECIFIED.,.F.,.F.,(4,1,1,1,1,1,1,1,1,1,1,1,1,1,1,1,1,1,1,1,1,4),(0.E0,
4.761904761905E-2,9.523809523810E-2,1.428571428571E-1,1.904761904762E-1,
2.380952380952E-1,2.857142857143E-1,3.333333333333E-1,3.809523809524E-1,
4.285714285714E-1,4.761904761905E-1,5.238095238095E-1,5.714285714286E-1,
6.190476190476E-1,6.666666666667E-1,7.142857142857E-1,7.619047619048E-1,
8.095238095238E-1,8.571428571429E-1,9.047619047619E-1,9.523809523810E-1,1.E0),
.UNSPECIFIED.);
#386=B_SPLINE_CURVE_WITH_KNOTS('',3,(#355,#356,#357,#358,#359,#360,#361,#362,
#363,#364,#365,#366,#367,#368,#369,#370,#371,#372,#373,#374,#375,#376,#377,#378,
#379,#380,#381,#382,#383,#384,#385),.UNSPECIFIED.,.F.,.F.,(4,1,1,1,1,1,1,1,1,1,
1,1,1,1,1,1,1,1,1,1,1,1,1,1,1,1,1,1,4),(0.E0,3.571428571429E-2,
7.142857142857E-2,1.071428571429E-1,1.428571428571E-1,1.785714285714E-1,
2.142857142857E-1,2.5E-1,2.857142857143E-1,3.214285714286E-1,3.571428571429E-1,
3.928571428571E-1,4.285714285714E-1,4.642857142857E-1,5.E-1,5.357142857143E-1,
5.714285714286E-1,6.071428571429E-1,6.428571428571E-1,6.785714285714E-1,
7.142857142857E-1,7.5E-1,7.857142857143E-1,8.214285714286E-1,8.571428571429E-1,
8.928571428571E-1,9.285714285714E-1,9.642857142857E-1,1.E0),.UNSPECIFIED.);
#391=CIRCLE('',#390,1.E-1);
#396=B_SPLINE_CURVE_WITH_KNOTS('',3,(#392,#393,#394,#395),.UNSPECIFIED.,.F.,.F.,
(4,4),(0.E0,1.E0),.UNSPECIFIED.);
#401=CIRCLE('',#400,9.999999999982E-2);
#406=CIRCLE('',#405,1.E-1);
#424=B_SPLINE_CURVE_WITH_KNOTS('',3,(#407,#408,#409,#410,#411,#412,#413,#414,
#415,#416,#417,#418,#419,#420,#421,#422,#423),.UNSPECIFIED.,.F.,.F.,(4,1,1,1,1,
1,1,1,1,1,1,1,1,1,4),(0.E0,7.142857142857E-2,1.428571428571E-1,
2.142857142857E-1,2.857142857143E-1,3.571428571429E-1,4.285714285714E-1,5.E-1,
5.714285714286E-1,6.428571428571E-1,7.142857142857E-1,7.857142857143E-1,
8.571428571429E-1,9.285714285714E-1,1.E0),.UNSPECIFIED.);
#429=CIRCLE('',#428,3.E0);
#447=B_SPLINE_CURVE_WITH_KNOTS('',3,(#430,#431,#432,#433,#434,#435,#436,#437,
#438,#439,#440,#441,#442,#443,#444,#445,#446),.UNSPECIFIED.,.F.,.F.,(4,1,1,1,1,
1,1,1,1,1,1,1,1,1,4),(0.E0,7.142857142857E-2,1.428571428571E-1,
2.142857142857E-1,2.857142857143E-1,3.571428571429E-1,4.285714285714E-1,5.E-1,
5.714285714286E-1,6.428571428571E-1,7.142857142857E-1,7.857142857143E-1,
8.571428571429E-1,9.285714285714E-1,1.E0),.UNSPECIFIED.);
#452=CIRCLE('',#451,1.000000000002E-1);
#457=CIRCLE('',#456,1.E-1);
#462=CIRCLE('',#461,1.46E1);
#467=CIRCLE('',#466,1.46E1);
#483=B_SPLINE_CURVE_WITH_KNOTS('',3,(#472,#473,#474,#475,#476,#477,#478,#479,
#480,#481,#482),.UNSPECIFIED.,.F.,.F.,(4,1,1,1,1,1,1,1,4),(0.E0,1.25E-1,2.5E-1,
3.75E-1,5.E-1,6.25E-1,7.5E-1,8.75E-1,1.E0),.UNSPECIFIED.);
#501=B_SPLINE_CURVE_WITH_KNOTS('',3,(#484,#485,#486,#487,#488,#489,#490,#491,
#492,#493,#494,#495,#496,#497,#498,#499,#500),.UNSPECIFIED.,.F.,.F.,(4,1,1,1,1,
1,1,1,1,1,1,1,1,1,4),(0.E0,7.142857142857E-2,1.428571428571E-1,
2.142857142857E-1,2.857142857143E-1,3.571428571429E-1,4.285714285714E-1,5.E-1,
5.714285714286E-1,6.428571428571E-1,7.142857142857E-1,7.857142857143E-1,
8.571428571429E-1,9.285714285714E-1,1.E0),.UNSPECIFIED.);
#523=B_SPLINE_CURVE_WITH_KNOTS('',3,(#506,#507,#508,#509,#510,#511,#512,#513,
#514,#515,#516,#517,#518,#519,#520,#521,#522),.UNSPECIFIED.,.F.,.F.,(4,1,1,1,1,
1,1,1,1,1,1,1,1,1,4),(0.E0,7.142857142857E-2,1.428571428571E-1,
2.142857142857E-1,2.857142857143E-1,3.571428571429E-1,4.285714285714E-1,5.E-1,
5.714285714286E-1,6.428571428571E-1,7.142857142857E-1,7.857142857143E-1,
8.571428571429E-1,9.285714285714E-1,1.E0),.UNSPECIFIED.);
#536=B_SPLINE_CURVE_WITH_KNOTS('',3,(#524,#525,#526,#527,#528,#529,#530,#531,
#532,#533,#534,#535),.UNSPECIFIED.,.F.,.F.,(4,1,1,1,1,1,1,1,1,4),(0.E0,
1.111111111111E-1,2.222222222222E-1,3.333333333333E-1,4.444444444444E-1,
5.555555555556E-1,6.666666666667E-1,7.777777777778E-1,8.888888888889E-1,1.E0),
.UNSPECIFIED.);
#541=CIRCLE('',#540,1.E-1);
#546=CIRCLE('',#545,1.E-1);
#551=CIRCLE('',#550,1.45E1);
#560=CIRCLE('',#559,1.45E1);
#569=CIRCLE('',#568,1.E-1);
#574=CIRCLE('',#573,1.79E1);
#579=CIRCLE('',#578,1.79E1);
#584=CIRCLE('',#583,1.46E1);
#589=CIRCLE('',#588,1.46E1);
#594=CIRCLE('',#593,1.E-1);
#599=CIRCLE('',#598,1.8E1);
#613=B_SPLINE_CURVE_WITH_KNOTS('',3,(#600,#601,#602,#603,#604,#605,#606,#607,
#608,#609,#610,#611,#612),.UNSPECIFIED.,.F.,.F.,(4,1,1,1,1,1,1,1,1,1,4),(0.E0,
1.E-1,2.E-1,3.E-1,4.E-1,5.E-1,6.E-1,7.E-1,8.E-1,9.E-1,1.E0),.UNSPECIFIED.);
#622=CIRCLE('',#621,1.8E1);
#631=CIRCLE('',#630,1.81E1);
#636=CIRCLE('',#635,1.E-1);
#658=B_SPLINE_CURVE_WITH_KNOTS('',3,(#641,#642,#643,#644,#645,#646,#647,#648,
#649,#650,#651,#652,#653,#654,#655,#656,#657),.UNSPECIFIED.,.F.,.F.,(4,1,1,1,1,
1,1,1,1,1,1,1,1,1,4),(0.E0,7.142857142857E-2,1.428571428571E-1,
2.142857142857E-1,2.857142857143E-1,3.571428571429E-1,4.285714285714E-1,5.E-1,
5.714285714286E-1,6.428571428571E-1,7.142857142857E-1,7.857142857143E-1,
8.571428571429E-1,9.285714285714E-1,1.E0),.UNSPECIFIED.);
#671=B_SPLINE_CURVE_WITH_KNOTS('',3,(#659,#660,#661,#662,#663,#664,#665,#666,
#667,#668,#669,#670),.UNSPECIFIED.,.F.,.F.,(4,1,1,1,1,1,1,1,1,4),(0.E0,
1.111111111111E-1,2.222222222222E-1,3.333333333333E-1,4.444444444444E-1,
5.555555555556E-1,6.666666666667E-1,7.777777777778E-1,8.888888888889E-1,1.E0),
.UNSPECIFIED.);
#690=B_SPLINE_CURVE_WITH_KNOTS('',3,(#676,#677,#678,#679,#680,#681,#682,#683,
#684,#685,#686,#687,#688,#689),.UNSPECIFIED.,.F.,.F.,(4,1,1,1,1,1,1,1,1,1,1,4),(
0.E0,9.090909090909E-2,1.818181818182E-1,2.727272727273E-1,3.636363636364E-1,
4.545454545455E-1,5.454545454545E-1,6.363636363636E-1,7.272727272727E-1,
8.181818181818E-1,9.090909090909E-1,1.E0),.UNSPECIFIED.);
#708=B_SPLINE_CURVE_WITH_KNOTS('',3,(#691,#692,#693,#694,#695,#696,#697,#698,
#699,#700,#701,#702,#703,#704,#705,#706,#707),.UNSPECIFIED.,.F.,.F.,(4,1,1,1,1,
1,1,1,1,1,1,1,1,1,4),(0.E0,7.142857142857E-2,1.428571428571E-1,
2.142857142857E-1,2.857142857143E-1,3.571428571429E-1,4.285714285714E-1,5.E-1,
5.714285714286E-1,6.428571428571E-1,7.142857142857E-1,7.857142857143E-1,
8.571428571429E-1,9.285714285714E-1,1.E0),.UNSPECIFIED.);
#726=B_SPLINE_CURVE_WITH_KNOTS('',3,(#713,#714,#715,#716,#717,#718,#719,#720,
#721,#722,#723,#724,#725),.UNSPECIFIED.,.F.,.F.,(4,1,1,1,1,1,1,1,1,1,4),(0.E0,
1.E-1,2.E-1,3.E-1,4.E-1,5.E-1,6.E-1,7.E-1,8.E-1,9.E-1,1.E0),.UNSPECIFIED.);
#735=CIRCLE('',#734,1.E-1);
#749=B_SPLINE_CURVE_WITH_KNOTS('',3,(#736,#737,#738,#739,#740,#741,#742,#743,
#744,#745,#746,#747,#748),.UNSPECIFIED.,.F.,.F.,(4,1,1,1,1,1,1,1,1,1,4),(0.E0,
1.E-1,2.E-1,3.E-1,4.E-1,5.E-1,6.E-1,7.E-1,8.E-1,9.E-1,1.E0),.UNSPECIFIED.);
#758=CIRCLE('',#757,1.E-1);
#763=CIRCLE('',#762,1.8E1);
#768=CIRCLE('',#767,1.8E1);
#782=B_SPLINE_CURVE_WITH_KNOTS('',3,(#769,#770,#771,#772,#773,#774,#775,#776,
#777,#778,#779,#780,#781),.UNSPECIFIED.,.F.,.F.,(4,1,1,1,1,1,1,1,1,1,4),(0.E0,
1.E-1,2.E-1,3.E-1,4.E-1,5.E-1,6.E-1,7.E-1,8.E-1,9.E-1,1.E0),.UNSPECIFIED.);
#787=CIRCLE('',#786,1.E-1);
#792=CIRCLE('',#791,1.E-1);
#811=B_SPLINE_CURVE_WITH_KNOTS('',3,(#793,#794,#795,#796,#797,#798,#799,#800,
#801,#802,#803,#804,#805,#806,#807,#808,#809,#810),.UNSPECIFIED.,.F.,.F.,(4,1,1,
1,1,1,1,1,1,1,1,1,1,1,1,4),(0.E0,6.666666666667E-2,1.333333333333E-1,2.E-1,
2.666666666667E-1,3.333333333333E-1,4.E-1,4.666666666667E-1,5.333333333333E-1,
6.E-1,6.666666666667E-1,7.333333333333E-1,8.E-1,8.666666666667E-1,
9.333333333333E-1,1.E0),.UNSPECIFIED.);
#831=B_SPLINE_CURVE_WITH_KNOTS('',3,(#812,#813,#814,#815,#816,#817,#818,#819,
#820,#821,#822,#823,#824,#825,#826,#827,#828,#829,#830),.UNSPECIFIED.,.F.,.F.,
(4,1,1,1,1,1,1,1,1,1,1,1,1,1,1,1,4),(0.E0,6.25E-2,1.25E-1,1.875E-1,2.5E-1,
3.125E-1,3.75E-1,4.375E-1,5.E-1,5.625E-1,6.25E-1,6.875E-1,7.5E-1,8.125E-1,
8.75E-1,9.375E-1,1.E0),.UNSPECIFIED.);
#849=B_SPLINE_CURVE_WITH_KNOTS('',3,(#832,#833,#834,#835,#836,#837,#838,#839,
#840,#841,#842,#843,#844,#845,#846,#847,#848),.UNSPECIFIED.,.F.,.F.,(4,1,1,1,1,
1,1,1,1,1,1,1,1,1,4),(0.E0,7.142857142857E-2,1.428571428571E-1,
2.142857142857E-1,2.857142857143E-1,3.571428571429E-1,4.285714285714E-1,5.E-1,
5.714285714286E-1,6.428571428571E-1,7.142857142857E-1,7.857142857143E-1,
8.571428571429E-1,9.285714285714E-1,1.E0),.UNSPECIFIED.);
#854=CIRCLE('',#853,3.E0);
#859=CIRCLE('',#858,1.E-1);
#864=CIRCLE('',#863,9.999999999975E-2);
#869=CIRCLE('',#868,1.E-1);
#874=B_SPLINE_CURVE_WITH_KNOTS('',3,(#870,#871,#872,#873),.UNSPECIFIED.,.F.,.F.,
(4,4),(0.E0,1.E0),.UNSPECIFIED.);
#903=B_SPLINE_CURVE_WITH_KNOTS('',3,(#879,#880,#881,#882,#883,#884,#885,#886,
#887,#888,#889,#890,#891,#892,#893,#894,#895,#896,#897,#898,#899,#900,#901,
#902),.UNSPECIFIED.,.F.,.F.,(4,1,1,1,1,1,1,1,1,1,1,1,1,1,1,1,1,1,1,1,1,4),(0.E0,
4.761904761905E-2,9.523809523810E-2,1.428571428571E-1,1.904761904762E-1,
2.380952380952E-1,2.857142857143E-1,3.333333333333E-1,3.809523809524E-1,
4.285714285714E-1,4.761904761905E-1,5.238095238095E-1,5.714285714286E-1,
6.190476190476E-1,6.666666666667E-1,7.142857142857E-1,7.619047619048E-1,
8.095238095238E-1,8.571428571429E-1,9.047619047619E-1,9.523809523810E-1,1.E0),
.UNSPECIFIED.);
#935=B_SPLINE_CURVE_WITH_KNOTS('',3,(#904,#905,#906,#907,#908,#909,#910,#911,
#912,#913,#914,#915,#916,#917,#918,#919,#920,#921,#922,#923,#924,#925,#926,#927,
#928,#929,#930,#931,#932,#933,#934),.UNSPECIFIED.,.F.,.F.,(4,1,1,1,1,1,1,1,1,1,
1,1,1,1,1,1,1,1,1,1,1,1,1,1,1,1,1,1,4),(0.E0,3.571428571429E-2,
7.142857142857E-2,1.071428571429E-1,1.428571428571E-1,1.785714285714E-1,
2.142857142857E-1,2.5E-1,2.857142857143E-1,3.214285714286E-1,3.571428571429E-1,
3.928571428571E-1,4.285714285714E-1,4.642857142857E-1,5.E-1,5.357142857143E-1,
5.714285714286E-1,6.071428571429E-1,6.428571428571E-1,6.785714285714E-1,
7.142857142857E-1,7.5E-1,7.857142857143E-1,8.214285714286E-1,8.571428571429E-1,
8.928571428571E-1,9.285714285714E-1,9.642857142857E-1,1.E0),.UNSPECIFIED.);
#940=CIRCLE('',#939,1.E-1);
#965=B_SPLINE_CURVE_WITH_KNOTS('',3,(#941,#942,#943,#944,#945,#946,#947,#948,
#949,#950,#951,#952,#953,#954,#955,#956,#957,#958,#959,#960,#961,#962,#963,
#964),.UNSPECIFIED.,.F.,.F.,(4,1,1,1,1,1,1,1,1,1,1,1,1,1,1,1,1,1,1,1,1,4),(0.E0,
4.761904761905E-2,9.523809523810E-2,1.428571428571E-1,1.904761904762E-1,
2.380952380952E-1,2.857142857143E-1,3.333333333333E-1,3.809523809524E-1,
4.285714285714E-1,4.761904761905E-1,5.238095238095E-1,5.714285714286E-1,
6.190476190476E-1,6.666666666667E-1,7.142857142857E-1,7.619047619048E-1,
8.095238095238E-1,8.571428571429E-1,9.047619047619E-1,9.523809523810E-1,1.E0),
.UNSPECIFIED.);
#972=B_SPLINE_CURVE_WITH_KNOTS('',3,(#966,#967,#968,#969,#970,#971),
.UNSPECIFIED.,.F.,.F.,(4,1,1,4),(0.E0,3.333333333333E-1,6.666666666667E-1,1.E0),
.UNSPECIFIED.);
#985=B_SPLINE_CURVE_WITH_KNOTS('',3,(#973,#974,#975,#976,#977,#978,#979,#980,
#981,#982,#983,#984),.UNSPECIFIED.,.F.,.F.,(4,1,1,1,1,1,1,1,1,4),(0.E0,
1.111111111111E-1,2.222222222222E-1,3.333333333333E-1,4.444444444444E-1,
5.555555555556E-1,6.666666666667E-1,7.777777777778E-1,8.888888888889E-1,1.E0),
.UNSPECIFIED.);
#1006=B_SPLINE_CURVE_WITH_KNOTS('',3,(#986,#987,#988,#989,#990,#991,#992,#993,
#994,#995,#996,#997,#998,#999,#1000,#1001,#1002,#1003,#1004,#1005),
.UNSPECIFIED.,.F.,.F.,(4,1,1,1,1,1,1,1,1,1,1,1,1,1,1,1,1,4),(0.E0,
5.882352941176E-2,1.176470588235E-1,1.764705882353E-1,2.352941176471E-1,
2.941176470588E-1,3.529411764706E-1,4.117647058824E-1,4.705882352941E-1,
5.294117647059E-1,5.882352941176E-1,6.470588235294E-1,7.058823529412E-1,
7.647058823529E-1,8.235294117647E-1,8.823529411765E-1,9.411764705882E-1,1.E0),
.UNSPECIFIED.);
#1011=CIRCLE('',#1010,1.802898550725E1);
#1024=B_SPLINE_CURVE_WITH_KNOTS('',3,(#1012,#1013,#1014,#1015,#1016,#1017,#1018,
#1019,#1020,#1021,#1022,#1023),.UNSPECIFIED.,.F.,.F.,(4,1,1,1,1,1,1,1,1,4),
(0.E0,1.111111111111E-1,2.222222222222E-1,3.333333333333E-1,4.444444444444E-1,
5.555555555556E-1,6.666666666667E-1,7.777777777778E-1,8.888888888889E-1,1.E0),
.UNSPECIFIED.);
#1045=B_SPLINE_CURVE_WITH_KNOTS('',3,(#1025,#1026,#1027,#1028,#1029,#1030,#1031,
#1032,#1033,#1034,#1035,#1036,#1037,#1038,#1039,#1040,#1041,#1042,#1043,#1044),
.UNSPECIFIED.,.F.,.F.,(4,1,1,1,1,1,1,1,1,1,1,1,1,1,1,1,1,4),(0.E0,
5.882352941176E-2,1.176470588235E-1,1.764705882353E-1,2.352941176471E-1,
2.941176470588E-1,3.529411764706E-1,4.117647058824E-1,4.705882352941E-1,
5.294117647059E-1,5.882352941176E-1,6.470588235294E-1,7.058823529412E-1,
7.647058823529E-1,8.235294117647E-1,8.823529411765E-1,9.411764705882E-1,1.E0),
.UNSPECIFIED.);
#1083=B_SPLINE_CURVE_WITH_KNOTS('',3,(#1046,#1047,#1048,#1049,#1050,#1051,#1052,
#1053,#1054,#1055,#1056,#1057,#1058,#1059,#1060,#1061,#1062,#1063,#1064,#1065,
#1066,#1067,#1068,#1069,#1070,#1071,#1072,#1073,#1074,#1075,#1076,#1077,#1078,
#1079,#1080,#1081,#1082),.UNSPECIFIED.,.F.,.F.,(4,1,1,1,1,1,1,1,1,1,1,1,1,1,1,1,
1,1,1,1,1,1,1,1,1,1,1,1,1,1,1,1,1,1,4),(0.E0,2.941176470588E-2,
5.882352941176E-2,8.823529411765E-2,1.176470588235E-1,1.470588235294E-1,
1.764705882353E-1,2.058823529412E-1,2.352941176471E-1,2.647058823529E-1,
2.941176470588E-1,3.235294117647E-1,3.529411764706E-1,3.823529411765E-1,
4.117647058824E-1,4.411764705882E-1,4.705882352941E-1,5.E-1,5.294117647059E-1,
5.588235294118E-1,5.882352941176E-1,6.176470588235E-1,6.470588235294E-1,
6.764705882353E-1,7.058823529412E-1,7.352941176471E-1,7.647058823529E-1,
7.941176470588E-1,8.235294117647E-1,8.529411764706E-1,8.823529411765E-1,
9.117647058824E-1,9.411764705882E-1,9.705882352941E-1,1.E0),.UNSPECIFIED.);
#1088=CIRCLE('',#1087,1.802898550725E1);
#1113=B_SPLINE_CURVE_WITH_KNOTS('',3,(#1089,#1090,#1091,#1092,#1093,#1094,#1095,
#1096,#1097,#1098,#1099,#1100,#1101,#1102,#1103,#1104,#1105,#1106,#1107,#1108,
#1109,#1110,#1111,#1112),.UNSPECIFIED.,.F.,.F.,(4,1,1,1,1,1,1,1,1,1,1,1,1,1,1,1,
1,1,1,1,1,4),(0.E0,4.761904761905E-2,9.523809523810E-2,1.428571428571E-1,
1.904761904762E-1,2.380952380952E-1,2.857142857143E-1,3.333333333333E-1,
3.809523809524E-1,4.285714285714E-1,4.761904761905E-1,5.238095238095E-1,
5.714285714286E-1,6.190476190476E-1,6.666666666667E-1,7.142857142857E-1,
7.619047619048E-1,8.095238095238E-1,8.571428571429E-1,9.047619047619E-1,
9.523809523810E-1,1.E0),.UNSPECIFIED.);
#1120=B_SPLINE_CURVE_WITH_KNOTS('',3,(#1114,#1115,#1116,#1117,#1118,#1119),
.UNSPECIFIED.,.F.,.F.,(4,1,1,4),(0.E0,3.333333333333E-1,6.666666666667E-1,1.E0),
.UNSPECIFIED.);
#1125=CIRCLE('',#1124,9.999999999999E-2);
#1130=CIRCLE('',#1129,1.E-1);
#1135=B_SPLINE_CURVE_WITH_KNOTS('',3,(#1131,#1132,#1133,#1134),.UNSPECIFIED.,
.F.,.F.,(4,4),(0.E0,1.E0),.UNSPECIFIED.);
#1140=CIRCLE('',#1139,1.E-1);
#1145=CIRCLE('',#1144,1.8E1);
#1150=CIRCLE('',#1149,1.8E1);
#1155=CIRCLE('',#1154,1.E-1);
#1160=CIRCLE('',#1159,1.E-1);
#1165=CIRCLE('',#1164,1.000000000002E-1);
#1183=B_SPLINE_CURVE_WITH_KNOTS('',3,(#1166,#1167,#1168,#1169,#1170,#1171,#1172,
#1173,#1174,#1175,#1176,#1177,#1178,#1179,#1180,#1181,#1182),.UNSPECIFIED.,.F.,
.F.,(4,1,1,1,1,1,1,1,1,1,1,1,1,1,4),(0.E0,7.142857142857E-2,1.428571428571E-1,
2.142857142857E-1,2.857142857143E-1,3.571428571429E-1,4.285714285714E-1,5.E-1,
5.714285714286E-1,6.428571428571E-1,7.142857142857E-1,7.857142857143E-1,
8.571428571429E-1,9.285714285714E-1,1.E0),.UNSPECIFIED.);
#1188=CIRCLE('',#1187,1.E-1);
#1193=B_SPLINE_CURVE_WITH_KNOTS('',3,(#1189,#1190,#1191,#1192),.UNSPECIFIED.,
.F.,.F.,(4,4),(0.E0,1.E0),.UNSPECIFIED.);
#1198=CIRCLE('',#1197,1.E-1);
#1203=CIRCLE('',#1202,1.E-1);
#1240=B_SPLINE_CURVE_WITH_KNOTS('',3,(#1204,#1205,#1206,#1207,#1208,#1209,#1210,
#1211,#1212,#1213,#1214,#1215,#1216,#1217,#1218,#1219,#1220,#1221,#1222,#1223,
#1224,#1225,#1226,#1227,#1228,#1229,#1230,#1231,#1232,#1233,#1234,#1235,#1236,
#1237,#1238,#1239),.UNSPECIFIED.,.F.,.F.,(4,1,1,1,1,1,1,1,1,1,1,1,1,1,1,1,1,1,1,
1,1,1,1,1,1,1,1,1,1,1,1,1,1,4),(0.E0,3.030303030303E-2,6.060606060606E-2,
9.090909090909E-2,1.212121212121E-1,1.515151515152E-1,1.818181818182E-1,
2.121212121212E-1,2.424242424242E-1,2.727272727273E-1,3.030303030303E-1,
3.333333333333E-1,3.636363636364E-1,3.939393939394E-1,4.242424242424E-1,
4.545454545455E-1,4.848484848485E-1,5.151515151515E-1,5.454545454545E-1,
5.757575757576E-1,6.060606060606E-1,6.363636363636E-1,6.666666666667E-1,
6.969696969697E-1,7.272727272727E-1,7.575757575758E-1,7.878787878788E-1,
8.181818181818E-1,8.484848484848E-1,8.787878787879E-1,9.090909090909E-1,
9.393939393939E-1,9.696969696970E-1,1.E0),.UNSPECIFIED.);
#1282=B_SPLINE_CURVE_WITH_KNOTS('',3,(#1245,#1246,#1247,#1248,#1249,#1250,#1251,
#1252,#1253,#1254,#1255,#1256,#1257,#1258,#1259,#1260,#1261,#1262,#1263,#1264,
#1265,#1266,#1267,#1268,#1269,#1270,#1271,#1272,#1273,#1274,#1275,#1276,#1277,
#1278,#1279,#1280,#1281),.UNSPECIFIED.,.F.,.F.,(4,1,1,1,1,1,1,1,1,1,1,1,1,1,1,1,
1,1,1,1,1,1,1,1,1,1,1,1,1,1,1,1,1,1,4),(0.E0,2.941176470588E-2,
5.882352941176E-2,8.823529411765E-2,1.176470588235E-1,1.470588235294E-1,
1.764705882353E-1,2.058823529412E-1,2.352941176471E-1,2.647058823529E-1,
2.941176470588E-1,3.235294117647E-1,3.529411764706E-1,3.823529411765E-1,
4.117647058824E-1,4.411764705882E-1,4.705882352941E-1,5.E-1,5.294117647059E-1,
5.588235294118E-1,5.882352941176E-1,6.176470588235E-1,6.470588235294E-1,
6.764705882353E-1,7.058823529412E-1,7.352941176471E-1,7.647058823529E-1,
7.941176470588E-1,8.235294117647E-1,8.529411764706E-1,8.823529411765E-1,
9.117647058824E-1,9.411764705882E-1,9.705882352941E-1,1.E0),.UNSPECIFIED.);
#1291=CIRCLE('',#1290,2.2E1);
#1300=CIRCLE('',#1299,1.E-1);
#1305=CIRCLE('',#1304,9.999999999999E-2);
#1342=B_SPLINE_CURVE_WITH_KNOTS('',3,(#1306,#1307,#1308,#1309,#1310,#1311,#1312,
#1313,#1314,#1315,#1316,#1317,#1318,#1319,#1320,#1321,#1322,#1323,#1324,#1325,
#1326,#1327,#1328,#1329,#1330,#1331,#1332,#1333,#1334,#1335,#1336,#1337,#1338,
#1339,#1340,#1341),.UNSPECIFIED.,.F.,.F.,(4,1,1,1,1,1,1,1,1,1,1,1,1,1,1,1,1,1,1,
1,1,1,1,1,1,1,1,1,1,1,1,1,1,4),(0.E0,3.030303030303E-2,6.060606060606E-2,
9.090909090909E-2,1.212121212121E-1,1.515151515152E-1,1.818181818182E-1,
2.121212121212E-1,2.424242424242E-1,2.727272727273E-1,3.030303030303E-1,
3.333333333333E-1,3.636363636364E-1,3.939393939394E-1,4.242424242424E-1,
4.545454545455E-1,4.848484848485E-1,5.151515151515E-1,5.454545454545E-1,
5.757575757576E-1,6.060606060606E-1,6.363636363636E-1,6.666666666667E-1,
6.969696969697E-1,7.272727272727E-1,7.575757575758E-1,7.878787878788E-1,
8.181818181818E-1,8.484848484848E-1,8.787878787879E-1,9.090909090909E-1,
9.393939393939E-1,9.696969696970E-1,1.E0),.UNSPECIFIED.);
#1347=CIRCLE('',#1346,2.2E1);
#1385=B_SPLINE_CURVE_WITH_KNOTS('',3,(#1348,#1349,#1350,#1351,#1352,#1353,#1354,
#1355,#1356,#1357,#1358,#1359,#1360,#1361,#1362,#1363,#1364,#1365,#1366,#1367,
#1368,#1369,#1370,#1371,#1372,#1373,#1374,#1375,#1376,#1377,#1378,#1379,#1380,
#1381,#1382,#1383,#1384),.UNSPECIFIED.,.F.,.F.,(4,1,1,1,1,1,1,1,1,1,1,1,1,1,1,1,
1,1,1,1,1,1,1,1,1,1,1,1,1,1,1,1,1,1,4),(0.E0,2.941176470588E-2,
5.882352941176E-2,8.823529411765E-2,1.176470588235E-1,1.470588235294E-1,
1.764705882353E-1,2.058823529412E-1,2.352941176471E-1,2.647058823529E-1,
2.941176470588E-1,3.235294117647E-1,3.529411764706E-1,3.823529411765E-1,
4.117647058824E-1,4.411764705882E-1,4.705882352941E-1,5.E-1,5.294117647059E-1,
5.588235294118E-1,5.882352941176E-1,6.176470588235E-1,6.470588235294E-1,
6.764705882353E-1,7.058823529412E-1,7.352941176471E-1,7.647058823529E-1,
7.941176470588E-1,8.235294117647E-1,8.529411764706E-1,8.823529411765E-1,
9.117647058824E-1,9.411764705882E-1,9.705882352941E-1,1.E0),.UNSPECIFIED.);
#1390=CIRCLE('',#1389,1.E-1);
#1395=CIRCLE('',#1394,2.19E1);
#1400=CIRCLE('',#1399,2.19E1);
#1405=CIRCLE('',#1404,2.01E1);
#1410=CIRCLE('',#1409,2.01E1);
#1415=CIRCLE('',#1414,1.E-1);
#1420=CIRCLE('',#1419,1.E-1);
#1425=CIRCLE('',#1424,2.E1);
#1434=CIRCLE('',#1433,2.E1);
#1443=CIRCLE('',#1442,2.E1);
#1448=CIRCLE('',#1447,2.E1);
#1453=CIRCLE('',#1452,1.E-1);
#1458=CIRCLE('',#1457,1.E-1);
#1463=CIRCLE('',#1462,2.29E1);
#1468=CIRCLE('',#1467,2.29E1);
#1473=CIRCLE('',#1472,2.01E1);
#1478=CIRCLE('',#1477,2.01E1);
#1483=CIRCLE('',#1482,1.E-1);
#1488=CIRCLE('',#1487,2.3E1);
#1497=CIRCLE('',#1496,2.3E1);
#1506=CIRCLE('',#1505,1.E-1);
#1511=CIRCLE('',#1510,2.31E1);
#1516=CIRCLE('',#1515,2.31E1);
#1521=CIRCLE('',#1520,2.776557864376E1);
#1526=CIRCLE('',#1525,2.776557864376E1);
#1531=CIRCLE('',#1530,1.E-1);
#1536=CIRCLE('',#1535,2.3E1);
#1541=CIRCLE('',#1540,2.3E1);
#1546=CIRCLE('',#1545,1.E-1);
#1551=CIRCLE('',#1550,1.E-1);
#1556=CIRCLE('',#1555,1.E-1);
#1561=CIRCLE('',#1560,2.783628932188E1);
#1566=CIRCLE('',#1565,2.977771067812E1);
#1575=CIRCLE('',#1574,2.783628932188E1);
#1580=CIRCLE('',#1579,2.977771067812E1);
#1589=CIRCLE('',#1588,1.E-1);
#1594=CIRCLE('',#1593,2.9807E1);
#1603=CIRCLE('',#1602,2.9807E1);
#1612=CIRCLE('',#1611,1.E-1);
#1617=CIRCLE('',#1616,1.E-1);
#1622=CIRCLE('',#1621,2.9807E1);
#1627=CIRCLE('',#1626,2.9807E1);
#1632=CIRCLE('',#1631,1.E-1);
#1637=CIRCLE('',#1636,2.974870967742E1);
#1642=CIRCLE('',#1641,3.E0);
#1647=CIRCLE('',#1646,2.974870967742E1);
#1652=CIRCLE('',#1651,3.E0);
#1657=CIRCLE('',#1656,2.8E1);
#1693=B_SPLINE_CURVE_WITH_KNOTS('',3,(#1662,#1663,#1664,#1665,#1666,#1667,#1668,
#1669,#1670,#1671,#1672,#1673,#1674,#1675,#1676,#1677,#1678,#1679,#1680,#1681,
#1682,#1683,#1684,#1685,#1686,#1687,#1688,#1689,#1690,#1691,#1692),
.UNSPECIFIED.,.F.,.F.,(4,1,1,1,1,1,1,1,1,1,1,1,1,1,1,1,1,1,1,1,1,1,1,1,1,1,1,1,
4),(0.E0,3.571428571429E-2,7.142857142857E-2,1.071428571429E-1,
1.428571428571E-1,1.785714285714E-1,2.142857142857E-1,2.5E-1,2.857142857143E-1,
3.214285714286E-1,3.571428571429E-1,3.928571428571E-1,4.285714285714E-1,
4.642857142857E-1,5.E-1,5.357142857143E-1,5.714285714286E-1,6.071428571429E-1,
6.428571428571E-1,6.785714285714E-1,7.142857142857E-1,7.5E-1,7.857142857143E-1,
8.214285714286E-1,8.571428571429E-1,8.928571428571E-1,9.285714285714E-1,
9.642857142857E-1,1.E0),.UNSPECIFIED.);
#1727=B_SPLINE_CURVE_WITH_KNOTS('',3,(#1698,#1699,#1700,#1701,#1702,#1703,#1704,
#1705,#1706,#1707,#1708,#1709,#1710,#1711,#1712,#1713,#1714,#1715,#1716,#1717,
#1718,#1719,#1720,#1721,#1722,#1723,#1724,#1725,#1726),.UNSPECIFIED.,.F.,.F.,(4,
1,1,1,1,1,1,1,1,1,1,1,1,1,1,1,1,1,1,1,1,1,1,1,1,1,4),(0.E0,3.846153846154E-2,
7.692307692308E-2,1.153846153846E-1,1.538461538462E-1,1.923076923077E-1,
2.307692307692E-1,2.692307692308E-1,3.076923076923E-1,3.461538461538E-1,
3.846153846154E-1,4.230769230769E-1,4.615384615385E-1,5.E-1,5.384615384615E-1,
5.769230769231E-1,6.153846153846E-1,6.538461538462E-1,6.923076923077E-1,
7.307692307692E-1,7.692307692308E-1,8.076923076923E-1,8.461538461538E-1,
8.846153846154E-1,9.230769230769E-1,9.615384615385E-1,1.E0),.UNSPECIFIED.);
#1736=CIRCLE('',#1735,2.8E1);
#1767=B_SPLINE_CURVE_WITH_KNOTS('',3,(#1737,#1738,#1739,#1740,#1741,#1742,#1743,
#1744,#1745,#1746,#1747,#1748,#1749,#1750,#1751,#1752,#1753,#1754,#1755,#1756,
#1757,#1758,#1759,#1760,#1761,#1762,#1763,#1764,#1765,#1766),.UNSPECIFIED.,.F.,
.F.,(4,1,1,1,1,1,1,1,1,1,1,1,1,1,1,1,1,1,1,1,1,1,1,1,1,1,1,4),(0.E0,
3.703703703704E-2,7.407407407407E-2,1.111111111111E-1,1.481481481481E-1,
1.851851851852E-1,2.222222222222E-1,2.592592592593E-1,2.962962962963E-1,
3.333333333333E-1,3.703703703704E-1,4.074074074074E-1,4.444444444444E-1,
4.814814814815E-1,5.185185185185E-1,5.555555555556E-1,5.925925925926E-1,
6.296296296296E-1,6.666666666667E-1,7.037037037037E-1,7.407407407407E-1,
7.777777777778E-1,8.148148148148E-1,8.518518518519E-1,8.888888888889E-1,
9.259259259259E-1,9.629629629630E-1,1.E0),.UNSPECIFIED.);
#1799=B_SPLINE_CURVE_WITH_KNOTS('',3,(#1768,#1769,#1770,#1771,#1772,#1773,#1774,
#1775,#1776,#1777,#1778,#1779,#1780,#1781,#1782,#1783,#1784,#1785,#1786,#1787,
#1788,#1789,#1790,#1791,#1792,#1793,#1794,#1795,#1796,#1797,#1798),
.UNSPECIFIED.,.F.,.F.,(4,1,1,1,1,1,1,1,1,1,1,1,1,1,1,1,1,1,1,1,1,1,1,1,1,1,1,1,
4),(0.E0,3.571428571429E-2,7.142857142857E-2,1.071428571429E-1,
1.428571428571E-1,1.785714285714E-1,2.142857142857E-1,2.5E-1,2.857142857143E-1,
3.214285714286E-1,3.571428571429E-1,3.928571428571E-1,4.285714285714E-1,
4.642857142857E-1,5.E-1,5.357142857143E-1,5.714285714286E-1,6.071428571429E-1,
6.428571428571E-1,6.785714285714E-1,7.142857142857E-1,7.5E-1,7.857142857143E-1,
8.214285714286E-1,8.571428571429E-1,8.928571428571E-1,9.285714285714E-1,
9.642857142857E-1,1.E0),.UNSPECIFIED.);
#1804=CIRCLE('',#1803,2.999999999995E0);
#1809=CIRCLE('',#1808,2.999999999994E0);
#1814=CIRCLE('',#1813,2.E1);
#1844=B_SPLINE_CURVE_WITH_KNOTS('',3,(#1815,#1816,#1817,#1818,#1819,#1820,#1821,
#1822,#1823,#1824,#1825,#1826,#1827,#1828,#1829,#1830,#1831,#1832,#1833,#1834,
#1835,#1836,#1837,#1838,#1839,#1840,#1841,#1842,#1843),.UNSPECIFIED.,.F.,.F.,(4,
1,1,1,1,1,1,1,1,1,1,1,1,1,1,1,1,1,1,1,1,1,1,1,1,1,4),(0.E0,3.846153846154E-2,
7.692307692308E-2,1.153846153846E-1,1.538461538462E-1,1.923076923077E-1,
2.307692307692E-1,2.692307692308E-1,3.076923076923E-1,3.461538461538E-1,
3.846153846154E-1,4.230769230769E-1,4.615384615385E-1,5.E-1,5.384615384615E-1,
5.769230769231E-1,6.153846153846E-1,6.538461538462E-1,6.923076923077E-1,
7.307692307692E-1,7.692307692308E-1,8.076923076923E-1,8.461538461538E-1,
8.846153846154E-1,9.230769230769E-1,9.615384615385E-1,1.E0),.UNSPECIFIED.);
#1849=CIRCLE('',#1848,3.E0);
#1854=CIRCLE('',#1853,2.3E1);
#1859=CIRCLE('',#1858,2.3E1);
#1864=CIRCLE('',#1863,2.6773E1);
#1869=CIRCLE('',#1868,2.6773E1);
#1874=CIRCLE('',#1873,3.E0);
#1879=CIRCLE('',#1878,2.E1);
#1914=B_SPLINE_CURVE_WITH_KNOTS('',3,(#1884,#1885,#1886,#1887,#1888,#1889,#1890,
#1891,#1892,#1893,#1894,#1895,#1896,#1897,#1898,#1899,#1900,#1901,#1902,#1903,
#1904,#1905,#1906,#1907,#1908,#1909,#1910,#1911,#1912,#1913),.UNSPECIFIED.,.F.,
.F.,(4,1,1,1,1,1,1,1,1,1,1,1,1,1,1,1,1,1,1,1,1,1,1,1,1,1,1,4),(0.E0,
3.703703703704E-2,7.407407407407E-2,1.111111111111E-1,1.481481481481E-1,
1.851851851852E-1,2.222222222222E-1,2.592592592593E-1,2.962962962963E-1,
3.333333333333E-1,3.703703703704E-1,4.074074074074E-1,4.444444444444E-1,
4.814814814815E-1,5.185185185185E-1,5.555555555556E-1,5.925925925926E-1,
6.296296296296E-1,6.666666666667E-1,7.037037037037E-1,7.407407407407E-1,
7.777777777778E-1,8.148148148148E-1,8.518518518519E-1,8.888888888889E-1,
9.259259259259E-1,9.629629629630E-1,1.E0),.UNSPECIFIED.);
#1923=CIRCLE('',#1922,1.E-1);
#1928=CIRCLE('',#1927,2.6873E1);
#1937=CIRCLE('',#1936,2.6873E1);
#1946=CIRCLE('',#1945,1.E-1);
#1951=CIRCLE('',#1950,1.E-1);
#1956=CIRCLE('',#1955,2.6873E1);
#1961=CIRCLE('',#1960,2.6873E1);
#1966=CIRCLE('',#1965,1.E-1);
#1971=CIRCLE('',#1970,2.490228932188E1);
#1976=CIRCLE('',#1975,2.684371067812E1);
#1985=CIRCLE('',#1984,1.E-1);
#1990=CIRCLE('',#1989,1.81E1);
#1995=CIRCLE('',#1994,1.81E1);
#2000=CIRCLE('',#1999,2.483157864376E1);
#2005=CIRCLE('',#2004,2.483157864376E1);
#2010=CIRCLE('',#2009,1.E-1);
#2015=CIRCLE('',#2014,1.E-1);
#2020=CIRCLE('',#2019,1.8E1);
#2029=CIRCLE('',#2028,1.8E1);
#2038=CIRCLE('',#2037,1.8E1);
#2043=CIRCLE('',#2042,1.8E1);
#2048=CIRCLE('',#2047,1.E-1);
#2053=CIRCLE('',#2052,1.E-1);
#2058=CIRCLE('',#2057,1.79E1);
#2063=CIRCLE('',#2062,1.79E1);
#2068=CIRCLE('',#2067,1.51E1);
#2073=CIRCLE('',#2072,1.51E1);
#2078=CIRCLE('',#2077,1.E-1);
#2083=CIRCLE('',#2082,1.E-1);
#2120=B_SPLINE_CURVE_WITH_KNOTS('',3,(#2084,#2085,#2086,#2087,#2088,#2089,#2090,
#2091,#2092,#2093,#2094,#2095,#2096,#2097,#2098,#2099,#2100,#2101,#2102,#2103,
#2104,#2105,#2106,#2107,#2108,#2109,#2110,#2111,#2112,#2113,#2114,#2115,#2116,
#2117,#2118,#2119),.UNSPECIFIED.,.F.,.F.,(4,1,1,1,1,1,1,1,1,1,1,1,1,1,1,1,1,1,1,
1,1,1,1,1,1,1,1,1,1,1,1,1,1,4),(0.E0,3.030303030303E-2,6.060606060606E-2,
9.090909090909E-2,1.212121212121E-1,1.515151515152E-1,1.818181818182E-1,
2.121212121212E-1,2.424242424242E-1,2.727272727273E-1,3.030303030303E-1,
3.333333333333E-1,3.636363636364E-1,3.939393939394E-1,4.242424242424E-1,
4.545454545455E-1,4.848484848485E-1,5.151515151515E-1,5.454545454545E-1,
5.757575757576E-1,6.060606060606E-1,6.363636363636E-1,6.666666666667E-1,
6.969696969697E-1,7.272727272727E-1,7.575757575758E-1,7.878787878788E-1,
8.181818181818E-1,8.484848484848E-1,8.787878787879E-1,9.090909090909E-1,
9.393939393939E-1,9.696969696970E-1,1.E0),.UNSPECIFIED.);
#2125=CIRCLE('',#2124,1.5E1);
#2162=B_SPLINE_CURVE_WITH_KNOTS('',3,(#2126,#2127,#2128,#2129,#2130,#2131,#2132,
#2133,#2134,#2135,#2136,#2137,#2138,#2139,#2140,#2141,#2142,#2143,#2144,#2145,
#2146,#2147,#2148,#2149,#2150,#2151,#2152,#2153,#2154,#2155,#2156,#2157,#2158,
#2159,#2160,#2161),.UNSPECIFIED.,.F.,.F.,(4,1,1,1,1,1,1,1,1,1,1,1,1,1,1,1,1,1,1,
1,1,1,1,1,1,1,1,1,1,1,1,1,1,4),(0.E0,3.030303030303E-2,6.060606060606E-2,
9.090909090909E-2,1.212121212121E-1,1.515151515152E-1,1.818181818182E-1,
2.121212121212E-1,2.424242424242E-1,2.727272727273E-1,3.030303030303E-1,
3.333333333333E-1,3.636363636364E-1,3.939393939394E-1,4.242424242424E-1,
4.545454545455E-1,4.848484848485E-1,5.151515151515E-1,5.454545454545E-1,
5.757575757576E-1,6.060606060606E-1,6.363636363636E-1,6.666666666667E-1,
6.969696969697E-1,7.272727272727E-1,7.575757575758E-1,7.878787878788E-1,
8.181818181818E-1,8.484848484848E-1,8.787878787879E-1,9.090909090909E-1,
9.393939393939E-1,9.696969696970E-1,1.E0),.UNSPECIFIED.);
#2171=CIRCLE('',#2170,1.5E1);
#2180=CIRCLE('',#2179,1.E-1);
#2185=CIRCLE('',#2184,2.490228932188E1);
#2190=CIRCLE('',#2189,2.684371067812E1);
#2199=CIRCLE('',#2198,3.E0);
#2231=B_SPLINE_CURVE_WITH_KNOTS('',3,(#2200,#2201,#2202,#2203,#2204,#2205,#2206,
#2207,#2208,#2209,#2210,#2211,#2212,#2213,#2214,#2215,#2216,#2217,#2218,#2219,
#2220,#2221,#2222,#2223,#2224,#2225,#2226,#2227,#2228,#2229,#2230),
.UNSPECIFIED.,.F.,.F.,(4,1,1,1,1,1,1,1,1,1,1,1,1,1,1,1,1,1,1,1,1,1,1,1,1,1,1,1,
4),(0.E0,3.571428571429E-2,7.142857142857E-2,1.071428571429E-1,
1.428571428571E-1,1.785714285714E-1,2.142857142857E-1,2.5E-1,2.857142857143E-1,
3.214285714286E-1,3.571428571429E-1,3.928571428571E-1,4.285714285714E-1,
4.642857142857E-1,5.E-1,5.357142857143E-1,5.714285714286E-1,6.071428571429E-1,
6.428571428571E-1,6.785714285714E-1,7.142857142857E-1,7.5E-1,7.857142857143E-1,
8.214285714286E-1,8.571428571429E-1,8.928571428571E-1,9.285714285714E-1,
9.642857142857E-1,1.E0),.UNSPECIFIED.);
#2236=CIRCLE('',#2235,2.370588235294E1);
#2241=CIRCLE('',#2240,2.370588235294E1);
#2273=B_SPLINE_CURVE_WITH_KNOTS('',3,(#2242,#2243,#2244,#2245,#2246,#2247,#2248,
#2249,#2250,#2251,#2252,#2253,#2254,#2255,#2256,#2257,#2258,#2259,#2260,#2261,
#2262,#2263,#2264,#2265,#2266,#2267,#2268,#2269,#2270,#2271,#2272),
.UNSPECIFIED.,.F.,.F.,(4,1,1,1,1,1,1,1,1,1,1,1,1,1,1,1,1,1,1,1,1,1,1,1,1,1,1,1,
4),(0.E0,3.571428571429E-2,7.142857142857E-2,1.071428571429E-1,
1.428571428571E-1,1.785714285714E-1,2.142857142857E-1,2.5E-1,2.857142857143E-1,
3.214285714286E-1,3.571428571429E-1,3.928571428571E-1,4.285714285714E-1,
4.642857142857E-1,5.E-1,5.357142857143E-1,5.714285714286E-1,6.071428571429E-1,
6.428571428571E-1,6.785714285714E-1,7.142857142857E-1,7.5E-1,7.857142857143E-1,
8.214285714286E-1,8.571428571429E-1,8.928571428571E-1,9.285714285714E-1,
9.642857142857E-1,1.E0),.UNSPECIFIED.);
#2278=CIRCLE('',#2277,6.5E1);
#2283=CIRCLE('',#2282,2.370588235294E1);
#2288=CIRCLE('',#2287,6.5E1);
#2293=CIRCLE('',#2292,2.370588235294E1);
#2298=CIRCLE('',#2297,6.5E1);
#2303=CIRCLE('',#2302,3.E0);
#2308=CIRCLE('',#2307,3.E0);
#2313=CIRCLE('',#2312,2.3E1);
#2322=CIRCLE('',#2321,2.3E1);
#2348=B_SPLINE_CURVE_WITH_KNOTS('',3,(#2327,#2328,#2329,#2330,#2331,#2332,#2333,
#2334,#2335,#2336,#2337,#2338,#2339,#2340,#2341,#2342,#2343,#2344,#2345,#2346,
#2347),.UNSPECIFIED.,.F.,.F.,(4,1,1,1,1,1,1,1,1,1,1,1,1,1,1,1,1,1,4),(0.E0,
5.555555555556E-2,1.111111111111E-1,1.666666666667E-1,2.222222222222E-1,
2.777777777778E-1,3.333333333333E-1,3.888888888889E-1,4.444444444444E-1,5.E-1,
5.555555555556E-1,6.111111111111E-1,6.666666666667E-1,7.222222222222E-1,
7.777777777778E-1,8.333333333333E-1,8.888888888889E-1,9.444444444444E-1,1.E0),
.UNSPECIFIED.);
#2370=B_SPLINE_CURVE_WITH_KNOTS('',3,(#2349,#2350,#2351,#2352,#2353,#2354,#2355,
#2356,#2357,#2358,#2359,#2360,#2361,#2362,#2363,#2364,#2365,#2366,#2367,#2368,
#2369),.UNSPECIFIED.,.F.,.F.,(4,1,1,1,1,1,1,1,1,1,1,1,1,1,1,1,1,1,4),(0.E0,
5.555555555556E-2,1.111111111111E-1,1.666666666667E-1,2.222222222222E-1,
2.777777777778E-1,3.333333333333E-1,3.888888888889E-1,4.444444444444E-1,5.E-1,
5.555555555556E-1,6.111111111111E-1,6.666666666667E-1,7.222222222222E-1,
7.777777777778E-1,8.333333333333E-1,8.888888888889E-1,9.444444444444E-1,1.E0),
.UNSPECIFIED.);
#2375=CIRCLE('',#2374,3.E0);
#2380=CIRCLE('',#2379,2.6E1);
#2385=CIRCLE('',#2384,2.6E1);
#2390=CIRCLE('',#2389,4.35E1);
#2395=CIRCLE('',#2394,4.35E1);
#2400=CIRCLE('',#2399,5.35E0);
#2405=CIRCLE('',#2404,5.35E0);
#2410=CIRCLE('',#2409,5.35E0);
#2415=CIRCLE('',#2414,5.35E0);
#2420=CIRCLE('',#2419,5.35E0);
#2425=CIRCLE('',#2424,5.35E0);
#2430=CIRCLE('',#2429,5.35E0);
#2435=CIRCLE('',#2434,5.35E0);
#2440=CIRCLE('',#2439,3.E0);
#2445=CIRCLE('',#2444,2.3E1);
#2450=CIRCLE('',#2449,2.3E1);
#2455=CIRCLE('',#2454,3.E0);
#2460=CIRCLE('',#2459,5.E-1);
#2465=CIRCLE('',#2464,4.4E1);
#2470=CIRCLE('',#2469,4.4E1);
#2475=CIRCLE('',#2474,4.4E1);
#2484=CIRCLE('',#2483,4.4E1);
#2493=CIRCLE('',#2492,5.E-1);
#2498=CIRCLE('',#2497,5.E-1);
#2503=CIRCLE('',#2502,4.35E1);
#2508=CIRCLE('',#2507,4.35E1);
#2513=CIRCLE('',#2512,2.41E1);
#2518=CIRCLE('',#2517,2.41E1);
#2523=CIRCLE('',#2522,5.35E0);
#2528=CIRCLE('',#2527,5.35E0);
#2533=CIRCLE('',#2532,5.35E0);
#2538=CIRCLE('',#2537,5.35E0);
#2543=CIRCLE('',#2542,5.35E0);
#2548=CIRCLE('',#2547,5.35E0);
#2553=CIRCLE('',#2552,5.35E0);
#2558=CIRCLE('',#2557,5.35E0);
#2563=CIRCLE('',#2562,5.E-1);
#2568=CIRCLE('',#2567,1.E-1);
#2573=CIRCLE('',#2572,1.E-1);
#2578=CIRCLE('',#2577,2.4E1);
#2587=CIRCLE('',#2586,2.4E1);
#2596=CIRCLE('',#2595,2.4E1);
#2601=CIRCLE('',#2600,2.4E1);
#2606=CIRCLE('',#2605,1.E-1);
#2611=CIRCLE('',#2610,1.E-1);
#2616=CIRCLE('',#2615,2.39E1);
#2621=CIRCLE('',#2620,2.39E1);
#2626=CIRCLE('',#2625,1.81E1);
#2631=CIRCLE('',#2630,1.81E1);
#2636=CIRCLE('',#2635,1.E-1);
#2641=CIRCLE('',#2640,1.E-1);
#2646=CIRCLE('',#2645,1.8E1);
#2651=CIRCLE('',#2650,1.8E1);
#2656=CIRCLE('',#2655,1.E-1);
#2661=CIRCLE('',#2660,1.E-1);
#2666=CIRCLE('',#2665,1.8E1);
#2675=CIRCLE('',#2674,1.8E1);
#2714=B_SPLINE_CURVE_WITH_KNOTS('',3,(#2680,#2681,#2682,#2683,#2684,#2685,#2686,
#2687,#2688,#2689,#2690,#2691,#2692,#2693,#2694,#2695,#2696,#2697,#2698,#2699,
#2700,#2701,#2702,#2703,#2704,#2705,#2706,#2707,#2708,#2709,#2710,#2711,#2712,
#2713),.UNSPECIFIED.,.F.,.F.,(4,1,1,1,1,1,1,1,1,1,1,1,1,1,1,1,1,1,1,1,1,1,1,1,1,
1,1,1,1,1,1,4),(0.E0,3.225806451613E-2,6.451612903226E-2,9.677419354839E-2,
1.290322580645E-1,1.612903225806E-1,1.935483870968E-1,2.258064516129E-1,
2.580645161290E-1,2.903225806452E-1,3.225806451613E-1,3.548387096774E-1,
3.870967741935E-1,4.193548387097E-1,4.516129032258E-1,4.838709677419E-1,
5.161290322581E-1,5.483870967742E-1,5.806451612903E-1,6.129032258065E-1,
6.451612903226E-1,6.774193548387E-1,7.096774193548E-1,7.419354838710E-1,
7.741935483871E-1,8.064516129032E-1,8.387096774194E-1,8.709677419355E-1,
9.032258064516E-1,9.354838709677E-1,9.677419354839E-1,1.E0),.UNSPECIFIED.);
#2752=B_SPLINE_CURVE_WITH_KNOTS('',3,(#2715,#2716,#2717,#2718,#2719,#2720,#2721,
#2722,#2723,#2724,#2725,#2726,#2727,#2728,#2729,#2730,#2731,#2732,#2733,#2734,
#2735,#2736,#2737,#2738,#2739,#2740,#2741,#2742,#2743,#2744,#2745,#2746,#2747,
#2748,#2749,#2750,#2751),.UNSPECIFIED.,.F.,.F.,(4,1,1,1,1,1,1,1,1,1,1,1,1,1,1,1,
1,1,1,1,1,1,1,1,1,1,1,1,1,1,1,1,1,1,4),(0.E0,2.941176470588E-2,
5.882352941176E-2,8.823529411765E-2,1.176470588235E-1,1.470588235294E-1,
1.764705882353E-1,2.058823529412E-1,2.352941176471E-1,2.647058823529E-1,
2.941176470588E-1,3.235294117647E-1,3.529411764706E-1,3.823529411765E-1,
4.117647058824E-1,4.411764705882E-1,4.705882352941E-1,5.E-1,5.294117647059E-1,
5.588235294118E-1,5.882352941176E-1,6.176470588235E-1,6.470588235294E-1,
6.764705882353E-1,7.058823529412E-1,7.352941176471E-1,7.647058823529E-1,
7.941176470588E-1,8.235294117647E-1,8.529411764706E-1,8.823529411765E-1,
9.117647058824E-1,9.411764705882E-1,9.705882352941E-1,1.E0),.UNSPECIFIED.);
#2757=CIRCLE('',#2756,1.E-1);
#2762=CIRCLE('',#2761,1.E-1);
#2800=B_SPLINE_CURVE_WITH_KNOTS('',3,(#2763,#2764,#2765,#2766,#2767,#2768,#2769,
#2770,#2771,#2772,#2773,#2774,#2775,#2776,#2777,#2778,#2779,#2780,#2781,#2782,
#2783,#2784,#2785,#2786,#2787,#2788,#2789,#2790,#2791,#2792,#2793,#2794,#2795,
#2796,#2797,#2798,#2799),.UNSPECIFIED.,.F.,.F.,(4,1,1,1,1,1,1,1,1,1,1,1,1,1,1,1,
1,1,1,1,1,1,1,1,1,1,1,1,1,1,1,1,1,1,4),(0.E0,2.941176470588E-2,
5.882352941176E-2,8.823529411765E-2,1.176470588235E-1,1.470588235294E-1,
1.764705882353E-1,2.058823529412E-1,2.352941176471E-1,2.647058823529E-1,
2.941176470588E-1,3.235294117647E-1,3.529411764706E-1,3.823529411765E-1,
4.117647058824E-1,4.411764705882E-1,4.705882352941E-1,5.E-1,5.294117647059E-1,
5.588235294118E-1,5.882352941176E-1,6.176470588235E-1,6.470588235294E-1,
6.764705882353E-1,7.058823529412E-1,7.352941176471E-1,7.647058823529E-1,
7.941176470588E-1,8.235294117647E-1,8.529411764706E-1,8.823529411765E-1,
9.117647058824E-1,9.411764705882E-1,9.705882352941E-1,1.E0),.UNSPECIFIED.);
#2829=B_SPLINE_CURVE_WITH_KNOTS('',3,(#2805,#2806,#2807,#2808,#2809,#2810,#2811,
#2812,#2813,#2814,#2815,#2816,#2817,#2818,#2819,#2820,#2821,#2822,#2823,#2824,
#2825,#2826,#2827,#2828),.UNSPECIFIED.,.F.,.F.,(4,1,1,1,1,1,1,1,1,1,1,1,1,1,1,1,
1,1,1,1,1,4),(0.E0,4.761904761905E-2,9.523809523810E-2,1.428571428571E-1,
1.904761904762E-1,2.380952380952E-1,2.857142857143E-1,3.333333333333E-1,
3.809523809524E-1,4.285714285714E-1,4.761904761905E-1,5.238095238095E-1,
5.714285714286E-1,6.190476190476E-1,6.666666666667E-1,7.142857142857E-1,
7.619047619048E-1,8.095238095238E-1,8.571428571429E-1,9.047619047619E-1,
9.523809523810E-1,1.E0),.UNSPECIFIED.);
#2868=B_SPLINE_CURVE_WITH_KNOTS('',3,(#2834,#2835,#2836,#2837,#2838,#2839,#2840,
#2841,#2842,#2843,#2844,#2845,#2846,#2847,#2848,#2849,#2850,#2851,#2852,#2853,
#2854,#2855,#2856,#2857,#2858,#2859,#2860,#2861,#2862,#2863,#2864,#2865,#2866,
#2867),.UNSPECIFIED.,.F.,.F.,(4,1,1,1,1,1,1,1,1,1,1,1,1,1,1,1,1,1,1,1,1,1,1,1,1,
1,1,1,1,1,1,4),(0.E0,3.225806451613E-2,6.451612903226E-2,9.677419354839E-2,
1.290322580645E-1,1.612903225806E-1,1.935483870968E-1,2.258064516129E-1,
2.580645161290E-1,2.903225806452E-1,3.225806451613E-1,3.548387096774E-1,
3.870967741935E-1,4.193548387097E-1,4.516129032258E-1,4.838709677419E-1,
5.161290322581E-1,5.483870967742E-1,5.806451612903E-1,6.129032258065E-1,
6.451612903226E-1,6.774193548387E-1,7.096774193548E-1,7.419354838710E-1,
7.741935483871E-1,8.064516129032E-1,8.387096774194E-1,8.709677419355E-1,
9.032258064516E-1,9.354838709677E-1,9.677419354839E-1,1.E0),.UNSPECIFIED.);
#2895=B_SPLINE_CURVE_WITH_KNOTS('',3,(#2869,#2870,#2871,#2872,#2873,#2874,#2875,
#2876,#2877,#2878,#2879,#2880,#2881,#2882,#2883,#2884,#2885,#2886,#2887,#2888,
#2889,#2890,#2891,#2892,#2893,#2894),.UNSPECIFIED.,.F.,.F.,(4,1,1,1,1,1,1,1,1,1,
1,1,1,1,1,1,1,1,1,1,1,1,1,4),(0.E0,4.347826086957E-2,8.695652173913E-2,
1.304347826087E-1,1.739130434783E-1,2.173913043478E-1,2.608695652174E-1,
3.043478260870E-1,3.478260869565E-1,3.913043478261E-1,4.347826086957E-1,
4.782608695652E-1,5.217391304348E-1,5.652173913043E-1,6.086956521739E-1,
6.521739130435E-1,6.956521739130E-1,7.391304347826E-1,7.826086956522E-1,
8.260869565217E-1,8.695652173913E-1,9.130434782609E-1,9.565217391304E-1,1.E0),
.UNSPECIFIED.);
#2900=CIRCLE('',#2899,1.E-1);
#2905=CIRCLE('',#2904,1.5E1);
#2910=CIRCLE('',#2909,1.5E1);
#2937=B_SPLINE_CURVE_WITH_KNOTS('',3,(#2911,#2912,#2913,#2914,#2915,#2916,#2917,
#2918,#2919,#2920,#2921,#2922,#2923,#2924,#2925,#2926,#2927,#2928,#2929,#2930,
#2931,#2932,#2933,#2934,#2935,#2936),.UNSPECIFIED.,.F.,.F.,(4,1,1,1,1,1,1,1,1,1,
1,1,1,1,1,1,1,1,1,1,1,1,1,4),(0.E0,4.347826086957E-2,8.695652173913E-2,
1.304347826087E-1,1.739130434783E-1,2.173913043478E-1,2.608695652174E-1,
3.043478260870E-1,3.478260869565E-1,3.913043478261E-1,4.347826086957E-1,
4.782608695652E-1,5.217391304348E-1,5.652173913043E-1,6.086956521739E-1,
6.521739130435E-1,6.956521739130E-1,7.391304347826E-1,7.826086956522E-1,
8.260869565217E-1,8.695652173913E-1,9.130434782609E-1,9.565217391304E-1,1.E0),
.UNSPECIFIED.);
#2962=B_SPLINE_CURVE_WITH_KNOTS('',3,(#2938,#2939,#2940,#2941,#2942,#2943,#2944,
#2945,#2946,#2947,#2948,#2949,#2950,#2951,#2952,#2953,#2954,#2955,#2956,#2957,
#2958,#2959,#2960,#2961),.UNSPECIFIED.,.F.,.F.,(4,1,1,1,1,1,1,1,1,1,1,1,1,1,1,1,
1,1,1,1,1,4),(0.E0,4.761904761905E-2,9.523809523810E-2,1.428571428571E-1,
1.904761904762E-1,2.380952380952E-1,2.857142857143E-1,3.333333333333E-1,
3.809523809524E-1,4.285714285714E-1,4.761904761905E-1,5.238095238095E-1,
5.714285714286E-1,6.190476190476E-1,6.666666666667E-1,7.142857142857E-1,
7.619047619048E-1,8.095238095238E-1,8.571428571429E-1,9.047619047619E-1,
9.523809523810E-1,1.E0),.UNSPECIFIED.);
#2967=CIRCLE('',#2966,1.E-1);
#2972=CIRCLE('',#2971,1.E-1);
#2977=CIRCLE('',#2976,1.5E1);
#2986=CIRCLE('',#2985,1.5E1);
#2995=CIRCLE('',#2994,1.E-1);
#3000=CIRCLE('',#2999,1.49E1);
#3005=CIRCLE('',#3004,1.49E1);
#3010=CIRCLE('',#3009,1.01E1);
#3015=CIRCLE('',#3014,1.01E1);
#3020=CIRCLE('',#3019,1.E-1);
#3025=CIRCLE('',#3024,1.E-1);
#3030=CIRCLE('',#3029,1.E1);
#3039=CIRCLE('',#3038,1.E1);
#3048=CIRCLE('',#3047,1.E1);
#3053=CIRCLE('',#3052,1.E1);
#3058=CIRCLE('',#3057,1.E-1);
#3063=CIRCLE('',#3062,1.E-1);
#3068=CIRCLE('',#3067,1.95E1);
#3073=CIRCLE('',#3072,1.95E1);
#3078=CIRCLE('',#3077,1.01E1);
#3083=CIRCLE('',#3082,1.01E1);
#3088=CIRCLE('',#3087,5.E-1);
#3093=CIRCLE('',#3092,5.E-1);
#3098=CIRCLE('',#3097,2.E1);
#3103=CIRCLE('',#3102,2.E1);
#3129=B_SPLINE_CURVE_WITH_KNOTS('',3,(#3108,#3109,#3110,#3111,#3112,#3113,#3114,
#3115,#3116,#3117,#3118,#3119,#3120,#3121,#3122,#3123,#3124,#3125,#3126,#3127,
#3128),.UNSPECIFIED.,.F.,.F.,(4,1,1,1,1,1,1,1,1,1,1,1,1,1,1,1,1,1,4),(0.E0,
5.555555555556E-2,1.111111111111E-1,1.666666666667E-1,2.222222222222E-1,
2.777777777778E-1,3.333333333333E-1,3.888888888889E-1,4.444444444444E-1,5.E-1,
5.555555555556E-1,6.111111111111E-1,6.666666666667E-1,7.222222222222E-1,
7.777777777778E-1,8.333333333333E-1,8.888888888889E-1,9.444444444444E-1,1.E0),
.UNSPECIFIED.);
#3151=B_SPLINE_CURVE_WITH_KNOTS('',3,(#3130,#3131,#3132,#3133,#3134,#3135,#3136,
#3137,#3138,#3139,#3140,#3141,#3142,#3143,#3144,#3145,#3146,#3147,#3148,#3149,
#3150),.UNSPECIFIED.,.F.,.F.,(4,1,1,1,1,1,1,1,1,1,1,1,1,1,1,1,1,1,4),(0.E0,
5.555555555556E-2,1.111111111111E-1,1.666666666667E-1,2.222222222222E-1,
2.777777777778E-1,3.333333333333E-1,3.888888888889E-1,4.444444444444E-1,5.E-1,
5.555555555556E-1,6.111111111111E-1,6.666666666667E-1,7.222222222222E-1,
7.777777777778E-1,8.333333333333E-1,8.888888888889E-1,9.444444444444E-1,1.E0),
.UNSPECIFIED.);
#3156=CIRCLE('',#3155,2.E1);
#3161=CIRCLE('',#3160,2.E1);
#3170=CIRCLE('',#3169,3.000000000007E0);
#3192=B_SPLINE_CURVE_WITH_KNOTS('',3,(#3171,#3172,#3173,#3174,#3175,#3176,#3177,
#3178,#3179,#3180,#3181,#3182,#3183,#3184,#3185,#3186,#3187,#3188,#3189,#3190,
#3191),.UNSPECIFIED.,.F.,.F.,(4,1,1,1,1,1,1,1,1,1,1,1,1,1,1,1,1,1,4),(0.E0,
5.555555555556E-2,1.111111111111E-1,1.666666666667E-1,2.222222222222E-1,
2.777777777778E-1,3.333333333333E-1,3.888888888889E-1,4.444444444444E-1,5.E-1,
5.555555555556E-1,6.111111111111E-1,6.666666666667E-1,7.222222222222E-1,
7.777777777778E-1,8.333333333333E-1,8.888888888889E-1,9.444444444444E-1,1.E0),
.UNSPECIFIED.);
#3218=B_SPLINE_CURVE_WITH_KNOTS('',3,(#3197,#3198,#3199,#3200,#3201,#3202,#3203,
#3204,#3205,#3206,#3207,#3208,#3209,#3210,#3211,#3212,#3213,#3214,#3215,#3216,
#3217),.UNSPECIFIED.,.F.,.F.,(4,1,1,1,1,1,1,1,1,1,1,1,1,1,1,1,1,1,4),(0.E0,
5.555555555556E-2,1.111111111111E-1,1.666666666667E-1,2.222222222222E-1,
2.777777777778E-1,3.333333333333E-1,3.888888888889E-1,4.444444444444E-1,5.E-1,
5.555555555556E-1,6.111111111111E-1,6.666666666667E-1,7.222222222222E-1,
7.777777777778E-1,8.333333333333E-1,8.888888888889E-1,9.444444444444E-1,1.E0),
.UNSPECIFIED.);
#3223=CIRCLE('',#3222,2.999999999990E0);
#3228=CIRCLE('',#3227,2.999999999990E0);
#3250=B_SPLINE_CURVE_WITH_KNOTS('',3,(#3229,#3230,#3231,#3232,#3233,#3234,#3235,
#3236,#3237,#3238,#3239,#3240,#3241,#3242,#3243,#3244,#3245,#3246,#3247,#3248,
#3249),.UNSPECIFIED.,.F.,.F.,(4,1,1,1,1,1,1,1,1,1,1,1,1,1,1,1,1,1,4),(0.E0,
5.555555555556E-2,1.111111111111E-1,1.666666666667E-1,2.222222222222E-1,
2.777777777778E-1,3.333333333333E-1,3.888888888889E-1,4.444444444444E-1,5.E-1,
5.555555555556E-1,6.111111111111E-1,6.666666666667E-1,7.222222222222E-1,
7.777777777778E-1,8.333333333333E-1,8.888888888889E-1,9.444444444444E-1,1.E0),
.UNSPECIFIED.);
#3276=B_SPLINE_CURVE_WITH_KNOTS('',3,(#3255,#3256,#3257,#3258,#3259,#3260,#3261,
#3262,#3263,#3264,#3265,#3266,#3267,#3268,#3269,#3270,#3271,#3272,#3273,#3274,
#3275),.UNSPECIFIED.,.F.,.F.,(4,1,1,1,1,1,1,1,1,1,1,1,1,1,1,1,1,1,4),(0.E0,
5.555555555556E-2,1.111111111111E-1,1.666666666667E-1,2.222222222222E-1,
2.777777777778E-1,3.333333333333E-1,3.888888888889E-1,4.444444444444E-1,5.E-1,
5.555555555556E-1,6.111111111111E-1,6.666666666667E-1,7.222222222222E-1,
7.777777777778E-1,8.333333333333E-1,8.888888888889E-1,9.444444444444E-1,1.E0),
.UNSPECIFIED.);
#3281=CIRCLE('',#3280,3.000000000007E0);
#3286=CIRCLE('',#3285,5.E-1);
#3291=CIRCLE('',#3290,1.95E1);
#3296=CIRCLE('',#3295,1.95E1);
#3301=CIRCLE('',#3300,5.1E0);
#3306=CIRCLE('',#3305,5.1E0);
#3311=CIRCLE('',#3310,5.E-1);
#3316=CIRCLE('',#3315,1.E-1);
#3321=CIRCLE('',#3320,1.E-1);
#3326=CIRCLE('',#3325,5.E0);
#3335=CIRCLE('',#3334,5.E0);
#3344=CIRCLE('',#3343,1.E-1);
#3349=CIRCLE('',#3348,5.05E0);
#3362=CIRCLE('',#3361,5.05E0);
#3367=CIRCLE('',#3366,1.E-1);
#3372=CIRCLE('',#3371,5.E0);
#3377=CIRCLE('',#3376,5.E0);
#3382=CIRCLE('',#3381,8.E0);
#3387=CIRCLE('',#3386,8.E0);
#3392=CIRCLE('',#3391,1.49E1);
#3397=CIRCLE('',#3396,1.49E1);
#3402=CIRCLE('',#3401,1.E-1);
#3407=CIRCLE('',#3406,1.E-1);
#3412=CIRCLE('',#3411,1.E-1);
#3417=CIRCLE('',#3416,1.E-1);
#3422=CIRCLE('',#3421,5.25E0);
#3427=CIRCLE('',#3426,5.25E0);
#3436=CIRCLE('',#3435,5.25E0);
#3441=CIRCLE('',#3440,5.25E0);
#3450=CIRCLE('',#3449,1.E-1);
#3455=CIRCLE('',#3454,1.E-1);
#3460=CIRCLE('',#3459,1.E-1);
#3465=CIRCLE('',#3464,1.E-1);
#3470=CIRCLE('',#3469,5.25E0);
#3479=CIRCLE('',#3478,5.25E0);
#3484=CIRCLE('',#3483,1.E-1);
#3489=CIRCLE('',#3488,1.E-1);
#3494=CIRCLE('',#3493,5.25E0);
#3503=CIRCLE('',#3502,5.25E0);
#3508=CIRCLE('',#3507,1.E-1);
#3513=CIRCLE('',#3512,1.E-1);
#3518=CIRCLE('',#3517,5.25E0);
#3527=CIRCLE('',#3526,5.25E0);
#3532=CIRCLE('',#3531,1.E-1);
#3537=CIRCLE('',#3536,1.E-1);
#3542=CIRCLE('',#3541,5.25E0);
#3551=CIRCLE('',#3550,5.25E0);
#3556=CIRCLE('',#3555,1.E-1);
#3561=CIRCLE('',#3560,1.E-1);
#3566=CIRCLE('',#3565,5.25E0);
#3575=CIRCLE('',#3574,5.25E0);
#3580=CIRCLE('',#3579,1.E-1);
#3585=CIRCLE('',#3584,1.E-1);
#3590=CIRCLE('',#3589,5.25E0);
#3599=CIRCLE('',#3598,5.25E0);
#3604=CIRCLE('',#3603,3.E0);
#3609=CIRCLE('',#3608,3.E0);
#3614=CIRCLE('',#3613,2.3E1);
#3619=CIRCLE('',#3618,2.3E1);
#3624=CIRCLE('',#3623,5.E-1);
#3629=CIRCLE('',#3628,5.E-1);
#3634=CIRCLE('',#3633,2.3E1);
#3643=CIRCLE('',#3642,2.3E1);
#3652=CIRCLE('',#3651,2.25E1);
#3657=CIRCLE('',#3656,2.25E1);
#3662=CIRCLE('',#3661,1.947423856868E1);
#3667=CIRCLE('',#3666,1.947423856868E1);
#3672=CIRCLE('',#3671,1.E-1);
#3677=CIRCLE('',#3676,1.E-1);
#3682=CIRCLE('',#3681,1.937423856868E1);
#3687=CIRCLE('',#3686,1.937423856868E1);
#3692=CIRCLE('',#3691,1.E-1);
#3697=CIRCLE('',#3696,1.E-1);
#3702=CIRCLE('',#3701,1.937423856868E1);
#3711=CIRCLE('',#3710,1.937423856868E1);
#3720=CIRCLE('',#3719,2.0455E1);
#3725=CIRCLE('',#3724,2.0455E1);
#3730=CIRCLE('',#3729,1.947423856868E1);
#3735=CIRCLE('',#3734,1.947423856868E1);
#3740=CIRCLE('',#3739,5.E-1);
#3745=CIRCLE('',#3744,5.E-1);
#3750=CIRCLE('',#3749,2.0955E1);
#3759=CIRCLE('',#3758,2.0955E1);
#3768=CIRCLE('',#3767,1.E-1);
#3773=CIRCLE('',#3772,1.E-1);
#3778=CIRCLE('',#3777,2.0955E1);
#3783=CIRCLE('',#3782,2.0955E1);
#3788=CIRCLE('',#3787,2.092571067812E1);
#3793=CIRCLE('',#3792,1.898428932188E1);
#3802=CIRCLE('',#3801,2.092571067812E1);
#3807=CIRCLE('',#3806,1.898428932188E1);
#3816=CIRCLE('',#3815,1.E-1);
#3821=CIRCLE('',#3820,1.E-1);
#3826=CIRCLE('',#3825,1.E-1);
#3831=CIRCLE('',#3830,1.E-1);
#3836=CIRCLE('',#3835,1.E-1);
#3841=CIRCLE('',#3840,1.45E1);
#3846=CIRCLE('',#3845,1.45E1);
#3851=CIRCLE('',#3850,1.E-1);
#3874=B_SPLINE_CURVE_WITH_KNOTS('',3,(#3856,#3857,#3858,#3859,#3860,#3861,#3862,
#3863,#3864,#3865,#3866,#3867,#3868,#3869,#3870,#3871,#3872,#3873),
.UNSPECIFIED.,.F.,.F.,(4,1,1,1,1,1,1,1,1,1,1,1,1,1,1,4),(0.E0,6.666666666667E-2,
1.333333333333E-1,2.E-1,2.666666666667E-1,3.333333333333E-1,4.E-1,
4.666666666667E-1,5.333333333333E-1,6.E-1,6.666666666667E-1,7.333333333333E-1,
8.E-1,8.666666666667E-1,9.333333333333E-1,1.E0),.UNSPECIFIED.);
#3894=B_SPLINE_CURVE_WITH_KNOTS('',3,(#3875,#3876,#3877,#3878,#3879,#3880,#3881,
#3882,#3883,#3884,#3885,#3886,#3887,#3888,#3889,#3890,#3891,#3892,#3893),
.UNSPECIFIED.,.F.,.F.,(4,1,1,1,1,1,1,1,1,1,1,1,1,1,1,1,4),(0.E0,6.25E-2,1.25E-1,
1.875E-1,2.5E-1,3.125E-1,3.75E-1,4.375E-1,5.E-1,5.625E-1,6.25E-1,6.875E-1,
7.5E-1,8.125E-1,8.75E-1,9.375E-1,1.E0),.UNSPECIFIED.);
#3899=CIRCLE('',#3898,1.E-1);
#3904=CIRCLE('',#3903,1.5E1);
#3909=CIRCLE('',#3908,1.5E1);
#4443=EDGE_CURVE('',#4376,#4377,#16,.T.);
#4445=EDGE_CURVE('',#4377,#4376,#21,.T.);
#4449=EDGE_CURVE('',#4172,#4173,#6,.T.);
#4451=EDGE_CURVE('',#4173,#4172,#11,.T.);
#4462=EDGE_CURVE('',#4173,#4177,#31,.T.);
#4464=EDGE_CURVE('',#4176,#4177,#3909,.T.);
#4466=EDGE_CURVE('',#4172,#4176,#26,.T.);
#4478=EDGE_CURVE('',#4177,#4176,#45,.T.);
#4489=EDGE_CURVE('',#4144,#4145,#36,.T.);
#4491=EDGE_CURVE('',#4177,#4145,#40,.T.);
#4494=EDGE_CURVE('',#4176,#4144,#49,.T.);
#4504=EDGE_CURVE('',#4140,#4141,#69,.T.);
#4506=EDGE_CURVE('',#4141,#4145,#3899,.T.);
#4509=EDGE_CURVE('',#4140,#4144,#54,.T.);
#4519=EDGE_CURVE('',#4068,#4069,#59,.T.);
#4521=EDGE_CURVE('',#4069,#4068,#64,.T.);
#4526=EDGE_CURVE('',#4141,#4140,#74,.T.);
#4536=EDGE_CURVE('',#4064,#4065,#93,.T.);
#4538=EDGE_CURVE('',#4064,#4068,#79,.T.);
#4541=EDGE_CURVE('',#4065,#4069,#1155,.T.);
#4551=EDGE_CURVE('',#4152,#4153,#84,.T.);
#4553=EDGE_CURVE('',#4064,#4153,#88,.T.);
#4556=EDGE_CURVE('',#4065,#4152,#97,.T.);
#4566=EDGE_CURVE('',#4148,#4149,#144,.T.);
#4568=EDGE_CURVE('',#4149,#4153,#1140,.T.);
#4571=EDGE_CURVE('',#4148,#4152,#102,.T.);
#4605=EDGE_CURVE('',#4393,#4390,#134,.T.);
#4607=EDGE_CURVE('',#4149,#4390,#139,.T.);
#4610=EDGE_CURVE('',#4148,#3956,#149,.T.);
#4612=EDGE_CURVE('',#3956,#4403,#169,.T.);
#4614=EDGE_CURVE('',#4403,#4405,#181,.T.);
#4616=EDGE_CURVE('',#4393,#4405,#188,.T.);
#4650=EDGE_CURVE('',#4422,#4419,#220,.T.);
#4652=EDGE_CURVE('',#4419,#4160,#225,.T.);
#4654=EDGE_CURVE('',#4160,#4161,#230,.T.);
#4656=EDGE_CURVE('',#4110,#4161,#235,.T.);
#4658=EDGE_CURVE('',#4111,#4110,#273,.T.);
#4660=EDGE_CURVE('',#3952,#4111,#278,.T.);
#4662=EDGE_CURVE('',#3952,#4424,#298,.T.);
#4664=EDGE_CURVE('',#4424,#4427,#313,.T.);
#4666=EDGE_CURVE('',#4422,#4427,#320,.T.);
#4800=EDGE_CURVE('',#4384,#4392,#386,.T.);
#4802=EDGE_CURVE('',#4390,#4392,#1125,.T.);
#4805=EDGE_CURVE('',#4393,#4384,#325,.T.);
#4815=EDGE_CURVE('',#4384,#4385,#329,.T.);
#4817=EDGE_CURVE('',#4392,#4385,#354,.T.);
#4829=EDGE_CURVE('',#4384,#4388,#396,.T.);
#4831=EDGE_CURVE('',#4388,#4389,#471,.T.);
#4833=EDGE_CURVE('',#4389,#4385,#1135,.T.);
#4872=EDGE_CURVE('',#4388,#4405,#391,.T.);
#4929=EDGE_CURVE('',#4403,#4404,#401,.T.);
#4931=EDGE_CURVE('',#4404,#4388,#483,.T.);
#5014=EDGE_CURVE('',#4400,#4403,#424,.T.);
#5016=EDGE_CURVE('',#4400,#4402,#406,.T.);
#5018=EDGE_CURVE('',#4402,#4404,#501,.T.);
#5107=EDGE_CURVE('',#3956,#3957,#429,.T.);
#5109=EDGE_CURVE('',#3957,#4400,#3874,.T.);
#5199=EDGE_CURVE('',#4396,#4397,#447,.T.);
#5201=EDGE_CURVE('',#4397,#3957,#3894,.T.);
#5204=EDGE_CURVE('',#4396,#3956,#1006,.T.);
#5287=EDGE_CURVE('',#4396,#4394,#452,.T.);
#5289=EDGE_CURVE('',#4394,#4398,#523,.T.);
#5291=EDGE_CURVE('',#4397,#4398,#3851,.T.);
#5349=EDGE_CURVE('',#4389,#4394,#536,.T.);
#5352=EDGE_CURVE('',#4395,#4396,#985,.T.);
#5354=EDGE_CURVE('',#4395,#4389,#457,.T.);
#5367=EDGE_CURVE('',#4398,#4402,#505,.T.);
#5373=EDGE_CURVE('',#4268,#4269,#462,.T.);
#5375=EDGE_CURVE('',#4269,#4268,#467,.T.);
#5386=EDGE_CURVE('',#4269,#4273,#546,.T.);
#5388=EDGE_CURVE('',#4272,#4273,#3846,.T.);
#5390=EDGE_CURVE('',#4268,#4272,#541,.T.);
#5402=EDGE_CURVE('',#4273,#4272,#560,.T.);
#5413=EDGE_CURVE('',#4264,#4265,#551,.T.);
#5415=EDGE_CURVE('',#4273,#4265,#555,.T.);
#5418=EDGE_CURVE('',#4272,#4264,#564,.T.);
#5428=EDGE_CURVE('',#4260,#4261,#584,.T.);
#5430=EDGE_CURVE('',#4261,#4265,#3836,.T.);
#5433=EDGE_CURVE('',#4260,#4264,#569,.T.);
#5443=EDGE_CURVE('',#4184,#4185,#574,.T.);
#5445=EDGE_CURVE('',#4185,#4184,#579,.T.);
#5450=EDGE_CURVE('',#4261,#4260,#589,.T.);
#5460=EDGE_CURVE('',#4180,#4181,#622,.T.);
#5462=EDGE_CURVE('',#4180,#4184,#594,.T.);
#5465=EDGE_CURVE('',#4181,#4185,#787,.T.);
#5475=EDGE_CURVE('',#4430,#4431,#599,.T.);
#5477=EDGE_CURVE('',#4434,#4430,#613,.T.);
#5479=EDGE_CURVE('',#4180,#4434,#617,.T.);
#5482=EDGE_CURVE('',#4181,#4431,#626,.T.);
#5492=EDGE_CURVE('',#4435,#4437,#631,.T.);
#5494=EDGE_CURVE('',#4430,#4437,#636,.T.);
#5497=EDGE_CURVE('',#4431,#4433,#763,.T.);
#5499=EDGE_CURVE('',#4433,#4435,#758,.T.);
#5510=EDGE_CURVE('',#4417,#4435,#640,.T.);
#5512=EDGE_CURVE('',#4416,#4417,#658,.T.);
#5514=EDGE_CURVE('',#4413,#4416,#671,.T.);
#5516=EDGE_CURVE('',#4412,#4413,#675,.T.);
#5518=EDGE_CURVE('',#4426,#4412,#690,.T.);
#5520=EDGE_CURVE('',#4425,#4426,#708,.T.);
#5522=EDGE_CURVE('',#4437,#4425,#712,.T.);
#5532=EDGE_CURVE('',#4435,#4436,#726,.T.);
#5534=EDGE_CURVE('',#4436,#4415,#730,.T.);
#5536=EDGE_CURVE('',#4415,#4417,#735,.T.);
#5547=EDGE_CURVE('',#4436,#4437,#749,.T.);
#5550=EDGE_CURVE('',#4423,#4425,#859,.T.);
#5552=EDGE_CURVE('',#4423,#4436,#753,.T.);
#5618=EDGE_CURVE('',#4433,#4434,#782,.T.);
#5620=EDGE_CURVE('',#4434,#4436,#792,.T.);
#5634=EDGE_CURVE('',#4181,#4180,#768,.T.);
#5727=EDGE_CURVE('',#3953,#4423,#811,.T.);
#5729=EDGE_CURVE('',#4415,#3953,#831,.T.);
#5816=EDGE_CURVE('',#4423,#4424,#849,.T.);
#5819=EDGE_CURVE('',#3952,#3953,#854,.T.);
#5905=EDGE_CURVE('',#4424,#4426,#864,.T.);
#5974=EDGE_CURVE('',#4412,#4427,#869,.T.);
#6014=EDGE_CURVE('',#4408,#4412,#874,.T.);
#6016=EDGE_CURVE('',#4422,#4408,#3831,.T.);
#6026=EDGE_CURVE('',#4408,#4409,#878,.T.);
#6030=EDGE_CURVE('',#4413,#4409,#1193,.T.);
#6041=EDGE_CURVE('',#4421,#4409,#903,.T.);
#6043=EDGE_CURVE('',#4408,#4421,#935,.T.);
#6149=EDGE_CURVE('',#4419,#4420,#1113,.T.);
#6151=EDGE_CURVE('',#4419,#4421,#940,.T.);
#6154=EDGE_CURVE('',#4409,#4420,#1188,.T.);
#6188=EDGE_CURVE('',#4390,#4391,#965,.T.);
#6190=EDGE_CURVE('',#4395,#4391,#972,.T.);
#6195=EDGE_CURVE('',#4149,#4148,#1011,.T.);
#6230=EDGE_CURVE('',#4418,#4414,#1024,.T.);
#6232=EDGE_CURVE('',#4414,#3952,#1045,.T.);
#6235=EDGE_CURVE('',#4110,#4111,#1083,.T.);
#6238=EDGE_CURVE('',#4161,#4160,#1088,.T.);
#6242=EDGE_CURVE('',#4418,#4420,#1120,.T.);
#6351=EDGE_CURVE('',#4385,#4391,#1130,.T.);
#6403=EDGE_CURVE('',#4153,#4152,#1145,.T.);
#6416=EDGE_CURVE('',#4065,#4064,#1150,.T.);
#6488=EDGE_CURVE('',#4414,#4416,#1165,.T.);
#6491=EDGE_CURVE('',#4418,#4413,#1160,.T.);
#6573=EDGE_CURVE('',#4414,#4415,#1183,.T.);
#6871=EDGE_CURVE('',#4111,#4113,#1203,.T.);
#6873=EDGE_CURVE('',#4112,#4113,#1385,.T.);
#6875=EDGE_CURVE('',#4110,#4112,#1198,.T.);
#7039=EDGE_CURVE('',#4113,#4112,#1282,.T.);
#7050=EDGE_CURVE('',#4275,#4274,#1240,.T.);
#7052=EDGE_CURVE('',#4113,#4275,#1244,.T.);
#7055=EDGE_CURVE('',#4112,#4029,#1286,.T.);
#7057=EDGE_CURVE('',#4028,#4029,#1291,.T.);
#7059=EDGE_CURVE('',#4274,#4028,#1295,.T.);
#7218=EDGE_CURVE('',#4274,#4276,#1305,.T.);
#7220=EDGE_CURVE('',#4277,#4276,#2120,.T.);
#7222=EDGE_CURVE('',#4275,#4277,#1300,.T.);
#7380=EDGE_CURVE('',#4274,#4275,#1342,.T.);
#7383=EDGE_CURVE('',#4276,#4277,#2162,.T.);
#7396=EDGE_CURVE('',#4029,#4028,#1347,.T.);
#7409=EDGE_CURVE('',#4025,#4024,#1400,.T.);
#7411=EDGE_CURVE('',#4025,#4029,#1390,.T.);
#7414=EDGE_CURVE('',#4024,#4028,#1415,.T.);
#7424=EDGE_CURVE('',#4024,#4025,#1395,.T.);
#7429=EDGE_CURVE('',#4092,#4093,#1405,.T.);
#7431=EDGE_CURVE('',#4093,#4092,#1410,.T.);
#7453=EDGE_CURVE('',#4088,#4089,#1425,.T.);
#7455=EDGE_CURVE('',#4089,#4093,#1453,.T.);
#7458=EDGE_CURVE('',#4088,#4092,#1420,.T.);
#7469=EDGE_CURVE('',#4088,#4100,#1429,.T.);
#7471=EDGE_CURVE('',#4100,#4101,#1434,.T.);
#7473=EDGE_CURVE('',#4101,#4089,#1438,.T.);
#7483=EDGE_CURVE('',#4089,#4088,#1443,.T.);
#7486=EDGE_CURVE('',#4101,#4100,#1448,.T.);
#7509=EDGE_CURVE('',#4097,#4096,#1478,.T.);
#7511=EDGE_CURVE('',#4096,#4100,#3826,.T.);
#7514=EDGE_CURVE('',#4097,#4101,#1458,.T.);
#7524=EDGE_CURVE('',#4036,#4037,#1463,.T.);
#7526=EDGE_CURVE('',#4037,#4036,#1468,.T.);
#7530=EDGE_CURVE('',#4096,#4097,#1473,.T.);
#7541=EDGE_CURVE('',#4032,#4033,#1497,.T.);
#7543=EDGE_CURVE('',#4032,#4036,#1483,.T.);
#7546=EDGE_CURVE('',#4033,#4037,#1546,.T.);
#7556=EDGE_CURVE('',#4109,#4108,#1488,.T.);
#7558=EDGE_CURVE('',#4032,#4108,#1492,.T.);
#7561=EDGE_CURVE('',#4033,#4109,#1501,.T.);
#7571=EDGE_CURVE('',#4105,#4104,#1516,.T.);
#7573=EDGE_CURVE('',#4104,#4108,#1531,.T.);
#7576=EDGE_CURVE('',#4105,#4109,#1506,.T.);
#7586=EDGE_CURVE('',#4336,#4337,#1521,.T.);
#7588=EDGE_CURVE('',#4337,#4336,#1526,.T.);
#7592=EDGE_CURVE('',#4104,#4105,#1511,.T.);
#7605=EDGE_CURVE('',#4108,#4109,#1536,.T.);
#7618=EDGE_CURVE('',#4033,#4032,#1541,.T.);
#7642=EDGE_CURVE('',#4337,#4341,#1556,.T.);
#7644=EDGE_CURVE('',#4340,#4341,#1575,.T.);
#7646=EDGE_CURVE('',#4336,#4340,#1551,.T.);
#7658=EDGE_CURVE('',#4341,#4340,#1561,.T.);
#7670=EDGE_CURVE('',#4340,#4349,#1584,.T.);
#7672=EDGE_CURVE('',#4349,#4348,#1566,.T.);
#7674=EDGE_CURVE('',#4341,#4348,#1570,.T.);
#7686=EDGE_CURVE('',#4348,#4349,#1580,.T.);
#7697=EDGE_CURVE('',#4344,#4345,#1603,.T.);
#7699=EDGE_CURVE('',#4345,#4349,#1632,.T.);
#7702=EDGE_CURVE('',#4344,#4348,#1589,.T.);
#7712=EDGE_CURVE('',#4328,#4329,#1594,.T.);
#7714=EDGE_CURVE('',#4328,#4345,#1598,.T.);
#7717=EDGE_CURVE('',#4329,#4344,#1607,.T.);
#7728=EDGE_CURVE('',#4329,#4333,#1617,.T.);
#7730=EDGE_CURVE('',#4332,#4333,#1647,.T.);
#7732=EDGE_CURVE('',#4328,#4332,#1612,.T.);
#7742=EDGE_CURVE('',#4329,#4328,#1622,.T.);
#7745=EDGE_CURVE('',#4333,#4332,#1637,.T.);
#7758=EDGE_CURVE('',#4345,#4344,#1627,.T.);
#7782=EDGE_CURVE('',#4332,#3917,#1642,.T.);
#7784=EDGE_CURVE('',#3917,#3916,#1736,.T.);
#7786=EDGE_CURVE('',#4333,#3916,#1652,.T.);
#7798=EDGE_CURVE('',#3916,#3917,#1657,.T.);
#7810=EDGE_CURVE('',#3933,#3916,#1661,.T.);
#7812=EDGE_CURVE('',#3932,#3933,#1693,.T.);
#7814=EDGE_CURVE('',#3932,#3926,#1697,.T.);
#7816=EDGE_CURVE('',#3926,#3927,#1727,.T.);
#7818=EDGE_CURVE('',#3927,#3917,#1731,.T.);
#7830=EDGE_CURVE('',#3927,#3926,#1767,.T.);
#7833=EDGE_CURVE('',#3933,#3932,#1799,.T.);
#7969=EDGE_CURVE('',#3927,#3929,#1804,.T.);
#7971=EDGE_CURVE('',#3929,#3928,#1914,.T.);
#7973=EDGE_CURVE('',#3926,#3928,#1809,.T.);
#8105=EDGE_CURVE('',#3928,#3929,#1844,.T.);
#8116=EDGE_CURVE('',#3924,#3925,#1814,.T.);
#8118=EDGE_CURVE('',#3929,#3924,#1918,.T.);
#8121=EDGE_CURVE('',#3928,#3925,#1883,.T.);
#8131=EDGE_CURVE('',#3920,#3921,#1854,.T.);
#8133=EDGE_CURVE('',#3920,#3924,#1849,.T.);
#8136=EDGE_CURVE('',#3921,#3925,#1874,.T.);
#8146=EDGE_CURVE('',#4136,#4137,#1864,.T.);
#8148=EDGE_CURVE('',#4137,#4136,#1869,.T.);
#8153=EDGE_CURVE('',#3921,#3920,#1859,.T.);
#8165=EDGE_CURVE('',#3925,#3924,#1879,.T.);
#8188=EDGE_CURVE('',#4132,#4133,#1937,.T.);
#8190=EDGE_CURVE('',#4133,#4137,#1966,.T.);
#8193=EDGE_CURVE('',#4132,#4136,#1923,.T.);
#8203=EDGE_CURVE('',#4361,#4360,#1928,.T.);
#8205=EDGE_CURVE('',#4133,#4361,#1932,.T.);
#8208=EDGE_CURVE('',#4132,#4360,#1941,.T.);
#8219=EDGE_CURVE('',#4360,#4364,#1951,.T.);
#8221=EDGE_CURVE('',#4365,#4364,#2190,.T.);
#8223=EDGE_CURVE('',#4361,#4365,#1946,.T.);
#8233=EDGE_CURVE('',#4360,#4361,#1956,.T.);
#8236=EDGE_CURVE('',#4364,#4365,#1976,.T.);
#8249=EDGE_CURVE('',#4133,#4132,#1961,.T.);
#8272=EDGE_CURVE('',#4356,#4357,#1971,.T.);
#8274=EDGE_CURVE('',#4357,#4364,#2194,.T.);
#8277=EDGE_CURVE('',#4356,#4365,#1980,.T.);
#8287=EDGE_CURVE('',#4352,#4353,#2000,.T.);
#8289=EDGE_CURVE('',#4353,#4357,#2180,.T.);
#8292=EDGE_CURVE('',#4352,#4356,#1985,.T.);
#8303=EDGE_CURVE('',#4353,#4352,#2005,.T.);
#8307=EDGE_CURVE('',#4124,#4125,#1990,.T.);
#8309=EDGE_CURVE('',#4125,#4124,#1995,.T.);
#8320=EDGE_CURVE('',#4125,#4129,#2015,.T.);
#8322=EDGE_CURVE('',#4128,#4129,#2038,.T.);
#8324=EDGE_CURVE('',#4124,#4128,#2010,.T.);
#8336=EDGE_CURVE('',#4129,#4128,#2020,.T.);
#8348=EDGE_CURVE('',#4040,#4128,#2024,.T.);
#8350=EDGE_CURVE('',#4040,#4041,#2029,.T.);
#8352=EDGE_CURVE('',#4041,#4129,#2033,.T.);
#8364=EDGE_CURVE('',#4041,#4040,#2043,.T.);
#8376=EDGE_CURVE('',#4041,#4045,#2048,.T.);
#8378=EDGE_CURVE('',#4045,#4044,#2063,.T.);
#8380=EDGE_CURVE('',#4040,#4044,#2053,.T.);
#8392=EDGE_CURVE('',#4044,#4045,#2058,.T.);
#8407=EDGE_CURVE('',#4116,#4117,#2068,.T.);
#8409=EDGE_CURVE('',#4117,#4116,#2073,.T.);
#8420=EDGE_CURVE('',#4117,#4121,#2083,.T.);
#8422=EDGE_CURVE('',#4120,#4121,#2171,.T.);
#8424=EDGE_CURVE('',#4116,#4120,#2078,.T.);
#8436=EDGE_CURVE('',#4121,#4120,#2125,.T.);
#8448=EDGE_CURVE('',#4276,#4121,#2175,.T.);
#8451=EDGE_CURVE('',#4277,#4120,#2166,.T.);
#8475=EDGE_CURVE('',#4357,#4356,#2185,.T.);
#8626=EDGE_CURVE('',#3931,#3930,#2231,.T.);
#8628=EDGE_CURVE('',#3931,#3933,#2199,.T.);
#8631=EDGE_CURVE('',#3930,#3932,#2303,.T.);
#8666=EDGE_CURVE('',#3947,#3930,#2298,.T.);
#8668=EDGE_CURVE('',#3947,#3959,#2236,.T.);
#8670=EDGE_CURVE('',#3959,#3973,#2288,.T.);
#8672=EDGE_CURVE('',#3949,#3973,#2241,.T.);
#8674=EDGE_CURVE('',#3931,#3949,#2278,.T.);
#8708=EDGE_CURVE('',#3930,#3931,#2273,.T.);
#8711=EDGE_CURVE('',#3973,#3949,#2283,.T.);
#8714=EDGE_CURVE('',#3959,#3947,#2293,.T.);
#8865=EDGE_CURVE('',#3943,#3945,#2322,.T.);
#8867=EDGE_CURVE('',#3943,#3973,#2308,.T.);
#8870=EDGE_CURVE('',#3945,#3949,#2455,.T.);
#8880=EDGE_CURVE('',#3940,#3941,#2313,.T.);
#8882=EDGE_CURVE('',#3943,#3940,#2317,.T.);
#8885=EDGE_CURVE('',#3945,#3941,#2326,.T.);
#8889=EDGE_CURVE('',#3964,#3965,#2348,.T.);
#8891=EDGE_CURVE('',#3965,#3964,#2370,.T.);
#8901=EDGE_CURVE('',#3936,#3937,#2380,.T.);
#8903=EDGE_CURVE('',#3936,#3940,#2375,.T.);
#8906=EDGE_CURVE('',#3937,#3941,#2440,.T.);
#8916=EDGE_CURVE('',#3996,#3997,#2390,.T.);
#8918=EDGE_CURVE('',#3997,#3996,#2395,.T.);
#8923=EDGE_CURVE('',#3937,#3936,#2385,.T.);
#8927=EDGE_CURVE('',#4212,#4213,#2400,.T.);
#8929=EDGE_CURVE('',#4213,#4212,#2405,.T.);
#8933=EDGE_CURVE('',#4228,#4229,#2410,.T.);
#8935=EDGE_CURVE('',#4229,#4228,#2415,.T.);
#8939=EDGE_CURVE('',#4244,#4245,#2420,.T.);
#8941=EDGE_CURVE('',#4245,#4244,#2425,.T.);
#8945=EDGE_CURVE('',#4320,#4321,#2430,.T.);
#8947=EDGE_CURVE('',#4321,#4320,#2435,.T.);
#8959=EDGE_CURVE('',#3941,#3940,#2445,.T.);
#8972=EDGE_CURVE('',#3945,#3943,#2450,.T.);
#8995=EDGE_CURVE('',#3992,#3993,#2465,.T.);
#8997=EDGE_CURVE('',#3993,#3997,#2493,.T.);
#9000=EDGE_CURVE('',#3992,#3996,#2460,.T.);
#9011=EDGE_CURVE('',#3992,#4004,#2488,.T.);
#9013=EDGE_CURVE('',#4004,#4005,#2470,.T.);
#9015=EDGE_CURVE('',#3993,#4005,#2479,.T.);
#9025=EDGE_CURVE('',#3993,#3992,#2475,.T.);
#9028=EDGE_CURVE('',#4005,#4004,#2484,.T.);
#9051=EDGE_CURVE('',#4001,#4000,#2508,.T.);
#9053=EDGE_CURVE('',#4000,#4004,#2563,.T.);
#9056=EDGE_CURVE('',#4001,#4005,#2498,.T.);
#9066=EDGE_CURVE('',#4000,#4001,#2503,.T.);
#9071=EDGE_CURVE('',#4080,#4081,#2513,.T.);
#9073=EDGE_CURVE('',#4081,#4080,#2518,.T.);
#9077=EDGE_CURVE('',#4204,#4205,#2523,.T.);
#9079=EDGE_CURVE('',#4205,#4204,#2528,.T.);
#9083=EDGE_CURVE('',#4220,#4221,#2533,.T.);
#9085=EDGE_CURVE('',#4221,#4220,#2538,.T.);
#9089=EDGE_CURVE('',#4236,#4237,#2543,.T.);
#9091=EDGE_CURVE('',#4237,#4236,#2548,.T.);
#9095=EDGE_CURVE('',#4252,#4253,#2553,.T.);
#9097=EDGE_CURVE('',#4253,#4252,#2558,.T.);
#9120=EDGE_CURVE('',#4081,#4085,#2573,.T.);
#9122=EDGE_CURVE('',#4084,#4085,#2596,.T.);
#9124=EDGE_CURVE('',#4080,#4084,#2568,.T.);
#9136=EDGE_CURVE('',#4085,#4084,#2578,.T.);
#9148=EDGE_CURVE('',#4072,#4084,#2582,.T.);
#9150=EDGE_CURVE('',#4072,#4073,#2587,.T.);
#9152=EDGE_CURVE('',#4073,#4085,#2591,.T.);
#9164=EDGE_CURVE('',#4073,#4072,#2601,.T.);
#9176=EDGE_CURVE('',#4073,#4077,#2606,.T.);
#9178=EDGE_CURVE('',#4077,#4076,#2621,.T.);
#9180=EDGE_CURVE('',#4072,#4076,#2611,.T.);
#9192=EDGE_CURVE('',#4076,#4077,#2616,.T.);
#9207=EDGE_CURVE('',#4164,#4165,#2626,.T.);
#9209=EDGE_CURVE('',#4165,#4164,#2631,.T.);
#9220=EDGE_CURVE('',#4165,#4169,#2641,.T.);
#9222=EDGE_CURVE('',#4168,#4169,#2675,.T.);
#9224=EDGE_CURVE('',#4164,#4168,#2636,.T.);
#9236=EDGE_CURVE('',#4169,#4168,#2651,.T.);
#9247=EDGE_CURVE('',#4157,#4156,#2646,.T.);
#9249=EDGE_CURVE('',#4157,#4169,#2679,.T.);
#9252=EDGE_CURVE('',#4156,#4168,#2670,.T.);
#9263=EDGE_CURVE('',#4156,#4160,#2661,.T.);
#9266=EDGE_CURVE('',#4157,#4161,#2656,.T.);
#9276=EDGE_CURVE('',#4156,#4157,#2666,.T.);
#9295=EDGE_CURVE('',#4310,#4311,#2714,.T.);
#9297=EDGE_CURVE('',#4311,#4310,#2752,.T.);
#9448=EDGE_CURVE('',#4311,#4313,#2762,.T.);
#9450=EDGE_CURVE('',#4312,#4313,#2868,.T.);
#9452=EDGE_CURVE('',#4310,#4312,#2757,.T.);
#9616=EDGE_CURVE('',#4313,#4312,#2800,.T.);
#9628=EDGE_CURVE('',#4317,#4312,#2804,.T.);
#9630=EDGE_CURVE('',#4317,#4316,#2829,.T.);
#9632=EDGE_CURVE('',#4316,#4313,#2833,.T.);
#9644=EDGE_CURVE('',#4316,#4317,#2895,.T.);
#9763=EDGE_CURVE('',#4314,#4315,#2937,.T.);
#9765=EDGE_CURVE('',#4315,#4317,#3407,.T.);
#9768=EDGE_CURVE('',#4314,#4316,#2900,.T.);
#9778=EDGE_CURVE('',#4189,#4188,#2905,.T.);
#9780=EDGE_CURVE('',#4188,#4200,#2990,.T.);
#9782=EDGE_CURVE('',#4201,#4200,#2910,.T.);
#9784=EDGE_CURVE('',#4189,#4201,#2981,.T.);
#9789=EDGE_CURVE('',#4315,#4314,#2962,.T.);
#9800=EDGE_CURVE('',#4189,#4193,#2967,.T.);
#9802=EDGE_CURVE('',#4193,#4192,#3397,.T.);
#9804=EDGE_CURVE('',#4188,#4192,#2972,.T.);
#9814=EDGE_CURVE('',#4188,#4189,#2977,.T.);
#9817=EDGE_CURVE('',#4192,#4193,#3392,.T.);
#9830=EDGE_CURVE('',#4200,#4201,#2986,.T.);
#9841=EDGE_CURVE('',#4196,#4197,#3000,.T.);
#9843=EDGE_CURVE('',#4196,#4200,#2995,.T.);
#9846=EDGE_CURVE('',#4197,#4201,#3020,.T.);
#9857=EDGE_CURVE('',#4197,#4196,#3005,.T.);
#9861=EDGE_CURVE('',#4292,#4293,#3010,.T.);
#9863=EDGE_CURVE('',#4293,#4292,#3015,.T.);
#9885=EDGE_CURVE('',#4288,#4289,#3030,.T.);
#9887=EDGE_CURVE('',#4289,#4293,#3058,.T.);
#9890=EDGE_CURVE('',#4288,#4292,#3025,.T.);
#9901=EDGE_CURVE('',#4288,#4309,#3034,.T.);
#9903=EDGE_CURVE('',#4309,#4308,#3039,.T.);
#9905=EDGE_CURVE('',#4289,#4308,#3043,.T.);
#9915=EDGE_CURVE('',#4289,#4288,#3048,.T.);
#9918=EDGE_CURVE('',#4308,#4309,#3053,.T.);
#9941=EDGE_CURVE('',#4304,#4305,#3078,.T.);
#9943=EDGE_CURVE('',#4305,#4309,#3402,.T.);
#9946=EDGE_CURVE('',#4304,#4308,#3063,.T.);
#9956=EDGE_CURVE('',#3976,#3977,#3068,.T.);
#9958=EDGE_CURVE('',#3977,#3976,#3073,.T.);
#9963=EDGE_CURVE('',#4305,#4304,#3083,.T.);
#9974=EDGE_CURVE('',#3977,#3981,#3093,.T.);
#9976=EDGE_CURVE('',#3980,#3981,#3156,.T.);
#9978=EDGE_CURVE('',#3976,#3980,#3088,.T.);
#9990=EDGE_CURVE('',#3981,#3980,#3098,.T.);
#10002=EDGE_CURVE('',#3989,#3980,#3165,.T.);
#10004=EDGE_CURVE('',#3989,#3988,#3103,.T.);
#10006=EDGE_CURVE('',#3988,#3981,#3107,.T.);
#10018=EDGE_CURVE('',#3988,#3989,#3161,.T.);
#10023=EDGE_CURVE('',#3970,#3971,#3129,.T.);
#10025=EDGE_CURVE('',#3971,#3970,#3151,.T.);
#10123=EDGE_CURVE('',#3968,#3969,#3218,.T.);
#10125=EDGE_CURVE('',#3968,#3970,#3170,.T.);
#10128=EDGE_CURVE('',#3969,#3971,#3281,.T.);
#10138=EDGE_CURVE('',#3966,#3967,#3192,.T.);
#10140=EDGE_CURVE('',#3966,#3968,#3196,.T.);
#10143=EDGE_CURVE('',#3967,#3969,#3254,.T.);
#10242=EDGE_CURVE('',#3964,#3966,#3223,.T.);
#10245=EDGE_CURVE('',#3965,#3967,#3228,.T.);
#10345=EDGE_CURVE('',#3967,#3966,#3250,.T.);
#10358=EDGE_CURVE('',#3969,#3968,#3276,.T.);
#10469=EDGE_CURVE('',#3984,#3985,#3291,.T.);
#10471=EDGE_CURVE('',#3985,#3989,#3311,.T.);
#10474=EDGE_CURVE('',#3984,#3988,#3286,.T.);
#10485=EDGE_CURVE('',#3985,#3984,#3296,.T.);
#10489=EDGE_CURVE('',#4296,#4297,#3301,.T.);
#10491=EDGE_CURVE('',#4297,#4296,#3306,.T.);
#10514=EDGE_CURVE('',#4297,#4301,#3321,.T.);
#10516=EDGE_CURVE('',#4300,#4301,#3377,.T.);
#10518=EDGE_CURVE('',#4296,#4300,#3316,.T.);
#10530=EDGE_CURVE('',#4301,#4300,#3335,.T.);
#10541=EDGE_CURVE('',#4284,#4285,#3326,.T.);
#10543=EDGE_CURVE('',#4301,#4285,#3330,.T.);
#10546=EDGE_CURVE('',#4300,#4284,#3339,.T.);
#10556=EDGE_CURVE('',#4280,#4281,#3349,.T.);
#10558=EDGE_CURVE('',#4281,#4285,#3367,.T.);
#10561=EDGE_CURVE('',#4280,#4284,#3344,.T.);
#10572=EDGE_CURVE('',#4280,#3912,#3353,.T.);
#10574=EDGE_CURVE('',#3912,#3913,#3382,.T.);
#10576=EDGE_CURVE('',#4281,#3913,#3357,.T.);
#10586=EDGE_CURVE('',#4281,#4280,#3362,.T.);
#10589=EDGE_CURVE('',#3912,#3913,#3387,.T.);
#10602=EDGE_CURVE('',#4285,#4284,#3372,.T.);
#10764=EDGE_CURVE('',#4205,#4209,#3417,.T.);
#10766=EDGE_CURVE('',#4208,#4209,#3436,.T.);
#10768=EDGE_CURVE('',#4204,#4208,#3412,.T.);
#10780=EDGE_CURVE('',#4209,#4208,#3422,.T.);
#10792=EDGE_CURVE('',#4208,#4325,#3445,.T.);
#10794=EDGE_CURVE('',#4325,#4324,#3427,.T.);
#10796=EDGE_CURVE('',#4209,#4324,#3431,.T.);
#10808=EDGE_CURVE('',#4324,#4325,#3441,.T.);
#10820=EDGE_CURVE('',#4321,#4325,#3455,.T.);
#10823=EDGE_CURVE('',#4320,#4324,#3450,.T.);
#10846=EDGE_CURVE('',#4221,#4225,#3465,.T.);
#10848=EDGE_CURVE('',#4224,#4225,#3503,.T.);
#10850=EDGE_CURVE('',#4220,#4224,#3460,.T.);
#10862=EDGE_CURVE('',#4225,#4224,#3479,.T.);
#10873=EDGE_CURVE('',#4217,#4216,#3470,.T.);
#10875=EDGE_CURVE('',#4225,#4216,#3474,.T.);
#10878=EDGE_CURVE('',#4224,#4217,#3498,.T.);
#10889=EDGE_CURVE('',#4212,#4216,#3489,.T.);
#10892=EDGE_CURVE('',#4213,#4217,#3484,.T.);
#10904=EDGE_CURVE('',#4216,#4217,#3494,.T.);
#10928=EDGE_CURVE('',#4237,#4241,#3513,.T.);
#10930=EDGE_CURVE('',#4240,#4241,#3551,.T.);
#10932=EDGE_CURVE('',#4236,#4240,#3508,.T.);
#10944=EDGE_CURVE('',#4241,#4240,#3527,.T.);
#10955=EDGE_CURVE('',#4233,#4232,#3518,.T.);
#10957=EDGE_CURVE('',#4241,#4232,#3522,.T.);
#10960=EDGE_CURVE('',#4240,#4233,#3546,.T.);
#10971=EDGE_CURVE('',#4228,#4232,#3537,.T.);
#10974=EDGE_CURVE('',#4229,#4233,#3532,.T.);
#10986=EDGE_CURVE('',#4232,#4233,#3542,.T.);
#11010=EDGE_CURVE('',#4253,#4257,#3561,.T.);
#11012=EDGE_CURVE('',#4256,#4257,#3599,.T.);
#11014=EDGE_CURVE('',#4252,#4256,#3556,.T.);
#11026=EDGE_CURVE('',#4257,#4256,#3575,.T.);
#11037=EDGE_CURVE('',#4249,#4248,#3566,.T.);
#11039=EDGE_CURVE('',#4257,#4248,#3570,.T.);
#11042=EDGE_CURVE('',#4256,#4249,#3594,.T.);
#11053=EDGE_CURVE('',#4244,#4248,#3585,.T.);
#11056=EDGE_CURVE('',#4245,#4249,#3580,.T.);
#11068=EDGE_CURVE('',#4248,#4249,#3590,.T.);
#11092=EDGE_CURVE('',#3959,#3963,#3604,.T.);
#11094=EDGE_CURVE('',#3963,#3962,#3643,.T.);
#11096=EDGE_CURVE('',#3947,#3962,#3609,.T.);
#11108=EDGE_CURVE('',#3962,#3963,#3619,.T.);
#11119=EDGE_CURVE('',#4008,#4009,#3614,.T.);
#11121=EDGE_CURVE('',#4008,#3963,#3647,.T.);
#11124=EDGE_CURVE('',#4009,#3962,#3638,.T.);
#11135=EDGE_CURVE('',#4009,#4013,#3629,.T.);
#11137=EDGE_CURVE('',#4012,#4013,#3652,.T.);
#11139=EDGE_CURVE('',#4008,#4012,#3624,.T.);
#11149=EDGE_CURVE('',#4009,#4008,#3634,.T.);
#11152=EDGE_CURVE('',#4013,#4012,#3657,.T.);
#11179=EDGE_CURVE('',#4056,#4057,#3662,.T.);
#11181=EDGE_CURVE('',#4057,#4056,#3667,.T.);
#11192=EDGE_CURVE('',#4056,#4060,#3672,.T.);
#11194=EDGE_CURVE('',#4060,#4061,#3711,.T.);
#11196=EDGE_CURVE('',#4057,#4061,#3677,.T.);
#11208=EDGE_CURVE('',#4061,#4060,#3687,.T.);
#11219=EDGE_CURVE('',#4049,#4048,#3682,.T.);
#11221=EDGE_CURVE('',#4048,#4060,#3715,.T.);
#11224=EDGE_CURVE('',#4049,#4061,#3706,.T.);
#11235=EDGE_CURVE('',#4049,#4053,#3692,.T.);
#11237=EDGE_CURVE('',#4053,#4052,#3735,.T.);
#11239=EDGE_CURVE('',#4048,#4052,#3697,.T.);
#11249=EDGE_CURVE('',#4048,#4049,#3702,.T.);
#11252=EDGE_CURVE('',#4052,#4053,#3730,.T.);
#11275=EDGE_CURVE('',#4016,#4017,#3720,.T.);
#11277=EDGE_CURVE('',#4017,#4016,#3725,.T.);
#11292=EDGE_CURVE('',#4017,#4021,#3745,.T.);
#11294=EDGE_CURVE('',#4020,#4021,#3783,.T.);
#11296=EDGE_CURVE('',#4016,#4020,#3740,.T.);
#11308=EDGE_CURVE('',#4021,#4020,#3759,.T.);
#11319=EDGE_CURVE('',#4368,#4369,#3750,.T.);
#11321=EDGE_CURVE('',#4368,#4021,#3754,.T.);
#11324=EDGE_CURVE('',#4369,#4020,#3763,.T.);
#11335=EDGE_CURVE('',#4369,#4373,#3773,.T.);
#11337=EDGE_CURVE('',#4372,#4373,#3802,.T.);
#11339=EDGE_CURVE('',#4368,#4372,#3768,.T.);
#11349=EDGE_CURVE('',#4369,#4368,#3778,.T.);
#11352=EDGE_CURVE('',#4373,#4372,#3788,.T.);
#11376=EDGE_CURVE('',#4372,#4381,#3811,.T.);
#11378=EDGE_CURVE('',#4381,#4380,#3793,.T.);
#11380=EDGE_CURVE('',#4373,#4380,#3797,.T.);
#11392=EDGE_CURVE('',#4380,#4381,#3807,.T.);
#11404=EDGE_CURVE('',#4377,#4381,#3821,.T.);
#11407=EDGE_CURVE('',#4376,#4380,#3816,.T.);
#11579=EDGE_CURVE('',#4265,#4264,#3841,.T.);
#11602=EDGE_CURVE('',#4397,#4400,#3855,.T.);
#11628=EDGE_CURVE('',#4145,#4144,#3904,.T.);
#11646=CLOSED_SHELL('',(#4455,#4470,#4483,#4498,#4513,#4530,#4545,#4560,#4575,
#4620,#4670,#4809,#4822,#4837,#4878,#4936,#5023,#5113,#5208,#5295,#5358,#5379,
#5394,#5407,#5422,#5437,#5454,#5469,#5486,#5503,#5526,#5541,#5556,#5626,#5640,
#5652,#5720,#5734,#5824,#5909,#5978,#6020,#6034,#6047,#6158,#6200,#6246,#6355,
#6395,#6408,#6421,#6433,#6495,#6580,#6672,#6712,#6879,#7044,#7063,#7226,#7388,
#7403,#7418,#7435,#7447,#7462,#7477,#7491,#7503,#7518,#7535,#7550,#7565,#7580,
#7597,#7610,#7623,#7635,#7650,#7663,#7678,#7691,#7706,#7721,#7736,#7750,#7763,
#7775,#7790,#7803,#7822,#7838,#7977,#8110,#8125,#8140,#8157,#8170,#8182,#8197,
#8212,#8227,#8241,#8254,#8266,#8281,#8296,#8313,#8328,#8341,#8356,#8369,#8384,
#8397,#8413,#8428,#8441,#8455,#8467,#8480,#8492,#8635,#8678,#8719,#8859,#8874,
#8895,#8910,#8951,#8964,#8977,#8989,#9004,#9019,#9033,#9045,#9060,#9101,#9113,
#9128,#9141,#9156,#9169,#9184,#9197,#9213,#9228,#9241,#9256,#9270,#9283,#9301,
#9456,#9621,#9636,#9649,#9772,#9793,#9808,#9822,#9835,#9850,#9867,#9879,#9894,
#9909,#9923,#9935,#9950,#9967,#9982,#9995,#10010,#10029,#10132,#10147,#10249,
#10350,#10363,#10463,#10478,#10495,#10507,#10522,#10535,#10550,#10565,#10580,
#10594,#10607,#10619,#10633,#10645,#10757,#10772,#10785,#10800,#10813,#10827,
#10839,#10854,#10867,#10882,#10896,#10909,#10921,#10936,#10949,#10964,#10978,
#10991,#11003,#11018,#11031,#11046,#11060,#11073,#11085,#11100,#11113,#11128,
#11143,#11157,#11169,#11185,#11200,#11213,#11228,#11243,#11257,#11269,#11285,
#11300,#11313,#11328,#11343,#11357,#11369,#11384,#11397,#11411,#11423,#11435,
#11571,#11584,#11596,#11609,#11620,#11633,#11645));
#11651=CIRCLE('',#11650,2.6873E1);
#11660=CIRCLE('',#11659,2.6873E1);
#11669=CIRCLE('',#11668,2.6873E1);
#11674=CIRCLE('',#11673,2.6873E1);
#11693=B_SPLINE_CURVE_WITH_KNOTS('',3,(#11675,#11676,#11677,#11678,#11679,
#11680,#11681,#11682,#11683,#11684,#11685,#11686,#11687,#11688,#11689,#11690,
#11691,#11692),.UNSPECIFIED.,.F.,.F.,(4,1,1,1,1,1,1,1,1,1,1,1,1,1,1,4),(0.E0,
6.666666666667E-2,1.333333333333E-1,2.E-1,2.666666666667E-1,3.333333333333E-1,
4.E-1,4.666666666667E-1,5.333333333333E-1,6.E-1,6.666666666667E-1,
7.333333333333E-1,8.E-1,8.666666666667E-1,9.333333333333E-1,1.E0),
.UNSPECIFIED.);
#11712=B_SPLINE_CURVE_WITH_KNOTS('',3,(#11694,#11695,#11696,#11697,#11698,
#11699,#11700,#11701,#11702,#11703,#11704,#11705,#11706,#11707,#11708,#11709,
#11710,#11711),.UNSPECIFIED.,.F.,.F.,(4,1,1,1,1,1,1,1,1,1,1,1,1,1,1,4),(0.E0,
6.666666666667E-2,1.333333333333E-1,2.E-1,2.666666666667E-1,3.333333333333E-1,
4.E-1,4.666666666667E-1,5.333333333333E-1,6.E-1,6.666666666667E-1,
7.333333333333E-1,8.E-1,8.666666666667E-1,9.333333333333E-1,1.E0),
.UNSPECIFIED.);
#11728=EDGE_CURVE('',#11716,#11715,#11651,.T.);
#11730=EDGE_CURVE('',#11715,#11719,#11664,.T.);
#11732=EDGE_CURVE('',#11720,#11719,#11674,.T.);
#11734=EDGE_CURVE('',#11716,#11720,#11655,.T.);
#11744=EDGE_CURVE('',#11715,#11716,#11660,.T.);
#11747=EDGE_CURVE('',#11719,#11720,#11669,.T.);
#11762=EDGE_CURVE('',#11722,#11721,#11693,.T.);
#11764=EDGE_CURVE('',#11721,#11722,#11712,.T.);
#11769=OPEN_SHELL('',(#11738,#11752,#11768));
#11775=CIRCLE('',#11774,2.0955E1);
#11784=CIRCLE('',#11783,2.0955E1);
#11793=CIRCLE('',#11792,2.0955E1);
#11798=CIRCLE('',#11797,2.0955E1);
#11816=B_SPLINE_CURVE_WITH_KNOTS('',3,(#11799,#11800,#11801,#11802,#11803,
#11804,#11805,#11806,#11807,#11808,#11809,#11810,#11811,#11812,#11813,#11814,
#11815),.UNSPECIFIED.,.F.,.F.,(4,1,1,1,1,1,1,1,1,1,1,1,1,1,4),(0.E0,
7.142857142857E-2,1.428571428571E-1,2.142857142857E-1,2.857142857143E-1,
3.571428571429E-1,4.285714285714E-1,5.E-1,5.714285714286E-1,6.428571428571E-1,
7.142857142857E-1,7.857142857143E-1,8.571428571429E-1,9.285714285714E-1,1.E0),
.UNSPECIFIED.);
#11834=B_SPLINE_CURVE_WITH_KNOTS('',3,(#11817,#11818,#11819,#11820,#11821,
#11822,#11823,#11824,#11825,#11826,#11827,#11828,#11829,#11830,#11831,#11832,
#11833),.UNSPECIFIED.,.F.,.F.,(4,1,1,1,1,1,1,1,1,1,1,1,1,1,4),(0.E0,
7.142857142857E-2,1.428571428571E-1,2.142857142857E-1,2.857142857143E-1,
3.571428571429E-1,4.285714285714E-1,5.E-1,5.714285714286E-1,6.428571428571E-1,
7.142857142857E-1,7.857142857143E-1,8.571428571429E-1,9.285714285714E-1,1.E0),
.UNSPECIFIED.);
#11850=EDGE_CURVE('',#11838,#11837,#11775,.T.);
#11852=EDGE_CURVE('',#11837,#11841,#11788,.T.);
#11854=EDGE_CURVE('',#11842,#11841,#11798,.T.);
#11856=EDGE_CURVE('',#11838,#11842,#11779,.T.);
#11866=EDGE_CURVE('',#11837,#11838,#11784,.T.);
#11869=EDGE_CURVE('',#11841,#11842,#11793,.T.);
#11884=EDGE_CURVE('',#11844,#11843,#11816,.T.);
#11886=EDGE_CURVE('',#11843,#11844,#11834,.T.);
#11891=OPEN_SHELL('',(#11860,#11874,#11890));
#11897=CIRCLE('',#11896,2.9807E1);
#11906=CIRCLE('',#11905,2.9807E1);
#11915=CIRCLE('',#11914,2.9807E1);
#11920=CIRCLE('',#11919,2.9807E1);
#11939=B_SPLINE_CURVE_WITH_KNOTS('',3,(#11921,#11922,#11923,#11924,#11925,
#11926,#11927,#11928,#11929,#11930,#11931,#11932,#11933,#11934,#11935,#11936,
#11937,#11938),.UNSPECIFIED.,.F.,.F.,(4,1,1,1,1,1,1,1,1,1,1,1,1,1,1,4),(0.E0,
6.666666666667E-2,1.333333333333E-1,2.E-1,2.666666666667E-1,3.333333333333E-1,
4.E-1,4.666666666667E-1,5.333333333333E-1,6.E-1,6.666666666667E-1,
7.333333333333E-1,8.E-1,8.666666666667E-1,9.333333333333E-1,1.E0),
.UNSPECIFIED.);
#11958=B_SPLINE_CURVE_WITH_KNOTS('',3,(#11940,#11941,#11942,#11943,#11944,
#11945,#11946,#11947,#11948,#11949,#11950,#11951,#11952,#11953,#11954,#11955,
#11956,#11957),.UNSPECIFIED.,.F.,.F.,(4,1,1,1,1,1,1,1,1,1,1,1,1,1,1,4),(0.E0,
6.666666666667E-2,1.333333333333E-1,2.E-1,2.666666666667E-1,3.333333333333E-1,
4.E-1,4.666666666667E-1,5.333333333333E-1,6.E-1,6.666666666667E-1,
7.333333333333E-1,8.E-1,8.666666666667E-1,9.333333333333E-1,1.E0),
.UNSPECIFIED.);
#11974=EDGE_CURVE('',#11962,#11961,#11897,.T.);
#11976=EDGE_CURVE('',#11961,#11965,#11910,.T.);
#11978=EDGE_CURVE('',#11966,#11965,#11920,.T.);
#11980=EDGE_CURVE('',#11962,#11966,#11901,.T.);
#11990=EDGE_CURVE('',#11961,#11962,#11906,.T.);
#11993=EDGE_CURVE('',#11965,#11966,#11915,.T.);
#12008=EDGE_CURVE('',#11968,#11967,#11939,.T.);
#12010=EDGE_CURVE('',#11967,#11968,#11958,.T.);
#12015=OPEN_SHELL('',(#11984,#11998,#12014));
#12016=MANIFOLD_SOLID_BREP('',#11646);
#12017=SHELL_BASED_SURFACE_MODEL('',(#11769,#11891,#12015));
#12018=(LENGTH_UNIT()NAMED_UNIT(*)SI_UNIT(.MILLI.,.METRE.));
#12020=(NAMED_UNIT(*)PLANE_ANGLE_UNIT()SI_UNIT($,.RADIAN.));
#12023=(NAMED_UNIT(*)SI_UNIT($,.STERADIAN.)SOLID_ANGLE_UNIT());
#12026=ADVANCED_BREP_SHAPE_REPRESENTATION('',(#12016),#12025);
#12027=MANIFOLD_SURFACE_SHAPE_REPRESENTATION('',(#12017),#12025);
#12031=AXIS2_PLACEMENT_3D('',#12028,#12029,#12030);
#12032=SHAPE_REPRESENTATION('',(#12031),#12025);
#12041=PRODUCT_DEFINITION('design','',#12040,#12037);
#12042=PRODUCT_DEFINITION_SHAPE('','SHAPE FOR TAP.',#12041);
#12043=SHAPE_DEFINITION_REPRESENTATION(#12042,#12032);
ENDSEC;
END-ISO-10303-21;
