ISO-10303-21;
HEADER;
FILE_DESCRIPTION((''),'2;1');
FILE_NAME('MODERN_PART08','2026-09-09T00:13:44',('acer'),(''),
'CREO PARAMETRIC BY PTC INC, 2025102','CREO PARAMETRIC BY PTC INC, 2025102','');
FILE_SCHEMA(('CONFIG_CONTROL_DESIGN'));
ENDSEC;
DATA;
#2=CARTESIAN_POINT('',(0.E0,-4.862068965517E1,1.882758620690E2));
#3=DIRECTION('',(0.E0,0.E0,1.E0));
#4=DIRECTION('',(1.E0,0.E0,0.E0));
#5=AXIS2_PLACEMENT_3D('',#2,#3,#4);
#7=CARTESIAN_POINT('',(0.E0,-4.862068965517E1,1.882758620690E2));
#8=DIRECTION('',(0.E0,0.E0,1.E0));
#9=DIRECTION('',(-1.E0,0.E0,0.E0));
#10=AXIS2_PLACEMENT_3D('',#7,#8,#9);
#12=CARTESIAN_POINT('',(9.5E1,-4.862068965517E1,1.882758620690E2));
#13=DIRECTION('',(0.E0,0.E0,-1.E0));
#14=DIRECTION('',(-1.E0,0.E0,0.E0));
#15=AXIS2_PLACEMENT_3D('',#12,#13,#14);
#17=CARTESIAN_POINT('',(9.5E1,-4.862068965517E1,1.882758620690E2));
#18=DIRECTION('',(0.E0,0.E0,-1.E0));
#19=DIRECTION('',(1.E0,0.E0,0.E0));
#20=AXIS2_PLACEMENT_3D('',#17,#18,#19);
#22=CARTESIAN_POINT('',(1.421085471520E-14,4.637931034483E1,1.882758620690E2));
#23=DIRECTION('',(0.E0,0.E0,-1.E0));
#24=DIRECTION('',(0.E0,-1.E0,0.E0));
#25=AXIS2_PLACEMENT_3D('',#22,#23,#24);
#27=CARTESIAN_POINT('',(1.421085471520E-14,4.637931034483E1,1.882758620690E2));
#28=DIRECTION('',(0.E0,0.E0,-1.E0));
#29=DIRECTION('',(0.E0,1.E0,0.E0));
#30=AXIS2_PLACEMENT_3D('',#27,#28,#29);
#32=CARTESIAN_POINT('',(-9.5E1,-4.862068965517E1,1.882758620690E2));
#33=DIRECTION('',(0.E0,0.E0,-1.E0));
#34=DIRECTION('',(1.E0,0.E0,0.E0));
#35=AXIS2_PLACEMENT_3D('',#32,#33,#34);
#37=CARTESIAN_POINT('',(-9.5E1,-4.862068965517E1,1.882758620690E2));
#38=DIRECTION('',(0.E0,0.E0,-1.E0));
#39=DIRECTION('',(-1.E0,0.E0,0.E0));
#40=AXIS2_PLACEMENT_3D('',#37,#38,#39);
#42=CARTESIAN_POINT('',(-2.131628207280E-14,-1.436206896552E2,
1.882758620690E2));
#43=DIRECTION('',(0.E0,0.E0,-1.E0));
#44=DIRECTION('',(0.E0,1.E0,0.E0));
#45=AXIS2_PLACEMENT_3D('',#42,#43,#44);
#47=CARTESIAN_POINT('',(-2.131628207280E-14,-1.436206896552E2,
1.882758620690E2));
#48=DIRECTION('',(0.E0,0.E0,-1.E0));
#49=DIRECTION('',(0.E0,-1.E0,0.E0));
#50=AXIS2_PLACEMENT_3D('',#47,#48,#49);
#52=CARTESIAN_POINT('',(-1.012877106495E-13,-4.862068965517E1,
1.882758620690E2));
#53=DIRECTION('',(0.E0,0.E0,-1.E0));
#54=DIRECTION('',(0.E0,-1.E0,0.E0));
#55=AXIS2_PLACEMENT_3D('',#52,#53,#54);
#57=CARTESIAN_POINT('',(0.E0,-4.862068965517E1,1.882758620690E2));
#58=DIRECTION('',(0.E0,0.E0,-1.E0));
#59=DIRECTION('',(0.E0,1.E0,0.E0));
#60=AXIS2_PLACEMENT_3D('',#57,#58,#59);
#62=DIRECTION('',(0.E0,0.E0,-1.E0));
#63=VECTOR('',#62,2.E1);
#64=CARTESIAN_POINT('',(1.15E2,-4.862068965517E1,1.882758620690E2));
#65=LINE('',#64,#63);
#66=DIRECTION('',(0.E0,0.E0,-1.E0));
#67=VECTOR('',#66,2.E1);
#68=CARTESIAN_POINT('',(-1.15E2,-4.862068965517E1,1.882758620690E2));
#69=LINE('',#68,#67);
#70=CARTESIAN_POINT('',(0.E0,-4.862068965517E1,1.682758620690E2));
#71=DIRECTION('',(0.E0,0.E0,1.E0));
#72=DIRECTION('',(1.E0,0.E0,0.E0));
#73=AXIS2_PLACEMENT_3D('',#70,#71,#72);
#75=CARTESIAN_POINT('',(0.E0,-4.862068965517E1,1.682758620690E2));
#76=DIRECTION('',(0.E0,0.E0,1.E0));
#77=DIRECTION('',(-1.E0,0.E0,0.E0));
#78=AXIS2_PLACEMENT_3D('',#75,#76,#77);
#80=CARTESIAN_POINT('',(9.5E1,-4.862068965517E1,1.682758620690E2));
#81=DIRECTION('',(0.E0,0.E0,-1.E0));
#82=DIRECTION('',(-1.E0,0.E0,0.E0));
#83=AXIS2_PLACEMENT_3D('',#80,#81,#82);
#85=CARTESIAN_POINT('',(9.5E1,-4.862068965517E1,1.682758620690E2));
#86=DIRECTION('',(0.E0,0.E0,-1.E0));
#87=DIRECTION('',(1.E0,0.E0,0.E0));
#88=AXIS2_PLACEMENT_3D('',#85,#86,#87);
#90=CARTESIAN_POINT('',(1.421085471520E-14,4.637931034483E1,1.682758620690E2));
#91=DIRECTION('',(0.E0,0.E0,-1.E0));
#92=DIRECTION('',(0.E0,-1.E0,0.E0));
#93=AXIS2_PLACEMENT_3D('',#90,#91,#92);
#95=CARTESIAN_POINT('',(1.421085471520E-14,4.637931034483E1,1.682758620690E2));
#96=DIRECTION('',(0.E0,0.E0,-1.E0));
#97=DIRECTION('',(0.E0,1.E0,0.E0));
#98=AXIS2_PLACEMENT_3D('',#95,#96,#97);
#100=CARTESIAN_POINT('',(-9.5E1,-4.862068965517E1,1.682758620690E2));
#101=DIRECTION('',(0.E0,0.E0,-1.E0));
#102=DIRECTION('',(1.E0,0.E0,0.E0));
#103=AXIS2_PLACEMENT_3D('',#100,#101,#102);
#105=CARTESIAN_POINT('',(-9.5E1,-4.862068965517E1,1.682758620690E2));
#106=DIRECTION('',(0.E0,0.E0,-1.E0));
#107=DIRECTION('',(-1.E0,0.E0,0.E0));
#108=AXIS2_PLACEMENT_3D('',#105,#106,#107);
#110=CARTESIAN_POINT('',(-2.131628207280E-14,-1.436206896552E2,
1.682758620690E2));
#111=DIRECTION('',(0.E0,0.E0,-1.E0));
#112=DIRECTION('',(0.E0,1.E0,0.E0));
#113=AXIS2_PLACEMENT_3D('',#110,#111,#112);
#115=CARTESIAN_POINT('',(-2.131628207280E-14,-1.436206896552E2,
1.682758620690E2));
#116=DIRECTION('',(0.E0,0.E0,-1.E0));
#117=DIRECTION('',(0.E0,-1.E0,0.E0));
#118=AXIS2_PLACEMENT_3D('',#115,#116,#117);
#120=CARTESIAN_POINT('',(0.E0,-4.862068965517E1,1.682758620690E2));
#121=DIRECTION('',(0.E0,0.E0,1.E0));
#122=DIRECTION('',(0.E0,-1.E0,0.E0));
#123=AXIS2_PLACEMENT_3D('',#120,#121,#122);
#125=CARTESIAN_POINT('',(0.E0,-4.862068965517E1,1.682758620690E2));
#126=DIRECTION('',(0.E0,0.E0,1.E0));
#127=DIRECTION('',(0.E0,1.E0,0.E0));
#128=AXIS2_PLACEMENT_3D('',#125,#126,#127);
#130=DIRECTION('',(0.E0,0.E0,-1.E0));
#131=VECTOR('',#130,2.E1);
#132=CARTESIAN_POINT('',(8.5E1,-4.862068965517E1,1.882758620690E2));
#133=LINE('',#132,#131);
#134=DIRECTION('',(0.E0,0.E0,-1.E0));
#135=VECTOR('',#134,2.E1);
#136=CARTESIAN_POINT('',(1.05E2,-4.862068965517E1,1.882758620690E2));
#137=LINE('',#136,#135);
#138=DIRECTION('',(0.E0,0.E0,-1.E0));
#139=VECTOR('',#138,2.E1);
#140=CARTESIAN_POINT('',(1.482317811478E-14,3.637931034483E1,1.882758620690E2));
#141=LINE('',#140,#139);
#142=DIRECTION('',(0.E0,0.E0,-1.E0));
#143=VECTOR('',#142,2.E1);
#144=CARTESIAN_POINT('',(1.359853131563E-14,5.637931034483E1,1.882758620690E2));
#145=LINE('',#144,#143);
#146=DIRECTION('',(0.E0,0.E0,-1.E0));
#147=VECTOR('',#146,2.E1);
#148=CARTESIAN_POINT('',(-8.5E1,-4.862068965517E1,1.882758620690E2));
#149=LINE('',#148,#147);
#150=DIRECTION('',(0.E0,0.E0,-1.E0));
#151=VECTOR('',#150,2.E1);
#152=CARTESIAN_POINT('',(-1.05E2,-4.862068965517E1,1.882758620690E2));
#153=LINE('',#152,#151);
#154=DIRECTION('',(0.E0,0.E0,-1.E0));
#155=VECTOR('',#154,2.E1);
#156=CARTESIAN_POINT('',(-2.070395867323E-14,-1.336206896552E2,
1.882758620690E2));
#157=LINE('',#156,#155);
#158=DIRECTION('',(0.E0,0.E0,-1.E0));
#159=VECTOR('',#158,2.E1);
#160=CARTESIAN_POINT('',(-2.192860547238E-14,-1.536206896552E2,
1.882758620690E2));
#161=LINE('',#160,#159);
#162=CARTESIAN_POINT('',(-3.362239930915E-9,-1.036206896552E2,
1.632758620690E2));
#163=DIRECTION('',(1.E0,-6.113163447674E-11,0.E0));
#164=DIRECTION('',(6.113163447674E-11,1.E0,0.E0));
#165=AXIS2_PLACEMENT_3D('',#162,#163,#164);
#167=CARTESIAN_POINT('',(0.E0,-4.862068965517E1,1.632758620690E2));
#168=DIRECTION('',(0.E0,0.E0,1.E0));
#169=DIRECTION('',(0.E0,-1.E0,0.E0));
#170=AXIS2_PLACEMENT_3D('',#167,#168,#169);
#172=DIRECTION('',(4.052588909411E-12,0.E0,-1.E0));
#173=VECTOR('',#172,3.E1);
#174=CARTESIAN_POINT('',(-1.215853437269E-10,1.379310344828E0,
1.632758620690E2));
#175=LINE('',#174,#173);
#176=CARTESIAN_POINT('',(0.E0,1.379310344828E0,1.332758620690E2));
#177=CARTESIAN_POINT('',(1.715703335966E0,1.379310344828E0,1.332758620690E2));
#178=CARTESIAN_POINT('',(5.168535151664E0,1.201854050496E0,1.330543764618E2));
#179=CARTESIAN_POINT('',(1.032915380598E1,3.952127433859E-1,1.320415234166E2));
#180=CARTESIAN_POINT('',(1.549197475030E1,-9.785888446246E-1,1.302942200137E2));
#181=CARTESIAN_POINT('',(2.060112147248E1,-2.950846832657E0,1.277282717514E2));
#182=CARTESIAN_POINT('',(2.554413124680E1,-5.514986305755E0,1.242691963459E2));
#183=CARTESIAN_POINT('',(3.019087204080E1,-8.642362718074E0,1.197842450325E2));
#184=CARTESIAN_POINT('',(3.400959098517E1,-1.187793642160E1,1.146336657620E2));
#185=CARTESIAN_POINT('',(3.674127215254E1,-1.465608060569E1,1.094103554985E2));
#186=CARTESIAN_POINT('',(3.850703994404E1,-1.670348189942E1,1.044768136863E2));
#187=CARTESIAN_POINT('',(3.955003488141E1,-1.802264633249E1,9.981306297071E1));
#188=CARTESIAN_POINT('',(4.001715144107E1,-1.864336159096E1,9.544307984167E1));
#189=CARTESIAN_POINT('',(4.002186779166E1,-1.864971768294E1,9.120092543766E1));
#190=CARTESIAN_POINT('',(3.956593271398E1,-1.804348145264E1,8.683759483303E1));
#191=CARTESIAN_POINT('',(3.853597399778E1,-1.673876461893E1,8.217389551733E1));
#192=CARTESIAN_POINT('',(3.677619526106E1,-1.469384865827E1,7.721764022521E1));
#193=CARTESIAN_POINT('',(3.403355912249E1,-1.189846237037E1,7.195050858666E1));
#194=CARTESIAN_POINT('',(3.018455354448E1,-8.636922246951E0,6.675888955169E1));
#195=CARTESIAN_POINT('',(2.554711412405E1,-5.517483491143E0,6.228634507493E1));
#196=CARTESIAN_POINT('',(2.060867087560E1,-2.954100881890E0,5.882766090784E1));
#197=CARTESIAN_POINT('',(1.549525280498E1,-9.795378509130E-1,5.625872302612E1));
#198=CARTESIAN_POINT('',(1.032818917007E1,3.958473857588E-1,5.450938641834E1));
#199=CARTESIAN_POINT('',(5.153544283814E0,1.203551875403E0,5.349522425046E1));
#200=CARTESIAN_POINT('',(1.709065927303E0,1.379310344828E0,5.327586206897E1));
#201=CARTESIAN_POINT('',(0.E0,1.379310344828E0,5.327586206897E1));
#203=DIRECTION('',(0.E0,0.E0,-1.E0));
#204=VECTOR('',#203,9.E1);
#205=CARTESIAN_POINT('',(0.E0,1.379310344828E0,5.327586206897E1));
#206=LINE('',#205,#204);
#207=CARTESIAN_POINT('',(0.E0,-4.862068965517E1,1.632758620690E2));
#208=DIRECTION('',(0.E0,0.E0,1.E0));
#209=DIRECTION('',(0.E0,1.E0,0.E0));
#210=AXIS2_PLACEMENT_3D('',#207,#208,#209);
#212=DIRECTION('',(-6.078969272405E-13,0.E0,-1.E0));
#213=VECTOR('',#212,2.E2);
#214=CARTESIAN_POINT('',(1.215840013773E-10,-9.862068965517E1,
1.632758620690E2));
#215=LINE('',#214,#213);
#216=CARTESIAN_POINT('',(0.E0,1.379310344828E0,5.327586206897E1));
#217=CARTESIAN_POINT('',(-2.326988037261E0,1.379310344828E0,5.327586206897E1));
#218=CARTESIAN_POINT('',(-6.998924173368E0,1.055766280410E0,5.367921726695E1));
#219=CARTESIAN_POINT('',(-1.395851362637E1,-4.350954855534E-1,
5.555796648892E1));
#220=CARTESIAN_POINT('',(-2.061282666658E1,-2.878460412750E0,5.871787389559E1));
#221=CARTESIAN_POINT('',(-2.709195681848E1,-6.375656079460E0,6.344108737379E1));
#222=CARTESIAN_POINT('',(-3.274593233130E1,-1.066833880886E1,6.984694615581E1));
#223=CARTESIAN_POINT('',(-3.634633149609E1,-1.420176042902E1,7.611354670596E1));
#224=CARTESIAN_POINT('',(-3.870757418624E1,-1.693035320809E1,8.249043693446E1));
#225=CARTESIAN_POINT('',(-3.987090886126E1,-1.844518190112E1,8.864117149262E1));
#226=CARTESIAN_POINT('',(-4.011786046869E1,-1.878027437046E1,9.416086688915E1));
#227=CARTESIAN_POINT('',(-3.959107209022E1,-1.806912316779E1,1.000231974157E2));
#228=CARTESIAN_POINT('',(-3.799999779398E1,-1.606998648672E1,1.063428681640E2));
#229=CARTESIAN_POINT('',(-3.528571201673E1,-1.309229107656E1,1.125352034736E2));
#230=CARTESIAN_POINT('',(-3.135320544883E1,-9.529490406367E0,1.184598782484E2));
#231=CARTESIAN_POINT('',(-2.633962058843E1,-5.957434031282E0,1.236690485941E2));
#232=CARTESIAN_POINT('',(-2.045912132909E1,-2.831475706849E0,1.278953296456E2));
#233=CARTESIAN_POINT('',(-1.400716936618E1,-4.494741219330E-1,
1.309750045500E2));
#234=CARTESIAN_POINT('',(-6.973067007335E0,1.061934480150E0,1.328804544661E2));
#235=CARTESIAN_POINT('',(-2.320822332952E0,1.379310344828E0,1.332758620690E2));
#236=CARTESIAN_POINT('',(0.E0,1.379310344828E0,1.332758620690E2));
#238=CARTESIAN_POINT('',(3.362237932514E-9,6.379310344828E0,1.632758620690E2));
#239=DIRECTION('',(-1.E0,6.113159978227E-11,0.E0));
#240=DIRECTION('',(-6.113159978227E-11,-1.E0,0.E0));
#241=AXIS2_PLACEMENT_3D('',#238,#239,#240);
#243=CARTESIAN_POINT('',(0.E0,-4.862068965517E1,-3.672413793103E1));
#244=DIRECTION('',(0.E0,0.E0,-1.E0));
#245=DIRECTION('',(0.E0,-1.E0,0.E0));
#246=AXIS2_PLACEMENT_3D('',#243,#244,#245);
#248=CARTESIAN_POINT('',(0.E0,2.637931034483E1,-3.672413793103E1));
#249=DIRECTION('',(1.E0,0.E0,0.E0));
#250=DIRECTION('',(0.E0,-1.E0,0.E0));
#251=AXIS2_PLACEMENT_3D('',#248,#249,#250);
#253=CARTESIAN_POINT('',(0.E0,-4.862068965517E1,-3.672413793103E1));
#254=DIRECTION('',(0.E0,0.E0,-1.E0));
#255=DIRECTION('',(0.E0,1.E0,0.E0));
#256=AXIS2_PLACEMENT_3D('',#253,#254,#255);
#258=CARTESIAN_POINT('',(0.E0,2.637931034483E1,-3.672413793103E1));
#259=DIRECTION('',(1.E0,0.E0,0.E0));
#260=DIRECTION('',(0.E0,-1.E0,0.E0));
#261=AXIS2_PLACEMENT_3D('',#258,#259,#260);
#263=CARTESIAN_POINT('',(0.E0,1.263793103448E2,-1.117241379310E2));
#264=DIRECTION('',(0.E0,1.E0,0.E0));
#265=DIRECTION('',(0.E0,0.E0,1.E0));
#266=AXIS2_PLACEMENT_3D('',#263,#264,#265);
#268=CARTESIAN_POINT('',(-4.573018338816E-8,1.199999999799E2,
-1.617241379310E2));
#269=CARTESIAN_POINT('',(2.087724568914E0,1.199999112807E2,-1.617240987340E2));
#270=CARTESIAN_POINT('',(6.341790725512E0,1.196471905581E2,-1.614611503410E2));
#271=CARTESIAN_POINT('',(1.280982278614E1,1.179559369379E2,-1.602106419051E2));
#272=CARTESIAN_POINT('',(1.935765312143E1,1.149219663894E2,-1.580073681068E2));
#273=CARTESIAN_POINT('',(2.575953379637E1,1.103020919492E2,-1.547705896758E2));
#274=CARTESIAN_POINT('',(3.117654656996E1,1.044944528930E2,-1.509672230376E2));
#275=CARTESIAN_POINT('',(3.510330414340E1,9.844758747191E1,-1.474258099759E2));
#276=CARTESIAN_POINT('',(3.779371538273E1,9.261181284042E1,-1.445197949435E2));
#277=CARTESIAN_POINT('',(3.966683483462E1,8.659505007271E1,-1.421944849693E2));
#278=CARTESIAN_POINT('',(4.071636783435E1,8.053289591705E1,-1.407503051214E2));
#279=CARTESIAN_POINT('',(4.090913770161E1,7.681065576245E1,-1.404719777890E2));
#280=CARTESIAN_POINT('',(4.090909072070E1,7.499999949006E1,-1.404721169291E2));
#282=CARTESIAN_POINT('',(4.090909072070E1,7.499999949006E1,-1.404721169291E2));
#283=CARTESIAN_POINT('',(4.090912338434E1,7.324350413458E1,-1.404720157567E2));
#284=CARTESIAN_POINT('',(4.072630991492E1,6.957484151534E1,-1.407363899366E2));
#285=CARTESIAN_POINT('',(3.969731198962E1,6.352262252699E1,-1.421523817862E2));
#286=CARTESIAN_POINT('',(3.774638882763E1,5.715960015388E1,-1.445929426726E2));
#287=CARTESIAN_POINT('',(3.453176053456E1,5.047590403810E1,-1.480083927140E2));
#288=CARTESIAN_POINT('',(3.047859547090E1,4.472872018703E1,-1.514769905448E2));
#289=CARTESIAN_POINT('',(2.630763447153E1,4.036693657367E1,-1.543382392695E2));
#290=CARTESIAN_POINT('',(2.207302250040E1,3.697800930887E1,-1.566712855129E2));
#291=CARTESIAN_POINT('',(1.784888620708E1,3.440315999917E1,-1.585005047540E2));
#292=CARTESIAN_POINT('',(1.377300670184E1,3.254295489765E1,-1.598486898634E2));
#293=CARTESIAN_POINT('',(9.923715162425E0,3.127648389959E1,-1.607782879226E2));
#294=CARTESIAN_POINT('',(6.340465770993E0,3.048895954754E1,-1.613608139192E2));
#295=CARTESIAN_POINT('',(3.032189921399E0,3.007794084187E1,-1.616661357623E2));
#296=CARTESIAN_POINT('',(9.812395354987E-1,3.000000621687E1,-1.617241356834E2));
#297=CARTESIAN_POINT('',(-6.169162819691E-8,3.000000002053E1,
-1.617241379310E2));
#299=CARTESIAN_POINT('',(0.E0,2.637931034483E1,-1.117241379310E2));
#300=DIRECTION('',(0.E0,1.E0,0.E0));
#301=DIRECTION('',(0.E0,0.E0,1.E0));
#302=AXIS2_PLACEMENT_3D('',#299,#300,#301);
#304=DIRECTION('',(-1.161353628990E-12,1.E0,0.E0));
#305=VECTOR('',#304,1.E2);
#306=CARTESIAN_POINT('',(0.E0,2.637931034483E1,-6.172413793103E1));
#307=LINE('',#306,#305);
#308=CARTESIAN_POINT('',(-3.884736088366E-9,1.263793103448E2,
-5.672413793103E1));
#309=DIRECTION('',(1.E0,0.E0,7.063156309828E-11));
#310=DIRECTION('',(7.063156309828E-11,0.E0,-1.E0));
#311=AXIS2_PLACEMENT_3D('',#308,#309,#310);
#313=CARTESIAN_POINT('',(3.884763177808E-9,1.263793103448E2,-1.667241379310E2));
#314=DIRECTION('',(-1.E0,0.E0,-7.063205922919E-11));
#315=DIRECTION('',(-7.063205922919E-11,0.E0,1.E0));
#316=AXIS2_PLACEMENT_3D('',#313,#314,#315);
#318=CARTESIAN_POINT('',(0.E0,1.263793103448E2,-1.117241379310E2));
#319=DIRECTION('',(0.E0,1.E0,0.E0));
#320=DIRECTION('',(0.E0,0.E0,-1.E0));
#321=AXIS2_PLACEMENT_3D('',#318,#319,#320);
#323=CARTESIAN_POINT('',(0.E0,2.637931034483E1,-1.117241379310E2));
#324=DIRECTION('',(0.E0,1.E0,0.E0));
#325=DIRECTION('',(0.E0,0.E0,-1.E0));
#326=AXIS2_PLACEMENT_3D('',#323,#324,#325);
#328=DIRECTION('',(-1.703864134695E-8,1.E0,1.053443886992E-11));
#329=VECTOR('',#328,3.620689675699E0);
#330=CARTESIAN_POINT('',(0.E0,2.637931034483E1,-1.617241379310E2));
#331=LINE('',#330,#329);
#332=CARTESIAN_POINT('',(-6.169162819691E-8,3.000000002053E1,
-1.617241379310E2));
#333=CARTESIAN_POINT('',(-2.087853687840E0,3.000008879642E1,-1.617240986920E2));
#334=CARTESIAN_POINT('',(-6.341602911280E0,3.035268601797E1,-1.614612395037E2));
#335=CARTESIAN_POINT('',(-1.281036603160E1,3.204450869761E1,-1.602103196998E2));
#336=CARTESIAN_POINT('',(-1.935147900403E1,3.507485353712E1,-1.580096792152E2));
#337=CARTESIAN_POINT('',(-2.575448465868E1,3.969295955764E1,-1.547739095487E2));
#338=CARTESIAN_POINT('',(-3.117695019781E1,4.550561506125E1,-1.509671045938E2));
#339=CARTESIAN_POINT('',(-3.510408121834E1,5.155371274783E1,-1.474250559897E2));
#340=CARTESIAN_POINT('',(-3.779566357051E1,5.739273693240E1,-1.445176078925E2));
#341=CARTESIAN_POINT('',(-3.966848695877E1,6.341194631640E1,-1.421922837652E2));
#342=CARTESIAN_POINT('',(-4.071665724037E1,6.947109389052E1,-1.407498753198E2));
#343=CARTESIAN_POINT('',(-4.090913739108E1,7.319092003083E1,-1.404719785829E2));
#344=CARTESIAN_POINT('',(-4.090909071988E1,7.500000053735E1,-1.404721169303E2));
#346=CARTESIAN_POINT('',(-4.090909071988E1,7.500000053735E1,-1.404721169303E2));
#347=CARTESIAN_POINT('',(-4.090912120191E1,7.674466531059E1,-1.404720212665E2));
#348=CARTESIAN_POINT('',(-4.072889506540E1,8.038774903832E1,-1.407326058991E2));
#349=CARTESIAN_POINT('',(-3.971359876769E1,8.639969128595E1,-1.421303690527E2));
#350=CARTESIAN_POINT('',(-3.779382342376E1,9.270881469212E1,-1.445358488670E2));
#351=CARTESIAN_POINT('',(-3.462966287048E1,9.935337600674E1,-1.479128715904E2));
#352=CARTESIAN_POINT('',(-3.059809206994E1,1.051274692372E2,-1.513855229471E2));
#353=CARTESIAN_POINT('',(-2.641979177231E1,1.095313068826E2,-1.542695128778E2));
#354=CARTESIAN_POINT('',(-2.217924974318E1,1.129480721245E2,-1.566194222083E2));
#355=CARTESIAN_POINT('',(-1.794395464468E1,1.155471021540E2,-1.584647216801E2));
#356=CARTESIAN_POINT('',(-1.385164422965E1,1.174269798259E2,-1.598267171300E2));
#357=CARTESIAN_POINT('',(-9.982543630576E0,1.187081142144E2,-1.607669197919E2));
#358=CARTESIAN_POINT('',(-6.378364411439E0,1.195051719971E2,-1.613564577012E2));
#359=CARTESIAN_POINT('',(-3.049752416789E0,1.199211782874E2,-1.616654798343E2));
#360=CARTESIAN_POINT('',(-9.868541324138E-1,1.199999936295E2,
-1.617241356276E2));
#361=CARTESIAN_POINT('',(-4.573018338816E-8,1.199999999799E2,
-1.617241379310E2));
#363=DIRECTION('',(7.186720357082E-9,1.E0,-5.702777571506E-12));
#364=VECTOR('',#363,6.379310364950E0);
#365=CARTESIAN_POINT('',(-4.573018338816E-8,1.199999999799E2,
-1.617241379310E2));
#366=LINE('',#365,#364);
#367=CARTESIAN_POINT('',(-1.644248472918E-6,3.000000000006E1,
-1.667241379310E2));
#368=DIRECTION('',(-1.E0,3.653688608121E-8,2.989357307700E-8));
#369=DIRECTION('',(2.989357348988E-8,1.130012350360E-8,1.E0));
#370=AXIS2_PLACEMENT_3D('',#367,#368,#369);
#372=CARTESIAN_POINT('',(4.500000000004E1,7.500000253806E1,-1.433469145327E2));
#373=DIRECTION('',(5.639097059118E-8,-1.E0,8.022848207613E-8));
#374=DIRECTION('',(-8.181818726989E-1,-9.941913958747E-12,5.749594969969E-1));
#375=AXIS2_PLACEMENT_3D('',#372,#373,#374);
#377=CARTESIAN_POINT('',(1.546711014945E-6,1.199999999999E2,-1.667241379310E2));
#378=DIRECTION('',(1.E0,-3.436950759073E-8,2.812027719051E-8));
#379=DIRECTION('',(-2.812027755576E-8,-1.062728642866E-8,1.E0));
#380=AXIS2_PLACEMENT_3D('',#377,#378,#379);
#382=CARTESIAN_POINT('',(-4.500000000004E1,7.499999744558E1,-1.433469145327E2));
#383=DIRECTION('',(-5.675453609173E-8,1.E0,8.074601380529E-8));
#384=DIRECTION('',(8.181818726848E-1,9.845280146684E-12,5.749594970170E-1));
#385=AXIS2_PLACEMENT_3D('',#382,#383,#384);
#387=CARTESIAN_POINT('',(-3.999999999983E1,7.499999965209E1,-1.433469145327E2));
#388=CARTESIAN_POINT('',(-3.999998815987E1,7.653997560629E1,-1.433469239811E2));
#389=CARTESIAN_POINT('',(-3.982382774973E1,7.979414019104E1,-1.436333996115E2));
#390=CARTESIAN_POINT('',(-3.883106919560E1,8.513171115389E1,-1.451710063887E2));
#391=CARTESIAN_POINT('',(-3.695396205976E1,9.074152974829E1,-1.478170161493E2));
#392=CARTESIAN_POINT('',(-3.386011444668E1,9.664734857397E1,-1.515317459776E2));
#393=CARTESIAN_POINT('',(-2.991813452968E1,1.017799985836E2,-1.553516611749E2));
#394=CARTESIAN_POINT('',(-2.583268540331E1,1.056944880588E2,-1.585240504463E2));
#395=CARTESIAN_POINT('',(-2.168637700606E1,1.087316215298E2,-1.611089506146E2));
#396=CARTESIAN_POINT('',(-1.754520206462E1,1.110418680752E2,-1.631387800667E2));
#397=CARTESIAN_POINT('',(-1.354382256366E1,1.127128711172E2,-1.646369750248E2));
#398=CARTESIAN_POINT('',(-9.760736759201E0,1.138516569421E2,-1.656711980671E2));
#399=CARTESIAN_POINT('',(-6.236520603746E0,1.145601532751E2,-1.663196893472E2));
#400=CARTESIAN_POINT('',(-2.982362214642E0,1.149299348376E2,-1.666596152597E2));
#401=CARTESIAN_POINT('',(-9.641007859748E-1,1.149999973867E2,
-1.667241327362E2));
#402=CARTESIAN_POINT('',(6.238802242375E-8,1.15E2,-1.667241379311E2));
#404=DIRECTION('',(-1.505537675869E-12,3.068604275803E-9,-1.E0));
#405=VECTOR('',#404,1.133772233983E2);
#406=CARTESIAN_POINT('',(-3.999999999983E1,7.499999965209E1,-1.433469145327E2));
#407=LINE('',#406,#405);
#408=CARTESIAN_POINT('',(6.238802242375E-8,1.15E2,-1.667241379311E2));
#409=CARTESIAN_POINT('',(2.034706079615E0,1.149999629737E2,-1.667240666418E2));
#410=CARTESIAN_POINT('',(6.203936535681E0,1.146863723356E2,-1.664348646550E2));
#411=CARTESIAN_POINT('',(1.252433624719E1,1.131830597534E2,-1.650592888058E2));
#412=CARTESIAN_POINT('',(1.892770380058E1,1.104861928278E2,-1.626356920380E2));
#413=CARTESIAN_POINT('',(2.518704052829E1,1.063796306643E2,-1.590752346922E2));
#414=CARTESIAN_POINT('',(3.048375041030E1,1.012173174743E2,-1.548915312669E2));
#415=CARTESIAN_POINT('',(3.432322595635E1,9.584220254352E1,-1.509959784638E2));
#416=CARTESIAN_POINT('',(3.695385810115E1,9.065530845924E1,-1.477993557925E2));
#417=CARTESIAN_POINT('',(3.878534213671E1,8.530535375846E1,-1.452415377989E2));
#418=CARTESIAN_POINT('',(3.981158651747E1,7.992319566100E1,-1.436528541897E2));
#419=CARTESIAN_POINT('',(3.999998807209E1,7.659855616749E1,-1.433469075429E2));
#420=CARTESIAN_POINT('',(3.999999999983E1,7.500000032976E1,-1.433469145327E2));
#422=CARTESIAN_POINT('',(8.005115901294E-8,3.499999999995E1,-1.667241379311E2));
#423=CARTESIAN_POINT('',(-2.034834341886E0,3.500003704748E1,-1.667240665961E2));
#424=CARTESIAN_POINT('',(-6.203751961020E0,3.531351797635E1,-1.664349627337E2));
#425=CARTESIAN_POINT('',(-1.252486767083E1,3.681733636055E1,-1.650589343801E2));
#426=CARTESIAN_POINT('',(-1.892166681869E1,3.951098044414E1,-1.626382342574E2));
#427=CARTESIAN_POINT('',(-2.518210361181E1,4.361597066623E1,-1.590788865520E2));
#428=CARTESIAN_POINT('',(-3.048414506316E1,4.878274296113E1,-1.548914009799E2));
#429=CARTESIAN_POINT('',(-3.432398576674E1,5.415895308965E1,-1.509951490747E2));
#430=CARTESIAN_POINT('',(-3.695576298621E1,5.934873622245E1,-1.477969500524E2));
#431=CARTESIAN_POINT('',(-3.878695758182E1,6.470086361506E1,-1.452391164144E2));
#432=CARTESIAN_POINT('',(-3.981186936257E1,7.008035695155E1,-1.436523816318E2));
#433=CARTESIAN_POINT('',(-3.999998804781E1,7.340283135749E1,-1.433469079336E2));
#434=CARTESIAN_POINT('',(-3.999999999983E1,7.499999965209E1,-1.433469145327E2));
#436=CARTESIAN_POINT('',(3.999999999983E1,7.500000032976E1,-1.433469145327E2));
#437=CARTESIAN_POINT('',(3.999998815226E1,7.344974770554E1,-1.433469224932E2));
#438=CARTESIAN_POINT('',(3.982130104094E1,7.017249588014E1,-1.436375599305E2));
#439=CARTESIAN_POINT('',(3.881514407962E1,6.479926422346E1,-1.451952209643E2));
#440=CARTESIAN_POINT('',(3.690758163718E1,5.914149769464E1,-1.478798191831E2));
#441=CARTESIAN_POINT('',(3.376438769892E1,5.320090249187E1,-1.516368192544E2));
#442=CARTESIAN_POINT('',(2.980129341645E1,4.809216922084E1,-1.554522755215E2));
#443=CARTESIAN_POINT('',(2.572302048299E1,4.421506183353E1,-1.585996494801E2));
#444=CARTESIAN_POINT('',(2.158251037885E1,4.120267303664E1,-1.611660002489E2));
#445=CARTESIAN_POINT('',(1.745224622227E1,3.891392051620E1,-1.631781414480E2));
#446=CARTESIAN_POINT('',(1.346693267309E1,3.726040419031E1,-1.646611450319E2));
#447=CARTESIAN_POINT('',(9.703215080514E0,3.613465249087E1,-1.656837030089E2));
#448=CARTESIAN_POINT('',(6.199466057991E0,3.543463032938E1,-1.663244811943E2));
#449=CARTESIAN_POINT('',(2.965182896032E0,3.506928213086E1,-1.666603367531E2));
#450=CARTESIAN_POINT('',(9.586262581831E-1,3.500000255324E1,-1.667241328564E2));
#451=CARTESIAN_POINT('',(8.005115901294E-8,3.499999999995E1,-1.667241379311E2));
#453=DIRECTION('',(1.487300508835E-12,-2.908561917021E-9,-1.E0));
#454=VECTOR('',#453,1.133772233983E2);
#455=CARTESIAN_POINT('',(3.999999999983E1,7.500000032976E1,-1.433469145327E2));
#456=LINE('',#455,#454);
#457=CARTESIAN_POINT('',(0.E0,7.5E1,-2.567241379310E2));
#458=DIRECTION('',(0.E0,0.E0,-1.E0));
#459=DIRECTION('',(-1.E0,0.E0,0.E0));
#460=AXIS2_PLACEMENT_3D('',#457,#458,#459);
#462=CARTESIAN_POINT('',(0.E0,7.5E1,-2.567241379310E2));
#463=DIRECTION('',(0.E0,0.E0,-1.E0));
#464=DIRECTION('',(1.E0,0.E0,0.E0));
#465=AXIS2_PLACEMENT_3D('',#462,#463,#464);
#467=CARTESIAN_POINT('',(0.E0,7.5E1,-2.567241379310E2));
#468=DIRECTION('',(0.E0,0.E0,1.E0));
#469=DIRECTION('',(1.E0,0.E0,0.E0));
#470=AXIS2_PLACEMENT_3D('',#467,#468,#469);
#472=CARTESIAN_POINT('',(0.E0,7.5E1,-2.567241379310E2));
#473=DIRECTION('',(0.E0,0.E0,1.E0));
#474=DIRECTION('',(-1.E0,0.E0,0.E0));
#475=AXIS2_PLACEMENT_3D('',#472,#473,#474);
#477=DIRECTION('',(-7.071067811865E-1,-1.846813103655E-8,7.071067811866E-1));
#478=VECTOR('',#477,2.828427103904E0);
#479=CARTESIAN_POINT('',(3.199999995036E1,7.500000017595E1,-2.567241378814E2));
#480=LINE('',#479,#478);
#481=DIRECTION('',(7.071067811865E-1,1.846814610944E-8,7.071067811866E-1));
#482=VECTOR('',#481,2.828427103904E0);
#483=CARTESIAN_POINT('',(-3.199999995036E1,7.499999982405E1,-2.567241378814E2));
#484=LINE('',#483,#482);
#485=CARTESIAN_POINT('',(2.999999999999E1,7.499999235314E1,-1.433469145328E2));
#486=CARTESIAN_POINT('',(2.999999220976E1,7.395641047237E1,-1.433469398796E2));
#487=CARTESIAN_POINT('',(2.989187548184E1,7.176344787627E1,-1.435801847309E2));
#488=CARTESIAN_POINT('',(2.929596229497E1,6.818233249736E1,-1.448202707423E2));
#489=CARTESIAN_POINT('',(2.817553741268E1,6.443417572520E1,-1.469722539717E2));
#490=CARTESIAN_POINT('',(2.641448091143E1,6.054201145391E1,-1.499647588618E2));
#491=CARTESIAN_POINT('',(2.384954320248E1,5.658723666114E1,-1.536355881242E2));
#492=CARTESIAN_POINT('',(2.055154041105E1,5.296170317275E1,-1.574286173255E2));
#493=CARTESIAN_POINT('',(1.676974068590E1,4.998361927424E1,-1.607762475134E2));
#494=CARTESIAN_POINT('',(1.291286530214E1,4.780200775415E1,-1.633326331971E2));
#495=CARTESIAN_POINT('',(8.716616513096E0,4.617453719981E1,-1.652881292866E2));
#496=CARTESIAN_POINT('',(4.306924803154E0,4.520062139531E1,-1.664775172313E2));
#497=CARTESIAN_POINT('',(1.422789090172E0,4.500002477604E1,-1.667240680705E2));
#498=CARTESIAN_POINT('',(2.769194235161E-8,4.499999999983E1,-1.667241379312E2));
#500=CARTESIAN_POINT('',(2.769194235161E-8,4.499999999983E1,-1.667241379312E2));
#501=CARTESIAN_POINT('',(-1.380328244150E0,4.500002179928E1,-1.667240761714E2));
#502=CARTESIAN_POINT('',(-4.232702921672E0,4.519390866524E1,-1.664858098377E2));
#503=CARTESIAN_POINT('',(-8.614686943359E0,4.613664009326E1,-1.653341846898E2));
#504=CARTESIAN_POINT('',(-1.321367340398E1,4.790565635409E1,-1.632062054769E2));
#505=CARTESIAN_POINT('',(-1.768584054804E1,5.057920235780E1,-1.600859909885E2));
#506=CARTESIAN_POINT('',(-2.157807362098E1,5.396141465816E1,-1.563464957005E2));
#507=CARTESIAN_POINT('',(-2.457734029428E1,5.760551114381E1,-1.526484708251E2));
#508=CARTESIAN_POINT('',(-2.674163484376E1,6.121387827200E1,-1.494223561774E2));
#509=CARTESIAN_POINT('',(-2.824390642602E1,6.466640241153E1,-1.468387919902E2));
#510=CARTESIAN_POINT('',(-2.929472257747E1,6.819354251241E1,-1.448222122907E2));
#511=CARTESIAN_POINT('',(-2.989097614594E1,7.175402302010E1,-1.435822594410E2));
#512=CARTESIAN_POINT('',(-2.999999216945E1,7.394440547289E1,-1.433469362079E2));
#513=CARTESIAN_POINT('',(-2.999999999998E1,7.500000766159E1,-1.433469145328E2));
#515=DIRECTION('',(3.132421339909E-10,-6.990032113256E-8,-1.E0));
#516=VECTOR('',#515,1.113772233634E2);
#517=CARTESIAN_POINT('',(-2.999999999998E1,7.500000766159E1,-1.433469145328E2));
#518=LINE('',#517,#516);
#519=CARTESIAN_POINT('',(0.E0,7.5E1,-2.547241379310E2));
#520=DIRECTION('',(0.E0,0.E0,1.E0));
#521=DIRECTION('',(-1.E0,0.E0,0.E0));
#522=AXIS2_PLACEMENT_3D('',#519,#520,#521);
#524=DIRECTION('',(3.132599330900E-10,-6.976810700041E-8,1.E0));
#525=VECTOR('',#524,1.113772233634E2);
#526=CARTESIAN_POINT('',(2.999999996510E1,7.500000012372E1,-2.547241378961E2));
#527=LINE('',#526,#525);
#528=CARTESIAN_POINT('',(4.500000000009E1,7.500000639278E1,-1.433469145326E2));
#529=DIRECTION('',(1.420410185808E-7,-1.E0,2.020966018006E-7));
#530=DIRECTION('',(-8.181818699E-1,-1.802504812073E-11,5.749595009798E-1));
#531=AXIS2_PLACEMENT_3D('',#528,#529,#530);
#533=CARTESIAN_POINT('',(9.139693434666E-9,1.199999997784E2,-1.517241379308E2));
#534=CARTESIAN_POINT('',(1.510975101239E0,1.199999168668E2,-1.517241028512E2));
#535=CARTESIAN_POINT('',(4.617616449614E0,1.197086383366E2,-1.515504940968E2));
#536=CARTESIAN_POINT('',(9.397281140289E0,1.182953626385E2,-1.507134596946E2));
#537=CARTESIAN_POINT('',(1.441475597182E1,1.156416649503E2,-1.491657207898E2));
#538=CARTESIAN_POINT('',(1.929345364460E1,1.116312126610E2,-1.468964177316E2));
#539=CARTESIAN_POINT('',(2.353703828364E1,1.065612474564E2,-1.441785592541E2));
#540=CARTESIAN_POINT('',(2.680822243558E1,1.010983425102E2,-1.414903932913E2));
#541=CARTESIAN_POINT('',(2.917038781980E1,9.568542265372E1,-1.391434985805E2));
#542=CARTESIAN_POINT('',(3.080912266153E1,9.050872424215E1,-1.372649687082E2));
#543=CARTESIAN_POINT('',(3.195606722857E1,8.522176708672E1,-1.357979029634E2));
#544=CARTESIAN_POINT('',(3.260799837477E1,7.987135082087E1,-1.348942150733E2));
#545=CARTESIAN_POINT('',(3.272731387005E1,7.659404315318E1,-1.347223895020E2));
#546=CARTESIAN_POINT('',(3.272727266059E1,7.500001529702E1,-1.347225210090E2));
#548=CARTESIAN_POINT('',(0.E0,1.493793103448E2,-1.117241379310E2));
#549=DIRECTION('',(0.E0,-1.E0,0.E0));
#550=DIRECTION('',(0.E0,0.E0,-1.E0));
#551=AXIS2_PLACEMENT_3D('',#548,#549,#550);
#553=DIRECTION('',(-2.457668075590E-10,1.E0,-1.646424568767E-10));
#554=VECTOR('',#553,1.229999999797E2);
#555=CARTESIAN_POINT('',(0.E0,2.637931034483E1,-7.172413793103E1));
#556=LINE('',#555,#554);
#557=CARTESIAN_POINT('',(0.E0,2.637931034483E1,-1.117241379310E2));
#558=DIRECTION('',(0.E0,1.E0,0.E0));
#559=DIRECTION('',(0.E0,0.E0,1.E0));
#560=AXIS2_PLACEMENT_3D('',#557,#558,#559);
#562=CARTESIAN_POINT('',(3.272727266059E1,7.500001529702E1,-1.347225210090E2));
#563=CARTESIAN_POINT('',(3.272730767837E1,7.342613481333E1,-1.347224108402E2));
#564=CARTESIAN_POINT('',(3.260929855710E1,7.014910781179E1,-1.348922316081E2));
#565=CARTESIAN_POINT('',(3.195923694648E1,6.477244409805E1,-1.357940367221E2));
#566=CARTESIAN_POINT('',(3.073694864725E1,5.915154618239E1,-1.373591356975E2));
#567=CARTESIAN_POINT('',(2.881579703592E1,5.331294145047E1,-1.395354974593E2));
#568=CARTESIAN_POINT('',(2.601768603910E1,4.738087531868E1,-1.422051929291E2));
#569=CARTESIAN_POINT('',(2.241985240668E1,4.194254918163E1,-1.449637592089E2));
#570=CARTESIAN_POINT('',(1.829429946064E1,3.747543089435E1,-1.473983995330E2));
#571=CARTESIAN_POINT('',(1.408662443090E1,3.420300927677E1,-1.492575887833E2));
#572=CARTESIAN_POINT('',(9.509550169457E0,3.176181323458E1,-1.506797689214E2));
#573=CARTESIAN_POINT('',(4.696545245103E0,3.030090470798E1,-1.515447740181E2));
#574=CARTESIAN_POINT('',(1.556266649224E0,3.000009610578E1,-1.517240944572E2));
#575=CARTESIAN_POINT('',(-2.116807827785E-8,3.000000022175E1,
-1.517241379308E2));
#577=CARTESIAN_POINT('',(6.775710507003E-6,1.199999999998E2,-1.667241379309E2));
#578=DIRECTION('',(1.E0,-1.505650425280E-7,1.231886375763E-7));
#579=DIRECTION('',(-1.231886419994E-7,-2.937660686574E-8,1.E0));
#580=AXIS2_PLACEMENT_3D('',#577,#578,#579);
#582=CARTESIAN_POINT('',(-2.999999999998E1,7.500000766159E1,-1.433469145328E2));
#583=CARTESIAN_POINT('',(-2.999999218942E1,7.604314504893E1,-1.433469400700E2));
#584=CARTESIAN_POINT('',(-2.989203463667E1,7.823598156713E1,-1.435798528128E2));
#585=CARTESIAN_POINT('',(-2.929531627316E1,8.182113910395E1,-1.448216187716E2));
#586=CARTESIAN_POINT('',(-2.817353864425E1,8.557137898474E1,-1.469759374907E2));
#587=CARTESIAN_POINT('',(-2.641057678848E1,8.946553978553E1,-1.499710632713E2));
#588=CARTESIAN_POINT('',(-2.384155993410E1,9.342348471971E1,-1.536461464770E2));
#589=CARTESIAN_POINT('',(-2.053984255050E1,9.704927121340E1,-1.574405826084E2));
#590=CARTESIAN_POINT('',(-1.675592545188E1,1.000257536042E2,-1.607870351989E2));
#591=CARTESIAN_POINT('',(-1.289625309210E1,1.022057710534E2,-1.633418931207E2));
#592=CARTESIAN_POINT('',(-8.704700266857E0,1.038286641662E2,-1.652920343871E2));
#593=CARTESIAN_POINT('',(-4.301448417008E0,1.047998655143E2,-1.664781155508E2));
#594=CARTESIAN_POINT('',(-1.421025995860E0,1.049999753458E2,-1.667240684105E2));
#595=CARTESIAN_POINT('',(-1.014480976409E-8,1.050000000002E2,
-1.667241379312E2));
#597=CARTESIAN_POINT('',(-1.014480976409E-8,1.050000000002E2,
-1.667241379312E2));
#598=CARTESIAN_POINT('',(1.381170687368E0,1.049999782242E2,-1.667240762622E2));
#599=CARTESIAN_POINT('',(4.234620351371E0,1.048057432562E2,-1.664853838944E2));
#600=CARTESIAN_POINT('',(8.613690657796E0,1.038635793447E2,-1.653344536828E2));
#601=CARTESIAN_POINT('',(1.321365591815E1,1.020944419253E2,-1.632063148188E2));
#602=CARTESIAN_POINT('',(1.768563111907E1,9.942080968781E1,-1.600860225021E2));
#603=CARTESIAN_POINT('',(2.157562770325E1,9.604082802397E1,-1.563489674120E2));
#604=CARTESIAN_POINT('',(2.457420151476E1,9.239890821424E1,-1.526527385593E2));
#605=CARTESIAN_POINT('',(2.673952242965E1,8.879023255311E1,-1.494257606309E2));
#606=CARTESIAN_POINT('',(2.824169711157E1,8.533933315148E1,-1.468427735143E2));
#607=CARTESIAN_POINT('',(2.929305601066E1,8.181382598034E1,-1.448255899849E2));
#608=CARTESIAN_POINT('',(2.989068630046E1,7.825012520044E1,-1.435829001993E2));
#609=CARTESIAN_POINT('',(2.999999216951E1,7.605718374077E1,-1.433469359570E2));
#610=CARTESIAN_POINT('',(2.999999999999E1,7.499999235314E1,-1.433469145328E2));
#612=CARTESIAN_POINT('',(0.E0,7.5E1,-2.547241379310E2));
#613=DIRECTION('',(0.E0,0.E0,1.E0));
#614=DIRECTION('',(1.E0,0.E0,0.E0));
#615=AXIS2_PLACEMENT_3D('',#612,#613,#614);
#617=CARTESIAN_POINT('',(-4.500000000009E1,7.499999350505E1,-1.433469145326E2));
#618=DIRECTION('',(-1.443110916306E-7,1.E0,2.053263138283E-7));
#619=DIRECTION('',(8.181818707300E-1,1.840400424646E-11,5.749594997986E-1));
#620=AXIS2_PLACEMENT_3D('',#617,#618,#619);
#622=CARTESIAN_POINT('',(-3.272727265294E1,7.499998467363E1,-1.347225210200E2));
#623=CARTESIAN_POINT('',(-3.272730768565E1,7.657321580619E1,-1.347224108470E2));
#624=CARTESIAN_POINT('',(-3.260947216680E1,7.985002830692E1,-1.348919902742E2));
#625=CARTESIAN_POINT('',(-3.195853219930E1,8.523276545994E1,-1.357950170906E2));
#626=CARTESIAN_POINT('',(-3.073476817077E1,9.085678530483E1,-1.373618146248E2));
#627=CARTESIAN_POINT('',(-2.881153799612E1,9.669838556342E1,-1.395400824832E2));
#628=CARTESIAN_POINT('',(-2.600897700724E1,1.026352067113E2,-1.422128717315E2));
#629=CARTESIAN_POINT('',(-2.240709114807E1,1.080739124080E2,-1.449724612327E2));
#630=CARTESIAN_POINT('',(-1.827922813281E1,1.125386284231E2,-1.474062451227E2));
#631=CARTESIAN_POINT('',(-1.406850262988E1,1.158086589251E2,-1.492643232726E2));
#632=CARTESIAN_POINT('',(-9.496548351799E0,1.182429888525E2,-1.506826089968E2));
#633=CARTESIAN_POINT('',(-4.690579500959E0,1.196998255134E2,-1.515452091509E2));
#634=CARTESIAN_POINT('',(-1.554324968811E0,1.199999043855E2,-1.517240947230E2));
#635=CARTESIAN_POINT('',(9.139693434666E-9,1.199999997784E2,-1.517241379308E2));
#637=CARTESIAN_POINT('',(-2.116807827785E-8,3.000000022175E1,
-1.517241379308E2));
#638=CARTESIAN_POINT('',(-1.510060566782E0,3.000008317139E1,-1.517241029286E2));
#639=CARTESIAN_POINT('',(-4.615522622214E0,3.029083954430E1,-1.515508038071E2));
#640=CARTESIAN_POINT('',(-9.398368556190E0,3.170496651866E1,-1.507132640812E2));
#641=CARTESIAN_POINT('',(-1.441477489749E1,3.435848246965E1,-1.491656412637E2));
#642=CARTESIAN_POINT('',(-1.929368215276E1,3.836880540389E1,-1.468963948136E2));
#643=CARTESIAN_POINT('',(-2.353970654649E1,4.344211657995E1,-1.441767616462E2));
#644=CARTESIAN_POINT('',(-2.681164656263E1,4.890828647772E1,-1.414872894820E2));
#645=CARTESIAN_POINT('',(-2.917269226685E1,5.432074376730E1,-1.391410226244E2));
#646=CARTESIAN_POINT('',(-3.081153283762E1,5.949987841812E1,-1.372620730163E2));
#647=CARTESIAN_POINT('',(-3.195788524664E1,6.478928820606E1,-1.357954466001E2));
#648=CARTESIAN_POINT('',(-3.260831477418E1,7.013486197956E1,-1.348937485385E2));
#649=CARTESIAN_POINT('',(-3.272731342971E1,7.340836120241E1,-1.347223908237E2));
#650=CARTESIAN_POINT('',(-3.272727265294E1,7.499998467363E1,-1.347225210200E2));
#652=DIRECTION('',(-5.846422275298E-9,1.E0,5.857524476797E-11));
#653=VECTOR('',#652,3.620689876923E0);
#654=CARTESIAN_POINT('',(0.E0,2.637931034483E1,-1.517241379310E2));
#655=LINE('',#654,#653);
#656=CARTESIAN_POINT('',(0.E0,2.637931034483E1,-1.117241379310E2));
#657=DIRECTION('',(0.E0,1.E0,0.E0));
#658=DIRECTION('',(0.E0,0.E0,-1.E0));
#659=AXIS2_PLACEMENT_3D('',#656,#657,#658);
#661=CARTESIAN_POINT('',(0.E0,1.493793103448E2,-1.117241379310E2));
#662=DIRECTION('',(0.E0,-1.E0,0.E0));
#663=DIRECTION('',(0.E0,0.E0,1.E0));
#664=AXIS2_PLACEMENT_3D('',#661,#662,#663);
#666=DIRECTION('',(7.178392963485E-10,1.E0,6.820876962002E-10));
#667=VECTOR('',#666,2.937931054617E1);
#668=CARTESIAN_POINT('',(9.139693434666E-9,1.199999997784E2,-1.517241379308E2));
#669=LINE('',#668,#667);
#670=CARTESIAN_POINT('',(-6.796742152088E-6,3.000000000022E1,
-1.667241379309E2));
#671=DIRECTION('',(-1.E0,1.510323601478E-7,1.235709814765E-7));
#672=DIRECTION('',(1.235709859259E-7,2.946023253510E-8,1.E0));
#673=AXIS2_PLACEMENT_3D('',#670,#671,#672);
#675=CARTESIAN_POINT('',(0.E0,-4.862068965517E1,-3.672413793103E1));
#676=DIRECTION('',(0.E0,0.E0,-1.E0));
#677=DIRECTION('',(0.E0,-1.E0,0.E0));
#678=AXIS2_PLACEMENT_3D('',#675,#676,#677);
#680=CARTESIAN_POINT('',(0.E0,2.637931034483E1,-3.672413793103E1));
#681=DIRECTION('',(1.E0,0.E0,0.E0));
#682=DIRECTION('',(0.E0,-1.E0,0.E0));
#683=AXIS2_PLACEMENT_3D('',#680,#681,#682);
#685=CARTESIAN_POINT('',(2.019701993442E-7,-8.620689655382E0,4.827586229045E1));
#686=CARTESIAN_POINT('',(-1.516542951740E0,-8.620725287739E0,4.827594484330E1));
#687=CARTESIAN_POINT('',(-4.628526052612E0,-8.796082696871E0,4.857016842578E1));
#688=CARTESIAN_POINT('',(-9.383580303898E0,-9.629079785378E0,4.997666020448E1));
#689=CARTESIAN_POINT('',(-1.439182555308E1,-1.117029684551E1,5.261895731385E1));
#690=CARTESIAN_POINT('',(-1.927682187659E1,-1.343891012036E1,5.662734857261E1));
#691=CARTESIAN_POINT('',(-2.352357995413E1,-1.615684642143E1,6.169671436556E1));
#692=CARTESIAN_POINT('',(-2.678518379810E1,-1.883432089405E1,6.713531075054E1));
#693=CARTESIAN_POINT('',(-2.914178333299E1,-2.117132791830E1,7.251839625972E1));
#694=CARTESIAN_POINT('',(-3.077770171851E1,-2.304174764950E1,7.765099921780E1));
#695=CARTESIAN_POINT('',(-3.194170416165E1,-2.452724174675E1,8.296062358835E1));
#696=CARTESIAN_POINT('',(-3.260573735366E1,-2.544734108099E1,8.835917732851E1));
#697=CARTESIAN_POINT('',(-3.272731856665E1,-2.562244992993E1,9.166608779846E1));
#698=CARTESIAN_POINT('',(-3.272727266566E1,-2.562230658410E1,9.327588098708E1));
#700=DIRECTION('',(-1.355574726685E-10,-9.081169499319E-11,-1.E0));
#701=VECTOR('',#700,2.229999999797E2);
#702=CARTESIAN_POINT('',(3.022932007286E-8,-8.862068963492E1,1.862758620487E2));
#703=LINE('',#702,#701);
#704=CARTESIAN_POINT('',(0.E0,-4.862068965517E1,1.862758620690E2));
#705=DIRECTION('',(0.E0,0.E0,-1.E0));
#706=DIRECTION('',(0.E0,-1.E0,0.E0));
#707=AXIS2_PLACEMENT_3D('',#704,#705,#706);
#709=CARTESIAN_POINT('',(-3.272727266566E1,-2.562230658410E1,9.327588098708E1));
#710=CARTESIAN_POINT('',(-3.272730692649E1,-2.562241640122E1,9.484931905794E1));
#711=CARTESIAN_POINT('',(-3.260980355841E1,-2.545324376786E1,9.813241061598E1));
#712=CARTESIAN_POINT('',(-3.195172872729E1,-2.454049966565E1,1.035558089027E2));
#713=CARTESIAN_POINT('',(-3.071473904374E1,-2.295805688915E1,1.092118482517E2));
#714=CARTESIAN_POINT('',(-2.876515167737E1,-2.075544625921E1,1.150944013407E2));
#715=CARTESIAN_POINT('',(-2.594132374633E1,-1.807382926750E1,1.210308641704E2));
#716=CARTESIAN_POINT('',(-2.233533606645E1,-1.532510125380E1,1.264384114371E2));
#717=CARTESIAN_POINT('',(-1.822587274094E1,-1.291201971954E1,1.308618166165E2));
#718=CARTESIAN_POINT('',(-1.401095261106E1,-1.105845524380E1,1.341228278464E2));
#719=CARTESIAN_POINT('',(-9.430830637478E0,-9.646698776177E0,1.365451706675E2));
#720=CARTESIAN_POINT('',(-4.650642183705E0,-8.796352668244E0,1.379811529355E2));
#721=CARTESIAN_POINT('',(-1.539080482611E0,-8.620730916515E0,1.382757691218E2));
#722=CARTESIAN_POINT('',(-1.892814504525E-7,-8.620689655382E0,
1.382758618480E2));
#724=CARTESIAN_POINT('',(-6.455997831825E-6,6.379310344663E0,4.827586206917E1));
#725=DIRECTION('',(-1.E0,-1.173761659619E-7,1.434608243810E-7));
#726=DIRECTION('',(1.173761699819E-7,-1.E0,2.802212767026E-8));
#727=AXIS2_PLACEMENT_3D('',#724,#725,#726);
#729=CARTESIAN_POINT('',(-4.499999999991E1,-1.699791305341E1,9.327586815383E1));
#730=DIRECTION('',(1.351986320635E-7,1.923601729099E-7,1.E0));
#731=DIRECTION('',(8.181817682890E-1,-5.749596455747E-1,-1.771904104926E-11));
#732=AXIS2_PLACEMENT_3D('',#729,#730,#731);
#734=CARTESIAN_POINT('',(6.459281792215E-6,6.379310344663E0,1.382758620688E2));
#735=DIRECTION('',(1.E0,-1.174358399445E-7,-1.435337640111E-7));
#736=DIRECTION('',(-1.174358439671E-7,-1.E0,-2.802515268753E-8));
#737=AXIS2_PLACEMENT_3D('',#734,#735,#736);
#739=CARTESIAN_POINT('',(-1.892814504525E-7,-8.620689655382E0,
1.382758618480E2));
#740=CARTESIAN_POINT('',(1.515174917696E0,-8.620725149577E0,1.382757792931E2));
#741=CARTESIAN_POINT('',(4.625572604461E0,-8.795682508778E0,1.379822288436E2));
#742=CARTESIAN_POINT('',(9.384439556071E0,-9.629133484593E0,1.365749796338E2));
#743=CARTESIAN_POINT('',(1.439417665905E1,-1.117116958412E1,1.339312586220E2));
#744=CARTESIAN_POINT('',(1.927979465742E1,-1.344046179479E1,1.299215961847E2));
#745=CARTESIAN_POINT('',(2.352800382118E1,-1.615996085634E1,1.248490835709E2));
#746=CARTESIAN_POINT('',(2.678971477161E1,-1.883844231081E1,1.194075808573E2));
#747=CARTESIAN_POINT('',(2.914465601384E1,-2.117441826719E1,1.140256215994E2));
#748=CARTESIAN_POINT('',(3.078050080933E1,-2.304510973554E1,1.088907200650E2));
#749=CARTESIAN_POINT('',(3.194368946111E1,-2.452992481007E1,1.035790559891E2));
#750=CARTESIAN_POINT('',(3.260607585734E1,-2.544784013394E1,9.818591020240E1));
#751=CARTESIAN_POINT('',(3.272731808011E1,-2.562244846912E1,9.488309492696E1));
#752=CARTESIAN_POINT('',(3.272727265857E1,-2.562230657399E1,9.327584308886E1));
#754=DIRECTION('',(-3.313585957273E-9,4.175349308082E-10,-1.E0));
#755=VECTOR('',#754,4.800000020076E1);
#756=CARTESIAN_POINT('',(-3.022932383815E-8,-8.620689675423E0,
1.862758620487E2));
#757=LINE('',#756,#755);
#758=CARTESIAN_POINT('',(0.E0,-4.862068965517E1,1.862758620690E2));
#759=DIRECTION('',(0.E0,0.E0,-1.E0));
#760=DIRECTION('',(0.E0,1.E0,0.E0));
#761=AXIS2_PLACEMENT_3D('',#758,#759,#760);
#763=DIRECTION('',(-2.376120014908E-9,2.466899880552E-12,-1.E0));
#764=VECTOR('',#763,8.500000022148E1);
#765=CARTESIAN_POINT('',(2.019701993442E-7,-8.620689655382E0,4.827586229045E1));
#766=LINE('',#765,#764);
#767=CARTESIAN_POINT('',(3.272727265857E1,-2.562230657399E1,9.327584308886E1));
#768=CARTESIAN_POINT('',(3.272730664675E1,-2.562241554805E1,9.170450697467E1));
#769=CARTESIAN_POINT('',(3.261014421208E1,-2.545373816536E1,8.842391906286E1));
#770=CARTESIAN_POINT('',(3.195225588815E1,-2.454117289202E1,8.299805348023E1));
#771=CARTESIAN_POINT('',(3.071397889974E1,-2.295709385299E1,7.733657711723E1));
#772=CARTESIAN_POINT('',(2.876287796441E1,-2.075294085424E1,7.145104585088E1));
#773=CARTESIAN_POINT('',(2.593486344255E1,-1.806810653137E1,6.550883039928E1));
#774=CARTESIAN_POINT('',(2.232516837709E1,-1.531816889877E1,6.010020702034E1));
#775=CARTESIAN_POINT('',(1.821296716697E1,-1.290529498411E1,5.567785241184E1));
#776=CARTESIAN_POINT('',(1.399498736279E1,-1.105255220416E1,5.241867412183E1));
#777=CARTESIAN_POINT('',(9.419329790278E0,-9.644209719345E0,5.000234522239E1));
#778=CARTESIAN_POINT('',(4.645391178635E0,-8.795975044995E0,4.856993755376E1));
#779=CARTESIAN_POINT('',(1.537371586013E0,-8.620730692904E0,4.827595459127E1));
#780=CARTESIAN_POINT('',(2.019701993442E-7,-8.620689655382E0,4.827586229045E1));
#782=DIRECTION('',(4.275069586617E-9,-7.071067811866E-1,-7.071067811865E-1));
#783=VECTOR('',#782,2.828427113290E0);
#784=CARTESIAN_POINT('',(-4.232104656814E-8,-6.620689683524E0,
1.882758620406E2));
#785=LINE('',#784,#783);
#786=DIRECTION('',(-4.275074484289E-9,7.071067811866E-1,-7.071067811865E-1));
#787=VECTOR('',#786,2.828427113290E0);
#788=CARTESIAN_POINT('',(4.232105665556E-8,-9.062068962682E1,1.882758620406E2));
#789=LINE('',#788,#787);
#790=CARTESIAN_POINT('',(0.E0,-4.862068965517E1,-3.672413793103E1));
#791=DIRECTION('',(0.E0,0.E0,-1.E0));
#792=DIRECTION('',(0.E0,1.E0,0.E0));
#793=AXIS2_PLACEMENT_3D('',#790,#791,#792);
#795=CARTESIAN_POINT('',(0.E0,2.637931034483E1,-3.672413793103E1));
#796=DIRECTION('',(1.E0,0.E0,0.E0));
#797=DIRECTION('',(0.E0,-1.E0,0.E0));
#798=AXIS2_PLACEMENT_3D('',#795,#796,#797);
#800=CARTESIAN_POINT('',(4.499999999991E1,-1.699791305341E1,9.327585605157E1));
#801=DIRECTION('',(-1.336995395610E-7,1.902271554332E-7,-1.E0));
#802=DIRECTION('',(-8.181817688692E-1,-5.749596447491E-1,1.758830118588E-11));
#803=AXIS2_PLACEMENT_3D('',#800,#801,#802);
#805=CARTESIAN_POINT('',(2.999999999998E1,-1.699791305349E1,9.327587155672E1));
#806=CARTESIAN_POINT('',(2.999999267830E1,-1.699788864171E1,9.223409506801E1));
#807=CARTESIAN_POINT('',(2.989265000955E1,-1.676621216432E1,9.003854018769E1));
#808=CARTESIAN_POINT('',(2.928956316627E1,-1.551133245337E1,8.642471132050E1));
#809=CARTESIAN_POINT('',(2.815448176775E1,-1.333325122942E1,8.264947873559E1));
#810=CARTESIAN_POINT('',(2.636597175996E1,-1.030253349739E1,7.872603640840E1));
#811=CARTESIAN_POINT('',(2.377362254235E1,-6.610888283687E0,7.476449371542E1));
#812=CARTESIAN_POINT('',(2.046474650634E1,-2.829723476615E0,7.115876251340E1));
#813=CARTESIAN_POINT('',(1.669518687366E1,4.879778872841E-1,6.821052096392E1));
#814=CARTESIAN_POINT('',(1.282886170612E1,3.035499722475E0,6.603773829522E1));
#815=CARTESIAN_POINT('',(8.633925509551E0,4.971968856805E0,6.442684607417E1));
#816=CARTESIAN_POINT('',(4.259992482997E0,6.138298150451E0,6.347192992281E1));
#817=CARTESIAN_POINT('',(1.405557157736E0,6.379242679001E0,6.327588602149E1));
#818=CARTESIAN_POINT('',(-2.487079700406E-7,6.379310345031E0,6.327586206880E1));
#820=CARTESIAN_POINT('',(-2.487079700406E-7,6.379310345031E0,6.327586206880E1));
#821=CARTESIAN_POINT('',(-1.386316619648E0,6.379249379703E0,6.327588365569E1));
#822=CARTESIAN_POINT('',(-4.244601296329E0,6.138150468726E0,6.347208191877E1));
#823=CARTESIAN_POINT('',(-8.601136789390E0,4.992772424494E0,6.440972324515E1));
#824=CARTESIAN_POINT('',(-1.319263496562E1,2.873600867080E0,6.617126027691E1));
#825=CARTESIAN_POINT('',(-1.767038570820E1,-2.457429393734E-1,
6.884351847347E1));
#826=CARTESIAN_POINT('',(-2.156329079736E1,-3.982905039460E0,7.222310061373E1));
#827=CARTESIAN_POINT('',(-2.455308280264E1,-7.664433141342E0,7.584881439980E1));
#828=CARTESIAN_POINT('',(-2.671330159832E1,-1.087781530541E1,7.943760167662E1));
#829=CARTESIAN_POINT('',(-2.821289474863E1,-1.344965171087E1,8.285909970313E1));
#830=CARTESIAN_POINT('',(-2.927988924512E1,-1.549217148863E1,8.639973479496E1));
#831=CARTESIAN_POINT('',(-2.988861601308E1,-1.675743722199E1,8.999546585478E1));
#832=CARTESIAN_POINT('',(-2.999999148626E1,-1.699789056318E1,9.220829520565E1));
#833=CARTESIAN_POINT('',(-2.999999999998E1,-1.699791305349E1,9.327585261229E1));
#835=DIRECTION('',(-4.360666565601E-10,-1.E0,-1.197579840538E-7));
#836=VECTOR('',#835,7.999791301858E1);
#837=CARTESIAN_POINT('',(-2.999999996510E1,6.299999996510E1,9.327586219268E1));
#838=LINE('',#837,#836);
#839=CARTESIAN_POINT('',(0.E0,6.3E1,9.327586206897E1));
#840=DIRECTION('',(0.E0,-1.E0,0.E0));
#841=DIRECTION('',(-1.E0,0.E0,0.E0));
#842=AXIS2_PLACEMENT_3D('',#839,#840,#841);
#844=CARTESIAN_POINT('',(2.303548722076E-7,6.379310345031E0,1.232758620691E2));
#845=CARTESIAN_POINT('',(1.385056673005E0,6.379249287321E0,1.232758404605E2));
#846=CARTESIAN_POINT('',(4.241896714222E0,6.138700858388E0,1.230800909832E2));
#847=CARTESIAN_POINT('',(8.601923701591E0,4.992698552983E0,1.221419446902E2));
#848=CARTESIAN_POINT('',(1.319479034322E1,2.872400860825E0,1.203794583944E2));
#849=CARTESIAN_POINT('',(1.767311070440E1,-2.478764939363E-1,1.177063527411E2));
#850=CARTESIAN_POINT('',(2.156734602326E1,-3.987187387888E0,1.143246727333E2));
#851=CARTESIAN_POINT('',(2.455723619017E1,-7.670100085431E0,1.106970213472E2));
#852=CARTESIAN_POINT('',(2.671593489408E1,-1.088206455055E1,1.071089850821E2));
#853=CARTESIAN_POINT('',(2.821546056677E1,-1.345427452149E1,1.036859540089E2));
#854=CARTESIAN_POINT('',(2.928170915842E1,-1.549586091605E1,1.001439615859E2));
#855=CARTESIAN_POINT('',(2.988892610139E1,-1.675812261607E1,9.655182660137E1));
#856=CARTESIAN_POINT('',(2.999999148567E1,-1.699789028639E1,9.434175033725E1));
#857=CARTESIAN_POINT('',(2.999999999998E1,-1.699791305349E1,9.327587155672E1));
#859=DIRECTION('',(4.360446291607E-10,-1.E0,1.201465472024E-7));
#860=VECTOR('',#859,7.999791301858E1);
#861=CARTESIAN_POINT('',(2.999999996510E1,6.299999996510E1,9.327586194525E1));
#862=LINE('',#861,#860);
#863=CARTESIAN_POINT('',(0.E0,6.3E1,9.327586206897E1));
#864=DIRECTION('',(0.E0,-1.E0,0.E0));
#865=DIRECTION('',(1.E0,0.E0,0.E0));
#866=AXIS2_PLACEMENT_3D('',#863,#864,#865);
#868=CARTESIAN_POINT('',(-2.999999999998E1,-1.699791305349E1,9.327585261229E1));
#869=CARTESIAN_POINT('',(-2.999999269621E1,-1.699788896760E1,9.431903203753E1));
#870=CARTESIAN_POINT('',(-2.989233785434E1,-1.676553276094E1,9.651625351979E1));
#871=CARTESIAN_POINT('',(-2.928907990600E1,-1.551040666175E1,1.001284385261E2));
#872=CARTESIAN_POINT('',(-2.815517857369E1,-1.333457543236E1,1.039000461662E2));
#873=CARTESIAN_POINT('',(-2.636805599722E1,-1.030597842167E1,1.078215031138E2));
#874=CARTESIAN_POINT('',(-2.377954447868E1,-6.618757047898E0,1.117792107064E2));
#875=CARTESIAN_POINT('',(-2.047406692309E1,-2.839255464264E0,1.153842245049E2));
#876=CARTESIAN_POINT('',(-1.670701685259E1,4.787313759795E-1,1.183331664356E2));
#877=CARTESIAN_POINT('',(-1.284349700438E1,3.027383042795E0,1.205071710571E2));
#878=CARTESIAN_POINT('',(-8.644466134003E0,4.968546404466E0,1.221220725869E2));
#879=CARTESIAN_POINT('',(-4.264812692230E0,6.137778915448E0,1.230793717011E2));
#880=CARTESIAN_POINT('',(-1.407109020348E0,6.379242378084E0,1.232758380089E2));
#881=CARTESIAN_POINT('',(2.303548722076E-7,6.379310345031E0,1.232758620691E2));
#883=DIRECTION('',(-7.071067811865E-1,-7.071067811865E-1,1.846813606084E-8));
#884=VECTOR('',#883,2.828427103904E0);
#885=CARTESIAN_POINT('',(3.199999995036E1,6.499999995036E1,9.327586189301E1));
#886=LINE('',#885,#884);
#887=CARTESIAN_POINT('',(0.E0,6.5E1,9.327586206897E1));
#888=DIRECTION('',(0.E0,1.E0,0.E0));
#889=DIRECTION('',(-4.285714285714E-1,0.E0,9.035079029053E-1));
#890=AXIS2_PLACEMENT_3D('',#887,#888,#889);
#892=DIRECTION('',(9.035079029053E-1,0.E0,4.285714285714E-1));
#893=VECTOR('',#892,6.324555320337E1);
#894=CARTESIAN_POINT('',(-7.857142857143E1,6.5E1,1.113460201271E2));
#895=LINE('',#894,#893);
#896=CARTESIAN_POINT('',(-7.E1,6.5E1,9.327586206897E1));
#897=DIRECTION('',(0.E0,1.E0,0.E0));
#898=DIRECTION('',(-4.285714285714E-1,0.E0,-9.035079029053E-1));
#899=AXIS2_PLACEMENT_3D('',#896,#897,#898);
#901=DIRECTION('',(-9.035079029053E-1,0.E0,4.285714285714E-1));
#902=VECTOR('',#901,6.324555320337E1);
#903=CARTESIAN_POINT('',(-2.142857142857E1,6.5E1,4.810046692370E1));
#904=LINE('',#903,#902);
#905=CARTESIAN_POINT('',(0.E0,6.5E1,9.327586206897E1));
#906=DIRECTION('',(0.E0,1.E0,0.E0));
#907=DIRECTION('',(4.285714285714E-1,0.E0,-9.035079029053E-1));
#908=AXIS2_PLACEMENT_3D('',#905,#906,#907);
#910=DIRECTION('',(-9.035079029053E-1,0.E0,-4.285714285714E-1));
#911=VECTOR('',#910,6.324555320337E1);
#912=CARTESIAN_POINT('',(7.857142857143E1,6.5E1,7.520570401086E1));
#913=LINE('',#912,#911);
#914=CARTESIAN_POINT('',(7.E1,6.5E1,9.327586206897E1));
#915=DIRECTION('',(0.E0,1.E0,0.E0));
#916=DIRECTION('',(4.285714285714E-1,0.E0,9.035079029053E-1));
#917=AXIS2_PLACEMENT_3D('',#914,#915,#916);
#919=DIRECTION('',(9.035079029053E-1,0.E0,-4.285714285714E-1));
#920=VECTOR('',#919,6.324555320337E1);
#921=CARTESIAN_POINT('',(2.142857142857E1,6.5E1,1.384512572142E2));
#922=LINE('',#921,#920);
#923=CARTESIAN_POINT('',(7.E1,6.5E1,9.327586206897E1));
#924=DIRECTION('',(0.E0,-1.E0,0.E0));
#925=DIRECTION('',(0.E0,0.E0,-1.E0));
#926=AXIS2_PLACEMENT_3D('',#923,#924,#925);
#928=CARTESIAN_POINT('',(7.E1,6.5E1,9.327586206897E1));
#929=DIRECTION('',(0.E0,-1.E0,0.E0));
#930=DIRECTION('',(0.E0,0.E0,1.E0));
#931=AXIS2_PLACEMENT_3D('',#928,#929,#930);
#933=CARTESIAN_POINT('',(-7.E1,6.5E1,9.327586206897E1));
#934=DIRECTION('',(0.E0,-1.E0,0.E0));
#935=DIRECTION('',(0.E0,0.E0,-1.E0));
#936=AXIS2_PLACEMENT_3D('',#933,#934,#935);
#938=CARTESIAN_POINT('',(-7.E1,6.5E1,9.327586206897E1));
#939=DIRECTION('',(0.E0,-1.E0,0.E0));
#940=DIRECTION('',(0.E0,0.E0,1.E0));
#941=AXIS2_PLACEMENT_3D('',#938,#939,#940);
#943=CARTESIAN_POINT('',(0.E0,6.5E1,9.327586206897E1));
#944=DIRECTION('',(0.E0,-1.E0,0.E0));
#945=DIRECTION('',(-1.E0,0.E0,0.E0));
#946=AXIS2_PLACEMENT_3D('',#943,#944,#945);
#948=CARTESIAN_POINT('',(0.E0,6.5E1,9.327586206897E1));
#949=DIRECTION('',(0.E0,-1.E0,0.E0));
#950=DIRECTION('',(1.E0,0.E0,0.E0));
#951=AXIS2_PLACEMENT_3D('',#948,#949,#950);
#953=DIRECTION('',(0.E0,-1.E0,0.E0));
#954=VECTOR('',#953,2.E1);
#955=CARTESIAN_POINT('',(-2.142857142857E1,6.5E1,1.384512572142E2));
#956=LINE('',#955,#954);
#957=DIRECTION('',(0.E0,-1.E0,0.E0));
#958=VECTOR('',#957,2.E1);
#959=CARTESIAN_POINT('',(2.142857142857E1,6.5E1,1.384512572142E2));
#960=LINE('',#959,#958);
#961=DIRECTION('',(0.E0,-1.E0,0.E0));
#962=VECTOR('',#961,2.E1);
#963=CARTESIAN_POINT('',(7.857142857143E1,6.5E1,1.113460201271E2));
#964=LINE('',#963,#962);
#965=DIRECTION('',(0.E0,-1.E0,0.E0));
#966=VECTOR('',#965,2.E1);
#967=CARTESIAN_POINT('',(7.857142857143E1,6.5E1,7.520570401086E1));
#968=LINE('',#967,#966);
#969=DIRECTION('',(0.E0,-1.E0,0.E0));
#970=VECTOR('',#969,2.E1);
#971=CARTESIAN_POINT('',(2.142857142857E1,6.5E1,4.810046692370E1));
#972=LINE('',#971,#970);
#973=DIRECTION('',(0.E0,-1.E0,0.E0));
#974=VECTOR('',#973,2.E1);
#975=CARTESIAN_POINT('',(-2.142857142857E1,6.5E1,4.810046692370E1));
#976=LINE('',#975,#974);
#977=DIRECTION('',(0.E0,-1.E0,0.E0));
#978=VECTOR('',#977,2.E1);
#979=CARTESIAN_POINT('',(-7.857142857143E1,6.5E1,7.520570401086E1));
#980=LINE('',#979,#978);
#981=DIRECTION('',(0.E0,-1.E0,0.E0));
#982=VECTOR('',#981,2.E1);
#983=CARTESIAN_POINT('',(-7.857142857143E1,6.5E1,1.113460201271E2));
#984=LINE('',#983,#982);
#985=CARTESIAN_POINT('',(-7.E1,4.5E1,9.327586206897E1));
#986=DIRECTION('',(0.E0,-1.E0,0.E0));
#987=DIRECTION('',(0.E0,0.E0,-1.E0));
#988=AXIS2_PLACEMENT_3D('',#985,#986,#987);
#990=CARTESIAN_POINT('',(-7.E1,4.5E1,9.327586206897E1));
#991=DIRECTION('',(0.E0,-1.E0,0.E0));
#992=DIRECTION('',(0.E0,0.E0,1.E0));
#993=AXIS2_PLACEMENT_3D('',#990,#991,#992);
#995=CARTESIAN_POINT('',(7.E1,4.5E1,9.327586206897E1));
#996=DIRECTION('',(0.E0,-1.E0,0.E0));
#997=DIRECTION('',(0.E0,0.E0,-1.E0));
#998=AXIS2_PLACEMENT_3D('',#995,#996,#997);
#1000=CARTESIAN_POINT('',(7.E1,4.5E1,9.327586206897E1));
#1001=DIRECTION('',(0.E0,-1.E0,0.E0));
#1002=DIRECTION('',(0.E0,0.E0,1.E0));
#1003=AXIS2_PLACEMENT_3D('',#1000,#1001,#1002);
#1005=CARTESIAN_POINT('',(0.E0,4.5E1,9.327586206897E1));
#1006=DIRECTION('',(0.E0,1.E0,0.E0));
#1007=DIRECTION('',(-4.285714285714E-1,0.E0,9.035079029053E-1));
#1008=AXIS2_PLACEMENT_3D('',#1005,#1006,#1007);
#1010=DIRECTION('',(9.035079029053E-1,0.E0,-4.285714285714E-1));
#1011=VECTOR('',#1010,6.324555320337E1);
#1012=CARTESIAN_POINT('',(2.142857142857E1,4.5E1,1.384512572142E2));
#1013=LINE('',#1012,#1011);
#1014=CARTESIAN_POINT('',(7.E1,4.5E1,9.327586206897E1));
#1015=DIRECTION('',(0.E0,1.E0,0.E0));
#1016=DIRECTION('',(4.285714285714E-1,0.E0,9.035079029053E-1));
#1017=AXIS2_PLACEMENT_3D('',#1014,#1015,#1016);
#1019=DIRECTION('',(-9.035079029053E-1,0.E0,-4.285714285714E-1));
#1020=VECTOR('',#1019,6.324555320337E1);
#1021=CARTESIAN_POINT('',(7.857142857143E1,4.5E1,7.520570401086E1));
#1022=LINE('',#1021,#1020);
#1023=CARTESIAN_POINT('',(0.E0,4.5E1,9.327586206897E1));
#1024=DIRECTION('',(0.E0,1.E0,0.E0));
#1025=DIRECTION('',(4.285714285714E-1,0.E0,-9.035079029053E-1));
#1026=AXIS2_PLACEMENT_3D('',#1023,#1024,#1025);
#1028=DIRECTION('',(-9.035079029053E-1,0.E0,4.285714285714E-1));
#1029=VECTOR('',#1028,6.324555320337E1);
#1030=CARTESIAN_POINT('',(-2.142857142857E1,4.5E1,4.810046692370E1));
#1031=LINE('',#1030,#1029);
#1032=CARTESIAN_POINT('',(-7.E1,4.5E1,9.327586206897E1));
#1033=DIRECTION('',(0.E0,1.E0,0.E0));
#1034=DIRECTION('',(-4.285714285714E-1,0.E0,-9.035079029053E-1));
#1035=AXIS2_PLACEMENT_3D('',#1032,#1033,#1034);
#1037=DIRECTION('',(9.035079029053E-1,0.E0,4.285714285714E-1));
#1038=VECTOR('',#1037,6.324555320337E1);
#1039=CARTESIAN_POINT('',(-7.857142857143E1,4.5E1,1.113460201271E2));
#1040=LINE('',#1039,#1038);
#1041=CARTESIAN_POINT('',(0.E0,4.5E1,9.327586206897E1));
#1042=DIRECTION('',(0.E0,1.E0,0.E0));
#1043=DIRECTION('',(0.E0,0.E0,-1.E0));
#1044=AXIS2_PLACEMENT_3D('',#1041,#1042,#1043);
#1046=CARTESIAN_POINT('',(0.E0,4.5E1,9.327586206897E1));
#1047=DIRECTION('',(0.E0,1.E0,0.E0));
#1048=DIRECTION('',(0.E0,0.E0,1.E0));
#1049=AXIS2_PLACEMENT_3D('',#1046,#1047,#1048);
#1051=DIRECTION('',(0.E0,-1.E0,0.E0));
#1052=VECTOR('',#1051,2.E1);
#1053=CARTESIAN_POINT('',(-7.E1,6.5E1,8.327586206897E1));
#1054=LINE('',#1053,#1052);
#1055=DIRECTION('',(0.E0,-1.E0,0.E0));
#1056=VECTOR('',#1055,2.E1);
#1057=CARTESIAN_POINT('',(-7.E1,6.5E1,1.032758620690E2));
#1058=LINE('',#1057,#1056);
#1059=DIRECTION('',(0.E0,-1.E0,0.E0));
#1060=VECTOR('',#1059,2.E1);
#1061=CARTESIAN_POINT('',(7.E1,6.5E1,8.327586206897E1));
#1062=LINE('',#1061,#1060);
#1063=DIRECTION('',(0.E0,-1.E0,0.E0));
#1064=VECTOR('',#1063,2.E1);
#1065=CARTESIAN_POINT('',(7.E1,6.5E1,1.032758620690E2));
#1066=LINE('',#1065,#1064);
#1067=CARTESIAN_POINT('',(6.526759799286E-9,4.E1,4.827586206897E1));
#1068=DIRECTION('',(-1.E0,0.E0,-1.450391057256E-10));
#1069=DIRECTION('',(-1.450391057256E-10,0.E0,1.E0));
#1070=AXIS2_PLACEMENT_3D('',#1067,#1068,#1069);
#1072=CARTESIAN_POINT('',(0.E0,4.E1,9.327586206897E1));
#1073=DIRECTION('',(0.E0,1.E0,0.E0));
#1074=DIRECTION('',(0.E0,0.E0,-1.E0));
#1075=AXIS2_PLACEMENT_3D('',#1072,#1073,#1074);
#1077=DIRECTION('',(4.884531649090E-12,1.E0,0.E0));
#1078=VECTOR('',#1077,3.862068965517E1);
#1079=CARTESIAN_POINT('',(0.E0,1.379310344828E0,5.327586206897E1));
#1080=LINE('',#1079,#1078);
#1081=CARTESIAN_POINT('',(0.E0,4.E1,9.327586206897E1));
#1082=DIRECTION('',(0.E0,1.E0,0.E0));
#1083=DIRECTION('',(0.E0,0.E0,1.E0));
#1084=AXIS2_PLACEMENT_3D('',#1081,#1082,#1083);
#1086=DIRECTION('',(-4.884241287437E-12,1.E0,0.E0));
#1087=VECTOR('',#1086,3.862068965517E1);
#1088=CARTESIAN_POINT('',(0.E0,1.379310344828E0,1.332758620690E2));
#1089=LINE('',#1088,#1087);
#1090=CARTESIAN_POINT('',(-6.526759577241E-9,4.E1,1.382758620690E2));
#1091=DIRECTION('',(1.E0,0.E0,1.450391022562E-10));
#1092=DIRECTION('',(1.450391022562E-10,0.E0,-1.E0));
#1093=AXIS2_PLACEMENT_3D('',#1090,#1091,#1092);
#1095=DIRECTION('',(7.071067811865E-1,-7.071067811865E-1,-1.846813606084E-8));
#1096=VECTOR('',#1095,2.828427103904E0);
#1097=CARTESIAN_POINT('',(-3.199999995036E1,6.499999995036E1,9.327586224492E1));
#1098=LINE('',#1097,#1096);
#1099=DIRECTION('',(4.275071046713E-9,-7.071067811865E-1,-7.071067811866E-1));
#1100=VECTOR('',#1099,2.828427113290E0);
#1101=CARTESIAN_POINT('',(-4.232104663383E-8,1.513793103165E2,
-6.972413795939E1));
#1102=LINE('',#1101,#1100);
#1103=CARTESIAN_POINT('',(8.E1,1.513793103448E2,-1.917241379310E2));
#1104=DIRECTION('',(0.E0,1.E0,0.E0));
#1105=DIRECTION('',(1.E0,0.E0,0.E0));
#1106=AXIS2_PLACEMENT_3D('',#1103,#1104,#1105);
#1108=DIRECTION('',(0.E0,0.E0,-1.E0));
#1109=VECTOR('',#1108,1.6E2);
#1110=CARTESIAN_POINT('',(1.E2,1.513793103448E2,-3.172413793103E1));
#1111=LINE('',#1110,#1109);
#1112=CARTESIAN_POINT('',(8.E1,1.513793103448E2,-3.172413793103E1));
#1113=DIRECTION('',(0.E0,1.E0,0.E0));
#1114=DIRECTION('',(0.E0,0.E0,1.E0));
#1115=AXIS2_PLACEMENT_3D('',#1112,#1113,#1114);
#1117=DIRECTION('',(1.E0,0.E0,0.E0));
#1118=VECTOR('',#1117,1.6E2);
#1119=CARTESIAN_POINT('',(-8.E1,1.513793103448E2,-1.172413793103E1));
#1120=LINE('',#1119,#1118);
#1121=CARTESIAN_POINT('',(-8.E1,1.513793103448E2,-3.172413793103E1));
#1122=DIRECTION('',(0.E0,1.E0,0.E0));
#1123=DIRECTION('',(-1.E0,0.E0,0.E0));
#1124=AXIS2_PLACEMENT_3D('',#1121,#1122,#1123);
#1126=DIRECTION('',(0.E0,0.E0,1.E0));
#1127=VECTOR('',#1126,1.6E2);
#1128=CARTESIAN_POINT('',(-1.E2,1.513793103448E2,-1.917241379310E2));
#1129=LINE('',#1128,#1127);
#1130=CARTESIAN_POINT('',(-8.E1,1.513793103448E2,-1.917241379310E2));
#1131=DIRECTION('',(0.E0,1.E0,0.E0));
#1132=DIRECTION('',(0.E0,0.E0,-1.E0));
#1133=AXIS2_PLACEMENT_3D('',#1130,#1131,#1132);
#1135=DIRECTION('',(-1.E0,0.E0,0.E0));
#1136=VECTOR('',#1135,1.6E2);
#1137=CARTESIAN_POINT('',(8.E1,1.513793103448E2,-2.117241379310E2));
#1138=LINE('',#1137,#1136);
#1139=CARTESIAN_POINT('',(8.E1,1.513793103448E2,-3.172413793103E1));
#1140=DIRECTION('',(0.E0,-1.E0,0.E0));
#1141=DIRECTION('',(1.E0,0.E0,0.E0));
#1142=AXIS2_PLACEMENT_3D('',#1139,#1140,#1141);
#1144=CARTESIAN_POINT('',(8.E1,1.513793103448E2,-3.172413793103E1));
#1145=DIRECTION('',(0.E0,-1.E0,0.E0));
#1146=DIRECTION('',(-1.E0,0.E0,0.E0));
#1147=AXIS2_PLACEMENT_3D('',#1144,#1145,#1146);
#1149=CARTESIAN_POINT('',(8.E1,1.513793103448E2,-1.917241379310E2));
#1150=DIRECTION('',(0.E0,-1.E0,0.E0));
#1151=DIRECTION('',(1.E0,0.E0,0.E0));
#1152=AXIS2_PLACEMENT_3D('',#1149,#1150,#1151);
#1154=CARTESIAN_POINT('',(8.E1,1.513793103448E2,-1.917241379310E2));
#1155=DIRECTION('',(0.E0,-1.E0,0.E0));
#1156=DIRECTION('',(-1.E0,0.E0,0.E0));
#1157=AXIS2_PLACEMENT_3D('',#1154,#1155,#1156);
#1159=CARTESIAN_POINT('',(-8.E1,1.513793103448E2,-3.172413793103E1));
#1160=DIRECTION('',(0.E0,-1.E0,0.E0));
#1161=DIRECTION('',(1.E0,0.E0,0.E0));
#1162=AXIS2_PLACEMENT_3D('',#1159,#1160,#1161);
#1164=CARTESIAN_POINT('',(-8.E1,1.513793103448E2,-3.172413793103E1));
#1165=DIRECTION('',(0.E0,-1.E0,0.E0));
#1166=DIRECTION('',(-1.E0,0.E0,0.E0));
#1167=AXIS2_PLACEMENT_3D('',#1164,#1165,#1166);
#1169=CARTESIAN_POINT('',(-8.E1,1.513793103448E2,-1.917241379310E2));
#1170=DIRECTION('',(0.E0,-1.E0,0.E0));
#1171=DIRECTION('',(1.E0,0.E0,0.E0));
#1172=AXIS2_PLACEMENT_3D('',#1169,#1170,#1171);
#1174=CARTESIAN_POINT('',(-8.E1,1.513793103448E2,-1.917241379310E2));
#1175=DIRECTION('',(0.E0,-1.E0,0.E0));
#1176=DIRECTION('',(-1.E0,0.E0,0.E0));
#1177=AXIS2_PLACEMENT_3D('',#1174,#1175,#1176);
#1179=CARTESIAN_POINT('',(-1.028703311284E-13,1.513793103448E2,
-1.117241379310E2));
#1180=DIRECTION('',(0.E0,-1.E0,0.E0));
#1181=DIRECTION('',(0.E0,0.E0,1.E0));
#1182=AXIS2_PLACEMENT_3D('',#1179,#1180,#1181);
#1184=CARTESIAN_POINT('',(0.E0,1.513793103448E2,-1.117241379310E2));
#1185=DIRECTION('',(0.E0,-1.E0,0.E0));
#1186=DIRECTION('',(0.E0,0.E0,-1.E0));
#1187=AXIS2_PLACEMENT_3D('',#1184,#1185,#1186);
#1189=CARTESIAN_POINT('',(8.E1,1.313793103448E2,-1.917241379310E2));
#1190=DIRECTION('',(0.E0,-1.E0,0.E0));
#1191=DIRECTION('',(0.E0,0.E0,-1.E0));
#1192=AXIS2_PLACEMENT_3D('',#1189,#1190,#1191);
#1194=DIRECTION('',(-1.E0,0.E0,0.E0));
#1195=VECTOR('',#1194,1.6E2);
#1196=CARTESIAN_POINT('',(8.E1,1.313793103448E2,-2.117241379310E2));
#1197=LINE('',#1196,#1195);
#1198=CARTESIAN_POINT('',(-8.E1,1.313793103448E2,-1.917241379310E2));
#1199=DIRECTION('',(0.E0,-1.E0,0.E0));
#1200=DIRECTION('',(-1.E0,0.E0,0.E0));
#1201=AXIS2_PLACEMENT_3D('',#1198,#1199,#1200);
#1203=DIRECTION('',(0.E0,0.E0,1.E0));
#1204=VECTOR('',#1203,1.6E2);
#1205=CARTESIAN_POINT('',(-1.E2,1.313793103448E2,-1.917241379310E2));
#1206=LINE('',#1205,#1204);
#1207=CARTESIAN_POINT('',(-8.E1,1.313793103448E2,-3.172413793103E1));
#1208=DIRECTION('',(0.E0,-1.E0,0.E0));
#1209=DIRECTION('',(0.E0,0.E0,1.E0));
#1210=AXIS2_PLACEMENT_3D('',#1207,#1208,#1209);
#1212=DIRECTION('',(1.E0,0.E0,0.E0));
#1213=VECTOR('',#1212,1.6E2);
#1214=CARTESIAN_POINT('',(-8.E1,1.313793103448E2,-1.172413793103E1));
#1215=LINE('',#1214,#1213);
#1216=CARTESIAN_POINT('',(8.E1,1.313793103448E2,-3.172413793103E1));
#1217=DIRECTION('',(0.E0,-1.E0,0.E0));
#1218=DIRECTION('',(1.E0,0.E0,0.E0));
#1219=AXIS2_PLACEMENT_3D('',#1216,#1217,#1218);
#1221=DIRECTION('',(0.E0,0.E0,-1.E0));
#1222=VECTOR('',#1221,1.6E2);
#1223=CARTESIAN_POINT('',(1.E2,1.313793103448E2,-3.172413793103E1));
#1224=LINE('',#1223,#1222);
#1225=CARTESIAN_POINT('',(8.E1,1.313793103448E2,-3.172413793103E1));
#1226=DIRECTION('',(0.E0,-1.E0,0.E0));
#1227=DIRECTION('',(1.E0,0.E0,0.E0));
#1228=AXIS2_PLACEMENT_3D('',#1225,#1226,#1227);
#1230=CARTESIAN_POINT('',(8.E1,1.313793103448E2,-3.172413793103E1));
#1231=DIRECTION('',(0.E0,-1.E0,0.E0));
#1232=DIRECTION('',(-1.E0,0.E0,0.E0));
#1233=AXIS2_PLACEMENT_3D('',#1230,#1231,#1232);
#1235=CARTESIAN_POINT('',(8.E1,1.313793103448E2,-1.917241379310E2));
#1236=DIRECTION('',(0.E0,-1.E0,0.E0));
#1237=DIRECTION('',(1.E0,0.E0,0.E0));
#1238=AXIS2_PLACEMENT_3D('',#1235,#1236,#1237);
#1240=CARTESIAN_POINT('',(8.E1,1.313793103448E2,-1.917241379310E2));
#1241=DIRECTION('',(0.E0,-1.E0,0.E0));
#1242=DIRECTION('',(-1.E0,0.E0,0.E0));
#1243=AXIS2_PLACEMENT_3D('',#1240,#1241,#1242);
#1245=CARTESIAN_POINT('',(-8.E1,1.313793103448E2,-3.172413793103E1));
#1246=DIRECTION('',(0.E0,-1.E0,0.E0));
#1247=DIRECTION('',(1.E0,0.E0,0.E0));
#1248=AXIS2_PLACEMENT_3D('',#1245,#1246,#1247);
#1250=CARTESIAN_POINT('',(-8.E1,1.313793103448E2,-3.172413793103E1));
#1251=DIRECTION('',(0.E0,-1.E0,0.E0));
#1252=DIRECTION('',(-1.E0,0.E0,0.E0));
#1253=AXIS2_PLACEMENT_3D('',#1250,#1251,#1252);
#1255=CARTESIAN_POINT('',(-8.E1,1.313793103448E2,-1.917241379310E2));
#1256=DIRECTION('',(0.E0,-1.E0,0.E0));
#1257=DIRECTION('',(1.E0,0.E0,0.E0));
#1258=AXIS2_PLACEMENT_3D('',#1255,#1256,#1257);
#1260=CARTESIAN_POINT('',(-8.E1,1.313793103448E2,-1.917241379310E2));
#1261=DIRECTION('',(0.E0,-1.E0,0.E0));
#1262=DIRECTION('',(-1.E0,0.E0,0.E0));
#1263=AXIS2_PLACEMENT_3D('',#1260,#1261,#1262);
#1265=CARTESIAN_POINT('',(0.E0,1.313793103448E2,-1.117241379310E2));
#1266=DIRECTION('',(0.E0,1.E0,0.E0));
#1267=DIRECTION('',(0.E0,0.E0,-1.E0));
#1268=AXIS2_PLACEMENT_3D('',#1265,#1266,#1267);
#1270=CARTESIAN_POINT('',(0.E0,1.313793103448E2,-1.117241379310E2));
#1271=DIRECTION('',(0.E0,1.E0,0.E0));
#1272=DIRECTION('',(0.E0,0.E0,1.E0));
#1273=AXIS2_PLACEMENT_3D('',#1270,#1271,#1272);
#1275=DIRECTION('',(0.E0,-1.E0,0.E0));
#1276=VECTOR('',#1275,2.E1);
#1277=CARTESIAN_POINT('',(8.E1,1.513793103448E2,-2.117241379310E2));
#1278=LINE('',#1277,#1276);
#1279=DIRECTION('',(0.E0,-1.E0,0.E0));
#1280=VECTOR('',#1279,2.E1);
#1281=CARTESIAN_POINT('',(-8.E1,1.513793103448E2,-2.117241379310E2));
#1282=LINE('',#1281,#1280);
#1283=DIRECTION('',(0.E0,-1.E0,0.E0));
#1284=VECTOR('',#1283,2.E1);
#1285=CARTESIAN_POINT('',(-1.E2,1.513793103448E2,-1.917241379310E2));
#1286=LINE('',#1285,#1284);
#1287=DIRECTION('',(0.E0,-1.E0,0.E0));
#1288=VECTOR('',#1287,2.E1);
#1289=CARTESIAN_POINT('',(-1.E2,1.513793103448E2,-3.172413793103E1));
#1290=LINE('',#1289,#1288);
#1291=DIRECTION('',(0.E0,-1.E0,0.E0));
#1292=VECTOR('',#1291,2.E1);
#1293=CARTESIAN_POINT('',(-8.E1,1.513793103448E2,-1.172413793103E1));
#1294=LINE('',#1293,#1292);
#1295=DIRECTION('',(0.E0,-1.E0,0.E0));
#1296=VECTOR('',#1295,2.E1);
#1297=CARTESIAN_POINT('',(8.E1,1.513793103448E2,-1.172413793103E1));
#1298=LINE('',#1297,#1296);
#1299=DIRECTION('',(0.E0,-1.E0,0.E0));
#1300=VECTOR('',#1299,2.E1);
#1301=CARTESIAN_POINT('',(1.E2,1.513793103448E2,-1.917241379310E2));
#1302=LINE('',#1301,#1300);
#1303=DIRECTION('',(0.E0,-1.E0,0.E0));
#1304=VECTOR('',#1303,2.E1);
#1305=CARTESIAN_POINT('',(1.E2,1.513793103448E2,-3.172413793103E1));
#1306=LINE('',#1305,#1304);
#1307=DIRECTION('',(0.E0,-1.E0,0.E0));
#1308=VECTOR('',#1307,2.E1);
#1309=CARTESIAN_POINT('',(9.E1,1.513793103448E2,-3.172413793103E1));
#1310=LINE('',#1309,#1308);
#1311=DIRECTION('',(0.E0,-1.E0,0.E0));
#1312=VECTOR('',#1311,2.E1);
#1313=CARTESIAN_POINT('',(7.E1,1.513793103448E2,-3.172413793103E1));
#1314=LINE('',#1313,#1312);
#1315=DIRECTION('',(0.E0,-1.E0,0.E0));
#1316=VECTOR('',#1315,2.E1);
#1317=CARTESIAN_POINT('',(9.E1,1.513793103448E2,-1.917241379310E2));
#1318=LINE('',#1317,#1316);
#1319=DIRECTION('',(0.E0,-1.E0,0.E0));
#1320=VECTOR('',#1319,2.E1);
#1321=CARTESIAN_POINT('',(7.E1,1.513793103448E2,-1.917241379310E2));
#1322=LINE('',#1321,#1320);
#1323=DIRECTION('',(0.E0,-1.E0,0.E0));
#1324=VECTOR('',#1323,2.E1);
#1325=CARTESIAN_POINT('',(-7.E1,1.513793103448E2,-3.172413793103E1));
#1326=LINE('',#1325,#1324);
#1327=DIRECTION('',(0.E0,-1.E0,0.E0));
#1328=VECTOR('',#1327,2.E1);
#1329=CARTESIAN_POINT('',(-9.E1,1.513793103448E2,-3.172413793103E1));
#1330=LINE('',#1329,#1328);
#1331=DIRECTION('',(0.E0,-1.E0,0.E0));
#1332=VECTOR('',#1331,2.E1);
#1333=CARTESIAN_POINT('',(-7.E1,1.513793103448E2,-1.917241379310E2));
#1334=LINE('',#1333,#1332);
#1335=DIRECTION('',(0.E0,-1.E0,0.E0));
#1336=VECTOR('',#1335,2.E1);
#1337=CARTESIAN_POINT('',(-9.E1,1.513793103448E2,-1.917241379310E2));
#1338=LINE('',#1337,#1336);
#1339=DIRECTION('',(-4.275062356051E-9,-7.071067811865E-1,7.071067811866E-1));
#1340=VECTOR('',#1339,2.828427113290E0);
#1341=CARTESIAN_POINT('',(4.232101932319E-8,1.513793103165E2,
-1.537241379027E2));
#1342=LINE('',#1341,#1340);
#1343=CARTESIAN_POINT('',(0.E0,1.379310344828E0,-3.672413793103E1));
#1344=CARTESIAN_POINT('',(0.E0,-9.862068965517E1,-3.672413793103E1));
#1345=VERTEX_POINT('',#1343);
#1346=VERTEX_POINT('',#1344);
#1347=CARTESIAN_POINT('',(0.E0,2.637931034483E1,-6.172413793103E1));
#1348=CARTESIAN_POINT('',(0.E0,2.637931034483E1,-1.617241379310E2));
#1349=VERTEX_POINT('',#1347);
#1350=VERTEX_POINT('',#1348);
#1351=CARTESIAN_POINT('',(1.15E2,-4.862068965517E1,1.882758620690E2));
#1352=CARTESIAN_POINT('',(-1.15E2,-4.862068965517E1,1.882758620690E2));
#1353=VERTEX_POINT('',#1351);
#1354=VERTEX_POINT('',#1352);
#1355=CARTESIAN_POINT('',(1.15E2,-4.862068965517E1,1.682758620690E2));
#1356=CARTESIAN_POINT('',(-1.15E2,-4.862068965517E1,1.682758620690E2));
#1357=VERTEX_POINT('',#1355);
#1358=VERTEX_POINT('',#1356);
#1359=CARTESIAN_POINT('',(8.E1,1.313793103448E2,-2.117241379310E2));
#1360=CARTESIAN_POINT('',(1.E2,1.313793103448E2,-1.917241379310E2));
#1361=VERTEX_POINT('',#1359);
#1362=VERTEX_POINT('',#1360);
#1363=CARTESIAN_POINT('',(1.E2,1.513793103448E2,-1.917241379310E2));
#1364=VERTEX_POINT('',#1363);
#1365=CARTESIAN_POINT('',(8.E1,1.513793103448E2,-2.117241379310E2));
#1366=VERTEX_POINT('',#1365);
#1367=CARTESIAN_POINT('',(-1.E2,1.313793103448E2,-1.917241379310E2));
#1368=CARTESIAN_POINT('',(-8.E1,1.313793103448E2,-2.117241379310E2));
#1369=VERTEX_POINT('',#1367);
#1370=VERTEX_POINT('',#1368);
#1371=CARTESIAN_POINT('',(-8.E1,1.513793103448E2,-2.117241379310E2));
#1372=VERTEX_POINT('',#1371);
#1373=CARTESIAN_POINT('',(-1.E2,1.513793103448E2,-1.917241379310E2));
#1374=VERTEX_POINT('',#1373);
#1375=CARTESIAN_POINT('',(-8.E1,1.313793103448E2,-1.172413793103E1));
#1376=CARTESIAN_POINT('',(-1.E2,1.313793103448E2,-3.172413793103E1));
#1377=VERTEX_POINT('',#1375);
#1378=VERTEX_POINT('',#1376);
#1379=CARTESIAN_POINT('',(-1.E2,1.513793103448E2,-3.172413793103E1));
#1380=VERTEX_POINT('',#1379);
#1381=CARTESIAN_POINT('',(-8.E1,1.513793103448E2,-1.172413793103E1));
#1382=VERTEX_POINT('',#1381);
#1383=CARTESIAN_POINT('',(1.E2,1.313793103448E2,-3.172413793103E1));
#1384=CARTESIAN_POINT('',(8.E1,1.313793103448E2,-1.172413793103E1));
#1385=VERTEX_POINT('',#1383);
#1386=VERTEX_POINT('',#1384);
#1387=CARTESIAN_POINT('',(8.E1,1.513793103448E2,-1.172413793103E1));
#1388=VERTEX_POINT('',#1387);
#1389=CARTESIAN_POINT('',(1.E2,1.513793103448E2,-3.172413793103E1));
#1390=VERTEX_POINT('',#1389);
#1391=VERTEX_POINT('',#176);
#1392=VERTEX_POINT('',#201);
#1393=CARTESIAN_POINT('',(-7.E1,6.5E1,8.327586206897E1));
#1394=CARTESIAN_POINT('',(-7.E1,6.5E1,1.032758620690E2));
#1395=VERTEX_POINT('',#1393);
#1396=VERTEX_POINT('',#1394);
#1397=CARTESIAN_POINT('',(7.E1,6.5E1,8.327586206897E1));
#1398=CARTESIAN_POINT('',(7.E1,6.5E1,1.032758620690E2));
#1399=VERTEX_POINT('',#1397);
#1400=VERTEX_POINT('',#1398);
#1401=CARTESIAN_POINT('',(-2.142857142857E1,6.5E1,1.384512572142E2));
#1402=CARTESIAN_POINT('',(2.142857142857E1,6.5E1,1.384512572142E2));
#1403=VERTEX_POINT('',#1401);
#1404=VERTEX_POINT('',#1402);
#1405=CARTESIAN_POINT('',(7.857142857143E1,6.5E1,1.113460201271E2));
#1406=VERTEX_POINT('',#1405);
#1407=CARTESIAN_POINT('',(7.857142857143E1,6.5E1,7.520570401086E1));
#1408=VERTEX_POINT('',#1407);
#1409=CARTESIAN_POINT('',(2.142857142857E1,6.5E1,4.810046692370E1));
#1410=VERTEX_POINT('',#1409);
#1411=CARTESIAN_POINT('',(-2.142857142857E1,6.5E1,4.810046692370E1));
#1412=VERTEX_POINT('',#1411);
#1413=CARTESIAN_POINT('',(-7.857142857143E1,6.5E1,7.520570401086E1));
#1414=VERTEX_POINT('',#1413);
#1415=CARTESIAN_POINT('',(-7.857142857143E1,6.5E1,1.113460201271E2));
#1416=VERTEX_POINT('',#1415);
#1417=CARTESIAN_POINT('',(-7.E1,4.5E1,8.327586206897E1));
#1418=CARTESIAN_POINT('',(-7.E1,4.5E1,1.032758620690E2));
#1419=VERTEX_POINT('',#1417);
#1420=VERTEX_POINT('',#1418);
#1421=CARTESIAN_POINT('',(7.E1,4.5E1,8.327586206897E1));
#1422=CARTESIAN_POINT('',(7.E1,4.5E1,1.032758620690E2));
#1423=VERTEX_POINT('',#1421);
#1424=VERTEX_POINT('',#1422);
#1425=CARTESIAN_POINT('',(-2.142857142857E1,4.5E1,1.384512572142E2));
#1426=CARTESIAN_POINT('',(2.142857142857E1,4.5E1,1.384512572142E2));
#1427=VERTEX_POINT('',#1425);
#1428=VERTEX_POINT('',#1426);
#1429=CARTESIAN_POINT('',(7.857142857143E1,4.5E1,1.113460201271E2));
#1430=VERTEX_POINT('',#1429);
#1431=CARTESIAN_POINT('',(7.857142857143E1,4.5E1,7.520570401086E1));
#1432=VERTEX_POINT('',#1431);
#1433=CARTESIAN_POINT('',(2.142857142857E1,4.5E1,4.810046692370E1));
#1434=VERTEX_POINT('',#1433);
#1435=CARTESIAN_POINT('',(-2.142857142857E1,4.5E1,4.810046692370E1));
#1436=VERTEX_POINT('',#1435);
#1437=CARTESIAN_POINT('',(-7.857142857143E1,4.5E1,7.520570401086E1));
#1438=VERTEX_POINT('',#1437);
#1439=CARTESIAN_POINT('',(-7.857142857143E1,4.5E1,1.113460201271E2));
#1440=VERTEX_POINT('',#1439);
#1441=CARTESIAN_POINT('',(-4.E1,7.5E1,-2.567241379310E2));
#1442=CARTESIAN_POINT('',(4.E1,7.5E1,-2.567241379310E2));
#1443=VERTEX_POINT('',#1441);
#1444=VERTEX_POINT('',#1442);
#1445=CARTESIAN_POINT('',(0.E0,-8.620689655172E0,-3.672413793103E1));
#1446=CARTESIAN_POINT('',(0.E0,-8.862068965517E1,-3.672413793103E1));
#1447=VERTEX_POINT('',#1445);
#1448=VERTEX_POINT('',#1446);
#1449=CARTESIAN_POINT('',(0.E0,2.637931034483E1,-7.172413793103E1));
#1450=CARTESIAN_POINT('',(0.E0,2.637931034483E1,-1.517241379310E2));
#1451=VERTEX_POINT('',#1449);
#1452=VERTEX_POINT('',#1450);
#1453=CARTESIAN_POINT('',(9.E1,1.513793103448E2,-3.172413793103E1));
#1454=CARTESIAN_POINT('',(7.E1,1.513793103448E2,-3.172413793103E1));
#1455=VERTEX_POINT('',#1453);
#1456=VERTEX_POINT('',#1454);
#1457=CARTESIAN_POINT('',(9.E1,1.313793103448E2,-3.172413793103E1));
#1458=CARTESIAN_POINT('',(7.E1,1.313793103448E2,-3.172413793103E1));
#1459=VERTEX_POINT('',#1457);
#1460=VERTEX_POINT('',#1458);
#1461=CARTESIAN_POINT('',(9.E1,1.513793103448E2,-1.917241379310E2));
#1462=CARTESIAN_POINT('',(7.E1,1.513793103448E2,-1.917241379310E2));
#1463=VERTEX_POINT('',#1461);
#1464=VERTEX_POINT('',#1462);
#1465=CARTESIAN_POINT('',(9.E1,1.313793103448E2,-1.917241379310E2));
#1466=CARTESIAN_POINT('',(7.E1,1.313793103448E2,-1.917241379310E2));
#1467=VERTEX_POINT('',#1465);
#1468=VERTEX_POINT('',#1466);
#1469=CARTESIAN_POINT('',(-7.E1,1.513793103448E2,-3.172413793103E1));
#1470=CARTESIAN_POINT('',(-9.E1,1.513793103448E2,-3.172413793103E1));
#1471=VERTEX_POINT('',#1469);
#1472=VERTEX_POINT('',#1470);
#1473=CARTESIAN_POINT('',(-7.E1,1.313793103448E2,-3.172413793103E1));
#1474=CARTESIAN_POINT('',(-9.E1,1.313793103448E2,-3.172413793103E1));
#1475=VERTEX_POINT('',#1473);
#1476=VERTEX_POINT('',#1474);
#1477=CARTESIAN_POINT('',(-7.E1,1.513793103448E2,-1.917241379310E2));
#1478=CARTESIAN_POINT('',(-9.E1,1.513793103448E2,-1.917241379310E2));
#1479=VERTEX_POINT('',#1477);
#1480=VERTEX_POINT('',#1478);
#1481=CARTESIAN_POINT('',(-7.E1,1.313793103448E2,-1.917241379310E2));
#1482=CARTESIAN_POINT('',(-9.E1,1.313793103448E2,-1.917241379310E2));
#1483=VERTEX_POINT('',#1481);
#1484=VERTEX_POINT('',#1482);
#1485=CARTESIAN_POINT('',(8.5E1,-4.862068965517E1,1.882758620690E2));
#1486=CARTESIAN_POINT('',(1.05E2,-4.862068965517E1,1.882758620690E2));
#1487=VERTEX_POINT('',#1485);
#1488=VERTEX_POINT('',#1486);
#1489=CARTESIAN_POINT('',(8.5E1,-4.862068965517E1,1.682758620690E2));
#1490=CARTESIAN_POINT('',(1.05E2,-4.862068965517E1,1.682758620690E2));
#1491=VERTEX_POINT('',#1489);
#1492=VERTEX_POINT('',#1490);
#1493=CARTESIAN_POINT('',(1.482317811478E-14,3.637931034483E1,
1.882758620690E2));
#1494=CARTESIAN_POINT('',(1.237388451648E-14,5.637931034483E1,
1.882758620690E2));
#1495=VERTEX_POINT('',#1493);
#1496=VERTEX_POINT('',#1494);
#1497=CARTESIAN_POINT('',(1.482317811478E-14,3.637931034483E1,
1.682758620690E2));
#1498=CARTESIAN_POINT('',(1.237388451648E-14,5.637931034483E1,
1.682758620690E2));
#1499=VERTEX_POINT('',#1497);
#1500=VERTEX_POINT('',#1498);
#1501=CARTESIAN_POINT('',(-8.5E1,-4.862068965517E1,1.882758620690E2));
#1502=CARTESIAN_POINT('',(-1.05E2,-4.862068965517E1,1.882758620690E2));
#1503=VERTEX_POINT('',#1501);
#1504=VERTEX_POINT('',#1502);
#1505=CARTESIAN_POINT('',(-8.5E1,-4.862068965517E1,1.682758620690E2));
#1506=CARTESIAN_POINT('',(-1.05E2,-4.862068965517E1,1.682758620690E2));
#1507=VERTEX_POINT('',#1505);
#1508=VERTEX_POINT('',#1506);
#1509=CARTESIAN_POINT('',(-2.070395867323E-14,-1.336206896552E2,
1.882758620690E2));
#1510=CARTESIAN_POINT('',(-2.070395867323E-14,-1.536206896552E2,
1.882758620690E2));
#1511=VERTEX_POINT('',#1509);
#1512=VERTEX_POINT('',#1510);
#1513=CARTESIAN_POINT('',(-2.070395867323E-14,-1.336206896552E2,
1.682758620690E2));
#1514=CARTESIAN_POINT('',(-2.070395867323E-14,-1.536206896552E2,
1.682758620690E2));
#1515=VERTEX_POINT('',#1513);
#1516=VERTEX_POINT('',#1514);
#1517=CARTESIAN_POINT('',(0.E0,4.E1,5.327586206897E1));
#1518=CARTESIAN_POINT('',(-1.258732322921E-14,4.E1,1.332758620690E2));
#1519=VERTEX_POINT('',#1517);
#1520=VERTEX_POINT('',#1518);
#1521=CARTESIAN_POINT('',(0.E0,4.5E1,4.827586206897E1));
#1522=CARTESIAN_POINT('',(-1.178874547723E-14,4.5E1,1.382758620690E2));
#1523=VERTEX_POINT('',#1521);
#1524=VERTEX_POINT('',#1522);
#1525=CARTESIAN_POINT('',(0.E0,-9.862068965517E1,1.632758620690E2));
#1526=CARTESIAN_POINT('',(0.E0,1.379310344828E0,1.632758620690E2));
#1527=VERTEX_POINT('',#1525);
#1528=VERTEX_POINT('',#1526);
#1529=CARTESIAN_POINT('',(0.E0,-1.036206896552E2,1.682758620690E2));
#1530=CARTESIAN_POINT('',(0.E0,6.379310344828E0,1.682758620690E2));
#1531=VERTEX_POINT('',#1529);
#1532=VERTEX_POINT('',#1530);
#1533=CARTESIAN_POINT('',(0.E0,1.263793103448E2,-1.617241379310E2));
#1534=CARTESIAN_POINT('',(-1.224646799147E-14,1.263793103448E2,
-6.172413793103E1));
#1535=VERTEX_POINT('',#1533);
#1536=VERTEX_POINT('',#1534);
#1537=CARTESIAN_POINT('',(1.894796738694E-14,1.313793103448E2,
-1.667241379310E2));
#1538=CARTESIAN_POINT('',(-2.568352478225E-14,1.313793103448E2,
-5.672413793103E1));
#1539=VERTEX_POINT('',#1537);
#1540=VERTEX_POINT('',#1538);
#1541=VERTEX_POINT('',#332);
#1542=VERTEX_POINT('',#344);
#1543=VERTEX_POINT('',#422);
#1544=VERTEX_POINT('',#434);
#1545=VERTEX_POINT('',#361);
#1546=VERTEX_POINT('',#402);
#1547=VERTEX_POINT('',#280);
#1548=VERTEX_POINT('',#420);
#1549=CARTESIAN_POINT('',(3.2E1,7.5E1,-2.567241379310E2));
#1550=CARTESIAN_POINT('',(-3.2E1,7.5E1,-2.567241379310E2));
#1551=VERTEX_POINT('',#1549);
#1552=VERTEX_POINT('',#1550);
#1553=CARTESIAN_POINT('',(3.E1,7.5E1,-2.547241379310E2));
#1554=CARTESIAN_POINT('',(-3.E1,7.5E1,-2.547241379310E2));
#1555=VERTEX_POINT('',#1553);
#1556=VERTEX_POINT('',#1554);
#1557=CARTESIAN_POINT('',(-3.607622487450E-14,1.513793103448E2,
-6.972413793103E1));
#1558=CARTESIAN_POINT('',(-8.154921987012E-14,1.513793103448E2,
-1.537241379310E2));
#1559=VERTEX_POINT('',#1557);
#1560=VERTEX_POINT('',#1558);
#1561=CARTESIAN_POINT('',(0.E0,1.493793103448E2,-7.172413793103E1));
#1562=CARTESIAN_POINT('',(0.E0,1.493793103448E2,-1.517241379310E2));
#1563=VERTEX_POINT('',#1561);
#1564=VERTEX_POINT('',#1562);
#1565=CARTESIAN_POINT('',(-3.2E1,6.5E1,9.327586206897E1));
#1566=CARTESIAN_POINT('',(3.2E1,6.5E1,9.327586206897E1));
#1567=VERTEX_POINT('',#1565);
#1568=VERTEX_POINT('',#1566);
#1569=CARTESIAN_POINT('',(-3.E1,6.3E1,9.327586206897E1));
#1570=CARTESIAN_POINT('',(3.E1,6.3E1,9.327586206897E1));
#1571=VERTEX_POINT('',#1569);
#1572=VERTEX_POINT('',#1570);
#1573=CARTESIAN_POINT('',(4.121974143092E-14,-9.062068965517E1,
1.882758620690E2));
#1574=CARTESIAN_POINT('',(0.E0,-6.620689655172E0,1.882758620690E2));
#1575=VERTEX_POINT('',#1573);
#1576=VERTEX_POINT('',#1574);
#1577=CARTESIAN_POINT('',(0.E0,-8.862068965517E1,1.862758620690E2));
#1578=CARTESIAN_POINT('',(0.E0,-8.620689655172E0,1.862758620690E2));
#1579=VERTEX_POINT('',#1577);
#1580=VERTEX_POINT('',#1578);
#1581=VERTEX_POINT('',#739);
#1582=VERTEX_POINT('',#752);
#1583=VERTEX_POINT('',#844);
#1584=VERTEX_POINT('',#857);
#1585=VERTEX_POINT('',#780);
#1586=VERTEX_POINT('',#818);
#1587=VERTEX_POINT('',#698);
#1588=VERTEX_POINT('',#833);
#1589=VERTEX_POINT('',#622);
#1590=VERTEX_POINT('',#635);
#1591=VERTEX_POINT('',#582);
#1592=VERTEX_POINT('',#595);
#1593=VERTEX_POINT('',#546);
#1594=VERTEX_POINT('',#610);
#1595=VERTEX_POINT('',#575);
#1596=VERTEX_POINT('',#498);
#1597=CARTESIAN_POINT('',(0.E0,-4.862068965517E1,1.882758620690E2));
#1598=DIRECTION('',(0.E0,0.E0,-1.E0));
#1599=DIRECTION('',(0.E0,1.E0,0.E0));
#1600=AXIS2_PLACEMENT_3D('',#1597,#1598,#1599);
#1601=PLANE('',#1600);
#1603=ORIENTED_EDGE('',*,*,#1602,.F.);
#1605=ORIENTED_EDGE('',*,*,#1604,.F.);
#1606=EDGE_LOOP('',(#1603,#1605));
#1607=FACE_OUTER_BOUND('',#1606,.F.);
#1609=ORIENTED_EDGE('',*,*,#1608,.F.);
#1611=ORIENTED_EDGE('',*,*,#1610,.F.);
#1612=EDGE_LOOP('',(#1609,#1611));
#1613=FACE_BOUND('',#1612,.F.);
#1615=ORIENTED_EDGE('',*,*,#1614,.F.);
#1617=ORIENTED_EDGE('',*,*,#1616,.F.);
#1618=EDGE_LOOP('',(#1615,#1617));
#1619=FACE_BOUND('',#1618,.F.);
#1621=ORIENTED_EDGE('',*,*,#1620,.F.);
#1623=ORIENTED_EDGE('',*,*,#1622,.F.);
#1624=EDGE_LOOP('',(#1621,#1623));
#1625=FACE_BOUND('',#1624,.F.);
#1627=ORIENTED_EDGE('',*,*,#1626,.F.);
#1629=ORIENTED_EDGE('',*,*,#1628,.F.);
#1630=EDGE_LOOP('',(#1627,#1629));
#1631=FACE_BOUND('',#1630,.F.);
#1633=ORIENTED_EDGE('',*,*,#1632,.F.);
#1635=ORIENTED_EDGE('',*,*,#1634,.F.);
#1636=EDGE_LOOP('',(#1633,#1635));
#1637=FACE_BOUND('',#1636,.F.);
#1638=ADVANCED_FACE('',(#1607,#1613,#1619,#1625,#1631,#1637),#1601,.F.);
#1639=CARTESIAN_POINT('',(0.E0,-4.862068965517E1,1.882758620690E2));
#1640=DIRECTION('',(0.E0,0.E0,1.E0));
#1641=DIRECTION('',(1.E0,0.E0,0.E0));
#1642=AXIS2_PLACEMENT_3D('',#1639,#1640,#1641);
#1643=CYLINDRICAL_SURFACE('',#1642,1.15E2);
#1644=ORIENTED_EDGE('',*,*,#1602,.T.);
#1646=ORIENTED_EDGE('',*,*,#1645,.T.);
#1648=ORIENTED_EDGE('',*,*,#1647,.F.);
#1650=ORIENTED_EDGE('',*,*,#1649,.F.);
#1651=EDGE_LOOP('',(#1644,#1646,#1648,#1650));
#1652=FACE_OUTER_BOUND('',#1651,.F.);
#1653=ADVANCED_FACE('',(#1652),#1643,.T.);
#1654=CARTESIAN_POINT('',(0.E0,-4.862068965517E1,1.882758620690E2));
#1655=DIRECTION('',(0.E0,0.E0,1.E0));
#1656=DIRECTION('',(1.E0,0.E0,0.E0));
#1657=AXIS2_PLACEMENT_3D('',#1654,#1655,#1656);
#1658=CYLINDRICAL_SURFACE('',#1657,1.15E2);
#1659=ORIENTED_EDGE('',*,*,#1604,.T.);
#1660=ORIENTED_EDGE('',*,*,#1649,.T.);
#1662=ORIENTED_EDGE('',*,*,#1661,.F.);
#1663=ORIENTED_EDGE('',*,*,#1645,.F.);
#1664=EDGE_LOOP('',(#1659,#1660,#1662,#1663));
#1665=FACE_OUTER_BOUND('',#1664,.F.);
#1666=ADVANCED_FACE('',(#1665),#1658,.T.);
#1667=CARTESIAN_POINT('',(0.E0,0.E0,1.682758620690E2));
#1668=DIRECTION('',(0.E0,0.E0,1.E0));
#1669=DIRECTION('',(1.E0,0.E0,0.E0));
#1670=AXIS2_PLACEMENT_3D('',#1667,#1668,#1669);
#1671=PLANE('',#1670);
#1672=ORIENTED_EDGE('',*,*,#1647,.T.);
#1673=ORIENTED_EDGE('',*,*,#1661,.T.);
#1674=EDGE_LOOP('',(#1672,#1673));
#1675=FACE_OUTER_BOUND('',#1674,.F.);
#1677=ORIENTED_EDGE('',*,*,#1676,.T.);
#1679=ORIENTED_EDGE('',*,*,#1678,.T.);
#1680=EDGE_LOOP('',(#1677,#1679));
#1681=FACE_BOUND('',#1680,.F.);
#1683=ORIENTED_EDGE('',*,*,#1682,.T.);
#1685=ORIENTED_EDGE('',*,*,#1684,.T.);
#1686=EDGE_LOOP('',(#1683,#1685));
#1687=FACE_BOUND('',#1686,.F.);
#1689=ORIENTED_EDGE('',*,*,#1688,.T.);
#1691=ORIENTED_EDGE('',*,*,#1690,.T.);
#1692=EDGE_LOOP('',(#1689,#1691));
#1693=FACE_BOUND('',#1692,.F.);
#1695=ORIENTED_EDGE('',*,*,#1694,.T.);
#1697=ORIENTED_EDGE('',*,*,#1696,.T.);
#1698=EDGE_LOOP('',(#1695,#1697));
#1699=FACE_BOUND('',#1698,.F.);
#1701=ORIENTED_EDGE('',*,*,#1700,.F.);
#1703=ORIENTED_EDGE('',*,*,#1702,.F.);
#1704=EDGE_LOOP('',(#1701,#1703));
#1705=FACE_BOUND('',#1704,.F.);
#1706=ADVANCED_FACE('',(#1675,#1681,#1687,#1693,#1699,#1705),#1671,.F.);
#1707=CARTESIAN_POINT('',(9.5E1,-4.862068965517E1,1.882758620690E2));
#1708=DIRECTION('',(0.E0,0.E0,-1.E0));
#1709=DIRECTION('',(-1.E0,0.E0,0.E0));
#1710=AXIS2_PLACEMENT_3D('',#1707,#1708,#1709);
#1711=CYLINDRICAL_SURFACE('',#1710,1.E1);
#1712=ORIENTED_EDGE('',*,*,#1608,.T.);
#1714=ORIENTED_EDGE('',*,*,#1713,.T.);
#1715=ORIENTED_EDGE('',*,*,#1676,.F.);
#1717=ORIENTED_EDGE('',*,*,#1716,.F.);
#1718=EDGE_LOOP('',(#1712,#1714,#1715,#1717));
#1719=FACE_OUTER_BOUND('',#1718,.F.);
#1720=ADVANCED_FACE('',(#1719),#1711,.F.);
#1721=CARTESIAN_POINT('',(9.5E1,-4.862068965517E1,1.882758620690E2));
#1722=DIRECTION('',(0.E0,0.E0,-1.E0));
#1723=DIRECTION('',(-1.E0,0.E0,0.E0));
#1724=AXIS2_PLACEMENT_3D('',#1721,#1722,#1723);
#1725=CYLINDRICAL_SURFACE('',#1724,1.E1);
#1726=ORIENTED_EDGE('',*,*,#1610,.T.);
#1727=ORIENTED_EDGE('',*,*,#1716,.T.);
#1728=ORIENTED_EDGE('',*,*,#1678,.F.);
#1729=ORIENTED_EDGE('',*,*,#1713,.F.);
#1730=EDGE_LOOP('',(#1726,#1727,#1728,#1729));
#1731=FACE_OUTER_BOUND('',#1730,.F.);
#1732=ADVANCED_FACE('',(#1731),#1725,.F.);
#1733=CARTESIAN_POINT('',(1.421085471520E-14,4.637931034483E1,
1.882758620690E2));
#1734=DIRECTION('',(0.E0,0.E0,-1.E0));
#1735=DIRECTION('',(0.E0,-1.E0,0.E0));
#1736=AXIS2_PLACEMENT_3D('',#1733,#1734,#1735);
#1737=CYLINDRICAL_SURFACE('',#1736,1.E1);
#1738=ORIENTED_EDGE('',*,*,#1614,.T.);
#1740=ORIENTED_EDGE('',*,*,#1739,.T.);
#1741=ORIENTED_EDGE('',*,*,#1682,.F.);
#1743=ORIENTED_EDGE('',*,*,#1742,.F.);
#1744=EDGE_LOOP('',(#1738,#1740,#1741,#1743));
#1745=FACE_OUTER_BOUND('',#1744,.F.);
#1746=ADVANCED_FACE('',(#1745),#1737,.F.);
#1747=CARTESIAN_POINT('',(1.421085471520E-14,4.637931034483E1,
1.882758620690E2));
#1748=DIRECTION('',(0.E0,0.E0,-1.E0));
#1749=DIRECTION('',(0.E0,-1.E0,0.E0));
#1750=AXIS2_PLACEMENT_3D('',#1747,#1748,#1749);
#1751=CYLINDRICAL_SURFACE('',#1750,1.E1);
#1752=ORIENTED_EDGE('',*,*,#1616,.T.);
#1753=ORIENTED_EDGE('',*,*,#1742,.T.);
#1754=ORIENTED_EDGE('',*,*,#1684,.F.);
#1755=ORIENTED_EDGE('',*,*,#1739,.F.);
#1756=EDGE_LOOP('',(#1752,#1753,#1754,#1755));
#1757=FACE_OUTER_BOUND('',#1756,.F.);
#1758=ADVANCED_FACE('',(#1757),#1751,.F.);
#1759=CARTESIAN_POINT('',(-9.5E1,-4.862068965517E1,1.882758620690E2));
#1760=DIRECTION('',(0.E0,0.E0,-1.E0));
#1761=DIRECTION('',(1.E0,0.E0,0.E0));
#1762=AXIS2_PLACEMENT_3D('',#1759,#1760,#1761);
#1763=CYLINDRICAL_SURFACE('',#1762,1.E1);
#1764=ORIENTED_EDGE('',*,*,#1620,.T.);
#1766=ORIENTED_EDGE('',*,*,#1765,.T.);
#1767=ORIENTED_EDGE('',*,*,#1688,.F.);
#1769=ORIENTED_EDGE('',*,*,#1768,.F.);
#1770=EDGE_LOOP('',(#1764,#1766,#1767,#1769));
#1771=FACE_OUTER_BOUND('',#1770,.F.);
#1772=ADVANCED_FACE('',(#1771),#1763,.F.);
#1773=CARTESIAN_POINT('',(-9.5E1,-4.862068965517E1,1.882758620690E2));
#1774=DIRECTION('',(0.E0,0.E0,-1.E0));
#1775=DIRECTION('',(1.E0,0.E0,0.E0));
#1776=AXIS2_PLACEMENT_3D('',#1773,#1774,#1775);
#1777=CYLINDRICAL_SURFACE('',#1776,1.E1);
#1778=ORIENTED_EDGE('',*,*,#1622,.T.);
#1779=ORIENTED_EDGE('',*,*,#1768,.T.);
#1780=ORIENTED_EDGE('',*,*,#1690,.F.);
#1781=ORIENTED_EDGE('',*,*,#1765,.F.);
#1782=EDGE_LOOP('',(#1778,#1779,#1780,#1781));
#1783=FACE_OUTER_BOUND('',#1782,.F.);
#1784=ADVANCED_FACE('',(#1783),#1777,.F.);
#1785=CARTESIAN_POINT('',(-2.131628207280E-14,-1.436206896552E2,
1.882758620690E2));
#1786=DIRECTION('',(0.E0,0.E0,-1.E0));
#1787=DIRECTION('',(0.E0,1.E0,0.E0));
#1788=AXIS2_PLACEMENT_3D('',#1785,#1786,#1787);
#1789=CYLINDRICAL_SURFACE('',#1788,1.E1);
#1790=ORIENTED_EDGE('',*,*,#1626,.T.);
#1792=ORIENTED_EDGE('',*,*,#1791,.T.);
#1793=ORIENTED_EDGE('',*,*,#1694,.F.);
#1795=ORIENTED_EDGE('',*,*,#1794,.F.);
#1796=EDGE_LOOP('',(#1790,#1792,#1793,#1795));
#1797=FACE_OUTER_BOUND('',#1796,.F.);
#1798=ADVANCED_FACE('',(#1797),#1789,.F.);
#1799=CARTESIAN_POINT('',(-2.131628207280E-14,-1.436206896552E2,
1.882758620690E2));
#1800=DIRECTION('',(0.E0,0.E0,-1.E0));
#1801=DIRECTION('',(0.E0,1.E0,0.E0));
#1802=AXIS2_PLACEMENT_3D('',#1799,#1800,#1801);
#1803=CYLINDRICAL_SURFACE('',#1802,1.E1);
#1804=ORIENTED_EDGE('',*,*,#1628,.T.);
#1805=ORIENTED_EDGE('',*,*,#1794,.T.);
#1806=ORIENTED_EDGE('',*,*,#1696,.F.);
#1807=ORIENTED_EDGE('',*,*,#1791,.F.);
#1808=EDGE_LOOP('',(#1804,#1805,#1806,#1807));
#1809=FACE_OUTER_BOUND('',#1808,.F.);
#1810=ADVANCED_FACE('',(#1809),#1803,.F.);
#1811=CARTESIAN_POINT('',(0.E0,-4.862068965517E1,1.632758620690E2));
#1812=DIRECTION('',(0.E0,0.E0,-1.E0));
#1813=DIRECTION('',(-1.749773104889E-2,-9.998469029847E-1,0.E0));
#1814=AXIS2_PLACEMENT_3D('',#1811,#1812,#1813);
#1815=TOROIDAL_SURFACE('',#1814,5.5E1,5.E0);
#1817=ORIENTED_EDGE('',*,*,#1816,.F.);
#1819=ORIENTED_EDGE('',*,*,#1818,.T.);
#1820=ORIENTED_EDGE('',*,*,#1700,.T.);
#1822=ORIENTED_EDGE('',*,*,#1821,.F.);
#1823=EDGE_LOOP('',(#1817,#1819,#1820,#1822));
#1824=FACE_OUTER_BOUND('',#1823,.F.);
#1825=ADVANCED_FACE('',(#1824),#1815,.F.);
#1826=CARTESIAN_POINT('',(0.E0,-4.862068965517E1,1.882758620690E2));
#1827=DIRECTION('',(0.E0,0.E0,-1.E0));
#1828=DIRECTION('',(0.E0,1.E0,0.E0));
#1829=AXIS2_PLACEMENT_3D('',#1826,#1827,#1828);
#1830=CYLINDRICAL_SURFACE('',#1829,5.E1);
#1831=ORIENTED_EDGE('',*,*,#1816,.T.);
#1833=ORIENTED_EDGE('',*,*,#1832,.T.);
#1835=ORIENTED_EDGE('',*,*,#1834,.T.);
#1837=ORIENTED_EDGE('',*,*,#1836,.T.);
#1839=ORIENTED_EDGE('',*,*,#1838,.T.);
#1841=ORIENTED_EDGE('',*,*,#1840,.F.);
#1842=EDGE_LOOP('',(#1831,#1833,#1835,#1837,#1839,#1841));
#1843=FACE_OUTER_BOUND('',#1842,.F.);
#1844=ADVANCED_FACE('',(#1843),#1830,.T.);
#1845=CARTESIAN_POINT('',(0.E0,-4.862068965517E1,1.882758620690E2));
#1846=DIRECTION('',(0.E0,0.E0,-1.E0));
#1847=DIRECTION('',(0.E0,1.E0,0.E0));
#1848=AXIS2_PLACEMENT_3D('',#1845,#1846,#1847);
#1849=CYLINDRICAL_SURFACE('',#1848,5.E1);
#1851=ORIENTED_EDGE('',*,*,#1850,.T.);
#1852=ORIENTED_EDGE('',*,*,#1840,.T.);
#1854=ORIENTED_EDGE('',*,*,#1853,.T.);
#1855=ORIENTED_EDGE('',*,*,#1836,.F.);
#1857=ORIENTED_EDGE('',*,*,#1856,.T.);
#1858=ORIENTED_EDGE('',*,*,#1832,.F.);
#1859=EDGE_LOOP('',(#1851,#1852,#1854,#1855,#1857,#1858));
#1860=FACE_OUTER_BOUND('',#1859,.F.);
#1861=ADVANCED_FACE('',(#1860),#1849,.T.);
#1862=CARTESIAN_POINT('',(0.E0,-4.862068965517E1,1.632758620690E2));
#1863=DIRECTION('',(0.E0,0.E0,-1.E0));
#1864=DIRECTION('',(1.749773104889E-2,9.998469029847E-1,0.E0));
#1865=AXIS2_PLACEMENT_3D('',#1862,#1863,#1864);
#1866=TOROIDAL_SURFACE('',#1865,5.5E1,5.E0);
#1867=ORIENTED_EDGE('',*,*,#1850,.F.);
#1868=ORIENTED_EDGE('',*,*,#1821,.T.);
#1869=ORIENTED_EDGE('',*,*,#1702,.T.);
#1870=ORIENTED_EDGE('',*,*,#1818,.F.);
#1871=EDGE_LOOP('',(#1867,#1868,#1869,#1870));
#1872=FACE_OUTER_BOUND('',#1871,.F.);
#1873=ADVANCED_FACE('',(#1872),#1866,.F.);
#1874=CARTESIAN_POINT('',(0.E0,2.637931034483E1,-3.672413793103E1));
#1875=DIRECTION('',(1.E0,0.E0,0.E0));
#1876=DIRECTION('',(0.E0,1.E0,0.E0));
#1877=AXIS2_PLACEMENT_3D('',#1874,#1875,#1876);
#1878=TOROIDAL_SURFACE('',#1877,7.5E1,5.E1);
#1879=ORIENTED_EDGE('',*,*,#1853,.F.);
#1881=ORIENTED_EDGE('',*,*,#1880,.T.);
#1883=ORIENTED_EDGE('',*,*,#1882,.T.);
#1885=ORIENTED_EDGE('',*,*,#1884,.F.);
#1886=EDGE_LOOP('',(#1879,#1881,#1883,#1885));
#1887=FACE_OUTER_BOUND('',#1886,.F.);
#1888=ADVANCED_FACE('',(#1887),#1878,.T.);
#1889=CARTESIAN_POINT('',(0.E0,2.637931034483E1,-3.672413793103E1));
#1890=DIRECTION('',(1.E0,0.E0,0.E0));
#1891=DIRECTION('',(0.E0,1.E0,0.E0));
#1892=AXIS2_PLACEMENT_3D('',#1889,#1890,#1891);
#1893=TOROIDAL_SURFACE('',#1892,7.5E1,5.E1);
#1894=ORIENTED_EDGE('',*,*,#1838,.F.);
#1895=ORIENTED_EDGE('',*,*,#1884,.T.);
#1897=ORIENTED_EDGE('',*,*,#1896,.T.);
#1898=ORIENTED_EDGE('',*,*,#1880,.F.);
#1899=EDGE_LOOP('',(#1894,#1895,#1897,#1898));
#1900=FACE_OUTER_BOUND('',#1899,.F.);
#1901=ADVANCED_FACE('',(#1900),#1893,.T.);
#1902=CARTESIAN_POINT('',(0.E0,2.637931034483E1,-1.117241379310E2));
#1903=DIRECTION('',(0.E0,1.E0,0.E0));
#1904=DIRECTION('',(0.E0,0.E0,1.E0));
#1905=AXIS2_PLACEMENT_3D('',#1902,#1903,#1904);
#1906=CYLINDRICAL_SURFACE('',#1905,5.E1);
#1908=ORIENTED_EDGE('',*,*,#1907,.T.);
#1910=ORIENTED_EDGE('',*,*,#1909,.F.);
#1912=ORIENTED_EDGE('',*,*,#1911,.T.);
#1914=ORIENTED_EDGE('',*,*,#1913,.T.);
#1916=ORIENTED_EDGE('',*,*,#1915,.F.);
#1917=ORIENTED_EDGE('',*,*,#1896,.F.);
#1919=ORIENTED_EDGE('',*,*,#1918,.T.);
#1920=EDGE_LOOP('',(#1908,#1910,#1912,#1914,#1916,#1917,#1919));
#1921=FACE_OUTER_BOUND('',#1920,.F.);
#1922=ADVANCED_FACE('',(#1921),#1906,.T.);
#1923=CARTESIAN_POINT('',(0.E0,1.263793103448E2,-1.117241379310E2));
#1924=DIRECTION('',(0.E0,1.E0,0.E0));
#1925=DIRECTION('',(-1.907533988977E-2,0.E0,9.998180491510E-1));
#1926=AXIS2_PLACEMENT_3D('',#1923,#1924,#1925);
#1927=TOROIDAL_SURFACE('',#1926,5.5E1,5.E0);
#1928=ORIENTED_EDGE('',*,*,#1907,.F.);
#1930=ORIENTED_EDGE('',*,*,#1929,.T.);
#1932=ORIENTED_EDGE('',*,*,#1931,.T.);
#1934=ORIENTED_EDGE('',*,*,#1933,.F.);
#1935=EDGE_LOOP('',(#1928,#1930,#1932,#1934));
#1936=FACE_OUTER_BOUND('',#1935,.F.);
#1937=ADVANCED_FACE('',(#1936),#1927,.F.);
#1938=CARTESIAN_POINT('',(0.E0,1.263793103448E2,-1.117241379310E2));
#1939=DIRECTION('',(0.E0,1.E0,0.E0));
#1940=DIRECTION('',(1.907533988977E-2,0.E0,-9.998180491510E-1));
#1941=AXIS2_PLACEMENT_3D('',#1938,#1939,#1940);
#1942=TOROIDAL_SURFACE('',#1941,5.5E1,5.E0);
#1944=ORIENTED_EDGE('',*,*,#1943,.F.);
#1945=ORIENTED_EDGE('',*,*,#1933,.T.);
#1947=ORIENTED_EDGE('',*,*,#1946,.T.);
#1948=ORIENTED_EDGE('',*,*,#1929,.F.);
#1949=EDGE_LOOP('',(#1944,#1945,#1947,#1948));
#1950=FACE_OUTER_BOUND('',#1949,.F.);
#1951=ADVANCED_FACE('',(#1950),#1942,.F.);
#1952=CARTESIAN_POINT('',(0.E0,2.637931034483E1,-1.117241379310E2));
#1953=DIRECTION('',(0.E0,1.E0,0.E0));
#1954=DIRECTION('',(0.E0,0.E0,1.E0));
#1955=AXIS2_PLACEMENT_3D('',#1952,#1953,#1954);
#1956=CYLINDRICAL_SURFACE('',#1955,5.E1);
#1957=ORIENTED_EDGE('',*,*,#1943,.T.);
#1958=ORIENTED_EDGE('',*,*,#1918,.F.);
#1959=ORIENTED_EDGE('',*,*,#1882,.F.);
#1960=ORIENTED_EDGE('',*,*,#1915,.T.);
#1962=ORIENTED_EDGE('',*,*,#1961,.T.);
#1964=ORIENTED_EDGE('',*,*,#1963,.T.);
#1965=ORIENTED_EDGE('',*,*,#1909,.T.);
#1966=EDGE_LOOP('',(#1957,#1958,#1959,#1960,#1962,#1964,#1965));
#1967=FACE_OUTER_BOUND('',#1966,.F.);
#1968=ADVANCED_FACE('',(#1967),#1956,.T.);
#1969=CARTESIAN_POINT('',(6.964600529745E-1,2.929755231659E1,
-1.617697964904E2));
#1970=CARTESIAN_POINT('',(4.643913449395E-1,2.929399928868E1,
-1.617729306874E2));
#1971=CARTESIAN_POINT('',(-1.937590679819E0,2.927578498990E1,
-1.617891165712E2));
#1972=CARTESIAN_POINT('',(-6.657711833745E0,2.961036240809E1,
-1.614901151266E2));
#1973=CARTESIAN_POINT('',(-1.347134183542E1,3.111014237529E1,
-1.601684111113E2));
#1974=CARTESIAN_POINT('',(-2.043487099418E1,3.383366362210E1,
-1.578411332827E2));
#1975=CARTESIAN_POINT('',(-2.716396215261E1,3.788650205304E1,
-1.545519929570E2));
#1976=CARTESIAN_POINT('',(-3.307353320726E1,4.304936763012E1,
-1.506854924609E2));
#1977=CARTESIAN_POINT('',(-3.779023468418E1,4.885210616068E1,
-1.468280624089E2));
#1978=CARTESIAN_POINT('',(-4.133490236169E1,5.498115660860E1,
-1.434004505301E2));
#1979=CARTESIAN_POINT('',(-4.385075209755E1,6.140543799697E1,
-1.406401957144E2));
#1980=CARTESIAN_POINT('',(-4.536826913968E1,6.812884690789E1,
-1.388221664326E2));
#1981=CARTESIAN_POINT('',(-4.572900454951E1,7.308908438944E1,
-1.383702184685E2));
#1982=CARTESIAN_POINT('',(-4.570494892054E1,7.558776181620E1,
-1.384008980179E2));
#1983=CARTESIAN_POINT('',(-4.569930557532E1,7.588134214129E1,
-1.384081947957E2));
#1984=CARTESIAN_POINT('',(6.292276645029E-1,3.289737468884E1,
-1.612550176703E2));
#1985=CARTESIAN_POINT('',(4.195593020644E-1,3.289423936857E1,
-1.612581160458E2));
#1986=CARTESIAN_POINT('',(-1.750535005545E0,3.287818357990E1,
-1.612741238813E2));
#1987=CARTESIAN_POINT('',(-6.015052477224E0,3.317295115706E1,
-1.609782897516E2));
#1988=CARTESIAN_POINT('',(-1.219067081640E1,3.449954098239E1,
-1.596690592708E2));
#1989=CARTESIAN_POINT('',(-1.853881577641E1,3.692578764282E1,
-1.573591147117E2));
#1990=CARTESIAN_POINT('',(-2.471880498239E1,4.056783035175E1,
-1.540864459956E2));
#1991=CARTESIAN_POINT('',(-3.019012739447E1,4.524891653597E1,
-1.502294359981E2));
#1992=CARTESIAN_POINT('',(-3.459344756917E1,5.055520788757E1,
-1.463712290977E2));
#1993=CARTESIAN_POINT('',(-3.793141431095E1,5.620766390873E1,
-1.429324989522E2));
#1994=CARTESIAN_POINT('',(-4.032300949428E1,6.218631248615E1,
-1.401527342002E2));
#1995=CARTESIAN_POINT('',(-4.177946937956E1,6.850287292483E1,
-1.383136485038E2));
#1996=CARTESIAN_POINT('',(-4.212781036902E1,7.319296244952E1,
-1.378549641589E2));
#1997=CARTESIAN_POINT('',(-4.210460269720E1,7.555580632271E1,
-1.378861253282E2));
#1998=CARTESIAN_POINT('',(-4.209916459117E1,7.583341610189E1,
-1.378935381259E2));
#1999=CARTESIAN_POINT('',(6.214000214636E-1,3.546939674831E1,
-1.638265469890E2));
#2000=CARTESIAN_POINT('',(4.143457004080E-1,3.546611196503E1,
-1.638298243078E2));
#2001=CARTESIAN_POINT('',(-1.728787021052E0,3.544924645171E1,
-1.638467215667E2));
#2002=CARTESIAN_POINT('',(-5.940125869581E0,3.575929412411E1,
-1.635350654123E2));
#2003=CARTESIAN_POINT('',(-1.198913153363E1,3.714104089051E1,
-1.621635245598E2));
#2004=CARTESIAN_POINT('',(-1.811494290875E1,3.962377594002E1,
-1.597669932784E2));
#2005=CARTESIAN_POINT('',(-2.396458662223E1,4.326984183867E1,
-1.564120421813E2));
#2006=CARTESIAN_POINT('',(-2.903431585447E1,4.785078573931E1,
-1.525076232880E2));
#2007=CARTESIAN_POINT('',(-3.302482573456E1,5.293034848303E1,
-1.486532970606E2));
#2008=CARTESIAN_POINT('',(-3.597953299144E1,5.822223801644E1,
-1.452701071741E2));
#2009=CARTESIAN_POINT('',(-3.804219400857E1,6.368627808828E1,
-1.425878024791E2));
#2010=CARTESIAN_POINT('',(-3.926503533034E1,6.931336160270E1,
-1.408539021270E2));
#2011=CARTESIAN_POINT('',(-3.955246873185E1,7.341872288133E1,
-1.404288687407E2));
#2012=CARTESIAN_POINT('',(-3.953326834526E1,7.548637817905E1,
-1.404576240229E2));
#2013=CARTESIAN_POINT('',(-3.952875433064E1,7.572933256360E1,
-1.404644572545E2));
#2014=CARTESIAN_POINT('',(6.792408837935E-1,3.495546016406E1,
-1.674266204119E2));
#2015=CARTESIAN_POINT('',(4.529225172842E-1,3.495157834893E1,
-1.674301482465E2));
#2016=CARTESIAN_POINT('',(-1.889749685737E0,3.493158282617E1,
-1.674482906747E2));
#2017=CARTESIAN_POINT('',(-6.492889047793E0,3.529977324175E1,
-1.671144841019E2));
#2018=CARTESIAN_POINT('',(-1.302799778036E1,3.692088688438E1,
-1.656557103677E2));
#2019=CARTESIAN_POINT('',(-1.950243979072E1,3.976867071231E1,
-1.631379599519E2));
#2020=CARTESIAN_POINT('',(-2.550484030994E1,4.383035931489E1,
-1.596678156851E2));
#2021=CARTESIAN_POINT('',(-3.053099079075E1,4.877293291972E1,
-1.556970255845E2));
#2022=CARTESIAN_POINT('',(-3.433959639938E1,5.407691617522E1,
-1.518481321972E2));
#2023=CARTESIAN_POINT('',(-3.704117377787E1,5.941279614738E1,
-1.485426972128E2));
#2024=CARTESIAN_POINT('',(-3.883343749570E1,6.470504700304E1,
-1.459968340347E2));
#2025=CARTESIAN_POINT('',(-3.983704280877E1,6.991175162052E1,
-1.444101903985E2));
#2026=CARTESIAN_POINT('',(-4.006379432893E1,7.358570988069E1,
-1.440322674692E2));
#2027=CARTESIAN_POINT('',(-4.004855388506E1,7.543503449513E1,
-1.440576545729E2));
#2028=CARTESIAN_POINT('',(-4.004494334667E1,7.565238023720E1,
-1.440636764272E2));
#2029=(BOUNDED_SURFACE()B_SPLINE_SURFACE(3,3,((#1969,#1970,#1971,#1972,#1973,
#1974,#1975,#1976,#1977,#1978,#1979,#1980,#1981,#1982,#1983),(#1984,#1985,#1986,
#1987,#1988,#1989,#1990,#1991,#1992,#1993,#1994,#1995,#1996,#1997,#1998),(#1999,
#2000,#2001,#2002,#2003,#2004,#2005,#2006,#2007,#2008,#2009,#2010,#2011,#2012,
#2013),(#2014,#2015,#2016,#2017,#2018,#2019,#2020,#2021,#2022,#2023,#2024,#2025,
#2026,#2027,#2028)),.UNSPECIFIED.,.F.,.F.,.F.)B_SPLINE_SURFACE_WITH_KNOTS((4,4),
(4,1,1,1,1,1,1,1,1,1,1,1,4),(0.E0,1.E0),(-9.825518776687E-3,0.E0,
9.182807251934E-2,1.894434047439E-1,2.969140648960E-1,4.156276397707E-1,
5.368440657838E-1,6.484210052409E-1,7.474779164923E-1,8.392312204652E-1,
9.239106455103E-1,1.E0,1.010141006008E0),.UNSPECIFIED.)GEOMETRIC_REPRESENTATION_ITEM()RATIONAL_B_SPLINE_SURFACE(((1.250082121501E0,1.250082121501E0,
1.250082121501E0,1.250082121501E0,1.250082121501E0,1.250082121501E0,
1.250082121501E0,1.250082121501E0,1.250082121501E0,1.250082121501E0,
1.250082121501E0,1.250082121501E0,1.250082121501E0,1.250082121501E0,
1.250082121501E0),(9.166392928331E-1,9.166392928331E-1,9.166392928331E-1,
9.166392928331E-1,9.166392928331E-1,9.166392928331E-1,9.166392928331E-1,
9.166392928331E-1,9.166392928331E-1,9.166392928331E-1,9.166392928331E-1,
9.166392928331E-1,9.166392928331E-1,9.166392928331E-1,9.166392928331E-1),(
9.166392928331E-1,9.166392928331E-1,9.166392928331E-1,9.166392928331E-1,
9.166392928331E-1,9.166392928331E-1,9.166392928331E-1,9.166392928331E-1,
9.166392928331E-1,9.166392928331E-1,9.166392928331E-1,9.166392928331E-1,
9.166392928331E-1,9.166392928331E-1,9.166392928331E-1),(1.250082121501E0,
1.250082121501E0,1.250082121501E0,1.250082121501E0,1.250082121501E0,
1.250082121501E0,1.250082121501E0,1.250082121501E0,1.250082121501E0,
1.250082121501E0,1.250082121501E0,1.250082121501E0,1.250082121501E0,
1.250082121501E0,1.250082121501E0)))REPRESENTATION_ITEM('')SURFACE());
#2030=ORIENTED_EDGE('',*,*,#1961,.F.);
#2032=ORIENTED_EDGE('',*,*,#2031,.T.);
#2034=ORIENTED_EDGE('',*,*,#2033,.T.);
#2036=ORIENTED_EDGE('',*,*,#2035,.F.);
#2037=EDGE_LOOP('',(#2030,#2032,#2034,#2036));
#2038=FACE_OUTER_BOUND('',#2037,.F.);
#2039=ADVANCED_FACE('',(#2038),#2029,.F.);
#2040=CARTESIAN_POINT('',(4.569930092391E1,7.588178470829E1,-1.384081691700E2));
#2041=CARTESIAN_POINT('',(4.570494729289E1,7.558806271297E1,-1.384008838694E2));
#2042=CARTESIAN_POINT('',(4.572864850719E1,7.312602263778E1,-1.383707353160E2));
#2043=CARTESIAN_POINT('',(4.537579217426E1,6.818762108681E1,-1.388125912316E2));
#2044=CARTESIAN_POINT('',(4.383826889394E1,6.131891987351E1,-1.406564474686E2));
#2045=CARTESIAN_POINT('',(4.114405212269E1,5.452193976810E1,-1.436089475149E2));
#2046=CARTESIAN_POINT('',(3.736916132886E1,4.823700454861E1,-1.472096372912E2));
#2047=CARTESIAN_POINT('',(3.283698167371E1,4.288414386598E1,-1.508246703636E2));
#2048=CARTESIAN_POINT('',(2.803942392602E1,3.867465957923E1,-1.539622188320E2));
#2049=CARTESIAN_POINT('',(2.330489644247E1,3.551093009867E1,-1.564729087013E2));
#2050=CARTESIAN_POINT('',(1.873547590065E1,3.318222380003E1,-1.584013239964E2));
#2051=CARTESIAN_POINT('',(1.440311803369E1,3.152726573323E1,-1.598129848810E2));
#2052=CARTESIAN_POINT('',(1.036757395428E1,3.041449607399E1,-1.607815803514E2));
#2053=CARTESIAN_POINT('',(6.647399659693E0,2.972666497984E1,-1.613882069186E2));
#2054=CARTESIAN_POINT('',(3.227725921327E0,2.936642261587E1,-1.617083481996E2));
#2055=CARTESIAN_POINT('',(8.115428586118E-1,2.928435608825E1,
-1.617815084811E2));
#2056=CARTESIAN_POINT('',(-4.642593544128E-1,2.929399649598E1,
-1.617729230323E2));
#2057=CARTESIAN_POINT('',(-6.963063289769E-1,2.929751396881E1,
-1.617697980202E2));
#2058=CARTESIAN_POINT('',(4.209915995572E1,7.583383310070E1,-1.378935106083E2));
#2059=CARTESIAN_POINT('',(4.210460106251E1,7.555609030857E1,-1.378861101274E2));
#2060=CARTESIAN_POINT('',(4.212746660095E1,7.322789605801E1,-1.378554921999E2));
#2061=CARTESIAN_POINT('',(4.178674743747E1,6.855839832284E1,-1.383039230998E2));
#2062=CARTESIAN_POINT('',(4.031089871645E1,6.210463959922E1,-1.401692524771E2));
#2063=CARTESIAN_POINT('',(3.775011707417E1,5.578093714601E1,-1.431423708600E2));
#2064=CARTESIAN_POINT('',(3.419849063198E1,4.999051510428E1,-1.467534270354E2));
#2065=CARTESIAN_POINT('',(2.997189222406E1,4.510040528629E1,-1.503679896218E2));
#2066=CARTESIAN_POINT('',(2.553009920081E1,4.128268848424E1,-1.534980418068E2));
#2067=CARTESIAN_POINT('',(2.117308667796E1,3.843193960408E1,-1.559980243595E2));
#2068=CARTESIAN_POINT('',(1.698999719657E1,3.634602003259E1,-1.579149965129E2));
#2069=CARTESIAN_POINT('',(1.304170332247E1,3.487141500835E1,-1.593161997618E2));
#2070=CARTESIAN_POINT('',(9.377207457565E0,3.388423093837E1,-1.602764418044E2));
#2071=CARTESIAN_POINT('',(6.008017572457E0,3.327599785945E1,-1.608772899744E2));
#2072=CARTESIAN_POINT('',(2.916122274564E0,3.295809254008E1,-1.611942004292E2));
#2073=CARTESIAN_POINT('',(7.331963463577E-1,3.288573596755E1,
-1.612666030880E2));
#2074=CARTESIAN_POINT('',(-4.194397057343E-1,3.289423684929E1,
-1.612581070210E2));
#2075=CARTESIAN_POINT('',(-6.290885962980E-1,3.289733946066E1,
-1.612550150976E2));
#2076=CARTESIAN_POINT('',(3.95287508E1,7.572970110480E1,-1.404644390690E2));
#2077=CARTESIAN_POINT('',(3.953326709978E1,7.548662802102E1,-1.404576139601E2));
#2078=CARTESIAN_POINT('',(3.955218492971E1,7.344928405219E1,-1.404293407469E2));
#2079=CARTESIAN_POINT('',(3.927100889815E1,6.936207962619E1,-1.408449269309E2));
#2080=CARTESIAN_POINT('',(3.803233405188E1,6.361446651949E1,-1.426029892547E2));
#2081=CARTESIAN_POINT('',(3.582286605372E1,5.783068506235E1,-1.454731106756E2));
#2082=CARTESIAN_POINT('',(3.267143629853E1,5.239530535596E1,-1.490323824786E2));
#2083=CARTESIAN_POINT('',(2.883019411405E1,4.770219810566E1,-1.526492953337E2));
#2084=CARTESIAN_POINT('',(2.471447142708E1,4.396878239395E1,-1.558167944977E2));
#2085=CARTESIAN_POINT('',(2.061226479786E1,4.113439839576E1,-1.583702644434E2));
#2086=CARTESIAN_POINT('',(1.661937728615E1,3.902905960235E1,-1.603443997355E2));
#2087=CARTESIAN_POINT('',(1.280635914664E1,3.752085667124E1,-1.617978431209E2));
#2088=CARTESIAN_POINT('',(9.234166285313E0,3.650013442839E1,-1.627998139265E2));
#2089=CARTESIAN_POINT('',(5.927422945693E0,3.586617600566E1,-1.634295275364E2));
#2090=CARTESIAN_POINT('',(2.879888095410E0,3.553315318664E1,-1.637625772800E2));
#2091=CARTESIAN_POINT('',(7.240870981117E-1,3.545718747305E1,
-1.638387645714E2));
#2092=CARTESIAN_POINT('',(-4.142284672033E-1,3.546610951263E1,
-1.638298220061E2));
#2093=CARTESIAN_POINT('',(-6.212631455253E-1,3.546936347228E1,
-1.638265647915E2));
#2094=CARTESIAN_POINT('',(4.004494113827E1,7.565271620815E1,-1.440636713176E2));
#2095=CARTESIAN_POINT('',(4.004855312622E1,7.543526028286E1,-1.440576517142E2));
#2096=CARTESIAN_POINT('',(4.006357021171E1,7.361302968430E1,-1.440326610396E2));
#2097=CARTESIAN_POINT('',(3.984169625171E1,6.995555100258E1,-1.444022654848E2));
#2098=CARTESIAN_POINT('',(3.882590563665E1,6.464022169906E1,-1.460101567539E2));
#2099=CARTESIAN_POINT('',(3.690450502855E1,5.903095428164E1,-1.487360851363E2));
#2100=CARTESIAN_POINT('',(3.400996281592E1,5.352703756215E1,-1.522228601792E2));
#2101=CARTESIAN_POINT('',(3.032548584192E1,4.860754111413E1,-1.558430633488E2));
#2102=CARTESIAN_POINT('',(2.624521428685E1,4.458350150416E1,-1.590629872987E2));
#2103=CARTESIAN_POINT('',(2.207120620343E1,4.145577132367E1,-1.616913381884E2));
#2104=CARTESIAN_POINT('',(1.792019001023E1,3.908434681915E1,-1.637455003717E2));
#2105=CARTESIAN_POINT('',(1.388541032142E1,3.735548042028E1,-1.652720785749E2));
#2106=CARTESIAN_POINT('',(1.005291344575E1,3.616893383119E1,-1.663324685513E2));
#2107=CARTESIAN_POINT('',(6.470108423587E0,3.542451238869E1,-1.670025930182E2));
#2108=CARTESIAN_POINT('',(3.148018344415E0,3.503101470353E1,-1.673582373418E2));
#2109=CARTESIAN_POINT('',(7.915044274364E-1,3.494100882430E1,
-1.674397230192E2));
#2110=CARTESIAN_POINT('',(-4.527957251624E-1,3.495157569074E1,
-1.674301553681E2));
#2111=CARTESIAN_POINT('',(-6.790919823599E-1,3.495542609796E1,
-1.674266667502E2));
#2112=(BOUNDED_SURFACE()B_SPLINE_SURFACE(3,3,((#2040,#2041,#2042,#2043,#2044,
#2045,#2046,#2047,#2048,#2049,#2050,#2051,#2052,#2053,#2054,#2055,#2056,#2057),(
#2058,#2059,#2060,#2061,#2062,#2063,#2064,#2065,#2066,#2067,#2068,#2069,#2070,
#2071,#2072,#2073,#2074,#2075),(#2076,#2077,#2078,#2079,#2080,#2081,#2082,#2083,
#2084,#2085,#2086,#2087,#2088,#2089,#2090,#2091,#2092,#2093),(#2094,#2095,#2096,
#2097,#2098,#2099,#2100,#2101,#2102,#2103,#2104,#2105,#2106,#2107,#2108,#2109,
#2110,#2111)),.UNSPECIFIED.,.F.,.F.,.F.)B_SPLINE_SURFACE_WITH_KNOTS((4,4),(4,1,
1,1,1,1,1,1,1,1,1,1,1,1,1,4),(0.E0,1.E0),(-1.014209027686E-2,0.E0,
7.479019669234E-2,1.599287372662E-1,2.574629304029E-1,3.671343823909E-1,
4.746158413172E-1,5.693877408193E-1,6.531394813936E-1,7.280374894950E-1,
7.948099022017E-1,8.543384203236E-1,9.076528728975E-1,9.558418822057E-1,1.E0,
1.009820836188E0),.UNSPECIFIED.)GEOMETRIC_REPRESENTATION_ITEM()RATIONAL_B_SPLINE_SURFACE(((1.250082123421E0,1.250082123421E0,1.250082123421E0,1.250082123421E0,
1.250082123421E0,1.250082123421E0,1.250082123421E0,1.250082123421E0,
1.250082123421E0,1.250082123421E0,1.250082123421E0,1.250082123421E0,
1.250082123421E0,1.250082123421E0,1.250082123421E0,1.250082123421E0,
1.250082123421E0,1.250082123421E0),(9.166392921929E-1,9.166392921929E-1,
9.166392921929E-1,9.166392921929E-1,9.166392921929E-1,9.166392921929E-1,
9.166392921929E-1,9.166392921929E-1,9.166392921929E-1,9.166392921929E-1,
9.166392921929E-1,9.166392921929E-1,9.166392921929E-1,9.166392921929E-1,
9.166392921929E-1,9.166392921929E-1,9.166392921929E-1,9.166392921929E-1),(
9.166392921929E-1,9.166392921929E-1,9.166392921929E-1,9.166392921929E-1,
9.166392921929E-1,9.166392921929E-1,9.166392921929E-1,9.166392921929E-1,
9.166392921929E-1,9.166392921929E-1,9.166392921929E-1,9.166392921929E-1,
9.166392921929E-1,9.166392921929E-1,9.166392921929E-1,9.166392921929E-1,
9.166392921929E-1,9.166392921929E-1),(1.250082123421E0,1.250082123421E0,
1.250082123421E0,1.250082123421E0,1.250082123421E0,1.250082123421E0,
1.250082123421E0,1.250082123421E0,1.250082123421E0,1.250082123421E0,
1.250082123421E0,1.250082123421E0,1.250082123421E0,1.250082123421E0,
1.250082123421E0,1.250082123421E0,1.250082123421E0,1.250082123421E0)))REPRESENTATION_ITEM('')SURFACE());
#2113=ORIENTED_EDGE('',*,*,#1913,.F.);
#2115=ORIENTED_EDGE('',*,*,#2114,.T.);
#2117=ORIENTED_EDGE('',*,*,#2116,.T.);
#2118=ORIENTED_EDGE('',*,*,#2031,.F.);
#2119=EDGE_LOOP('',(#2113,#2115,#2117,#2118));
#2120=FACE_OUTER_BOUND('',#2119,.F.);
#2121=ADVANCED_FACE('',(#2120),#2112,.F.);
#2122=CARTESIAN_POINT('',(-6.964598854500E-1,1.207024476656E2,
-1.617697964624E2));
#2123=CARTESIAN_POINT('',(-4.643912339154E-1,1.207060007016E2,
-1.617729306710E2));
#2124=CARTESIAN_POINT('',(1.937586099524E0,1.207242150439E2,-1.617891166225E2));
#2125=CARTESIAN_POINT('',(6.657965347480E0,1.203896197551E2,-1.614900992010E2));
#2126=CARTESIAN_POINT('',(1.347353683911E1,1.188893541193E2,-1.601679674003E2));
#2127=CARTESIAN_POINT('',(2.043877335458E1,1.161645683031E2,-1.578396336633E2));
#2128=CARTESIAN_POINT('',(2.716724065215E1,1.121109174545E2,-1.545499903818E2));
#2129=CARTESIAN_POINT('',(3.307448925575E1,1.069493204426E2,-1.506846422251E2));
#2130=CARTESIAN_POINT('',(3.778898430180E1,1.011494389950E2,-1.468290996265E2));
#2131=CARTESIAN_POINT('',(4.133283562859E1,9.502283720486E1,-1.434025514991E2));
#2132=CARTESIAN_POINT('',(4.384910895420E1,8.859991254941E1,-1.406421083371E2));
#2133=CARTESIAN_POINT('',(4.536783073872E1,8.187528623829E1,-1.388227212810E2));
#2134=CARTESIAN_POINT('',(4.572902009012E1,7.691246293273E1,-1.383701971586E2));
#2135=CARTESIAN_POINT('',(4.570494885534E1,7.441223829188E1,-1.384008984724E2));
#2136=CARTESIAN_POINT('',(4.569930538220E1,7.411865792225E1,-1.384081958567E2));
#2137=CARTESIAN_POINT('',(-6.292275116568E-1,1.171026252935E2,
-1.612550176386E2));
#2138=CARTESIAN_POINT('',(-4.195592008473E-1,1.171057606212E2,
-1.612581160260E2));
#2139=CARTESIAN_POINT('',(1.750530863058E0,1.171218164520E2,-1.612741239331E2));
#2140=CARTESIAN_POINT('',(6.015281529283E0,1.168270331010E2,-1.609782739822E2));
#2141=CARTESIAN_POINT('',(1.219266064981E1,1.155000137204E2,-1.596686197675E2));
#2142=CARTESIAN_POINT('',(1.854238136186E1,1.130726343392E2,-1.573576254295E2));
#2143=CARTESIAN_POINT('',(2.472183388093E1,1.094298371275E2,-1.540844500418E2));
#2144=CARTESIAN_POINT('',(3.019102303746E1,1.047498814369E2,-1.502285849557E2));
#2145=CARTESIAN_POINT('',(3.459227974260E1,9.944620468997E1,-1.463722664991E2));
#2146=CARTESIAN_POINT('',(3.792946202661E1,9.379602841839E1,-1.429346089742E2));
#2147=CARTESIAN_POINT('',(4.032143836146E1,8.781869093314E1,-1.401546652475E2));
#2148=CARTESIAN_POINT('',(4.177904542611E1,8.150103345895E1,-1.383142119626E2));
#2149=CARTESIAN_POINT('',(4.212782537033E1,7.680850088517E1,-1.378549424436E2));
#2150=CARTESIAN_POINT('',(4.210460263598E1,7.444419375767E1,-1.378861258031E2));
#2151=CARTESIAN_POINT('',(4.209916441137E1,7.416658390295E1,-1.378935392336E2));
#2152=CARTESIAN_POINT('',(-6.213998741182E-1,1.145306032332E2,
-1.638265469631E2));
#2153=CARTESIAN_POINT('',(-4.143456026351E-1,1.145338880234E2,
-1.638298242914E2));
#2154=CARTESIAN_POINT('',(1.728782940599E0,1.145507535714E2,-1.638467216027E2));
#2155=CARTESIAN_POINT('',(5.940352042530E0,1.142406893841E2,-1.635350488497E2));
#2156=CARTESIAN_POINT('',(1.199107965185E1,1.128584951264E2,-1.621630640245E2));
#2157=CARTESIAN_POINT('',(1.811836339706E1,1.103746167941E2,-1.597654523453E2));
#2158=CARTESIAN_POINT('',(2.396740912159E1,1.067278575173E2,-1.564100131392E2));
#2159=CARTESIAN_POINT('',(2.903511992132E1,1.021480694255E2,-1.525067762633E2));
#2160=CARTESIAN_POINT('',(3.302376865648E1,9.707100469437E1,-1.486543335328E2));
#2161=CARTESIAN_POINT('',(3.597781954649E1,9.178119636230E1,-1.452721719612E2));
#2162=CARTESIAN_POINT('',(3.804086087656E1,8.631823583702E1,-1.425896414758E2));
#2163=CARTESIAN_POINT('',(3.926468695266E1,8.069006176144E1,-1.408544225610E2));
#2164=CARTESIAN_POINT('',(3.955248111786E1,7.658255733077E1,-1.404288490377E2));
#2165=CARTESIAN_POINT('',(3.953326828569E1,7.451362194385E1,-1.404576243828E2));
#2166=CARTESIAN_POINT('',(3.952875416160E1,7.427066757372E1,-1.404644581155E2));
#2167=CARTESIAN_POINT('',(-6.792407283737E-1,1.150445398178E2,
-1.674266203952E2));
#2168=CARTESIAN_POINT('',(-4.529224138396E-1,1.150484216397E2,
-1.674301482361E2));
#2169=CARTESIAN_POINT('',(1.889745241915E0,1.150684171895E2,-1.674482906899E2));
#2170=CARTESIAN_POINT('',(6.493136228135E0,1.147002072733E2,-1.671144664300E2));
#2171=CARTESIAN_POINT('',(1.303010101949E1,1.130785685067E2,-1.656552203890E2));
#2172=CARTESIAN_POINT('',(1.950602296813E1,1.102294968750E2,-1.631363467099E2));
#2173=CARTESIAN_POINT('',(2.550766477509E1,1.061671303161E2,-1.596657403213E2));
#2174=CARTESIAN_POINT('',(3.053174539162E1,1.012258809646E2,-1.556961841855E2));
#2175=CARTESIAN_POINT('',(3.433858964123E1,9.592449831395E1,-1.518491673695E2));
#2176=CARTESIAN_POINT('',(3.703963244225E1,9.059063023496E1,-1.485446986733E2));
#2177=CARTESIAN_POINT('',(3.883231790533E1,8.529922676026E1,-1.459985441641E2));
#2178=CARTESIAN_POINT('',(3.983677065996E1,8.009131898444E1,-1.444106506002E2));
#2179=CARTESIAN_POINT('',(4.006380411781E1,7.641543461039E1,-1.440322505848E2));
#2180=CARTESIAN_POINT('',(4.004855382488E1,7.456496570644E1,-1.440576547730E2));
#2181=CARTESIAN_POINT('',(4.004494317862E1,7.434762011772E1,-1.440636769440E2));
#2182=(BOUNDED_SURFACE()B_SPLINE_SURFACE(3,3,((#2122,#2123,#2124,#2125,#2126,
#2127,#2128,#2129,#2130,#2131,#2132,#2133,#2134,#2135,#2136),(#2137,#2138,#2139,
#2140,#2141,#2142,#2143,#2144,#2145,#2146,#2147,#2148,#2149,#2150,#2151),(#2152,
#2153,#2154,#2155,#2156,#2157,#2158,#2159,#2160,#2161,#2162,#2163,#2164,#2165,
#2166),(#2167,#2168,#2169,#2170,#2171,#2172,#2173,#2174,#2175,#2176,#2177,#2178,
#2179,#2180,#2181)),.UNSPECIFIED.,.F.,.F.,.F.)B_SPLINE_SURFACE_WITH_KNOTS((4,4),
(4,1,1,1,1,1,1,1,1,1,1,1,4),(0.E0,1.E0),(-9.825518347260E-3,0.E0,
9.182789444708E-2,1.894543340074E-1,2.969992539923E-1,4.157167802215E-1,
5.368552511125E-1,6.483922511542E-1,7.474074879125E-1,8.391421598022E-1,
9.238572997154E-1,1.E0,1.010140998277E0),.UNSPECIFIED.)GEOMETRIC_REPRESENTATION_ITEM()RATIONAL_B_SPLINE_SURFACE(((1.250082121710E0,1.250082121710E0,
1.250082121710E0,1.250082121710E0,1.250082121710E0,1.250082121710E0,
1.250082121710E0,1.250082121710E0,1.250082121710E0,1.250082121710E0,
1.250082121710E0,1.250082121710E0,1.250082121710E0,1.250082121710E0,
1.250082121710E0),(9.166392927632E-1,9.166392927632E-1,9.166392927632E-1,
9.166392927632E-1,9.166392927632E-1,9.166392927632E-1,9.166392927632E-1,
9.166392927632E-1,9.166392927632E-1,9.166392927632E-1,9.166392927632E-1,
9.166392927632E-1,9.166392927632E-1,9.166392927632E-1,9.166392927632E-1),(
9.166392927632E-1,9.166392927632E-1,9.166392927632E-1,9.166392927632E-1,
9.166392927632E-1,9.166392927632E-1,9.166392927632E-1,9.166392927632E-1,
9.166392927632E-1,9.166392927632E-1,9.166392927632E-1,9.166392927632E-1,
9.166392927632E-1,9.166392927632E-1,9.166392927632E-1),(1.250082121710E0,
1.250082121710E0,1.250082121710E0,1.250082121710E0,1.250082121710E0,
1.250082121710E0,1.250082121710E0,1.250082121710E0,1.250082121710E0,
1.250082121710E0,1.250082121710E0,1.250082121710E0,1.250082121710E0,
1.250082121710E0,1.250082121710E0)))REPRESENTATION_ITEM('')SURFACE());
#2183=ORIENTED_EDGE('',*,*,#1911,.F.);
#2185=ORIENTED_EDGE('',*,*,#2184,.T.);
#2187=ORIENTED_EDGE('',*,*,#2186,.T.);
#2188=ORIENTED_EDGE('',*,*,#2114,.F.);
#2189=EDGE_LOOP('',(#2183,#2185,#2187,#2188));
#2190=FACE_OUTER_BOUND('',#2189,.F.);
#2191=ADVANCED_FACE('',(#2190),#2182,.F.);
#2192=CARTESIAN_POINT('',(-4.569930248560E1,7.411821600002E1,
-1.384081599612E2));
#2193=CARTESIAN_POINT('',(-4.570494777910E1,7.441193736662E1,
-1.384008801113E2));
#2194=CARTESIAN_POINT('',(-4.572849872117E1,7.685897838347E1,
-1.383709384521E2));
#2195=CARTESIAN_POINT('',(-4.538060499771E1,8.176343493307E1,
-1.388065140161E2));
#2196=CARTESIAN_POINT('',(-4.386504651121E1,8.858461907129E1,
-1.406248888479E2));
#2197=CARTESIAN_POINT('',(-4.120703181723E1,9.534431645618E1,
-1.435427760678E2));
#2198=CARTESIAN_POINT('',(-3.747122000935E1,1.016179513239E2,
-1.471189099534E2));
#2199=CARTESIAN_POINT('',(-3.296355203078E1,1.069872743168E2,
-1.507327277017E2));
#2200=CARTESIAN_POINT('',(-2.816753091763E1,1.112279337984E2,
-1.538868544282E2));
#2201=CARTESIAN_POINT('',(-2.342147913206E1,1.144214649548E2,
-1.564178724414E2));
#2202=CARTESIAN_POINT('',(-1.883675704094E1,1.167734477216E2,
-1.583639398983E2));
#2203=CARTESIAN_POINT('',(-1.448571890613E1,1.184462912312E2,
-1.597901306201E2));
#2204=CARTESIAN_POINT('',(-1.042908362925E1,1.195719723690E2,
-1.607696921328E2));
#2205=CARTESIAN_POINT('',(-6.687264228374E0,1.202680972507E2,
-1.613835585740E2));
#2206=CARTESIAN_POINT('',(-3.247038637166E0,1.206326907025E2,
-1.617075570788E2));
#2207=CARTESIAN_POINT('',(-8.176651958643E-1,1.207156902531E2,
-1.617815497470E2));
#2208=CARTESIAN_POINT('',(4.642590992593E-1,1.207060035009E2,
-1.617729230516E2));
#2209=CARTESIAN_POINT('',(6.963057532031E-1,1.207024859181E2,
-1.617697980127E2));
#2210=CARTESIAN_POINT('',(-4.209916139805E1,7.416616774130E1,
-1.378935009087E2));
#2211=CARTESIAN_POINT('',(-4.210460151031E1,7.444390978164E1,
-1.378861061446E2));
#2212=CARTESIAN_POINT('',(-4.212732196818E1,7.675791994882E1,
-1.378556992075E2));
#2213=CARTESIAN_POINT('',(-4.179140075410E1,8.139533507344E1,
-1.382977517411E2));
#2214=CARTESIAN_POINT('',(-4.033654156549E1,8.780500122495E1,
-1.401373659085E2));
#2215=CARTESIAN_POINT('',(-3.780975507533E1,9.409513428590E1,
-1.430758487231E2));
#2216=CARTESIAN_POINT('',(-3.429413369627E1,9.987639463216E1,
-1.466625725627E2));
#2217=CARTESIAN_POINT('',(-3.008949646931E1,1.047825751659E2,
-1.502761693260E2));
#2218=CARTESIAN_POINT('',(-2.564832478323E1,1.086292823295E2,
-1.534229348518E2));
#2219=CARTESIAN_POINT('',(-2.128007003242E1,1.115073440856E2,
-1.559432737599E2));
#2220=CARTESIAN_POINT('',(-1.708248194884E1,1.136143949236E2,
-1.578778661820E2));
#2221=CARTESIAN_POINT('',(-1.311681871336E1,1.151050878758E2,
-1.592935321349E2));
#2222=CARTESIAN_POINT('',(-9.432964977677E0,1.161037914913E2,
-1.602646635127E2));
#2223=CARTESIAN_POINT('',(-6.044076064915E0,1.167193781789E2,
-1.608726880519E2));
#2224=CARTESIAN_POINT('',(-2.933570582198E0,1.170411258693E2,
-1.611934175485E2));
#2225=CARTESIAN_POINT('',(-7.387276322823E-1,1.171143048866E2,
-1.612666439165E2));
#2226=CARTESIAN_POINT('',(4.194394760115E-1,1.171057631484E2,
-1.612581070447E2));
#2227=CARTESIAN_POINT('',(6.290880767938E-1,1.171026604354E2,
-1.612550151031E2));
#2228=CARTESIAN_POINT('',(-3.952875214782E1,7.427029921708E1,
-1.404644318277E2));
#2229=CARTESIAN_POINT('',(-3.953326752310E1,7.451337202192E1,
-1.404576111066E2));
#2230=CARTESIAN_POINT('',(-3.955206557262E1,7.653830489549E1,
-1.404295284213E2));
#2231=CARTESIAN_POINT('',(-3.927483476329E1,8.059739364247E1,
-1.408392258623E2));
#2232=CARTESIAN_POINT('',(-3.805399997623E1,8.630439502872E1,
-1.425727409253E2));
#2233=CARTESIAN_POINT('',(-3.587485586161E1,9.205473649032E1,
-1.454083403828E2));
#2234=CARTESIAN_POINT('',(-3.275722127237E1,9.747842557606E1,
-1.489421631026E2));
#2235=CARTESIAN_POINT('',(-2.893813187828E1,1.021843828664E2,
-1.525568637752E2));
#2236=CARTESIAN_POINT('',(-2.482495735453E1,1.059443482319E2,
-1.557404014878E2));
#2237=CARTESIAN_POINT('',(-2.071374297395E1,1.088047264288E2,
-1.583140868612E2));
#2238=CARTESIAN_POINT('',(-1.670823775449E1,1.109306768890E2,
-1.603060017409E2));
#2239=CARTESIAN_POINT('',(-1.287930830194E1,1.124549465841E2,
-1.617742431877E2));
#2240=CARTESIAN_POINT('',(-9.288761905818E0,1.134874121505E2,
-1.627874865119E2));
#2241=CARTESIAN_POINT('',(-5.962926353633E0,1.141289846810E2,
-1.634246937235E2));
#2242=CARTESIAN_POINT('',(-2.897119511013E0,1.144660257729E2,
-1.637617532432E2));
#2243=CARTESIAN_POINT('',(-7.295496624264E-1,1.145428554323E2,
-1.638388075917E2));
#2244=CARTESIAN_POINT('',(4.142282383800E-1,1.145338904864E2,
-1.638298220149E2));
#2245=CARTESIAN_POINT('',(6.212626308375E-1,1.145306364321E2,
-1.638265647387E2));
#2246=CARTESIAN_POINT('',(-4.004494249132E1,7.434728335603E1,
-1.440636675172E2));
#2247=CARTESIAN_POINT('',(-4.004855355786E1,7.456473969275E1,
-1.440576504411E2));
#2248=CARTESIAN_POINT('',(-4.006347602615E1,7.637587143403E1,
-1.440328216472E2));
#2249=CARTESIAN_POINT('',(-3.984468885512E1,8.000813152969E1,
-1.443972228092E2));
#2250=CARTESIAN_POINT('',(-3.884393485498E1,8.528360089979E1,
-1.459822019157E2));
#2251=CARTESIAN_POINT('',(-3.695066030516E1,9.085587024212E1,
-1.486737673786E2));
#2252=CARTESIAN_POINT('',(-3.409033576936E1,9.634292350595E1,
-1.521335299216E2));
#2253=CARTESIAN_POINT('',(-3.043079197253E1,1.012717974549E2,
-1.557497760381E2));
#2254=CARTESIAN_POINT('',(-2.635629566432E1,1.053216432155E2,
-1.589847938453E2));
#2255=CARTESIAN_POINT('',(-2.217567865776E1,1.084762742592E2,
-1.616331628674E2));
#2256=CARTESIAN_POINT('',(-1.801349848768E1,1.108698322218E2,
-1.637053276806E2));
#2257=CARTESIAN_POINT('',(-1.396324593089E1,1.126165375073E2,
-1.652471734365E2));
#2258=CARTESIAN_POINT('',(-1.011186718579E1,1.138164878393E2,
-1.663193723785E2));
#2259=CARTESIAN_POINT('',(-6.508751922995E0,1.145697761126E2,
-1.669974345641E2));
#2260=CARTESIAN_POINT('',(-3.166853943371E0,1.149680118328E2,
-1.673573556869E2));
#2261=CARTESIAN_POINT('',(-7.974755915914E-1,1.150590420284E2,
-1.674397691073E2));
#2262=CARTESIAN_POINT('',(4.527954719859E-1,1.150484243083E2,
-1.674301553554E2));
#2263=CARTESIAN_POINT('',(6.790914171790E-1,1.150445738064E2,
-1.674266666152E2));
#2264=(BOUNDED_SURFACE()B_SPLINE_SURFACE(3,3,((#2192,#2193,#2194,#2195,#2196,
#2197,#2198,#2199,#2200,#2201,#2202,#2203,#2204,#2205,#2206,#2207,#2208,#2209),(
#2210,#2211,#2212,#2213,#2214,#2215,#2216,#2217,#2218,#2219,#2220,#2221,#2222,
#2223,#2224,#2225,#2226,#2227),(#2228,#2229,#2230,#2231,#2232,#2233,#2234,#2235,
#2236,#2237,#2238,#2239,#2240,#2241,#2242,#2243,#2244,#2245),(#2246,#2247,#2248,
#2249,#2250,#2251,#2252,#2253,#2254,#2255,#2256,#2257,#2258,#2259,#2260,#2261,
#2262,#2263)),.UNSPECIFIED.,.F.,.F.,.F.)B_SPLINE_SURFACE_WITH_KNOTS((4,4),(4,1,
1,1,1,1,1,1,1,1,1,1,1,1,1,4),(0.E0,1.E0),(-1.014209002363E-2,0.E0,
7.427282115105E-2,1.587604475774E-1,2.553953577124E-1,3.642837696235E-1,
4.717798971952E-1,5.670143926043E-1,6.511688629086E-1,7.264335456702E-1,
7.935702842185E-1,8.534520125515E-1,9.070962748242E-1,9.555831095027E-1,1.E0,
1.009820770516E0),.UNSPECIFIED.)GEOMETRIC_REPRESENTATION_ITEM()RATIONAL_B_SPLINE_SURFACE(((1.250082123311E0,1.250082123311E0,1.250082123311E0,1.250082123311E0,
1.250082123311E0,1.250082123311E0,1.250082123311E0,1.250082123311E0,
1.250082123311E0,1.250082123311E0,1.250082123311E0,1.250082123311E0,
1.250082123311E0,1.250082123311E0,1.250082123311E0,1.250082123311E0,
1.250082123311E0,1.250082123311E0),(9.166392922297E-1,9.166392922297E-1,
9.166392922297E-1,9.166392922297E-1,9.166392922297E-1,9.166392922297E-1,
9.166392922297E-1,9.166392922297E-1,9.166392922297E-1,9.166392922297E-1,
9.166392922297E-1,9.166392922297E-1,9.166392922297E-1,9.166392922297E-1,
9.166392922297E-1,9.166392922297E-1,9.166392922297E-1,9.166392922297E-1),(
9.166392922297E-1,9.166392922297E-1,9.166392922297E-1,9.166392922297E-1,
9.166392922297E-1,9.166392922297E-1,9.166392922297E-1,9.166392922297E-1,
9.166392922297E-1,9.166392922297E-1,9.166392922297E-1,9.166392922297E-1,
9.166392922297E-1,9.166392922297E-1,9.166392922297E-1,9.166392922297E-1,
9.166392922297E-1,9.166392922297E-1),(1.250082123311E0,1.250082123311E0,
1.250082123311E0,1.250082123311E0,1.250082123311E0,1.250082123311E0,
1.250082123311E0,1.250082123311E0,1.250082123311E0,1.250082123311E0,
1.250082123311E0,1.250082123311E0,1.250082123311E0,1.250082123311E0,
1.250082123311E0,1.250082123311E0,1.250082123311E0,1.250082123311E0)))REPRESENTATION_ITEM('')SURFACE());
#2265=ORIENTED_EDGE('',*,*,#1963,.F.);
#2266=ORIENTED_EDGE('',*,*,#2035,.T.);
#2268=ORIENTED_EDGE('',*,*,#2267,.T.);
#2269=ORIENTED_EDGE('',*,*,#2184,.F.);
#2270=EDGE_LOOP('',(#2265,#2266,#2268,#2269));
#2271=FACE_OUTER_BOUND('',#2270,.F.);
#2272=ADVANCED_FACE('',(#2271),#2264,.F.);
#2273=CARTESIAN_POINT('',(0.E0,7.5E1,-1.117241379310E2));
#2274=DIRECTION('',(0.E0,0.E0,-1.E0));
#2275=DIRECTION('',(-1.E0,0.E0,0.E0));
#2276=AXIS2_PLACEMENT_3D('',#2273,#2274,#2275);
#2277=CYLINDRICAL_SURFACE('',#2276,4.E1);
#2278=ORIENTED_EDGE('',*,*,#2267,.F.);
#2280=ORIENTED_EDGE('',*,*,#2279,.T.);
#2282=ORIENTED_EDGE('',*,*,#2281,.T.);
#2284=ORIENTED_EDGE('',*,*,#2283,.F.);
#2285=ORIENTED_EDGE('',*,*,#2186,.F.);
#2286=EDGE_LOOP('',(#2278,#2280,#2282,#2284,#2285));
#2287=FACE_OUTER_BOUND('',#2286,.F.);
#2288=ADVANCED_FACE('',(#2287),#2277,.T.);
#2289=CARTESIAN_POINT('',(0.E0,7.5E1,-1.117241379310E2));
#2290=DIRECTION('',(0.E0,0.E0,-1.E0));
#2291=DIRECTION('',(-1.E0,0.E0,0.E0));
#2292=AXIS2_PLACEMENT_3D('',#2289,#2290,#2291);
#2293=CYLINDRICAL_SURFACE('',#2292,4.E1);
#2294=ORIENTED_EDGE('',*,*,#2033,.F.);
#2295=ORIENTED_EDGE('',*,*,#2116,.F.);
#2296=ORIENTED_EDGE('',*,*,#2283,.T.);
#2298=ORIENTED_EDGE('',*,*,#2297,.T.);
#2299=ORIENTED_EDGE('',*,*,#2279,.F.);
#2300=EDGE_LOOP('',(#2294,#2295,#2296,#2298,#2299));
#2301=FACE_OUTER_BOUND('',#2300,.F.);
#2302=ADVANCED_FACE('',(#2301),#2293,.T.);
#2303=CARTESIAN_POINT('',(0.E0,0.E0,-2.567241379310E2));
#2304=DIRECTION('',(0.E0,0.E0,-1.E0));
#2305=DIRECTION('',(-1.E0,0.E0,0.E0));
#2306=AXIS2_PLACEMENT_3D('',#2303,#2304,#2305);
#2307=PLANE('',#2306);
#2308=ORIENTED_EDGE('',*,*,#2281,.F.);
#2309=ORIENTED_EDGE('',*,*,#2297,.F.);
#2310=EDGE_LOOP('',(#2308,#2309));
#2311=FACE_OUTER_BOUND('',#2310,.F.);
#2313=ORIENTED_EDGE('',*,*,#2312,.F.);
#2315=ORIENTED_EDGE('',*,*,#2314,.F.);
#2316=EDGE_LOOP('',(#2313,#2315));
#2317=FACE_BOUND('',#2316,.F.);
#2318=ADVANCED_FACE('',(#2311,#2317),#2307,.T.);
#2319=CARTESIAN_POINT('',(0.E0,7.5E1,-2.557241378933E2));
#2320=DIRECTION('',(0.E0,0.E0,-1.E0));
#2321=DIRECTION('',(0.E0,-1.E0,0.E0));
#2322=AXIS2_PLACEMENT_3D('',#2319,#2320,#2321);
#2323=CONICAL_SURFACE('',#2322,3.099999996231E1,4.5E1);
#2324=ORIENTED_EDGE('',*,*,#2312,.T.);
#2326=ORIENTED_EDGE('',*,*,#2325,.T.);
#2328=ORIENTED_EDGE('',*,*,#2327,.F.);
#2330=ORIENTED_EDGE('',*,*,#2329,.F.);
#2331=EDGE_LOOP('',(#2324,#2326,#2328,#2330));
#2332=FACE_OUTER_BOUND('',#2331,.F.);
#2333=ADVANCED_FACE('',(#2332),#2323,.F.);
#2334=CARTESIAN_POINT('',(0.E0,7.5E1,-2.557241378933E2));
#2335=DIRECTION('',(0.E0,0.E0,-1.E0));
#2336=DIRECTION('',(0.E0,-1.E0,0.E0));
#2337=AXIS2_PLACEMENT_3D('',#2334,#2335,#2336);
#2338=CONICAL_SURFACE('',#2337,3.099999996231E1,4.5E1);
#2339=ORIENTED_EDGE('',*,*,#2314,.T.);
#2340=ORIENTED_EDGE('',*,*,#2329,.T.);
#2342=ORIENTED_EDGE('',*,*,#2341,.F.);
#2343=ORIENTED_EDGE('',*,*,#2325,.F.);
#2344=EDGE_LOOP('',(#2339,#2340,#2342,#2343));
#2345=FACE_OUTER_BOUND('',#2344,.F.);
#2346=ADVANCED_FACE('',(#2345),#2338,.F.);
#2347=CARTESIAN_POINT('',(0.E0,7.5E1,-1.117241379310E2));
#2348=DIRECTION('',(0.E0,0.E0,-1.E0));
#2349=DIRECTION('',(-1.E0,0.E0,0.E0));
#2350=AXIS2_PLACEMENT_3D('',#2347,#2348,#2349);
#2351=CYLINDRICAL_SURFACE('',#2350,3.E1);
#2353=ORIENTED_EDGE('',*,*,#2352,.T.);
#2355=ORIENTED_EDGE('',*,*,#2354,.T.);
#2357=ORIENTED_EDGE('',*,*,#2356,.T.);
#2358=ORIENTED_EDGE('',*,*,#2341,.T.);
#2360=ORIENTED_EDGE('',*,*,#2359,.T.);
#2361=EDGE_LOOP('',(#2353,#2355,#2357,#2358,#2360));
#2362=FACE_OUTER_BOUND('',#2361,.F.);
#2363=ADVANCED_FACE('',(#2362),#2351,.F.);
#2364=CARTESIAN_POINT('',(4.569745651009E1,7.612034892860E1,-1.283777376576E2));
#2365=CARTESIAN_POINT('',(4.570574157927E1,7.574724848348E1,-1.283683704751E2));
#2366=CARTESIAN_POINT('',(4.573740149055E1,7.291606861939E1,-1.283334403598E2));
#2367=CARTESIAN_POINT('',(4.532155393933E1,6.732287579615E1,-1.287823806775E2));
#2368=CARTESIAN_POINT('',(4.357894167561E1,5.987260880014E1,-1.305914461929E2));
#2369=CARTESIAN_POINT('',(4.070065719435E1,5.294406702567E1,-1.333682174529E2));
#2370=CARTESIAN_POINT('',(3.678827371700E1,4.671803381835E1,-1.367702893757E2));
#2371=CARTESIAN_POINT('',(3.197100576986E1,4.133182404961E1,-1.404317494333E2));
#2372=CARTESIAN_POINT('',(2.652747650961E1,3.697301831812E1,-1.439237674439E2));
#2373=CARTESIAN_POINT('',(2.089265914133E1,3.375541759735E1,-1.468613765449E2));
#2374=CARTESIAN_POINT('',(1.536274996783E1,3.155574769735E1,-1.491021411687E2));
#2375=CARTESIAN_POINT('',(1.004635389647E1,3.017593293080E1,-1.506516367139E2));
#2376=CARTESIAN_POINT('',(4.941904635729E0,2.944146744968E1,-1.515473949263E2));
#2377=CARTESIAN_POINT('',(1.428747810938E0,2.928157229585E1,-1.517516325223E2));
#2378=CARTESIAN_POINT('',(-3.727410376831E-1,2.929111624531E1,
-1.517397341150E2));
#2379=CARTESIAN_POINT('',(-5.590359188987E-1,2.929314602883E1,
-1.517372955450E2));
#2380=CARTESIAN_POINT('',(3.624792907508E1,7.597299514040E1,-1.279301260991E2));
#2381=CARTESIAN_POINT('',(3.625543970726E1,7.564899107155E1,-1.279206622609E2));
#2382=CARTESIAN_POINT('',(3.628419123571E1,7.319006718162E1,-1.278853769793E2));
#2383=CARTESIAN_POINT('',(3.590605145671E1,6.833296018670E1,-1.283387829866E2));
#2384=CARTESIAN_POINT('',(3.433586579464E1,6.195325172518E1,-1.301633191005E2));
#2385=CARTESIAN_POINT('',(3.178830443973E1,5.617544692397E1,-1.329571044462E2));
#2386=CARTESIAN_POINT('',(2.840393120138E1,5.115629312483E1,-1.363708636590E2));
#2387=CARTESIAN_POINT('',(2.434235815592E1,4.697992178874E1,-1.400357660240E2));
#2388=CARTESIAN_POINT('',(1.987835752886E1,4.374920051857E1,-1.435231542329E2));
#2389=CARTESIAN_POINT('',(1.539407840497E1,4.149159835664E1,-1.464504198383E2));
#2390=CARTESIAN_POINT('',(1.113291290852E1,4.004987692709E1,-1.486782744455E2));
#2391=CARTESIAN_POINT('',(7.173055593795E0,3.921943687683E1,-1.502152583527E2));
#2392=CARTESIAN_POINT('',(3.491861016845E0,3.881800734937E1,-1.511018704055E2));
#2393=CARTESIAN_POINT('',(1.009444107228E0,3.873640210020E1,-1.513037472638E2));
#2394=CARTESIAN_POINT('',(-2.633523302834E-1,3.874132678253E1,
-1.512919930585E2));
#2395=CARTESIAN_POINT('',(-3.949919750135E-1,3.874239726537E1,
-1.512895856070E2));
#2396=CARTESIAN_POINT('',(2.956139419886E1,7.570211676888E1,-1.346181029015E2));
#2397=CARTESIAN_POINT('',(2.956650179657E1,7.546829014429E1,-1.346100832420E2));
#2398=CARTESIAN_POINT('',(2.958600588336E1,7.369403542733E1,-1.345801046688E2));
#2399=CARTESIAN_POINT('',(2.932995542774E1,7.018869242506E1,-1.349667866871E2));
#2400=CARTESIAN_POINT('',(2.825310607772E1,6.549531637936E1,-1.365601692445E2));
#2401=CARTESIAN_POINT('',(2.646214092704E1,6.108896683887E1,-1.390997390585E2));
#2402=CARTESIAN_POINT('',(2.400666517477E1,5.708300914986E1,-1.423388729223E2));
#2403=CARTESIAN_POINT('',(2.095493722711E1,5.357292449522E1,-1.459523421392E2));
#2404=CARTESIAN_POINT('',(1.747276691789E1,5.069238316517E1,-1.495089064129E2));
#2405=CARTESIAN_POINT('',(1.383157258795E1,4.853185706970E1,-1.525907190965E2));
#2406=CARTESIAN_POINT('',(1.022069528899E1,4.702755813512E1,-1.550114683905E2));
#2407=CARTESIAN_POINT('',(6.712525225055E0,4.606409631707E1,-1.567353946204E2));
#2408=CARTESIAN_POINT('',(3.311793528389E0,4.554035381499E1,-1.577586637858E2));
#2409=CARTESIAN_POINT('',(9.574908364367E-1,4.542478044455E1,
-1.579958135470E2));
#2410=CARTESIAN_POINT('',(-2.497959177834E-1,4.543166445058E1,
-1.579819047515E2));
#2411=CARTESIAN_POINT('',(-3.746386463170E-1,4.543312232047E1,
-1.579790323433E2));
#2412=CARTESIAN_POINT('',(3.001284381677E1,7.548494921515E1,-1.440657326787E2));
#2413=CARTESIAN_POINT('',(3.001549208517E1,7.532337810669E1,-1.440597531082E2));
#2414=CARTESIAN_POINT('',(3.002546026173E1,7.409822752381E1,-1.440372709449E2));
#2415=CARTESIAN_POINT('',(2.989599777940E1,7.167586908190E1,-1.443296967232E2));
#2416=CARTESIAN_POINT('',(2.931060508086E1,6.818123400944E1,-1.455965450704E2));
#2417=CARTESIAN_POINT('',(2.820706920233E1,6.446971644690E1,-1.477770026600E2));
#2418=CARTESIAN_POINT('',(2.647360164640E1,6.062033854221E1,-1.507694556969E2));
#2419=CARTESIAN_POINT('',(2.402512852835E1,5.679703822278E1,-1.543102689590E2));
#2420=CARTESIAN_POINT('',(2.088467979498E1,5.325964998711E1,-1.579645533456E2));
#2421=CARTESIAN_POINT('',(1.722748741565E1,5.026976070919E1,-1.612646837090E2));
#2422=CARTESIAN_POINT('',(1.322296002892E1,4.792330268233E1,-1.639579216257E2));
#2423=CARTESIAN_POINT('',(8.966087270940E0,4.623145859921E1,-1.659459279962E2));
#2424=CARTESIAN_POINT('',(4.519520117085E0,4.521008343022E1,-1.671622429576E2));
#2425=CARTESIAN_POINT('',(1.306880962772E0,4.497050921452E1,-1.674492202433E2));
#2426=CARTESIAN_POINT('',(-3.409417449986E-1,4.498464915187E1,
-1.674322678114E2));
#2427=CARTESIAN_POINT('',(-5.112930919287E-1,4.498758762968E1,
-1.674287385917E2));
#2428=(BOUNDED_SURFACE()B_SPLINE_SURFACE(3,3,((#2364,#2365,#2366,#2367,#2368,
#2369,#2370,#2371,#2372,#2373,#2374,#2375,#2376,#2377,#2378,#2379),(#2380,#2381,
#2382,#2383,#2384,#2385,#2386,#2387,#2388,#2389,#2390,#2391,#2392,#2393,#2394,
#2395),(#2396,#2397,#2398,#2399,#2400,#2401,#2402,#2403,#2404,#2405,#2406,#2407,
#2408,#2409,#2410,#2411),(#2412,#2413,#2414,#2415,#2416,#2417,#2418,#2419,#2420,
#2421,#2422,#2423,#2424,#2425,#2426,#2427)),.UNSPECIFIED.,.F.,.F.,.F.)B_SPLINE_SURFACE_WITH_KNOTS((4,4),(4,1,1,1,1,1,1,1,1,1,1,1,1,4),(0.E0,1.E0),(
-1.045493768040E-2,0.E0,6.877424955216E-2,1.458968326751E-1,2.322828373756E-1,
3.293152559536E-1,4.361690685433E-1,5.457052772051E-1,6.495797150221E-1,
7.435020246435E-1,8.328619240017E-1,9.186322164542E-1,1.E0,1.009387718188E0),
.UNSPECIFIED.)GEOMETRIC_REPRESENTATION_ITEM()RATIONAL_B_SPLINE_SURFACE(((
1.195564037193E0,1.195564037193E0,1.195564037193E0,1.195564037193E0,
1.195564037193E0,1.195564037193E0,1.195564037193E0,1.195564037193E0,
1.195564037193E0,1.195564037193E0,1.195564037193E0,1.195564037193E0,
1.195564037193E0,1.195564037193E0,1.195564037193E0,1.195564037193E0),(
9.348119876023E-1,9.348119876023E-1,9.348119876023E-1,9.348119876023E-1,
9.348119876023E-1,9.348119876023E-1,9.348119876023E-1,9.348119876023E-1,
9.348119876023E-1,9.348119876023E-1,9.348119876023E-1,9.348119876023E-1,
9.348119876023E-1,9.348119876023E-1,9.348119876023E-1,9.348119876023E-1),(
9.348119876023E-1,9.348119876023E-1,9.348119876023E-1,9.348119876023E-1,
9.348119876023E-1,9.348119876023E-1,9.348119876023E-1,9.348119876023E-1,
9.348119876023E-1,9.348119876023E-1,9.348119876023E-1,9.348119876023E-1,
9.348119876023E-1,9.348119876023E-1,9.348119876023E-1,9.348119876023E-1),(
1.195564037193E0,1.195564037193E0,1.195564037193E0,1.195564037193E0,
1.195564037193E0,1.195564037193E0,1.195564037193E0,1.195564037193E0,
1.195564037193E0,1.195564037193E0,1.195564037193E0,1.195564037193E0,
1.195564037193E0,1.195564037193E0,1.195564037193E0,1.195564037193E0)))REPRESENTATION_ITEM('')SURFACE());
#2430=ORIENTED_EDGE('',*,*,#2429,.T.);
#2432=ORIENTED_EDGE('',*,*,#2431,.T.);
#2433=ORIENTED_EDGE('',*,*,#2352,.F.);
#2435=ORIENTED_EDGE('',*,*,#2434,.F.);
#2436=EDGE_LOOP('',(#2430,#2432,#2433,#2435));
#2437=FACE_OUTER_BOUND('',#2436,.F.);
#2438=ADVANCED_FACE('',(#2437),#2428,.T.);
#2439=CARTESIAN_POINT('',(0.E0,2.637931034483E1,-1.117241379310E2));
#2440=DIRECTION('',(0.E0,1.E0,0.E0));
#2441=DIRECTION('',(0.E0,0.E0,1.E0));
#2442=AXIS2_PLACEMENT_3D('',#2439,#2440,#2441);
#2443=CYLINDRICAL_SURFACE('',#2442,4.E1);
#2445=ORIENTED_EDGE('',*,*,#2444,.F.);
#2447=ORIENTED_EDGE('',*,*,#2446,.T.);
#2449=ORIENTED_EDGE('',*,*,#2448,.T.);
#2451=ORIENTED_EDGE('',*,*,#2450,.F.);
#2453=ORIENTED_EDGE('',*,*,#2452,.T.);
#2455=ORIENTED_EDGE('',*,*,#2454,.T.);
#2456=ORIENTED_EDGE('',*,*,#2429,.F.);
#2457=EDGE_LOOP('',(#2445,#2447,#2449,#2451,#2453,#2455,#2456));
#2458=FACE_OUTER_BOUND('',#2457,.F.);
#2459=ADVANCED_FACE('',(#2458),#2443,.F.);
#2460=CARTESIAN_POINT('',(-5.592944891898E-1,1.207068513658E2,
-1.517372839026E2));
#2461=CARTESIAN_POINT('',(-3.729130303365E-1,1.207088819708E2,
-1.517397285933E2));
#2462=CARTESIAN_POINT('',(1.402258680932E0,1.207182968295E2,-1.517514802743E2));
#2463=CARTESIAN_POINT('',(4.902791587119E0,1.205615143824E2,-1.515512991726E2));
#2464=CARTESIAN_POINT('',(1.015865144102E1,1.198118505783E2,-1.506360491485E2));
#2465=CARTESIAN_POINT('',(1.593156946648E1,1.182868439377E2,-1.489261950793E2));
#2466=CARTESIAN_POINT('',(2.201905948494E1,1.157215674325E2,-1.463486079296E2));
#2467=CARTESIAN_POINT('',(2.791711326515E1,1.120558816065E2,-1.430975813467E2));
#2468=CARTESIAN_POINT('',(3.314950320972E1,1.074830051887E2,-1.395765919338E2));
#2469=CARTESIAN_POINT('',(3.749347137713E1,1.022585192153E2,-1.361735221739E2));
#2470=CARTESIAN_POINT('',(4.097801964046E1,9.643825446634E1,-1.331036696155E2));
#2471=CARTESIAN_POINT('',(4.363221068644E1,8.990712630391E1,-1.305359796E2));
#2472=CARTESIAN_POINT('',(4.532243532055E1,8.265483182149E1,-1.287814730382E2));
#2473=CARTESIAN_POINT('',(4.573748008810E1,7.709229608781E1,-1.283333054171E2));
#2474=CARTESIAN_POINT('',(4.570574615459E1,7.425312397127E1,-1.283683800066E2));
#2475=CARTESIAN_POINT('',(4.569746922308E1,7.388020090233E1,-1.283777497028E2));
#2476=CARTESIAN_POINT('',(-3.951742717595E-1,1.112576014249E2,
-1.512895737386E2));
#2477=CARTESIAN_POINT('',(-2.634735076808E-1,1.112586720547E2,
-1.512919874321E2));
#2478=CARTESIAN_POINT('',(9.907281179074E-1,1.112635331138E2,
-1.513035976369E2));
#2479=CARTESIAN_POINT('',(3.464199094462E0,1.111834541089E2,-1.511057268058E2));
#2480=CARTESIAN_POINT('',(7.253188777445E0,1.107743052628E2,-1.501998490237E2));
#2481=CARTESIAN_POINT('',(1.155879808608E1,1.098548151560E2,-1.485037190302E2));
#2482=CARTESIAN_POINT('',(1.627475059954E1,1.081558593296E2,-1.459401476298E2));
#2483=CARTESIAN_POINT('',(2.100515893772E1,1.055464186740E2,-1.426988119245E2));
#2484=CARTESIAN_POINT('',(2.532805789606E1,1.021137042377E2,-1.391804359759E2));
#2485=CARTESIAN_POINT('',(2.901055115870E1,9.802649512870E1,-1.357724255715E2));
#2486=CARTESIAN_POINT('',(3.203313639005E1,9.331221292535E1,-1.326910387724E2));
#2487=CARTESIAN_POINT('',(3.438389926976E1,8.785824789458E1,-1.301073733080E2));
#2488=CARTESIAN_POINT('',(3.590684709030E1,8.164765142450E1,-1.283378672961E2));
#2489=CARTESIAN_POINT('',(3.628426297177E1,7.681719917531E1,-1.278852398722E2));
#2490=CARTESIAN_POINT('',(3.625544381297E1,7.435133227706E1,-1.279206721228E2));
#2491=CARTESIAN_POINT('',(3.624794053500E1,7.402748162014E1,-1.279301386763E2));
#2492=CARTESIAN_POINT('',(-3.748120343934E-1,1.045668757881E2,
-1.579790238141E2));
#2493=CARTESIAN_POINT('',(-2.499112715802E-1,1.045683343248E2,
-1.579819006517E2));
#2494=CARTESIAN_POINT('',(9.397390712999E-1,1.045751244165E2,
-1.579956247197E2));
#2495=CARTESIAN_POINT('',(3.285588909327E0,1.044618176749E2,-1.577632350396E2));
#2496=CARTESIAN_POINT('',(6.787569991793E0,1.039270796757E2,-1.567173221403E2));
#2497=CARTESIAN_POINT('',(1.059545428446E1,1.028626842507E2,-1.548161342168E2));
#2498=CARTESIAN_POINT('',(1.456367080157E1,1.011130814830E2,-1.520431468535E2));
#2499=CARTESIAN_POINT('',(1.836513317063E1,9.866172858540E1,-1.486570151470E2));
#2500=CARTESIAN_POINT('',(2.170363940045E1,9.565134548438E1,-1.450995901880E2));
#2501=CARTESIAN_POINT('',(2.445017264085E1,9.225637822276E1,-1.417654002977E2));
#2502=CARTESIAN_POINT('',(2.663490248185E1,8.851746957201E1,-1.388563520633E2));
#2503=CARTESIAN_POINT('',(2.828601425442E1,8.436589483778E1,-1.365113833641E2));
#2504=CARTESIAN_POINT('',(2.933049968288E1,7.979734457410E1,-1.349659912558E2));
#2505=CARTESIAN_POINT('',(2.958605420420E1,7.631120620294E1,-1.345799998626E2));
#2506=CARTESIAN_POINT('',(2.956650462553E1,7.453194330309E1,-1.346100881291E2));
#2507=CARTESIAN_POINT('',(2.956140205066E1,7.429822800960E1,-1.346181074906E2));
#2508=CARTESIAN_POINT('',(-5.115307651471E-1,1.050124084018E2,
-1.674287347809E2));
#2509=CARTESIAN_POINT('',(-3.411000772279E-1,1.050153489205E2,
-1.674322658693E2));
#2510=CARTESIAN_POINT('',(1.282653614575E0,1.050292887130E2,-1.674489760417E2));
#2511=CARTESIAN_POINT('',(4.483825466617E0,1.047945639253E2,-1.671678240355E2));
#2512=CARTESIAN_POINT('',(9.066448910068E0,1.037503054976E2,-1.659240934729E2));
#2513=CARTESIAN_POINT('',(1.367185278252E1,1.018853942823E2,-1.637332347770E2));
#2514=CARTESIAN_POINT('',(1.800537759842E1,9.920131518745E1,-1.606644203579E2));
#2515=CARTESIAN_POINT('',(2.172440173065E1,9.590645600069E1,-1.570737456256E2));
#2516=CARTESIAN_POINT('',(2.464770049877E1,9.232424269075E1,-1.534611589032E2));
#2517=CARTESIAN_POINT('',(2.679618614560E1,8.872354922976E1,-1.502312500097E2));
#2518=CARTESIAN_POINT('',(2.831537603830E1,8.519121936565E1,-1.475656522243E2));
#2519=CARTESIAN_POINT('',(2.932839466267E1,8.171510964749E1,-1.455578734906E2));
#2520=CARTESIAN_POINT('',(2.989628950316E1,7.831456487500E1,-1.443290711749E2));
#2521=CARTESIAN_POINT('',(3.002548393546E1,7.590538777979E1,-1.440372117691E2));
#2522=CARTESIAN_POINT('',(3.001549366694E1,7.467678346660E1,-1.440597509689E2));
#2523=CARTESIAN_POINT('',(3.001284806749E1,7.451529102524E1,-1.440657259849E2));
#2524=(BOUNDED_SURFACE()B_SPLINE_SURFACE(3,3,((#2460,#2461,#2462,#2463,#2464,
#2465,#2466,#2467,#2468,#2469,#2470,#2471,#2472,#2473,#2474,#2475),(#2476,#2477,
#2478,#2479,#2480,#2481,#2482,#2483,#2484,#2485,#2486,#2487,#2488,#2489,#2490,
#2491),(#2492,#2493,#2494,#2495,#2496,#2497,#2498,#2499,#2500,#2501,#2502,#2503,
#2504,#2505,#2506,#2507),(#2508,#2509,#2510,#2511,#2512,#2513,#2514,#2515,#2516,
#2517,#2518,#2519,#2520,#2521,#2522,#2523)),.UNSPECIFIED.,.F.,.F.,.F.)B_SPLINE_SURFACE_WITH_KNOTS((4,4),(4,1,1,1,1,1,1,1,1,1,1,1,1,4),(0.E0,1.E0),(
-9.392689586469E-3,0.E0,8.004295820703E-2,1.665225622987E-1,2.641098676093E-1,
3.721751175733E-1,4.841869699584E-1,5.909987290839E-1,6.875659468667E-1,
7.739803491794E-1,8.549432346473E-1,9.309982306996E-1,1.E0,1.010449598625E0),
.UNSPECIFIED.)GEOMETRIC_REPRESENTATION_ITEM()RATIONAL_B_SPLINE_SURFACE(((
1.195564037263E0,1.195564037263E0,1.195564037263E0,1.195564037263E0,
1.195564037263E0,1.195564037263E0,1.195564037263E0,1.195564037263E0,
1.195564037263E0,1.195564037263E0,1.195564037263E0,1.195564037263E0,
1.195564037263E0,1.195564037263E0,1.195564037263E0,1.195564037263E0),(
9.348119875792E-1,9.348119875792E-1,9.348119875792E-1,9.348119875792E-1,
9.348119875792E-1,9.348119875792E-1,9.348119875792E-1,9.348119875792E-1,
9.348119875792E-1,9.348119875792E-1,9.348119875792E-1,9.348119875792E-1,
9.348119875792E-1,9.348119875792E-1,9.348119875792E-1,9.348119875792E-1),(
9.348119875792E-1,9.348119875792E-1,9.348119875792E-1,9.348119875792E-1,
9.348119875792E-1,9.348119875792E-1,9.348119875792E-1,9.348119875792E-1,
9.348119875792E-1,9.348119875792E-1,9.348119875792E-1,9.348119875792E-1,
9.348119875792E-1,9.348119875792E-1,9.348119875792E-1,9.348119875792E-1),(
1.195564037263E0,1.195564037263E0,1.195564037263E0,1.195564037263E0,
1.195564037263E0,1.195564037263E0,1.195564037263E0,1.195564037263E0,
1.195564037263E0,1.195564037263E0,1.195564037263E0,1.195564037263E0,
1.195564037263E0,1.195564037263E0,1.195564037263E0,1.195564037263E0)))REPRESENTATION_ITEM('')SURFACE());
#2525=ORIENTED_EDGE('',*,*,#2444,.T.);
#2526=ORIENTED_EDGE('',*,*,#2434,.T.);
#2528=ORIENTED_EDGE('',*,*,#2527,.F.);
#2530=ORIENTED_EDGE('',*,*,#2529,.F.);
#2531=EDGE_LOOP('',(#2525,#2526,#2528,#2530));
#2532=FACE_OUTER_BOUND('',#2531,.F.);
#2533=ADVANCED_FACE('',(#2532),#2524,.T.);
#2534=CARTESIAN_POINT('',(0.E0,7.5E1,-1.117241379310E2));
#2535=DIRECTION('',(0.E0,0.E0,-1.E0));
#2536=DIRECTION('',(-1.E0,0.E0,0.E0));
#2537=AXIS2_PLACEMENT_3D('',#2534,#2535,#2536);
#2538=CYLINDRICAL_SURFACE('',#2537,3.E1);
#2540=ORIENTED_EDGE('',*,*,#2539,.T.);
#2541=ORIENTED_EDGE('',*,*,#2527,.T.);
#2542=ORIENTED_EDGE('',*,*,#2359,.F.);
#2543=ORIENTED_EDGE('',*,*,#2327,.T.);
#2544=ORIENTED_EDGE('',*,*,#2356,.F.);
#2545=EDGE_LOOP('',(#2540,#2541,#2542,#2543,#2544));
#2546=FACE_OUTER_BOUND('',#2545,.F.);
#2547=ADVANCED_FACE('',(#2546),#2538,.F.);
#2548=CARTESIAN_POINT('',(-4.569745656606E1,7.387965130935E1,
-1.283777377546E2));
#2549=CARTESIAN_POINT('',(-4.570574160376E1,7.425275158006E1,
-1.283683705129E2));
#2550=CARTESIAN_POINT('',(-4.573740256732E1,7.708403129073E1,
-1.283334389370E2));
#2551=CARTESIAN_POINT('',(-4.532135162293E1,8.267972907406E1,
-1.287825998468E2));
#2552=CARTESIAN_POINT('',(-4.357719053900E1,9.013377986374E1,
-1.305932552526E2));
#2553=CARTESIAN_POINT('',(-4.069576046934E1,9.706589167632E1,
-1.333727949138E2));
#2554=CARTESIAN_POINT('',(-3.677925710280E1,1.032943623018E2,
-1.367777695394E2));
#2555=CARTESIAN_POINT('',(-3.195736328047E1,1.086813825542E2,
-1.404414661290E2));
#2556=CARTESIAN_POINT('',(-2.650973618236E1,1.130391456261E2,
-1.439341825598E2));
#2557=CARTESIAN_POINT('',(-2.087277320959E1,1.162541526737E2,
-1.468706325479E2));
#2558=CARTESIAN_POINT('',(-1.534424571883E1,1.184501200581E2,
-1.491084880592E2));
#2559=CARTESIAN_POINT('',(-1.003258969834E1,1.198265375414E2,
-1.506545961725E2));
#2560=CARTESIAN_POINT('',(-4.935050876297E0,1.205589428548E2,
-1.515479256971E2));
#2561=CARTESIAN_POINT('',(-1.426621686093E0,1.207184165350E2,
-1.517516190067E2));
#2562=CARTESIAN_POINT('',(3.727411205237E-1,1.207088837516E2,
-1.517397339675E2));
#2563=CARTESIAN_POINT('',(5.590361191859E-1,1.207068540788E2,
-1.517372952374E2));
#2564=CARTESIAN_POINT('',(-3.624792912155E1,7.402700521490E1,
-1.279301262033E2));
#2565=CARTESIAN_POINT('',(-3.625543972705E1,7.435100906114E1,
-1.279206623023E2));
#2566=CARTESIAN_POINT('',(-3.628419222951E1,7.681001930284E1,
-1.278853755314E2));
#2567=CARTESIAN_POINT('',(-3.590586729296E1,8.166930302948E1,
-1.283390043933E2));
#2568=CARTESIAN_POINT('',(-3.433428990916E1,8.805219354519E1,
-1.301651431893E2));
#2569=CARTESIAN_POINT('',(-3.178400191666E1,9.383275647432E1,
-1.329617055579E2));
#2570=CARTESIAN_POINT('',(-2.839620531671E1,9.885354822392E1,
-1.363783618265E2));
#2571=CARTESIAN_POINT('',(-2.433098284924E1,1.030301271553E2,
-1.400454821439E2));
#2572=CARTESIAN_POINT('',(-1.986399935203E1,1.062595971564E2,
-1.435335448411E2));
#2573=CARTESIAN_POINT('',(-1.537848797289E1,1.085149041189E2,
-1.464596330719E2));
#2574=CARTESIAN_POINT('',(-1.111891524078E1,1.099537869672E2,
-1.486845761484E2));
#2575=CARTESIAN_POINT('',(-7.163032651684E0,1.107819456385E2,
-1.502181890456E2));
#2576=CARTESIAN_POINT('',(-3.487016788865E0,1.111821980882E2,
-1.511023948793E2));
#2577=CARTESIAN_POINT('',(-1.007941925075E0,1.112635922543E2,
-1.513037339437E2));
#2578=CARTESIAN_POINT('',(2.633523755399E-1,1.112586732154E2,
-1.512919929068E2));
#2579=CARTESIAN_POINT('',(3.949921018859E-1,1.112576028211E2,
-1.512895852873E2));
#2580=CARTESIAN_POINT('',(-2.956139423495E1,7.429788334036E1,
-1.346181029036E2));
#2581=CARTESIAN_POINT('',(-2.956650181277E1,7.453170987473E1,
-1.346100832356E2));
#2582=CARTESIAN_POINT('',(-2.958600654287E1,7.630602726230E1,
-1.345801036014E2));
#2583=CARTESIAN_POINT('',(-2.932983090735E1,7.981293977805E1,
-1.349669746700E2));
#2584=CARTESIAN_POINT('',(-2.825202342951E1,8.450871504032E1,
-1.365617687820E2));
#2585=CARTESIAN_POINT('',(-2.645908555213E1,8.891739379116E1,
-1.391039867972E2));
#2586=CARTESIAN_POINT('',(-2.400098637799E1,9.292500752553E1,
-1.423461020915E2));
#2587=CARTESIAN_POINT('',(-2.094626064179E1,9.643573330517E1,
-1.459620668666E2));
#2588=CARTESIAN_POINT('',(-1.746136764665E1,9.931571400053E1,
-1.495196632075E2));
#2589=CARTESIAN_POINT('',(-1.381865928375E1,1.014746261040E2,
-1.526005713741E2));
#2590=CARTESIAN_POINT('',(-1.020854245255E1,1.029765035190E2,
-1.550184452672E2));
#2591=CARTESIAN_POINT('',(-6.703381035375E0,1.039376567042E2,
-1.567387551217E2));
#2592=CARTESIAN_POINT('',(-3.307200913201E0,1.044599438216E2,
-1.577592823533E2));
#2593=CARTESIAN_POINT('',(-9.560659974784E-1,1.045752114680E2,
-1.579957973121E2));
#2594=CARTESIAN_POINT('',(2.497959768709E-1,1.045683355478E2,
-1.579819046683E2));
#2595=CARTESIAN_POINT('',(3.746387844829E-1,1.045668777493E2,
-1.579790322107E2));
#2596=CARTESIAN_POINT('',(-3.001284384819E1,7.451505044562E1,
-1.440657325365E2));
#2597=CARTESIAN_POINT('',(-3.001549210104E1,7.467662169022E1,
-1.440597530340E2));
#2598=CARTESIAN_POINT('',(-3.002546055414E1,7.590181657074E1,
-1.440372704147E2));
#2599=CARTESIAN_POINT('',(-2.989593536831E1,7.832525562015E1,
-1.443298374905E2));
#2600=CARTESIAN_POINT('',(-2.931001093131E1,8.182183818309E1,
-1.455978274002E2));
#2601=CARTESIAN_POINT('',(-2.820509791405E1,8.553591967127E1,
-1.477807512134E2));
#2602=CARTESIAN_POINT('',(-2.646938688853E1,8.938777743929E1,
-1.507763048710E2));
#2603=CARTESIAN_POINT('',(-2.401781643270E1,9.321290517351E1,
-1.543200058454E2));
#2604=CARTESIAN_POINT('',(-2.087388017596E1,9.675087077160E1,
-1.579758274257E2));
#2605=CARTESIAN_POINT('',(-1.721388122587E1,9.973976428517E1,
-1.612754387186E2));
#2606=CARTESIAN_POINT('',(-1.320878320282E1,1.020834980986E2,
-1.639658522721E2));
#2607=CARTESIAN_POINT('',(-8.954384363404E0,1.037718809692E2,
-1.659498956572E2));
#2608=CARTESIAN_POINT('',(-4.513256566067E0,1.047905431454E2,
-1.671629944446E2));
#2609=CARTESIAN_POINT('',(-1.304936261949E0,1.050294738881E2,
-1.674491998908E2));
#2610=CARTESIAN_POINT('',(3.409418602822E-1,1.050153508458E2,
-1.674322678248E2));
#2611=CARTESIAN_POINT('',(5.112933187066E-1,1.050124124388E2,
-1.674287387233E2));
#2612=(BOUNDED_SURFACE()B_SPLINE_SURFACE(3,3,((#2548,#2549,#2550,#2551,#2552,
#2553,#2554,#2555,#2556,#2557,#2558,#2559,#2560,#2561,#2562,#2563),(#2564,#2565,
#2566,#2567,#2568,#2569,#2570,#2571,#2572,#2573,#2574,#2575,#2576,#2577,#2578,
#2579),(#2580,#2581,#2582,#2583,#2584,#2585,#2586,#2587,#2588,#2589,#2590,#2591,
#2592,#2593,#2594,#2595),(#2596,#2597,#2598,#2599,#2600,#2601,#2602,#2603,#2604,
#2605,#2606,#2607,#2608,#2609,#2610,#2611)),.UNSPECIFIED.,.F.,.F.,.F.)B_SPLINE_SURFACE_WITH_KNOTS((4,4),(4,1,1,1,1,1,1,1,1,1,1,1,1,4),(0.E0,1.E0),(
-1.045493856794E-2,0.E0,6.877706584928E-2,1.459666088036E-1,2.324152099076E-1,
3.295173565069E-1,4.364645963265E-1,5.460532479824E-1,6.499379260896E-1,
7.438480102674E-1,8.330982404747E-1,9.187392637424E-1,1.E0,1.009387729033E0),
.UNSPECIFIED.)GEOMETRIC_REPRESENTATION_ITEM()RATIONAL_B_SPLINE_SURFACE(((
1.195564037182E0,1.195564037182E0,1.195564037182E0,1.195564037182E0,
1.195564037182E0,1.195564037182E0,1.195564037182E0,1.195564037182E0,
1.195564037182E0,1.195564037182E0,1.195564037182E0,1.195564037182E0,
1.195564037182E0,1.195564037182E0,1.195564037182E0,1.195564037182E0),(
9.348119876059E-1,9.348119876059E-1,9.348119876059E-1,9.348119876059E-1,
9.348119876059E-1,9.348119876059E-1,9.348119876059E-1,9.348119876059E-1,
9.348119876059E-1,9.348119876059E-1,9.348119876059E-1,9.348119876059E-1,
9.348119876059E-1,9.348119876059E-1,9.348119876059E-1,9.348119876059E-1),(
9.348119876059E-1,9.348119876059E-1,9.348119876059E-1,9.348119876059E-1,
9.348119876059E-1,9.348119876059E-1,9.348119876059E-1,9.348119876059E-1,
9.348119876059E-1,9.348119876059E-1,9.348119876059E-1,9.348119876059E-1,
9.348119876059E-1,9.348119876059E-1,9.348119876059E-1,9.348119876059E-1),(
1.195564037182E0,1.195564037182E0,1.195564037182E0,1.195564037182E0,
1.195564037182E0,1.195564037182E0,1.195564037182E0,1.195564037182E0,
1.195564037182E0,1.195564037182E0,1.195564037182E0,1.195564037182E0,
1.195564037182E0,1.195564037182E0,1.195564037182E0,1.195564037182E0)))REPRESENTATION_ITEM('')SURFACE());
#2614=ORIENTED_EDGE('',*,*,#2613,.T.);
#2615=ORIENTED_EDGE('',*,*,#2529,.T.);
#2616=ORIENTED_EDGE('',*,*,#2539,.F.);
#2618=ORIENTED_EDGE('',*,*,#2617,.F.);
#2619=EDGE_LOOP('',(#2614,#2615,#2616,#2618));
#2620=FACE_OUTER_BOUND('',#2619,.F.);
#2621=ADVANCED_FACE('',(#2620),#2612,.T.);
#2622=CARTESIAN_POINT('',(0.E0,2.637931034483E1,-1.117241379310E2));
#2623=DIRECTION('',(0.E0,1.E0,0.E0));
#2624=DIRECTION('',(0.E0,0.E0,1.E0));
#2625=AXIS2_PLACEMENT_3D('',#2622,#2623,#2624);
#2626=CYLINDRICAL_SURFACE('',#2625,4.E1);
#2627=ORIENTED_EDGE('',*,*,#2613,.F.);
#2629=ORIENTED_EDGE('',*,*,#2628,.F.);
#2630=ORIENTED_EDGE('',*,*,#2454,.F.);
#2632=ORIENTED_EDGE('',*,*,#2631,.T.);
#2633=ORIENTED_EDGE('',*,*,#2450,.T.);
#2635=ORIENTED_EDGE('',*,*,#2634,.T.);
#2636=ORIENTED_EDGE('',*,*,#2446,.F.);
#2637=EDGE_LOOP('',(#2627,#2629,#2630,#2632,#2633,#2635,#2636));
#2638=FACE_OUTER_BOUND('',#2637,.F.);
#2639=ADVANCED_FACE('',(#2638),#2626,.F.);
#2640=CARTESIAN_POINT('',(5.592945457077E-1,2.929314849660E1,
-1.517372838294E2));
#2641=CARTESIAN_POINT('',(3.729130164273E-1,2.929111797332E1,
-1.517397285564E2));
#2642=CARTESIAN_POINT('',(-1.401819816766E0,2.928170574557E1,
-1.517514774660E2));
#2643=CARTESIAN_POINT('',(-4.902482156024E0,2.943845059031E1,
-1.515513453154E2));
#2644=CARTESIAN_POINT('',(-1.015845607624E1,3.018807664791E1,
-1.506361269954E2));
#2645=CARTESIAN_POINT('',(-1.593208865219E1,3.171332167088E1,
-1.489260167180E2));
#2646=CARTESIAN_POINT('',(-2.202076969215E1,3.427919576443E1,
-1.463478526102E2));
#2647=CARTESIAN_POINT('',(-2.792062357278E1,3.794649139105E1,
-1.430955325348E2));
#2648=CARTESIAN_POINT('',(-3.315425495634E1,4.252170783895E1,
-1.395731664415E2));
#2649=CARTESIAN_POINT('',(-3.749865033771E1,4.774864851911E1,
-1.361692271613E2));
#2650=CARTESIAN_POINT('',(-4.098290536499E1,5.357127240512E1,
-1.330991621162E2));
#2651=CARTESIAN_POINT('',(-4.363564081878E1,6.010384665339E1,
-1.305324990651E2));
#2652=CARTESIAN_POINT('',(-4.532333050203E1,6.735342309828E1,
-1.287804984234E2));
#2653=CARTESIAN_POINT('',(-4.573744467182E1,7.291075906056E1,
-1.283333481353E2));
#2654=CARTESIAN_POINT('',(-4.570574622968E1,7.574687561838E1,
-1.283683788736E2));
#2655=CARTESIAN_POINT('',(-4.569746947621E1,7.611979814198E1,
-1.283777470013E2));
#2656=CARTESIAN_POINT('',(3.951743416687E-1,3.874239846610E1,
-1.512895736601E2));
#2657=CARTESIAN_POINT('',(2.634735129793E-1,3.874132790086E1,
-1.512919873932E2));
#2658=CARTESIAN_POINT('',(-9.904181383760E-1,3.873646825594E1,
-1.513035948775E2));
#2659=CARTESIAN_POINT('',(-3.463979524586E0,3.881652883004E1,
-1.511057723798E2));
#2660=CARTESIAN_POINT('',(-7.253038296807E0,3.922564872495E1,
-1.501999263483E2));
#2661=CARTESIAN_POINT('',(-1.155919098450E1,4.014528859645E1,
-1.485035419251E2));
#2662=CARTESIAN_POINT('',(-1.627608252022E1,4.184465154146E1,
-1.459393961637E2));
#2663=CARTESIAN_POINT('',(-2.100799779250E1,4.445529272843E1,
-1.426967681479E2));
#2664=CARTESIAN_POINT('',(-2.533202789349E1,4.788989349620E1,
-1.391770101055E2));
#2665=CARTESIAN_POINT('',(-2.901498870340E1,5.197920088313E1,
-1.357681200484E2));
#2666=CARTESIAN_POINT('',(-3.203741668974E1,5.669560798700E1,
-1.326865094567E2));
#2667=CARTESIAN_POINT('',(-3.438697244468E1,6.215105171608E1,
-1.301038659377E2));
#2668=CARTESIAN_POINT('',(-3.590766299532E1,6.835951265449E1,
-1.283368826884E2));
#2669=CARTESIAN_POINT('',(-3.628423076321E1,7.318545456706E1,
-1.278852830833E2));
#2670=CARTESIAN_POINT('',(-3.625544387305E1,7.564866732077E1,
-1.279206709645E2));
#2671=CARTESIAN_POINT('',(-3.624794073982E1,7.597251740414E1,
-1.279301359165E2));
#2672=CARTESIAN_POINT('',(3.748120642510E-1,4.543312412192E1,
-1.579790238269E2));
#2673=CARTESIAN_POINT('',(2.499112582174E-1,4.543166563812E1,
-1.579819006538E2));
#2674=CARTESIAN_POINT('',(-9.394449380692E-1,4.542487742900E1,
-1.579956212423E2));
#2675=CARTESIAN_POINT('',(-3.285381795797E0,4.553815678729E1,
-1.577632891240E2));
#2676=CARTESIAN_POINT('',(-6.787442408110E0,4.607287010283E1,
-1.567174072805E2));
#2677=CARTESIAN_POINT('',(-1.059579522308E1,4.713743029015E1,
-1.548159383546E2));
#2678=CARTESIAN_POINT('',(-1.456478373828E1,4.888743758877E1,
-1.520423378234E2));
#2679=CARTESIAN_POINT('',(-1.836738936029E1,5.133985235799E1,
-1.486548961456E2));
#2680=CARTESIAN_POINT('',(-2.170665937312E1,5.435174110886E1,
-1.450961699768E2));
#2681=CARTESIAN_POINT('',(-2.445343444060E1,5.774825573325E1,
-1.417612518271E2));
#2682=CARTESIAN_POINT('',(-2.663795436471E1,6.148862243210E1,
-1.388521487289E2));
#2683=CARTESIAN_POINT('',(-2.828813862150E1,6.564104362116E1,
-1.365082769654E2));
#2684=CARTESIAN_POINT('',(-2.933105036646E1,7.020783011298E1,
-1.349651559695E2));
#2685=CARTESIAN_POINT('',(-2.958603239920E1,7.369070832916E1,
-1.345800357209E2));
#2686=CARTESIAN_POINT('',(-2.956650467489E1,7.546805645203E1,
-1.346100873601E2));
#2687=CARTESIAN_POINT('',(-2.956140221426E1,7.570177143058E1,
-1.346181056137E2));
#2688=CARTESIAN_POINT('',(5.115307277146E-1,4.498759150566E1,
-1.674287349223E2));
#2689=CARTESIAN_POINT('',(3.411000195440E-1,4.498465104136E1,
-1.674322659289E2));
#2690=CARTESIAN_POINT('',(-1.282251921091E0,4.497071497828E1,
-1.674489715497E2));
#2691=CARTESIAN_POINT('',(-4.483545254376E0,4.520538116402E1,
-1.671678901416E2));
#2692=CARTESIAN_POINT('',(-9.066307254676E0,4.624961185554E1,
-1.659241896533E2));
#2693=CARTESIAN_POINT('',(-1.367225008601E1,4.811479663308E1,
-1.637330124176E2));
#2694=CARTESIAN_POINT('',(-1.800657413456E1,5.079946724624E1,
-1.606635300109E2));
#2695=CARTESIAN_POINT('',(-2.172654527988E1,5.409561097939E1,
-1.570715203590E2));
#2696=CARTESIAN_POINT('',(-2.465022377099E1,5.767927135403E1,
-1.534577466861E2));
#2697=CARTESIAN_POINT('',(-2.679860715961E1,6.128112723950E1,
-1.502273233955E2));
#2698=CARTESIAN_POINT('',(-2.831738026369E1,6.481425200403E1,
-1.475619093803E2));
#2699=CARTESIAN_POINT('',(-2.932959917495E1,6.829032475368E1,
-1.455553335155E2));
#2700=CARTESIAN_POINT('',(-2.989656255401E1,7.168902352595E1,
-1.443284468241E2));
#2701=CARTESIAN_POINT('',(-3.002547292241E1,7.409593340222E1,
-1.440372372403E2));
#2702=CARTESIAN_POINT('',(-3.001549371646E1,7.532321649200E1,
-1.440597507494E2));
#2703=CARTESIAN_POINT('',(-3.001284822351E1,7.548470899462E1,
-1.440657253549E2));
#2704=(BOUNDED_SURFACE()B_SPLINE_SURFACE(3,3,((#2640,#2641,#2642,#2643,#2644,
#2645,#2646,#2647,#2648,#2649,#2650,#2651,#2652,#2653,#2654,#2655),(#2656,#2657,
#2658,#2659,#2660,#2661,#2662,#2663,#2664,#2665,#2666,#2667,#2668,#2669,#2670,
#2671),(#2672,#2673,#2674,#2675,#2676,#2677,#2678,#2679,#2680,#2681,#2682,#2683,
#2684,#2685,#2686,#2687),(#2688,#2689,#2690,#2691,#2692,#2693,#2694,#2695,#2696,
#2697,#2698,#2699,#2700,#2701,#2702,#2703)),.UNSPECIFIED.,.F.,.F.,.F.)B_SPLINE_SURFACE_WITH_KNOTS((4,4),(4,1,1,1,1,1,1,1,1,1,1,1,1,4),(0.E0,1.E0),(
-9.392688068118E-3,0.E0,8.002082454477E-2,1.665296085920E-1,2.641146878182E-1,
3.721897300244E-1,4.842571943912E-1,5.911112998412E-1,6.876798288653E-1,
7.741167225314E-1,8.550887990196E-1,9.310836467027E-1,1.E0,1.010449602971E0),
.UNSPECIFIED.)GEOMETRIC_REPRESENTATION_ITEM()RATIONAL_B_SPLINE_SURFACE(((
1.195564037240E0,1.195564037240E0,1.195564037240E0,1.195564037240E0,
1.195564037240E0,1.195564037240E0,1.195564037240E0,1.195564037240E0,
1.195564037240E0,1.195564037240E0,1.195564037240E0,1.195564037240E0,
1.195564037240E0,1.195564037240E0,1.195564037240E0,1.195564037240E0),(
9.348119875866E-1,9.348119875866E-1,9.348119875866E-1,9.348119875866E-1,
9.348119875866E-1,9.348119875866E-1,9.348119875866E-1,9.348119875866E-1,
9.348119875866E-1,9.348119875866E-1,9.348119875866E-1,9.348119875866E-1,
9.348119875866E-1,9.348119875866E-1,9.348119875866E-1,9.348119875866E-1),(
9.348119875866E-1,9.348119875866E-1,9.348119875866E-1,9.348119875866E-1,
9.348119875866E-1,9.348119875866E-1,9.348119875866E-1,9.348119875866E-1,
9.348119875866E-1,9.348119875866E-1,9.348119875866E-1,9.348119875866E-1,
9.348119875866E-1,9.348119875866E-1,9.348119875866E-1,9.348119875866E-1),(
1.195564037240E0,1.195564037240E0,1.195564037240E0,1.195564037240E0,
1.195564037240E0,1.195564037240E0,1.195564037240E0,1.195564037240E0,
1.195564037240E0,1.195564037240E0,1.195564037240E0,1.195564037240E0,
1.195564037240E0,1.195564037240E0,1.195564037240E0,1.195564037240E0)))REPRESENTATION_ITEM('')SURFACE());
#2705=ORIENTED_EDGE('',*,*,#2628,.T.);
#2706=ORIENTED_EDGE('',*,*,#2617,.T.);
#2707=ORIENTED_EDGE('',*,*,#2354,.F.);
#2708=ORIENTED_EDGE('',*,*,#2431,.F.);
#2709=EDGE_LOOP('',(#2705,#2706,#2707,#2708));
#2710=FACE_OUTER_BOUND('',#2709,.F.);
#2711=ADVANCED_FACE('',(#2710),#2704,.T.);
#2712=CARTESIAN_POINT('',(0.E0,2.637931034483E1,-3.672413793103E1));
#2713=DIRECTION('',(1.E0,0.E0,0.E0));
#2714=DIRECTION('',(0.E0,1.E0,0.E0));
#2715=AXIS2_PLACEMENT_3D('',#2712,#2713,#2714);
#2716=TOROIDAL_SURFACE('',#2715,7.5E1,4.E1);
#2718=ORIENTED_EDGE('',*,*,#2717,.T.);
#2720=ORIENTED_EDGE('',*,*,#2719,.T.);
#2721=ORIENTED_EDGE('',*,*,#2631,.F.);
#2723=ORIENTED_EDGE('',*,*,#2722,.F.);
#2724=EDGE_LOOP('',(#2718,#2720,#2721,#2723));
#2725=FACE_OUTER_BOUND('',#2724,.F.);
#2726=ADVANCED_FACE('',(#2725),#2716,.F.);
#2727=CARTESIAN_POINT('',(0.E0,-4.862068965517E1,1.882758620690E2));
#2728=DIRECTION('',(0.E0,0.E0,-1.E0));
#2729=DIRECTION('',(0.E0,1.E0,0.E0));
#2730=AXIS2_PLACEMENT_3D('',#2727,#2728,#2729);
#2731=CYLINDRICAL_SURFACE('',#2730,4.E1);
#2733=ORIENTED_EDGE('',*,*,#2732,.F.);
#2735=ORIENTED_EDGE('',*,*,#2734,.T.);
#2736=ORIENTED_EDGE('',*,*,#2717,.F.);
#2738=ORIENTED_EDGE('',*,*,#2737,.F.);
#2740=ORIENTED_EDGE('',*,*,#2739,.T.);
#2742=ORIENTED_EDGE('',*,*,#2741,.T.);
#2744=ORIENTED_EDGE('',*,*,#2743,.F.);
#2745=EDGE_LOOP('',(#2733,#2735,#2736,#2738,#2740,#2742,#2744));
#2746=FACE_OUTER_BOUND('',#2745,.F.);
#2747=ADVANCED_FACE('',(#2746),#2731,.F.);
#2748=CARTESIAN_POINT('',(5.592939678481E-1,-8.607543191285E0,
4.756901154494E1));
#2749=CARTESIAN_POINT('',(3.729130079737E-1,-8.605098731564E0,
4.756698045028E1));
#2750=CARTESIAN_POINT('',(-1.404149958529E0,-8.593335554363E0,
4.755755355572E1));
#2751=CARTESIAN_POINT('',(-4.900619065423E0,-8.793528113039E0,
4.771434214353E1));
#2752=CARTESIAN_POINT('',(-1.014790387333E1,-9.706853886364E0,
4.846247343900E1));
#2753=CARTESIAN_POINT('',(-1.591090745827E1,-1.141138776040E1,
4.998231623173E1));
#2754=CARTESIAN_POINT('',(-2.199471099613E1,-1.398435211299E1,
5.254178809656E1));
#2755=CARTESIAN_POINT('',(-2.788752579300E1,-1.722955083051E1,
5.619901396259E1));
#2756=CARTESIAN_POINT('',(-3.310846315624E1,-2.073908114222E1,
6.075322608105E1));
#2757=CARTESIAN_POINT('',(-3.743934592859E1,-2.412687222147E1,
6.594465880058E1));
#2758=CARTESIAN_POINT('',(-4.092552763683E1,-2.719256656677E1,
7.173457192637E1));
#2759=CARTESIAN_POINT('',(-4.359915956903E1,-2.977517958134E1,
7.825898725391E1));
#2760=CARTESIAN_POINT('',(-4.531503319800E1,-3.155529910313E1,
8.555068587181E1));
#2761=CARTESIAN_POINT('',(-4.573774844487E1,-3.201184624793E1,
9.116043157763E1));
#2762=CARTESIAN_POINT('',(-4.570574558842E1,-3.197643895725E1,
9.402274907681E1));
#2763=CARTESIAN_POINT('',(-4.569746723826E1,-3.196705725197E1,
9.439567980467E1));
#2764=CARTESIAN_POINT('',(3.951737051815E-1,-9.055253329537E0,
5.701826131421E1));
#2765=CARTESIAN_POINT('',(2.634733906156E-1,-9.052839887601E0,
5.701719029752E1));
#2766=CARTESIAN_POINT('',(-9.920637699133E-1,-9.041218441685E0,
5.701232261928E1));
#2767=CARTESIAN_POINT('',(-3.462669682701E0,-9.239100301321E0,
5.709240106061E1));
#2768=CARTESIAN_POINT('',(-7.245446907163E0,-1.014307485655E1,
5.750074356729E1));
#2769=CARTESIAN_POINT('',(-1.154313220717E1,-1.183391503370E1,
5.841685635264E1));
#2770=CARTESIAN_POINT('',(-1.625554475198E1,-1.439286243101E1,
6.011140323506E1));
#2771=CARTESIAN_POINT('',(-2.098114867041E1,-1.762835801890E1,
6.271419465028E1));
#2772=CARTESIAN_POINT('',(-2.529385286022E1,-2.113523921858E1,
6.613200733189E1));
#2773=CARTESIAN_POINT('',(-2.896426643153E1,-2.452786966713E1,
7.019180323216E1));
#2774=CARTESIAN_POINT('',(-3.198711523976E1,-2.760495865805E1,
7.487901633435E1));
#2775=CARTESIAN_POINT('',(-3.435425894486E1,-3.020352169783E1,
8.032445215855E1));
#2776=CARTESIAN_POINT('',(-3.590010125952E1,-3.199882230121E1,
8.656715457314E1));
#2777=CARTESIAN_POINT('',(-3.628450705827E1,-3.245991557061E1,
9.143856907046E1));
#2778=CARTESIAN_POINT('',(-3.625544334787E1,-3.242414664938E1,
9.392453939098E1));
#2779=CARTESIAN_POINT('',(-3.624793890344E1,-3.241466782849E1,
9.424839720264E1));
#2780=CARTESIAN_POINT('',(3.748117377720E-1,-2.365803835226E0,
6.370898683983E1));
#2781=CARTESIAN_POINT('',(2.499112834762E-1,-2.362926941858E0,
6.370752798593E1));
#2782=CARTESIAN_POINT('',(-9.410066861271E-1,-2.349187821610E0,
6.370072932260E1));
#2783=CARTESIAN_POINT('',(-3.284131483301E0,-2.581594931400E0,
6.381404149481E1));
#2784=CARTESIAN_POINT('',(-6.780407230174E0,-3.625290470829E0,
6.434767827869E1));
#2785=CARTESIAN_POINT('',(-1.058189395945E1,-5.520734667124E0,
6.540854034353E1));
#2786=CARTESIAN_POINT('',(-1.454789098622E1,-8.289116040621E0,
6.715433568388E1));
#2787=CARTESIAN_POINT('',(-1.834613841373E1,-1.166959068981E1,
6.960019942388E1));
#2788=CARTESIAN_POINT('',(-2.167753406171E1,-1.521605352862E1,
7.259853472448E1));
#2789=CARTESIAN_POINT('',(-2.441605874689E1,-1.853637666548E1,
7.597244073153E1));
#2790=CARTESIAN_POINT('',(-2.660212225748E1,-2.144321285262E1,
7.969251859370E1));
#2791=CARTESIAN_POINT('',(-2.826555255834E1,-2.380345900165E1,
8.384061088721E1));
#2792=CARTESIAN_POINT('',(-2.932594594896E1,-2.537193186557E1,
8.843442331115E1));
#2793=CARTESIAN_POINT('',(-2.958621940781E1,-2.576509933136E1,
9.195015823950E1));
#2794=CARTESIAN_POINT('',(-2.956650424849E1,-2.573473370376E1,
9.374392562931E1));
#2795=CARTESIAN_POINT('',(-2.956140076695E1,-2.572670593323E1,
9.397764558758E1));
#2796=CARTESIAN_POINT('',(5.115308770633E-1,7.083906317042E0,6.326345424141E1));
#2797=CARTESIAN_POINT('',(3.411003573835E-1,7.087437895330E0,6.326051339656E1));
#2798=CARTESIAN_POINT('',(-1.284385297332E0,7.104168503689E0,6.324655698800E1));
#2799=CARTESIAN_POINT('',(-4.481821802124E0,6.822990025318E0,6.348130197724E1));
#2800=CARTESIAN_POINT('',(-9.057059758719E0,5.581920575826E0,6.452333620535E1));
#2801=CARTESIAN_POINT('',(-1.365612977553E1,3.397446814605E0,6.638271755242E1));
#2802=CARTESIAN_POINT('',(-1.798906555910E1,3.332129389364E-1,
6.906240298501E1));
#2803=CARTESIAN_POINT('',(-2.170657914982E1,-3.252063332352E0,
7.235152341960E1));
#2804=CARTESIAN_POINT('',(-2.462565991793E1,-6.854440341308E0,
7.592176695447E1));
#2805=CARTESIAN_POINT('',(-2.677060983938E1,-1.007262007489E1,
7.950430694866E1));
#2806=CARTESIAN_POINT('',(-2.829394329555E1,-1.273895221912E1,
8.302560980999E1));
#2807=CARTESIAN_POINT('',(-2.931687387177E1,-1.476254502410E1,
8.650684489916E1));
#2808=CARTESIAN_POINT('',(-2.989402939146E1,-1.601059445196E1,
8.993074033606E1));
#2809=CARTESIAN_POINT('',(-3.002556726332E1,-1.630780795971E1,
9.236046689023E1));
#2810=CARTESIAN_POINT('',(-3.001549331408E1,-1.628507518125E1,
9.359908316467E1));
#2811=CARTESIAN_POINT('',(-3.001284690537E1,-1.627909720648E1,
9.376057742433E1));
#2812=(BOUNDED_SURFACE()B_SPLINE_SURFACE(3,3,((#2748,#2749,#2750,#2751,#2752,
#2753,#2754,#2755,#2756,#2757,#2758,#2759,#2760,#2761,#2762,#2763),(#2764,#2765,
#2766,#2767,#2768,#2769,#2770,#2771,#2772,#2773,#2774,#2775,#2776,#2777,#2778,
#2779),(#2780,#2781,#2782,#2783,#2784,#2785,#2786,#2787,#2788,#2789,#2790,#2791,
#2792,#2793,#2794,#2795),(#2796,#2797,#2798,#2799,#2800,#2801,#2802,#2803,#2804,
#2805,#2806,#2807,#2808,#2809,#2810,#2811)),.UNSPECIFIED.,.F.,.F.,.F.)B_SPLINE_SURFACE_WITH_KNOTS((4,4),(4,1,1,1,1,1,1,1,1,1,1,1,1,4),(0.E0,1.E0),(
-9.392704800495E-3,0.E0,8.013845670079E-2,1.663153449660E-1,2.636861509017E-1,
3.717574079449E-1,4.837292203685E-1,5.901905843260E-1,6.862904717326E-1,
7.723145854198E-1,8.536224701130E-1,9.303511999545E-1,1.E0,1.010449692143E0),
.UNSPECIFIED.)GEOMETRIC_REPRESENTATION_ITEM()RATIONAL_B_SPLINE_SURFACE(((
1.195564037624E0,1.195564037624E0,1.195564037624E0,1.195564037624E0,
1.195564037624E0,1.195564037624E0,1.195564037624E0,1.195564037624E0,
1.195564037624E0,1.195564037624E0,1.195564037624E0,1.195564037624E0,
1.195564037624E0,1.195564037624E0,1.195564037624E0,1.195564037624E0),(
9.348119874587E-1,9.348119874587E-1,9.348119874587E-1,9.348119874587E-1,
9.348119874587E-1,9.348119874587E-1,9.348119874587E-1,9.348119874587E-1,
9.348119874587E-1,9.348119874587E-1,9.348119874587E-1,9.348119874587E-1,
9.348119874587E-1,9.348119874587E-1,9.348119874587E-1,9.348119874587E-1),(
9.348119874587E-1,9.348119874587E-1,9.348119874587E-1,9.348119874587E-1,
9.348119874587E-1,9.348119874587E-1,9.348119874587E-1,9.348119874587E-1,
9.348119874587E-1,9.348119874587E-1,9.348119874587E-1,9.348119874587E-1,
9.348119874587E-1,9.348119874587E-1,9.348119874587E-1,9.348119874587E-1),(
1.195564037624E0,1.195564037624E0,1.195564037624E0,1.195564037624E0,
1.195564037624E0,1.195564037624E0,1.195564037624E0,1.195564037624E0,
1.195564037624E0,1.195564037624E0,1.195564037624E0,1.195564037624E0,
1.195564037624E0,1.195564037624E0,1.195564037624E0,1.195564037624E0)))REPRESENTATION_ITEM('')SURFACE());
#2813=ORIENTED_EDGE('',*,*,#2732,.T.);
#2815=ORIENTED_EDGE('',*,*,#2814,.T.);
#2817=ORIENTED_EDGE('',*,*,#2816,.F.);
#2819=ORIENTED_EDGE('',*,*,#2818,.F.);
#2820=EDGE_LOOP('',(#2813,#2815,#2817,#2819));
#2821=FACE_OUTER_BOUND('',#2820,.F.);
#2822=ADVANCED_FACE('',(#2821),#2812,.T.);
#2823=CARTESIAN_POINT('',(-4.569745661228E1,-3.196708532413E1,
9.215552038199E1));
#2824=CARTESIAN_POINT('',(-4.570574166194E1,-3.197645526702E1,
9.252861813709E1));
#2825=CARTESIAN_POINT('',(-4.573747018360E1,-3.201146983882E1,
9.536578925364E1));
#2826=CARTESIAN_POINT('',(-4.531856278915E1,-3.155919918084E1,
1.009857441537E2));
#2827=CARTESIAN_POINT('',(-4.355863215145E1,-2.973250659524E1,
1.084752352414E2));
#2828=CARTESIAN_POINT('',(-4.064803278144E1,-2.692744333771E1,
1.154385556676E2));
#2829=CARTESIAN_POINT('',(-3.670034566030E1,-2.350203605704E1,
1.216764165028E2));
#2830=CARTESIAN_POINT('',(-3.185830324248E1,-1.983401741591E1,
1.270499032657E2));
#2831=CARTESIAN_POINT('',(-2.641234738468E1,-1.635487880148E1,
1.313791232140E2));
#2832=CARTESIAN_POINT('',(-2.078856825578E1,-1.343588099232E1,
1.345692937582E2));
#2833=CARTESIAN_POINT('',(-1.527227850681E1,-1.121146922271E1,
1.367490689091E2));
#2834=CARTESIAN_POINT('',(-9.973019305044E0,-9.676881160121E0,
1.381136110155E2));
#2835=CARTESIAN_POINT('',(-4.899422427086E0,-8.794019741302E0,
1.388370285061E2));
#2836=CARTESIAN_POINT('',(-1.413434548561E0,-8.593292067963E0,
1.389942082615E2));
#2837=CARTESIAN_POINT('',(3.727417563523E-1,-8.605094659931E0,
1.389847460163E2));
#2838=CARTESIAN_POINT('',(5.590379331901E-1,-8.607534483790E0,
1.389827172829E2));
#2839=CARTESIAN_POINT('',(-3.624792918613E1,-3.241469673733E1,
9.230287401850E1));
#2840=CARTESIAN_POINT('',(-3.625543978467E1,-3.242416341067E1,
9.262687542212E1));
#2841=CARTESIAN_POINT('',(-3.628425381116E1,-3.245953420492E1,
9.509100079675E1));
#2842=CARTESIAN_POINT('',(-3.590332702210E1,-3.200276366764E1,
9.997134911203E1));
#2843=CARTESIAN_POINT('',(-3.431761176146E1,-3.016046359318E1,
1.063838862340E2));
#2844=CARTESIAN_POINT('',(-3.174207168008E1,-2.733830309096E1,
1.121883414141E2));
#2845=CARTESIAN_POINT('',(-2.832868013314E1,-2.390129691241E1,
1.172135116967E2));
#2846=CARTESIAN_POINT('',(-2.424861923701E1,-2.023002186097E1,
1.213761661939E2));
#2847=CARTESIAN_POINT('',(-1.978546046799E1,-1.675566251250E1,
1.245815225820E2));
#2848=CARTESIAN_POINT('',(-1.531266693313E1,-1.384706469915E1,
1.268173043642E2));
#2849=CARTESIAN_POINT('',(-1.106443097181E1,-1.163555601738E1,
1.282441139847E2));
#2850=CARTESIAN_POINT('',(-7.119545717455E0,-1.011341587893E1,
1.290641293675E2));
#2851=CARTESIAN_POINT('',(-3.461830592818E0,-9.239584912772E0,
1.294591699242E2));
#2852=CARTESIAN_POINT('',(-9.986251454111E-1,-9.041175864818E0,
1.295394185146E2));
#2853=CARTESIAN_POINT('',(2.633528173996E-1,-9.052835747517E0,
1.295345354447E2));
#2854=CARTESIAN_POINT('',(3.949934322114E-1,-9.055244519934E0,
1.295334657992E2));
#2855=CARTESIAN_POINT('',(-2.956139427057E1,-2.572672192746E1,
9.257374962354E1));
#2856=CARTESIAN_POINT('',(-2.956650186054E1,-2.573474330513E1,
9.280757465058E1));
#2857=CARTESIAN_POINT('',(-2.958604816362E1,-2.576479161048E1,
9.458558452843E1));
#2858=CARTESIAN_POINT('',(-2.932811490714E1,-2.537525590791E1,
9.810769941811E1));
#2859=CARTESIAN_POINT('',(-2.824054347234E1,-2.376615474054E1,
1.028259888556E2));
#2860=CARTESIAN_POINT('',(-2.642930368365E1,-2.119945229518E1,
1.072550878555E2));
#2861=CARTESIAN_POINT('',(-2.395126262089E1,-1.793575076110E1,
1.112695999952E2));
#2862=CARTESIAN_POINT('',(-2.088319591556E1,-1.431313128330E1,
1.147724270672E2));
#2863=CARTESIAN_POINT('',(-1.739871330821E1,-1.076736265135E1,
1.176343386749E2));
#2864=CARTESIAN_POINT('',(-1.376392686985E1,-7.703373558973E0,
1.197771370972E2));
#2865=CARTESIAN_POINT('',(-1.016128918458E1,-5.299073710818E0,
1.212683330128E2));
#2866=CARTESIAN_POINT('',(-6.663834785860E0,-3.590943223078E0,
1.222214615092E2));
#2867=CARTESIAN_POINT('',(-3.283327843444E0,-2.582183972782E0,
1.227374198551E2));
#2868=CARTESIAN_POINT('',(-9.472284295718E-1,-2.349131241251E0,
1.228510226816E2));
#2869=CARTESIAN_POINT('',(2.497964052158E-1,-2.362923410931E0,
1.228441977552E2));
#2870=CARTESIAN_POINT('',(3.746399874795E-1,-2.365796137712E0,
1.228427405635E2));
#2871=CARTESIAN_POINT('',(-3.001284382058E1,-1.627909497066E1,
9.279091360634E1));
#2872=CARTESIAN_POINT('',(-3.001549213018E1,-1.628507468179E1,
9.295248452915E1));
#2873=CARTESIAN_POINT('',(-3.002548134219E1,-1.630760428514E1,
9.418023372043E1));
#2874=CARTESIAN_POINT('',(-2.989508002133E1,-1.601304645775E1,
9.661417888141E1));
#2875=CARTESIAN_POINT('',(-2.930364594E1,-1.473336882195E1,1.001294711890E2));
#2876=CARTESIAN_POINT('',(-2.818586666274E1,-1.252753382796E1,
1.038666170104E2));
#2877=CARTESIAN_POINT('',(-2.643223226908E1,-9.508647455015E0,
1.077337758551E2));
#2878=CARTESIAN_POINT('',(-2.396402581122E1,-5.954760250031E0,
1.115595046529E2));
#2879=CARTESIAN_POINT('',(-2.081375177339E1,-2.308116795604E0,
1.150831057773E2));
#2880=CARTESIAN_POINT('',(-1.715568687336E1,9.753825189662E-1,
1.180551651451E2));
#2881=CARTESIAN_POINT('',(-1.315377775754E1,3.652024753615E0,1.203859713039E2));
#2882=CARTESIAN_POINT('',(-8.904057638459E0,5.622890596621E0,1.220627569969E2));
#2883=CARTESIAN_POINT('',(-4.480708318577E0,6.822253449762E0,1.230698114875E2));
#2884=CARTESIAN_POINT('',(-1.292873211951E0,7.104244852287E0,1.233052303135E2));
#2885=CARTESIAN_POINT('',(3.409424643971E-1,7.087440552250E0,1.232912130533E2));
#2886=CARTESIAN_POINT('',(5.112948340172E-1,7.083912430094E0,1.232882752524E2));
#2887=(BOUNDED_SURFACE()B_SPLINE_SURFACE(3,3,((#2823,#2824,#2825,#2826,#2827,
#2828,#2829,#2830,#2831,#2832,#2833,#2834,#2835,#2836,#2837,#2838),(#2839,#2840,
#2841,#2842,#2843,#2844,#2845,#2846,#2847,#2848,#2849,#2850,#2851,#2852,#2853,
#2854),(#2855,#2856,#2857,#2858,#2859,#2860,#2861,#2862,#2863,#2864,#2865,#2866,
#2867,#2868,#2869,#2870),(#2871,#2872,#2873,#2874,#2875,#2876,#2877,#2878,#2879,
#2880,#2881,#2882,#2883,#2884,#2885,#2886)),.UNSPECIFIED.,.F.,.F.,.F.)B_SPLINE_SURFACE_WITH_KNOTS((4,4),(4,1,1,1,1,1,1,1,1,1,1,1,1,4),(0.E0,1.E0),(
-1.045487720099E-2,0.E0,6.894203241421E-2,1.466436790330E-1,2.337018189109E-1,
3.314900433456E-1,4.386750042884E-1,5.479473179671E-1,6.512827994208E-1,
7.450484588978E-1,8.342166047769E-1,9.194034774700E-1,1.E0,1.009387776017E0),
.UNSPECIFIED.)GEOMETRIC_REPRESENTATION_ITEM()RATIONAL_B_SPLINE_SURFACE(((
1.195564036866E0,1.195564036866E0,1.195564036866E0,1.195564036866E0,
1.195564036866E0,1.195564036866E0,1.195564036866E0,1.195564036866E0,
1.195564036866E0,1.195564036866E0,1.195564036866E0,1.195564036866E0,
1.195564036866E0,1.195564036866E0,1.195564036866E0,1.195564036866E0),(
9.348119877113E-1,9.348119877113E-1,9.348119877113E-1,9.348119877113E-1,
9.348119877113E-1,9.348119877113E-1,9.348119877113E-1,9.348119877113E-1,
9.348119877113E-1,9.348119877113E-1,9.348119877113E-1,9.348119877113E-1,
9.348119877113E-1,9.348119877113E-1,9.348119877113E-1,9.348119877113E-1),(
9.348119877113E-1,9.348119877113E-1,9.348119877113E-1,9.348119877113E-1,
9.348119877113E-1,9.348119877113E-1,9.348119877113E-1,9.348119877113E-1,
9.348119877113E-1,9.348119877113E-1,9.348119877113E-1,9.348119877113E-1,
9.348119877113E-1,9.348119877113E-1,9.348119877113E-1,9.348119877113E-1),(
1.195564036866E0,1.195564036866E0,1.195564036866E0,1.195564036866E0,
1.195564036866E0,1.195564036866E0,1.195564036866E0,1.195564036866E0,
1.195564036866E0,1.195564036866E0,1.195564036866E0,1.195564036866E0,
1.195564036866E0,1.195564036866E0,1.195564036866E0,1.195564036866E0)))REPRESENTATION_ITEM('')SURFACE());
#2888=ORIENTED_EDGE('',*,*,#2743,.T.);
#2890=ORIENTED_EDGE('',*,*,#2889,.T.);
#2892=ORIENTED_EDGE('',*,*,#2891,.F.);
#2893=ORIENTED_EDGE('',*,*,#2814,.F.);
#2894=EDGE_LOOP('',(#2888,#2890,#2892,#2893));
#2895=FACE_OUTER_BOUND('',#2894,.F.);
#2896=ADVANCED_FACE('',(#2895),#2887,.T.);
#2897=CARTESIAN_POINT('',(-5.592939907226E-1,-8.607543323114E0,
1.389827127764E2));
#2898=CARTESIAN_POINT('',(-3.729129516786E-1,-8.605098798987E0,
1.389847437598E2));
#2899=CARTESIAN_POINT('',(1.403485135739E0,-8.593339750187E0,1.389941667505E2));
#2900=CARTESIAN_POINT('',(4.900113472262E0,-8.793456478253E0,1.388374363594E2));
#2901=CARTESIAN_POINT('',(1.014833589276E1,-9.706859671380E0,1.380892597332E2));
#2902=CARTESIAN_POINT('',(1.591348728998E1,-1.141223970762E1,1.365686338198E2));
#2903=CARTESIAN_POINT('',(2.199934329659E1,-1.398652316205E1,1.340076901254E2));
#2904=CARTESIAN_POINT('',(2.789371871446E1,-1.723326280490E1,1.303483229415E2));
#2905=CARTESIAN_POINT('',(3.311513333343E1,-2.074392004972E1,1.257917856835E2));
#2906=CARTESIAN_POINT('',(3.744580131060E1,-2.413223400282E1,1.205980894918E2));
#2907=CARTESIAN_POINT('',(4.093120136950E1,-2.719780247364E1,1.148060710217E2));
#2908=CARTESIAN_POINT('',(4.360299042658E1,-2.977906582712E1,1.082805038149E2));
#2909=CARTESIAN_POINT('',(4.531601406865E1,-3.155636721494E1,1.009920435598E2));
#2910=CARTESIAN_POINT('',(4.573771041521E1,-3.201180025588E1,9.538801138196E1));
#2911=CARTESIAN_POINT('',(4.570574566174E1,-3.197644017758E1,9.252897472798E1));
#2912=CARTESIAN_POINT('',(4.569746748563E1,-3.196706014488E1,9.215604421021E1));
#2913=CARTESIAN_POINT('',(-3.951737570322E-1,-9.055253470510E0,
1.295334629685E2));
#2914=CARTESIAN_POINT('',(-2.634733682551E-1,-9.052839959120E0,
1.295345338974E2));
#2915=CARTESIAN_POINT('',(9.915941644872E-1,-9.041222564818E0,
1.295393994977E2));
#2916=CARTESIAN_POINT('',(3.462311160271E0,-9.239029553450E0,1.294593495127E2));
#2917=CARTESIAN_POINT('',(7.245743030562E0,-1.014308015307E1,1.290509952598E2));
#2918=CARTESIAN_POINT('',(1.154507613352E1,-1.183476058918E1,1.281343917218E2));
#2919=CARTESIAN_POINT('',(1.625918001597E1,-1.439502352357E1,1.264387937005E2));
#2920=CARTESIAN_POINT('',(2.098617617401E1,-1.763206203709E1,1.238343402203E2));
#2921=CARTESIAN_POINT('',(2.529943159646E1,-2.114007914381E1,1.204145826258E2));
#2922=CARTESIAN_POINT('',(2.896979933865E1,-2.453324474564E1,1.163527843933E2));
#2923=CARTESIAN_POINT('',(3.199208620066E1,-2.761021995284E1,1.116636096387E2));
#2924=CARTESIAN_POINT('',(3.435769094692E1,-3.020743787316E1,1.062169053583E2));
#2925=CARTESIAN_POINT('',(3.590099530488E1,-3.199990137261E1,9.997676357694E1));
#2926=CARTESIAN_POINT('',(3.628447247138E1,-3.245986904684E1,9.511030499097E1));
#2927=CARTESIAN_POINT('',(3.625544340527E1,-3.242414789795E1,9.262718450551E1));
#2928=CARTESIAN_POINT('',(3.624793910075E1,-3.241467078514E1,9.230332698319E1));
#2929=CARTESIAN_POINT('',(-3.748117435239E-1,-2.365803839165E0,
1.228427374169E2));
#2930=CARTESIAN_POINT('',(-2.499112410765E-1,-2.362926951756E0,
1.228441961988E2));
#2931=CARTESIAN_POINT('',(9.405611190525E-1,-2.349193030428E0,
1.228509920633E2));
#2932=CARTESIAN_POINT('',(3.283793005869E0,-2.581510931291E0,1.227377222904E2));
#2933=CARTESIAN_POINT('',(6.780699197333E0,-3.625303065814E0,1.222040496843E2));
#2934=CARTESIAN_POINT('',(1.058359032900E1,-5.521675724317E0,1.211426460175E2));
#2935=CARTESIAN_POINT('',(1.455089809899E1,-8.291425897651E0,1.193958673357E2));
#2936=CARTESIAN_POINT('',(1.835011366147E1,-1.167341358513E1,1.169486086048E2));
#2937=CARTESIAN_POINT('',(2.168177170138E1,-1.522087824712E1,1.139487961799E2));
#2938=CARTESIAN_POINT('',(2.442012400903E1,-1.854155306449E1,1.105734814799E2));
#2939=CARTESIAN_POINT('',(2.660566629022E1,-2.144809481392E1,1.068521199627E2));
#2940=CARTESIAN_POINT('',(2.826792515630E1,-2.380692798488E1,1.027033777419E2));
#2941=CARTESIAN_POINT('',(2.932654933381E1,-2.537284718409E1,9.811166236447E1));
#2942=CARTESIAN_POINT('',(2.958619599330E1,-2.576506075201E1,9.459950972333E1));
#2943=CARTESIAN_POINT('',(2.956650429615E1,-2.573473452998E1,9.280779828699E1));
#2944=CARTESIAN_POINT('',(2.956140092671E1,-2.572670793711E1,9.257407843169E1));
#2945=CARTESIAN_POINT('',(-5.115307918038E-1,7.083906506667E0,
1.232882700190E2));
#2946=CARTESIAN_POINT('',(-3.411002540822E-1,7.087437972466E0,
1.232912107897E2));
#2947=CARTESIAN_POINT('',(1.283776861332E0,7.104161761185E0,1.233051616033E2));
#2948=CARTESIAN_POINT('',(4.481363228538E0,6.823092745908E0,1.230705075167E2));
#2949=CARTESIAN_POINT('',(9.057482028850E0,5.581897670803E0,1.220283714829E2));
#2950=CARTESIAN_POINT('',(1.365812891297E1,3.396370848915E0,1.201680877379E2));
#2951=CARTESIAN_POINT('',(1.799222440451E1,3.306929328945E-1,1.174870895082E2));
#2952=CARTESIAN_POINT('',(2.171030379346E1,-3.256054156970E0,1.141964542317E2));
#2953=CARTESIAN_POINT('',(2.462918428331E1,-6.859243578348E0,1.106249828497E2));
#2954=CARTESIAN_POINT('',(2.677362256482E1,-1.007751581349E1,1.070415718837E2));
#2955=CARTESIAN_POINT('',(2.829626988115E1,-1.274329832294E1,1.035197540570E2));
#2956=CARTESIAN_POINT('',(2.931821968389E1,-1.476538229082E1,1.000388179728E2));
#2957=CARTESIAN_POINT('',(2.989432845939E1,-1.601127844842E1,9.661707346278E1));
#2958=CARTESIAN_POINT('',(3.002555544071E1,-1.630778060290E1,9.418983832479E1));
#2959=CARTESIAN_POINT('',(3.001549336455E1,-1.628507541085E1,9.295264068659E1));
#2960=CARTESIAN_POINT('',(3.001284706463E1,-1.627909786446E1,9.279114619983E1));
#2961=(BOUNDED_SURFACE()B_SPLINE_SURFACE(3,3,((#2897,#2898,#2899,#2900,#2901,
#2902,#2903,#2904,#2905,#2906,#2907,#2908,#2909,#2910,#2911,#2912),(#2913,#2914,
#2915,#2916,#2917,#2918,#2919,#2920,#2921,#2922,#2923,#2924,#2925,#2926,#2927,
#2928),(#2929,#2930,#2931,#2932,#2933,#2934,#2935,#2936,#2937,#2938,#2939,#2940,
#2941,#2942,#2943,#2944),(#2945,#2946,#2947,#2948,#2949,#2950,#2951,#2952,#2953,
#2954,#2955,#2956,#2957,#2958,#2959,#2960)),.UNSPECIFIED.,.F.,.F.,.F.)B_SPLINE_SURFACE_WITH_KNOTS((4,4),(4,1,1,1,1,1,1,1,1,1,1,1,1,4),(0.E0,1.E0),(
-9.392703114337E-3,0.E0,8.010494048300E-2,1.663241377191E-1,2.637321078099E-1,
3.718331958709E-1,4.838526616630E-1,5.903435971352E-1,6.864323725182E-1,
7.724726638379E-1,8.537824384491E-1,9.304429155560E-1,1.E0,1.010449708657E0),
.UNSPECIFIED.)GEOMETRIC_REPRESENTATION_ITEM()RATIONAL_B_SPLINE_SURFACE(((
1.195564037623E0,1.195564037623E0,1.195564037623E0,1.195564037623E0,
1.195564037623E0,1.195564037623E0,1.195564037623E0,1.195564037623E0,
1.195564037623E0,1.195564037623E0,1.195564037623E0,1.195564037623E0,
1.195564037623E0,1.195564037623E0,1.195564037623E0,1.195564037623E0),(
9.348119874590E-1,9.348119874590E-1,9.348119874590E-1,9.348119874590E-1,
9.348119874590E-1,9.348119874590E-1,9.348119874590E-1,9.348119874590E-1,
9.348119874590E-1,9.348119874590E-1,9.348119874590E-1,9.348119874590E-1,
9.348119874590E-1,9.348119874590E-1,9.348119874590E-1,9.348119874590E-1),(
9.348119874590E-1,9.348119874590E-1,9.348119874590E-1,9.348119874590E-1,
9.348119874590E-1,9.348119874590E-1,9.348119874590E-1,9.348119874590E-1,
9.348119874590E-1,9.348119874590E-1,9.348119874590E-1,9.348119874590E-1,
9.348119874590E-1,9.348119874590E-1,9.348119874590E-1,9.348119874590E-1),(
1.195564037623E0,1.195564037623E0,1.195564037623E0,1.195564037623E0,
1.195564037623E0,1.195564037623E0,1.195564037623E0,1.195564037623E0,
1.195564037623E0,1.195564037623E0,1.195564037623E0,1.195564037623E0,
1.195564037623E0,1.195564037623E0,1.195564037623E0,1.195564037623E0)))REPRESENTATION_ITEM('')SURFACE());
#2963=ORIENTED_EDGE('',*,*,#2962,.T.);
#2965=ORIENTED_EDGE('',*,*,#2964,.T.);
#2967=ORIENTED_EDGE('',*,*,#2966,.F.);
#2968=ORIENTED_EDGE('',*,*,#2889,.F.);
#2969=EDGE_LOOP('',(#2963,#2965,#2967,#2968));
#2970=FACE_OUTER_BOUND('',#2969,.F.);
#2971=ADVANCED_FACE('',(#2970),#2961,.T.);
#2972=CARTESIAN_POINT('',(0.E0,-4.862068965517E1,1.882758620690E2));
#2973=DIRECTION('',(0.E0,0.E0,-1.E0));
#2974=DIRECTION('',(0.E0,1.E0,0.E0));
#2975=AXIS2_PLACEMENT_3D('',#2972,#2973,#2974);
#2976=CYLINDRICAL_SURFACE('',#2975,4.E1);
#2977=ORIENTED_EDGE('',*,*,#2962,.F.);
#2978=ORIENTED_EDGE('',*,*,#2741,.F.);
#2980=ORIENTED_EDGE('',*,*,#2979,.T.);
#2981=ORIENTED_EDGE('',*,*,#2737,.T.);
#2983=ORIENTED_EDGE('',*,*,#2982,.F.);
#2984=ORIENTED_EDGE('',*,*,#2734,.F.);
#2986=ORIENTED_EDGE('',*,*,#2985,.F.);
#2987=EDGE_LOOP('',(#2977,#2978,#2980,#2981,#2983,#2984,#2986));
#2988=FACE_OUTER_BOUND('',#2987,.F.);
#2989=ADVANCED_FACE('',(#2988),#2976,.F.);
#2990=CARTESIAN_POINT('',(0.E0,-4.862068965517E1,1.872758620465E2));
#2991=DIRECTION('',(0.E0,0.E0,1.E0));
#2992=DIRECTION('',(0.E0,-1.E0,0.E0));
#2993=AXIS2_PLACEMENT_3D('',#2990,#2991,#2992);
#2994=CONICAL_SURFACE('',#2993,4.099999997754E1,4.5E1);
#2995=ORIENTED_EDGE('',*,*,#1634,.T.);
#2997=ORIENTED_EDGE('',*,*,#2996,.T.);
#2998=ORIENTED_EDGE('',*,*,#2979,.F.);
#3000=ORIENTED_EDGE('',*,*,#2999,.F.);
#3001=EDGE_LOOP('',(#2995,#2997,#2998,#3000));
#3002=FACE_OUTER_BOUND('',#3001,.F.);
#3003=ADVANCED_FACE('',(#3002),#2994,.F.);
#3004=CARTESIAN_POINT('',(-1.012877106495E-13,-4.862068965517E1,
1.872758620465E2));
#3005=DIRECTION('',(0.E0,0.E0,1.E0));
#3006=DIRECTION('',(0.E0,-1.E0,0.E0));
#3007=AXIS2_PLACEMENT_3D('',#3004,#3005,#3006);
#3008=CONICAL_SURFACE('',#3007,4.099999997754E1,4.5E1);
#3009=ORIENTED_EDGE('',*,*,#1632,.T.);
#3010=ORIENTED_EDGE('',*,*,#2999,.T.);
#3011=ORIENTED_EDGE('',*,*,#2739,.F.);
#3012=ORIENTED_EDGE('',*,*,#2996,.F.);
#3013=EDGE_LOOP('',(#3009,#3010,#3011,#3012));
#3014=FACE_OUTER_BOUND('',#3013,.F.);
#3015=ADVANCED_FACE('',(#3014),#3008,.F.);
#3016=CARTESIAN_POINT('',(0.E0,2.637931034483E1,-3.672413793103E1));
#3017=DIRECTION('',(1.E0,0.E0,0.E0));
#3018=DIRECTION('',(0.E0,1.E0,0.E0));
#3019=AXIS2_PLACEMENT_3D('',#3016,#3017,#3018);
#3020=TOROIDAL_SURFACE('',#3019,7.5E1,4.E1);
#3021=ORIENTED_EDGE('',*,*,#2982,.T.);
#3022=ORIENTED_EDGE('',*,*,#2722,.T.);
#3023=ORIENTED_EDGE('',*,*,#2452,.F.);
#3024=ORIENTED_EDGE('',*,*,#2719,.F.);
#3025=EDGE_LOOP('',(#3021,#3022,#3023,#3024));
#3026=FACE_OUTER_BOUND('',#3025,.F.);
#3027=ADVANCED_FACE('',(#3026),#3020,.F.);
#3028=CARTESIAN_POINT('',(4.569745684669E1,-3.196708699960E1,9.439620197712E1));
#3029=CARTESIAN_POINT('',(4.570574174035E1,-3.197645597665E1,9.402310504800E1));
#3030=CARTESIAN_POINT('',(4.573744921021E1,-3.201144458984E1,9.118773283222E1));
#3031=CARTESIAN_POINT('',(4.531892974287E1,-3.155959988299E1,8.556863851520E1));
#3032=CARTESIAN_POINT('',(4.355909382195E1,-2.973294081850E1,7.807704287523E1));
#3033=CARTESIAN_POINT('',(4.064645271478E1,-2.692590703429E1,7.110949795185E1));
#3034=CARTESIAN_POINT('',(3.669495411388E1,-2.349751583623E1,6.486769698678E1));
#3035=CARTESIAN_POINT('',(3.184844116398E1,-1.982696327832E1,5.949220159259E1));
#3036=CARTESIAN_POINT('',(2.639818390281E1,-1.634655774654E1,5.516287844546E1));
#3037=CARTESIAN_POINT('',(2.077182009912E1,-1.342809134312E1,5.197437973709E1));
#3038=CARTESIAN_POINT('',(1.525621298707E1,-1.120597804485E1,4.979758426180E1));
#3039=CARTESIAN_POINT('',(9.960920411930E0,-9.674297080558E0,4.843595783193E1));
#3040=CARTESIAN_POINT('',(4.893378062006E0,-8.793555880242E0,4.771433689248E1));
#3041=CARTESIAN_POINT('',(1.411560473715E0,-8.593304004040E0,4.755752571652E1));
#3042=CARTESIAN_POINT('',(-3.727418314633E-1,-8.605094786633E0,
4.756697812732E1));
#3043=CARTESIAN_POINT('',(-5.590381121262E-1,-8.607534749279E0,
4.756900676537E1));
#3044=CARTESIAN_POINT('',(3.624792937901E1,-3.241469844376E1,9.424884835465E1));
#3045=CARTESIAN_POINT('',(3.625543984846E1,-3.242416413318E1,9.392484779307E1));
#3046=CARTESIAN_POINT('',(3.628423475168E1,-3.245950867105E1,9.146228532220E1));
#3047=CARTESIAN_POINT('',(3.590366172288E1,-3.200316849285E1,8.658267984194E1));
#3048=CARTESIAN_POINT('',(3.431801796742E1,-3.016089999573E1,8.016827195372E1));
#3049=CARTESIAN_POINT('',(3.174067081533E1,-2.733675732059E1,7.436032912007E1));
#3050=CARTESIAN_POINT('',(2.832405093849E1,-2.389676495558E1,6.933215369991E1));
#3051=CARTESIAN_POINT('',(2.424039027198E1,-2.022296778009E1,6.516823164815E1));
#3052=CARTESIAN_POINT('',(1.977399603266E1,-1.674736097709E1,6.196316842686E1));
#3053=CARTESIAN_POINT('',(1.529953772261E1,-1.383931110459E1,5.972895117457E1));
#3054=CARTESIAN_POINT('',(1.105228253372E1,-1.163010408053E1,5.830444696783E1));
#3055=CARTESIAN_POINT('',(7.110738852891E0,-1.011085697562E1,5.748638994625E1));
#3056=CARTESIAN_POINT('',(3.457558530085E0,-9.239126547949E0,5.709237446260E1));
#3057=CARTESIAN_POINT('',(9.973010431530E-1,-9.041187628839E0,
5.701231059769E1));
#3058=CARTESIAN_POINT('',(-2.633528584807E-1,-9.052835876841E0,
5.701718869706E1));
#3059=CARTESIAN_POINT('',(-3.949935450338E-1,-9.055244794910E0,
5.701825826638E1));
#3060=CARTESIAN_POINT('',(2.956139442179E1,-2.572672315232E1,9.397797345863E1));
#3061=CARTESIAN_POINT('',(2.956650191227E1,-2.573474381636E1,9.374414891576E1));
#3062=CARTESIAN_POINT('',(2.958603524783E1,-2.576477031447E1,9.196726623765E1));
#3063=CARTESIAN_POINT('',(2.932834057947E1,-2.537559910997E1,8.844569189467E1));
#3064=CARTESIAN_POINT('',(2.824083138949E1,-2.376655856327E1,8.372609509022E1));
#3065=CARTESIAN_POINT('',(2.642832114603E1,-2.119804795768E1,7.929429998330E1));
#3066=CARTESIAN_POINT('',(2.394786948256E1,-1.793139414089E1,7.527720672878E1));
#3067=CARTESIAN_POINT('',(2.087692522429E1,-1.430607633848E1,7.177299286507E1));
#3068=CARTESIAN_POINT('',(1.738961270376E1,-1.075876944856E1,6.891091384535E1));
#3069=CARTESIAN_POINT('',(1.375305081039E1,-7.695081237581E0,6.676913293765E1));
#3070=CARTESIAN_POINT('',(1.015073681628E1,-5.293035437571E0,6.527988015145E1));
#3071=CARTESIAN_POINT('',(6.655796017431E0,-3.588008131052E0,6.432873290437E1));
#3072=CARTESIAN_POINT('',(3.279277569974E0,-2.581643467350E0,6.381404408619E1));
#3073=CARTESIAN_POINT('',(9.459725045610E-1,-2.349145557225E0,
6.370070858024E1));
#3074=CARTESIAN_POINT('',(-2.497964587975E-1,-2.362923482291E0,
6.370752638516E1));
#3075=CARTESIAN_POINT('',(-3.746401110880E-1,-2.365796252144E0,
6.370898351537E1));
#3076=CARTESIAN_POINT('',(3.001284395662E1,-1.627909551584E1,9.376081041588E1));
#3077=CARTESIAN_POINT('',(3.001549217968E1,-1.628507489518E1,9.359923947960E1));
#3078=CARTESIAN_POINT('',(3.002547477943E1,-1.630758897627E1,9.237226715776E1));
#3079=CARTESIAN_POINT('',(2.989519122624E1,-1.601330260978E1,8.993870807195E1));
#3080=CARTESIAN_POINT('',(2.930383013970E1,-1.473372662207E1,8.642263277858E1));
#3081=CARTESIAN_POINT('',(2.818526786602E1,-1.252632928319E1,8.268311919151E1));
#3082=CARTESIAN_POINT('',(2.642974014099E1,-9.504538520940E0,7.881301484803E1));
#3083=CARTESIAN_POINT('',(2.395875725745E1,-5.947704085314E0,7.498499772415E1));
#3084=CARTESIAN_POINT('',(2.080513313217E1,-2.299111575596E0,7.146021302085E1));
#3085=CARTESIAN_POINT('',(1.714422393564E1,9.844358609298E-1,6.848854235438E1));
#3086=CARTESIAN_POINT('',(1.314145614047E1,3.658891302062E0,6.615986606032E1));
#3087=CARTESIAN_POINT('',(8.893760469304E0,5.626357103130E0,6.448604973244E1));
#3088=CARTESIAN_POINT('',(4.475184204813E0,6.822909988787E0,6.348136521069E1));
#3089=CARTESIAN_POINT('',(1.291159060549E0,7.104226930736E0,6.324650870732E1));
#3090=CARTESIAN_POINT('',(-3.409425688296E-1,7.087440562157E0,
6.326051108769E1));
#3091=CARTESIAN_POINT('',(-5.112950382522E-1,7.083912541836E0,
6.326344882778E1));
#3092=(BOUNDED_SURFACE()B_SPLINE_SURFACE(3,3,((#3028,#3029,#3030,#3031,#3032,
#3033,#3034,#3035,#3036,#3037,#3038,#3039,#3040,#3041,#3042,#3043),(#3044,#3045,
#3046,#3047,#3048,#3049,#3050,#3051,#3052,#3053,#3054,#3055,#3056,#3057,#3058,
#3059),(#3060,#3061,#3062,#3063,#3064,#3065,#3066,#3067,#3068,#3069,#3070,#3071,
#3072,#3073,#3074,#3075),(#3076,#3077,#3078,#3079,#3080,#3081,#3082,#3083,#3084,
#3085,#3086,#3087,#3088,#3089,#3090,#3091)),.UNSPECIFIED.,.F.,.F.,.F.)B_SPLINE_SURFACE_WITH_KNOTS((4,4),(4,1,1,1,1,1,1,1,1,1,1,1,1,4),(0.E0,1.E0),(
-1.045487218409E-2,0.E0,6.889177984672E-2,1.466192812402E-1,2.337478490979E-1,
3.316074624329E-1,4.388920956804E-1,5.482254579379E-1,6.515875426200E-1,
7.453515652344E-1,8.344251013610E-1,9.194978352487E-1,1.E0,1.009387785589E0),
.UNSPECIFIED.)GEOMETRIC_REPRESENTATION_ITEM()RATIONAL_B_SPLINE_SURFACE(((
1.195564036832E0,1.195564036832E0,1.195564036832E0,1.195564036832E0,
1.195564036832E0,1.195564036832E0,1.195564036832E0,1.195564036832E0,
1.195564036832E0,1.195564036832E0,1.195564036832E0,1.195564036832E0,
1.195564036832E0,1.195564036832E0,1.195564036832E0,1.195564036832E0),(
9.348119877228E-1,9.348119877228E-1,9.348119877228E-1,9.348119877228E-1,
9.348119877228E-1,9.348119877228E-1,9.348119877228E-1,9.348119877228E-1,
9.348119877228E-1,9.348119877228E-1,9.348119877228E-1,9.348119877228E-1,
9.348119877228E-1,9.348119877228E-1,9.348119877228E-1,9.348119877228E-1),(
9.348119877228E-1,9.348119877228E-1,9.348119877228E-1,9.348119877228E-1,
9.348119877228E-1,9.348119877228E-1,9.348119877228E-1,9.348119877228E-1,
9.348119877228E-1,9.348119877228E-1,9.348119877228E-1,9.348119877228E-1,
9.348119877228E-1,9.348119877228E-1,9.348119877228E-1,9.348119877228E-1),(
1.195564036832E0,1.195564036832E0,1.195564036832E0,1.195564036832E0,
1.195564036832E0,1.195564036832E0,1.195564036832E0,1.195564036832E0,
1.195564036832E0,1.195564036832E0,1.195564036832E0,1.195564036832E0,
1.195564036832E0,1.195564036832E0,1.195564036832E0,1.195564036832E0)))REPRESENTATION_ITEM('')SURFACE());
#3093=ORIENTED_EDGE('',*,*,#2985,.T.);
#3094=ORIENTED_EDGE('',*,*,#2818,.T.);
#3096=ORIENTED_EDGE('',*,*,#3095,.F.);
#3097=ORIENTED_EDGE('',*,*,#2964,.F.);
#3098=EDGE_LOOP('',(#3093,#3094,#3096,#3097));
#3099=FACE_OUTER_BOUND('',#3098,.F.);
#3100=ADVANCED_FACE('',(#3099),#3092,.T.);
#3101=CARTESIAN_POINT('',(0.E0,6.5E1,9.327586206897E1));
#3102=DIRECTION('',(0.E0,-1.E0,0.E0));
#3103=DIRECTION('',(1.E0,0.E0,0.E0));
#3104=AXIS2_PLACEMENT_3D('',#3101,#3102,#3103);
#3105=CYLINDRICAL_SURFACE('',#3104,3.E1);
#3106=ORIENTED_EDGE('',*,*,#3095,.T.);
#3107=ORIENTED_EDGE('',*,*,#2816,.T.);
#3109=ORIENTED_EDGE('',*,*,#3108,.F.);
#3111=ORIENTED_EDGE('',*,*,#3110,.T.);
#3113=ORIENTED_EDGE('',*,*,#3112,.T.);
#3114=EDGE_LOOP('',(#3106,#3107,#3109,#3111,#3113));
#3115=FACE_OUTER_BOUND('',#3114,.F.);
#3116=ADVANCED_FACE('',(#3115),#3105,.F.);
#3117=CARTESIAN_POINT('',(0.E0,6.5E1,9.327586206897E1));
#3118=DIRECTION('',(0.E0,-1.E0,0.E0));
#3119=DIRECTION('',(1.E0,0.E0,0.E0));
#3120=AXIS2_PLACEMENT_3D('',#3117,#3118,#3119);
#3121=CYLINDRICAL_SURFACE('',#3120,3.E1);
#3122=ORIENTED_EDGE('',*,*,#2966,.T.);
#3123=ORIENTED_EDGE('',*,*,#3112,.F.);
#3125=ORIENTED_EDGE('',*,*,#3124,.T.);
#3126=ORIENTED_EDGE('',*,*,#3108,.T.);
#3127=ORIENTED_EDGE('',*,*,#2891,.T.);
#3128=EDGE_LOOP('',(#3122,#3123,#3125,#3126,#3127));
#3129=FACE_OUTER_BOUND('',#3128,.F.);
#3130=ADVANCED_FACE('',(#3129),#3121,.F.);
#3131=CARTESIAN_POINT('',(0.E0,6.399999996231E1,9.327586206897E1));
#3132=DIRECTION('',(0.E0,1.E0,0.E0));
#3133=DIRECTION('',(0.E0,0.E0,-1.E0));
#3134=AXIS2_PLACEMENT_3D('',#3131,#3132,#3133);
#3135=CONICAL_SURFACE('',#3134,3.099999996231E1,4.5E1);
#3137=ORIENTED_EDGE('',*,*,#3136,.T.);
#3139=ORIENTED_EDGE('',*,*,#3138,.T.);
#3140=ORIENTED_EDGE('',*,*,#3124,.F.);
#3142=ORIENTED_EDGE('',*,*,#3141,.F.);
#3143=EDGE_LOOP('',(#3137,#3139,#3140,#3142));
#3144=FACE_OUTER_BOUND('',#3143,.F.);
#3145=ADVANCED_FACE('',(#3144),#3135,.F.);
#3146=CARTESIAN_POINT('',(0.E0,6.5E1,0.E0));
#3147=DIRECTION('',(0.E0,1.E0,0.E0));
#3148=DIRECTION('',(0.E0,0.E0,-1.E0));
#3149=AXIS2_PLACEMENT_3D('',#3146,#3147,#3148);
#3150=PLANE('',#3149);
#3152=ORIENTED_EDGE('',*,*,#3151,.F.);
#3154=ORIENTED_EDGE('',*,*,#3153,.F.);
#3156=ORIENTED_EDGE('',*,*,#3155,.F.);
#3158=ORIENTED_EDGE('',*,*,#3157,.F.);
#3160=ORIENTED_EDGE('',*,*,#3159,.F.);
#3162=ORIENTED_EDGE('',*,*,#3161,.F.);
#3164=ORIENTED_EDGE('',*,*,#3163,.F.);
#3166=ORIENTED_EDGE('',*,*,#3165,.F.);
#3167=EDGE_LOOP('',(#3152,#3154,#3156,#3158,#3160,#3162,#3164,#3166));
#3168=FACE_OUTER_BOUND('',#3167,.F.);
#3170=ORIENTED_EDGE('',*,*,#3169,.F.);
#3172=ORIENTED_EDGE('',*,*,#3171,.F.);
#3173=EDGE_LOOP('',(#3170,#3172));
#3174=FACE_BOUND('',#3173,.F.);
#3176=ORIENTED_EDGE('',*,*,#3175,.F.);
#3178=ORIENTED_EDGE('',*,*,#3177,.F.);
#3179=EDGE_LOOP('',(#3176,#3178));
#3180=FACE_BOUND('',#3179,.F.);
#3182=ORIENTED_EDGE('',*,*,#3181,.F.);
#3183=ORIENTED_EDGE('',*,*,#3136,.F.);
#3184=EDGE_LOOP('',(#3182,#3183));
#3185=FACE_BOUND('',#3184,.F.);
#3186=ADVANCED_FACE('',(#3168,#3174,#3180,#3185),#3150,.T.);
#3187=CARTESIAN_POINT('',(0.E0,6.5E1,9.327586206897E1));
#3188=DIRECTION('',(0.E0,1.E0,0.E0));
#3189=DIRECTION('',(0.E0,0.E0,-1.E0));
#3190=AXIS2_PLACEMENT_3D('',#3187,#3188,#3189);
#3191=CYLINDRICAL_SURFACE('',#3190,5.E1);
#3192=ORIENTED_EDGE('',*,*,#3151,.T.);
#3194=ORIENTED_EDGE('',*,*,#3193,.T.);
#3196=ORIENTED_EDGE('',*,*,#3195,.F.);
#3198=ORIENTED_EDGE('',*,*,#3197,.F.);
#3199=EDGE_LOOP('',(#3192,#3194,#3196,#3198));
#3200=FACE_OUTER_BOUND('',#3199,.F.);
#3201=ADVANCED_FACE('',(#3200),#3191,.T.);
#3202=CARTESIAN_POINT('',(2.142857142857E1,6.5E1,1.384512572142E2));
#3203=DIRECTION('',(4.285714285714E-1,0.E0,9.035079029053E-1));
#3204=DIRECTION('',(9.035079029053E-1,0.E0,-4.285714285714E-1));
#3205=AXIS2_PLACEMENT_3D('',#3202,#3203,#3204);
#3206=PLANE('',#3205);
#3207=ORIENTED_EDGE('',*,*,#3165,.T.);
#3209=ORIENTED_EDGE('',*,*,#3208,.T.);
#3211=ORIENTED_EDGE('',*,*,#3210,.F.);
#3212=ORIENTED_EDGE('',*,*,#3193,.F.);
#3213=EDGE_LOOP('',(#3207,#3209,#3211,#3212));
#3214=FACE_OUTER_BOUND('',#3213,.F.);
#3215=ADVANCED_FACE('',(#3214),#3206,.T.);
#3216=CARTESIAN_POINT('',(7.E1,6.5E1,9.327586206897E1));
#3217=DIRECTION('',(0.E0,1.E0,0.E0));
#3218=DIRECTION('',(0.E0,0.E0,-1.E0));
#3219=AXIS2_PLACEMENT_3D('',#3216,#3217,#3218);
#3220=CYLINDRICAL_SURFACE('',#3219,2.E1);
#3221=ORIENTED_EDGE('',*,*,#3163,.T.);
#3223=ORIENTED_EDGE('',*,*,#3222,.T.);
#3225=ORIENTED_EDGE('',*,*,#3224,.F.);
#3226=ORIENTED_EDGE('',*,*,#3208,.F.);
#3227=EDGE_LOOP('',(#3221,#3223,#3225,#3226));
#3228=FACE_OUTER_BOUND('',#3227,.F.);
#3229=ADVANCED_FACE('',(#3228),#3220,.T.);
#3230=CARTESIAN_POINT('',(7.857142857143E1,6.5E1,7.520570401086E1));
#3231=DIRECTION('',(4.285714285714E-1,0.E0,-9.035079029053E-1));
#3232=DIRECTION('',(-9.035079029053E-1,0.E0,-4.285714285714E-1));
#3233=AXIS2_PLACEMENT_3D('',#3230,#3231,#3232);
#3234=PLANE('',#3233);
#3235=ORIENTED_EDGE('',*,*,#3161,.T.);
#3237=ORIENTED_EDGE('',*,*,#3236,.T.);
#3239=ORIENTED_EDGE('',*,*,#3238,.F.);
#3240=ORIENTED_EDGE('',*,*,#3222,.F.);
#3241=EDGE_LOOP('',(#3235,#3237,#3239,#3240));
#3242=FACE_OUTER_BOUND('',#3241,.F.);
#3243=ADVANCED_FACE('',(#3242),#3234,.T.);
#3244=CARTESIAN_POINT('',(0.E0,6.5E1,9.327586206897E1));
#3245=DIRECTION('',(0.E0,1.E0,0.E0));
#3246=DIRECTION('',(0.E0,0.E0,-1.E0));
#3247=AXIS2_PLACEMENT_3D('',#3244,#3245,#3246);
#3248=CYLINDRICAL_SURFACE('',#3247,5.E1);
#3249=ORIENTED_EDGE('',*,*,#3159,.T.);
#3251=ORIENTED_EDGE('',*,*,#3250,.T.);
#3253=ORIENTED_EDGE('',*,*,#3252,.F.);
#3254=ORIENTED_EDGE('',*,*,#3236,.F.);
#3255=EDGE_LOOP('',(#3249,#3251,#3253,#3254));
#3256=FACE_OUTER_BOUND('',#3255,.F.);
#3257=ADVANCED_FACE('',(#3256),#3248,.T.);
#3258=CARTESIAN_POINT('',(-2.142857142857E1,6.5E1,4.810046692370E1));
#3259=DIRECTION('',(-4.285714285714E-1,0.E0,-9.035079029053E-1));
#3260=DIRECTION('',(-9.035079029053E-1,0.E0,4.285714285714E-1));
#3261=AXIS2_PLACEMENT_3D('',#3258,#3259,#3260);
#3262=PLANE('',#3261);
#3263=ORIENTED_EDGE('',*,*,#3157,.T.);
#3265=ORIENTED_EDGE('',*,*,#3264,.T.);
#3267=ORIENTED_EDGE('',*,*,#3266,.F.);
#3268=ORIENTED_EDGE('',*,*,#3250,.F.);
#3269=EDGE_LOOP('',(#3263,#3265,#3267,#3268));
#3270=FACE_OUTER_BOUND('',#3269,.F.);
#3271=ADVANCED_FACE('',(#3270),#3262,.T.);
#3272=CARTESIAN_POINT('',(-7.E1,6.5E1,9.327586206897E1));
#3273=DIRECTION('',(0.E0,1.E0,0.E0));
#3274=DIRECTION('',(0.E0,0.E0,-1.E0));
#3275=AXIS2_PLACEMENT_3D('',#3272,#3273,#3274);
#3276=CYLINDRICAL_SURFACE('',#3275,2.E1);
#3277=ORIENTED_EDGE('',*,*,#3155,.T.);
#3279=ORIENTED_EDGE('',*,*,#3278,.T.);
#3281=ORIENTED_EDGE('',*,*,#3280,.F.);
#3282=ORIENTED_EDGE('',*,*,#3264,.F.);
#3283=EDGE_LOOP('',(#3277,#3279,#3281,#3282));
#3284=FACE_OUTER_BOUND('',#3283,.F.);
#3285=ADVANCED_FACE('',(#3284),#3276,.T.);
#3286=CARTESIAN_POINT('',(-7.857142857143E1,6.5E1,1.113460201271E2));
#3287=DIRECTION('',(-4.285714285714E-1,0.E0,9.035079029053E-1));
#3288=DIRECTION('',(9.035079029053E-1,0.E0,4.285714285714E-1));
#3289=AXIS2_PLACEMENT_3D('',#3286,#3287,#3288);
#3290=PLANE('',#3289);
#3291=ORIENTED_EDGE('',*,*,#3153,.T.);
#3292=ORIENTED_EDGE('',*,*,#3197,.T.);
#3294=ORIENTED_EDGE('',*,*,#3293,.F.);
#3295=ORIENTED_EDGE('',*,*,#3278,.F.);
#3296=EDGE_LOOP('',(#3291,#3292,#3294,#3295));
#3297=FACE_OUTER_BOUND('',#3296,.F.);
#3298=ADVANCED_FACE('',(#3297),#3290,.T.);
#3299=CARTESIAN_POINT('',(0.E0,4.5E1,0.E0));
#3300=DIRECTION('',(0.E0,1.E0,0.E0));
#3301=DIRECTION('',(0.E0,0.E0,-1.E0));
#3302=AXIS2_PLACEMENT_3D('',#3299,#3300,#3301);
#3303=PLANE('',#3302);
#3304=ORIENTED_EDGE('',*,*,#3195,.T.);
#3305=ORIENTED_EDGE('',*,*,#3210,.T.);
#3306=ORIENTED_EDGE('',*,*,#3224,.T.);
#3307=ORIENTED_EDGE('',*,*,#3238,.T.);
#3308=ORIENTED_EDGE('',*,*,#3252,.T.);
#3309=ORIENTED_EDGE('',*,*,#3266,.T.);
#3310=ORIENTED_EDGE('',*,*,#3280,.T.);
#3311=ORIENTED_EDGE('',*,*,#3293,.T.);
#3312=EDGE_LOOP('',(#3304,#3305,#3306,#3307,#3308,#3309,#3310,#3311));
#3313=FACE_OUTER_BOUND('',#3312,.F.);
#3315=ORIENTED_EDGE('',*,*,#3314,.T.);
#3317=ORIENTED_EDGE('',*,*,#3316,.T.);
#3318=EDGE_LOOP('',(#3315,#3317));
#3319=FACE_BOUND('',#3318,.F.);
#3321=ORIENTED_EDGE('',*,*,#3320,.T.);
#3323=ORIENTED_EDGE('',*,*,#3322,.T.);
#3324=EDGE_LOOP('',(#3321,#3323));
#3325=FACE_BOUND('',#3324,.F.);
#3327=ORIENTED_EDGE('',*,*,#3326,.F.);
#3329=ORIENTED_EDGE('',*,*,#3328,.F.);
#3330=EDGE_LOOP('',(#3327,#3329));
#3331=FACE_BOUND('',#3330,.F.);
#3332=ADVANCED_FACE('',(#3313,#3319,#3325,#3331),#3303,.F.);
#3333=CARTESIAN_POINT('',(-7.E1,6.5E1,9.327586206897E1));
#3334=DIRECTION('',(0.E0,1.E0,0.E0));
#3335=DIRECTION('',(0.E0,0.E0,-1.E0));
#3336=AXIS2_PLACEMENT_3D('',#3333,#3334,#3335);
#3337=CYLINDRICAL_SURFACE('',#3336,1.E1);
#3338=ORIENTED_EDGE('',*,*,#3175,.T.);
#3340=ORIENTED_EDGE('',*,*,#3339,.T.);
#3341=ORIENTED_EDGE('',*,*,#3320,.F.);
#3343=ORIENTED_EDGE('',*,*,#3342,.F.);
#3344=EDGE_LOOP('',(#3338,#3340,#3341,#3343));
#3345=FACE_OUTER_BOUND('',#3344,.F.);
#3346=ADVANCED_FACE('',(#3345),#3337,.F.);
#3347=CARTESIAN_POINT('',(-7.E1,6.5E1,9.327586206897E1));
#3348=DIRECTION('',(0.E0,1.E0,0.E0));
#3349=DIRECTION('',(0.E0,0.E0,-1.E0));
#3350=AXIS2_PLACEMENT_3D('',#3347,#3348,#3349);
#3351=CYLINDRICAL_SURFACE('',#3350,1.E1);
#3352=ORIENTED_EDGE('',*,*,#3177,.T.);
#3353=ORIENTED_EDGE('',*,*,#3342,.T.);
#3354=ORIENTED_EDGE('',*,*,#3322,.F.);
#3355=ORIENTED_EDGE('',*,*,#3339,.F.);
#3356=EDGE_LOOP('',(#3352,#3353,#3354,#3355));
#3357=FACE_OUTER_BOUND('',#3356,.F.);
#3358=ADVANCED_FACE('',(#3357),#3351,.F.);
#3359=CARTESIAN_POINT('',(7.E1,6.5E1,9.327586206897E1));
#3360=DIRECTION('',(0.E0,1.E0,0.E0));
#3361=DIRECTION('',(0.E0,0.E0,-1.E0));
#3362=AXIS2_PLACEMENT_3D('',#3359,#3360,#3361);
#3363=CYLINDRICAL_SURFACE('',#3362,1.E1);
#3364=ORIENTED_EDGE('',*,*,#3169,.T.);
#3366=ORIENTED_EDGE('',*,*,#3365,.T.);
#3367=ORIENTED_EDGE('',*,*,#3314,.F.);
#3369=ORIENTED_EDGE('',*,*,#3368,.F.);
#3370=EDGE_LOOP('',(#3364,#3366,#3367,#3369));
#3371=FACE_OUTER_BOUND('',#3370,.F.);
#3372=ADVANCED_FACE('',(#3371),#3363,.F.);
#3373=CARTESIAN_POINT('',(7.E1,6.5E1,9.327586206897E1));
#3374=DIRECTION('',(0.E0,1.E0,0.E0));
#3375=DIRECTION('',(0.E0,0.E0,-1.E0));
#3376=AXIS2_PLACEMENT_3D('',#3373,#3374,#3375);
#3377=CYLINDRICAL_SURFACE('',#3376,1.E1);
#3378=ORIENTED_EDGE('',*,*,#3171,.T.);
#3379=ORIENTED_EDGE('',*,*,#3368,.T.);
#3380=ORIENTED_EDGE('',*,*,#3316,.F.);
#3381=ORIENTED_EDGE('',*,*,#3365,.F.);
#3382=EDGE_LOOP('',(#3378,#3379,#3380,#3381));
#3383=FACE_OUTER_BOUND('',#3382,.F.);
#3384=ADVANCED_FACE('',(#3383),#3377,.F.);
#3385=CARTESIAN_POINT('',(0.E0,4.E1,9.327586206897E1));
#3386=DIRECTION('',(0.E0,1.E0,0.E0));
#3387=DIRECTION('',(2.384336136341E-2,0.E0,-9.997157066481E-1));
#3388=AXIS2_PLACEMENT_3D('',#3385,#3386,#3387);
#3389=TOROIDAL_SURFACE('',#3388,4.5E1,5.E0);
#3391=ORIENTED_EDGE('',*,*,#3390,.F.);
#3393=ORIENTED_EDGE('',*,*,#3392,.T.);
#3394=ORIENTED_EDGE('',*,*,#3326,.T.);
#3396=ORIENTED_EDGE('',*,*,#3395,.F.);
#3397=EDGE_LOOP('',(#3391,#3393,#3394,#3396));
#3398=FACE_OUTER_BOUND('',#3397,.F.);
#3399=ADVANCED_FACE('',(#3398),#3389,.F.);
#3400=CARTESIAN_POINT('',(0.E0,-5.E1,9.327586206897E1));
#3401=DIRECTION('',(0.E0,1.E0,0.E0));
#3402=DIRECTION('',(0.E0,0.E0,-1.E0));
#3403=AXIS2_PLACEMENT_3D('',#3400,#3401,#3402);
#3404=CYLINDRICAL_SURFACE('',#3403,4.E1);
#3405=ORIENTED_EDGE('',*,*,#3390,.T.);
#3407=ORIENTED_EDGE('',*,*,#3406,.F.);
#3408=ORIENTED_EDGE('',*,*,#1856,.F.);
#3410=ORIENTED_EDGE('',*,*,#3409,.T.);
#3411=EDGE_LOOP('',(#3405,#3407,#3408,#3410));
#3412=FACE_OUTER_BOUND('',#3411,.F.);
#3413=ADVANCED_FACE('',(#3412),#3404,.T.);
#3414=CARTESIAN_POINT('',(0.E0,-5.E1,9.327586206897E1));
#3415=DIRECTION('',(0.E0,1.E0,0.E0));
#3416=DIRECTION('',(0.E0,0.E0,-1.E0));
#3417=AXIS2_PLACEMENT_3D('',#3414,#3415,#3416);
#3418=CYLINDRICAL_SURFACE('',#3417,4.E1);
#3420=ORIENTED_EDGE('',*,*,#3419,.T.);
#3421=ORIENTED_EDGE('',*,*,#3409,.F.);
#3422=ORIENTED_EDGE('',*,*,#1834,.F.);
#3423=ORIENTED_EDGE('',*,*,#3406,.T.);
#3424=EDGE_LOOP('',(#3420,#3421,#3422,#3423));
#3425=FACE_OUTER_BOUND('',#3424,.F.);
#3426=ADVANCED_FACE('',(#3425),#3418,.T.);
#3427=CARTESIAN_POINT('',(0.E0,4.E1,9.327586206897E1));
#3428=DIRECTION('',(0.E0,1.E0,0.E0));
#3429=DIRECTION('',(-2.384336136341E-2,0.E0,9.997157066481E-1));
#3430=AXIS2_PLACEMENT_3D('',#3427,#3428,#3429);
#3431=TOROIDAL_SURFACE('',#3430,4.5E1,5.E0);
#3432=ORIENTED_EDGE('',*,*,#3419,.F.);
#3433=ORIENTED_EDGE('',*,*,#3395,.T.);
#3434=ORIENTED_EDGE('',*,*,#3328,.T.);
#3435=ORIENTED_EDGE('',*,*,#3392,.F.);
#3436=EDGE_LOOP('',(#3432,#3433,#3434,#3435));
#3437=FACE_OUTER_BOUND('',#3436,.F.);
#3438=ADVANCED_FACE('',(#3437),#3431,.F.);
#3439=CARTESIAN_POINT('',(0.E0,6.399999996231E1,9.327586206897E1));
#3440=DIRECTION('',(0.E0,1.E0,0.E0));
#3441=DIRECTION('',(0.E0,0.E0,-1.E0));
#3442=AXIS2_PLACEMENT_3D('',#3439,#3440,#3441);
#3443=CONICAL_SURFACE('',#3442,3.099999996231E1,4.5E1);
#3444=ORIENTED_EDGE('',*,*,#3181,.T.);
#3445=ORIENTED_EDGE('',*,*,#3141,.T.);
#3446=ORIENTED_EDGE('',*,*,#3110,.F.);
#3447=ORIENTED_EDGE('',*,*,#3138,.F.);
#3448=EDGE_LOOP('',(#3444,#3445,#3446,#3447));
#3449=FACE_OUTER_BOUND('',#3448,.F.);
#3450=ADVANCED_FACE('',(#3449),#3443,.F.);
#3451=CARTESIAN_POINT('',(-1.028703311284E-13,1.503793103224E2,
-1.117241379310E2));
#3452=DIRECTION('',(0.E0,1.E0,0.E0));
#3453=DIRECTION('',(0.E0,0.E0,-1.E0));
#3454=AXIS2_PLACEMENT_3D('',#3451,#3452,#3453);
#3455=CONICAL_SURFACE('',#3454,4.099999997754E1,4.5E1);
#3457=ORIENTED_EDGE('',*,*,#3456,.T.);
#3459=ORIENTED_EDGE('',*,*,#3458,.T.);
#3460=ORIENTED_EDGE('',*,*,#2634,.F.);
#3462=ORIENTED_EDGE('',*,*,#3461,.F.);
#3463=EDGE_LOOP('',(#3457,#3459,#3460,#3462));
#3464=FACE_OUTER_BOUND('',#3463,.F.);
#3465=ADVANCED_FACE('',(#3464),#3455,.F.);
#3466=CARTESIAN_POINT('',(0.E0,1.513793103448E2,-1.117241379310E2));
#3467=DIRECTION('',(0.E0,1.E0,0.E0));
#3468=DIRECTION('',(0.E0,0.E0,1.E0));
#3469=AXIS2_PLACEMENT_3D('',#3466,#3467,#3468);
#3470=PLANE('',#3469);
#3472=ORIENTED_EDGE('',*,*,#3471,.F.);
#3474=ORIENTED_EDGE('',*,*,#3473,.F.);
#3476=ORIENTED_EDGE('',*,*,#3475,.F.);
#3478=ORIENTED_EDGE('',*,*,#3477,.F.);
#3480=ORIENTED_EDGE('',*,*,#3479,.F.);
#3482=ORIENTED_EDGE('',*,*,#3481,.F.);
#3484=ORIENTED_EDGE('',*,*,#3483,.F.);
#3486=ORIENTED_EDGE('',*,*,#3485,.F.);
#3487=EDGE_LOOP('',(#3472,#3474,#3476,#3478,#3480,#3482,#3484,#3486));
#3488=FACE_OUTER_BOUND('',#3487,.F.);
#3490=ORIENTED_EDGE('',*,*,#3489,.F.);
#3492=ORIENTED_EDGE('',*,*,#3491,.F.);
#3493=EDGE_LOOP('',(#3490,#3492));
#3494=FACE_BOUND('',#3493,.F.);
#3496=ORIENTED_EDGE('',*,*,#3495,.F.);
#3498=ORIENTED_EDGE('',*,*,#3497,.F.);
#3499=EDGE_LOOP('',(#3496,#3498));
#3500=FACE_BOUND('',#3499,.F.);
#3502=ORIENTED_EDGE('',*,*,#3501,.F.);
#3504=ORIENTED_EDGE('',*,*,#3503,.F.);
#3505=EDGE_LOOP('',(#3502,#3504));
#3506=FACE_BOUND('',#3505,.F.);
#3508=ORIENTED_EDGE('',*,*,#3507,.F.);
#3510=ORIENTED_EDGE('',*,*,#3509,.F.);
#3511=EDGE_LOOP('',(#3508,#3510));
#3512=FACE_BOUND('',#3511,.F.);
#3513=ORIENTED_EDGE('',*,*,#3456,.F.);
#3515=ORIENTED_EDGE('',*,*,#3514,.F.);
#3516=EDGE_LOOP('',(#3513,#3515));
#3517=FACE_BOUND('',#3516,.F.);
#3518=ADVANCED_FACE('',(#3488,#3494,#3500,#3506,#3512,#3517),#3470,.T.);
#3519=CARTESIAN_POINT('',(8.E1,5.621367837868E2,-1.917241379310E2));
#3520=DIRECTION('',(0.E0,-1.E0,0.E0));
#3521=DIRECTION('',(0.E0,0.E0,-1.E0));
#3522=AXIS2_PLACEMENT_3D('',#3519,#3520,#3521);
#3523=CYLINDRICAL_SURFACE('',#3522,2.E1);
#3525=ORIENTED_EDGE('',*,*,#3524,.T.);
#3527=ORIENTED_EDGE('',*,*,#3526,.F.);
#3528=ORIENTED_EDGE('',*,*,#3471,.T.);
#3530=ORIENTED_EDGE('',*,*,#3529,.T.);
#3531=EDGE_LOOP('',(#3525,#3527,#3528,#3530));
#3532=FACE_OUTER_BOUND('',#3531,.F.);
#3533=ADVANCED_FACE('',(#3532),#3523,.T.);
#3534=CARTESIAN_POINT('',(0.E0,1.313793103448E2,0.E0));
#3535=DIRECTION('',(0.E0,1.E0,0.E0));
#3536=DIRECTION('',(-1.E0,0.E0,0.E0));
#3537=AXIS2_PLACEMENT_3D('',#3534,#3535,#3536);
#3538=PLANE('',#3537);
#3539=ORIENTED_EDGE('',*,*,#3524,.F.);
#3541=ORIENTED_EDGE('',*,*,#3540,.T.);
#3543=ORIENTED_EDGE('',*,*,#3542,.F.);
#3545=ORIENTED_EDGE('',*,*,#3544,.T.);
#3547=ORIENTED_EDGE('',*,*,#3546,.F.);
#3549=ORIENTED_EDGE('',*,*,#3548,.T.);
#3551=ORIENTED_EDGE('',*,*,#3550,.F.);
#3553=ORIENTED_EDGE('',*,*,#3552,.T.);
#3554=EDGE_LOOP('',(#3539,#3541,#3543,#3545,#3547,#3549,#3551,#3553));
#3555=FACE_OUTER_BOUND('',#3554,.F.);
#3557=ORIENTED_EDGE('',*,*,#3556,.T.);
#3559=ORIENTED_EDGE('',*,*,#3558,.T.);
#3560=EDGE_LOOP('',(#3557,#3559));
#3561=FACE_BOUND('',#3560,.F.);
#3563=ORIENTED_EDGE('',*,*,#3562,.T.);
#3565=ORIENTED_EDGE('',*,*,#3564,.T.);
#3566=EDGE_LOOP('',(#3563,#3565));
#3567=FACE_BOUND('',#3566,.F.);
#3569=ORIENTED_EDGE('',*,*,#3568,.T.);
#3571=ORIENTED_EDGE('',*,*,#3570,.T.);
#3572=EDGE_LOOP('',(#3569,#3571));
#3573=FACE_BOUND('',#3572,.F.);
#3575=ORIENTED_EDGE('',*,*,#3574,.T.);
#3577=ORIENTED_EDGE('',*,*,#3576,.T.);
#3578=EDGE_LOOP('',(#3575,#3577));
#3579=FACE_BOUND('',#3578,.F.);
#3580=ORIENTED_EDGE('',*,*,#1946,.F.);
#3581=ORIENTED_EDGE('',*,*,#1931,.F.);
#3582=EDGE_LOOP('',(#3580,#3581));
#3583=FACE_BOUND('',#3582,.F.);
#3584=ADVANCED_FACE('',(#3555,#3561,#3567,#3573,#3579,#3583),#3538,.F.);
#3585=CARTESIAN_POINT('',(1.E2,1.513793103448E2,-2.117241379310E2));
#3586=DIRECTION('',(0.E0,0.E0,-1.E0));
#3587=DIRECTION('',(-1.E0,0.E0,0.E0));
#3588=AXIS2_PLACEMENT_3D('',#3585,#3586,#3587);
#3589=PLANE('',#3588);
#3590=ORIENTED_EDGE('',*,*,#3529,.F.);
#3591=ORIENTED_EDGE('',*,*,#3485,.T.);
#3593=ORIENTED_EDGE('',*,*,#3592,.T.);
#3594=ORIENTED_EDGE('',*,*,#3540,.F.);
#3595=EDGE_LOOP('',(#3590,#3591,#3593,#3594));
#3596=FACE_OUTER_BOUND('',#3595,.F.);
#3597=ADVANCED_FACE('',(#3596),#3589,.T.);
#3598=CARTESIAN_POINT('',(-8.E1,5.621367837868E2,-1.917241379310E2));
#3599=DIRECTION('',(0.E0,-1.E0,0.E0));
#3600=DIRECTION('',(-1.E0,0.E0,0.E0));
#3601=AXIS2_PLACEMENT_3D('',#3598,#3599,#3600);
#3602=CYLINDRICAL_SURFACE('',#3601,2.E1);
#3603=ORIENTED_EDGE('',*,*,#3542,.T.);
#3604=ORIENTED_EDGE('',*,*,#3592,.F.);
#3605=ORIENTED_EDGE('',*,*,#3483,.T.);
#3607=ORIENTED_EDGE('',*,*,#3606,.T.);
#3608=EDGE_LOOP('',(#3603,#3604,#3605,#3607));
#3609=FACE_OUTER_BOUND('',#3608,.F.);
#3610=ADVANCED_FACE('',(#3609),#3602,.T.);
#3611=CARTESIAN_POINT('',(-1.E2,1.513793103448E2,-2.117241379310E2));
#3612=DIRECTION('',(-1.E0,0.E0,0.E0));
#3613=DIRECTION('',(0.E0,0.E0,1.E0));
#3614=AXIS2_PLACEMENT_3D('',#3611,#3612,#3613);
#3615=PLANE('',#3614);
#3616=ORIENTED_EDGE('',*,*,#3606,.F.);
#3617=ORIENTED_EDGE('',*,*,#3481,.T.);
#3619=ORIENTED_EDGE('',*,*,#3618,.T.);
#3620=ORIENTED_EDGE('',*,*,#3544,.F.);
#3621=EDGE_LOOP('',(#3616,#3617,#3619,#3620));
#3622=FACE_OUTER_BOUND('',#3621,.F.);
#3623=ADVANCED_FACE('',(#3622),#3615,.T.);
#3624=CARTESIAN_POINT('',(-8.E1,5.621367837868E2,-3.172413793103E1));
#3625=DIRECTION('',(0.E0,-1.E0,0.E0));
#3626=DIRECTION('',(0.E0,0.E0,1.E0));
#3627=AXIS2_PLACEMENT_3D('',#3624,#3625,#3626);
#3628=CYLINDRICAL_SURFACE('',#3627,2.E1);
#3629=ORIENTED_EDGE('',*,*,#3546,.T.);
#3630=ORIENTED_EDGE('',*,*,#3618,.F.);
#3631=ORIENTED_EDGE('',*,*,#3479,.T.);
#3633=ORIENTED_EDGE('',*,*,#3632,.T.);
#3634=EDGE_LOOP('',(#3629,#3630,#3631,#3633));
#3635=FACE_OUTER_BOUND('',#3634,.F.);
#3636=ADVANCED_FACE('',(#3635),#3628,.T.);
#3637=CARTESIAN_POINT('',(-1.E2,1.513793103448E2,-1.172413793103E1));
#3638=DIRECTION('',(0.E0,0.E0,1.E0));
#3639=DIRECTION('',(1.E0,0.E0,0.E0));
#3640=AXIS2_PLACEMENT_3D('',#3637,#3638,#3639);
#3641=PLANE('',#3640);
#3642=ORIENTED_EDGE('',*,*,#3632,.F.);
#3643=ORIENTED_EDGE('',*,*,#3477,.T.);
#3645=ORIENTED_EDGE('',*,*,#3644,.T.);
#3646=ORIENTED_EDGE('',*,*,#3548,.F.);
#3647=EDGE_LOOP('',(#3642,#3643,#3645,#3646));
#3648=FACE_OUTER_BOUND('',#3647,.F.);
#3649=ADVANCED_FACE('',(#3648),#3641,.T.);
#3650=CARTESIAN_POINT('',(8.E1,5.621367837868E2,-3.172413793103E1));
#3651=DIRECTION('',(0.E0,-1.E0,0.E0));
#3652=DIRECTION('',(1.E0,0.E0,0.E0));
#3653=AXIS2_PLACEMENT_3D('',#3650,#3651,#3652);
#3654=CYLINDRICAL_SURFACE('',#3653,2.E1);
#3655=ORIENTED_EDGE('',*,*,#3550,.T.);
#3656=ORIENTED_EDGE('',*,*,#3644,.F.);
#3657=ORIENTED_EDGE('',*,*,#3475,.T.);
#3659=ORIENTED_EDGE('',*,*,#3658,.T.);
#3660=EDGE_LOOP('',(#3655,#3656,#3657,#3659));
#3661=FACE_OUTER_BOUND('',#3660,.F.);
#3662=ADVANCED_FACE('',(#3661),#3654,.T.);
#3663=CARTESIAN_POINT('',(1.E2,1.513793103448E2,-1.172413793103E1));
#3664=DIRECTION('',(1.E0,0.E0,0.E0));
#3665=DIRECTION('',(0.E0,0.E0,-1.E0));
#3666=AXIS2_PLACEMENT_3D('',#3663,#3664,#3665);
#3667=PLANE('',#3666);
#3668=ORIENTED_EDGE('',*,*,#3526,.T.);
#3669=ORIENTED_EDGE('',*,*,#3552,.F.);
#3670=ORIENTED_EDGE('',*,*,#3658,.F.);
#3671=ORIENTED_EDGE('',*,*,#3473,.T.);
#3672=EDGE_LOOP('',(#3668,#3669,#3670,#3671));
#3673=FACE_OUTER_BOUND('',#3672,.F.);
#3674=ADVANCED_FACE('',(#3673),#3667,.T.);
#3675=CARTESIAN_POINT('',(8.E1,1.513793103448E2,-3.172413793103E1));
#3676=DIRECTION('',(0.E0,-1.E0,0.E0));
#3677=DIRECTION('',(1.E0,0.E0,0.E0));
#3678=AXIS2_PLACEMENT_3D('',#3675,#3676,#3677);
#3679=CYLINDRICAL_SURFACE('',#3678,1.E1);
#3680=ORIENTED_EDGE('',*,*,#3489,.T.);
#3682=ORIENTED_EDGE('',*,*,#3681,.T.);
#3683=ORIENTED_EDGE('',*,*,#3556,.F.);
#3685=ORIENTED_EDGE('',*,*,#3684,.F.);
#3686=EDGE_LOOP('',(#3680,#3682,#3683,#3685));
#3687=FACE_OUTER_BOUND('',#3686,.F.);
#3688=ADVANCED_FACE('',(#3687),#3679,.F.);
#3689=CARTESIAN_POINT('',(8.E1,1.513793103448E2,-3.172413793103E1));
#3690=DIRECTION('',(0.E0,-1.E0,0.E0));
#3691=DIRECTION('',(1.E0,0.E0,0.E0));
#3692=AXIS2_PLACEMENT_3D('',#3689,#3690,#3691);
#3693=CYLINDRICAL_SURFACE('',#3692,1.E1);
#3694=ORIENTED_EDGE('',*,*,#3491,.T.);
#3695=ORIENTED_EDGE('',*,*,#3684,.T.);
#3696=ORIENTED_EDGE('',*,*,#3558,.F.);
#3697=ORIENTED_EDGE('',*,*,#3681,.F.);
#3698=EDGE_LOOP('',(#3694,#3695,#3696,#3697));
#3699=FACE_OUTER_BOUND('',#3698,.F.);
#3700=ADVANCED_FACE('',(#3699),#3693,.F.);
#3701=CARTESIAN_POINT('',(8.E1,1.513793103448E2,-1.917241379310E2));
#3702=DIRECTION('',(0.E0,-1.E0,0.E0));
#3703=DIRECTION('',(1.E0,0.E0,0.E0));
#3704=AXIS2_PLACEMENT_3D('',#3701,#3702,#3703);
#3705=CYLINDRICAL_SURFACE('',#3704,1.E1);
#3706=ORIENTED_EDGE('',*,*,#3495,.T.);
#3708=ORIENTED_EDGE('',*,*,#3707,.T.);
#3709=ORIENTED_EDGE('',*,*,#3562,.F.);
#3711=ORIENTED_EDGE('',*,*,#3710,.F.);
#3712=EDGE_LOOP('',(#3706,#3708,#3709,#3711));
#3713=FACE_OUTER_BOUND('',#3712,.F.);
#3714=ADVANCED_FACE('',(#3713),#3705,.F.);
#3715=CARTESIAN_POINT('',(8.E1,1.513793103448E2,-1.917241379310E2));
#3716=DIRECTION('',(0.E0,-1.E0,0.E0));
#3717=DIRECTION('',(1.E0,0.E0,0.E0));
#3718=AXIS2_PLACEMENT_3D('',#3715,#3716,#3717);
#3719=CYLINDRICAL_SURFACE('',#3718,1.E1);
#3720=ORIENTED_EDGE('',*,*,#3497,.T.);
#3721=ORIENTED_EDGE('',*,*,#3710,.T.);
#3722=ORIENTED_EDGE('',*,*,#3564,.F.);
#3723=ORIENTED_EDGE('',*,*,#3707,.F.);
#3724=EDGE_LOOP('',(#3720,#3721,#3722,#3723));
#3725=FACE_OUTER_BOUND('',#3724,.F.);
#3726=ADVANCED_FACE('',(#3725),#3719,.F.);
#3727=CARTESIAN_POINT('',(-8.E1,1.513793103448E2,-3.172413793103E1));
#3728=DIRECTION('',(0.E0,-1.E0,0.E0));
#3729=DIRECTION('',(1.E0,0.E0,0.E0));
#3730=AXIS2_PLACEMENT_3D('',#3727,#3728,#3729);
#3731=CYLINDRICAL_SURFACE('',#3730,1.E1);
#3732=ORIENTED_EDGE('',*,*,#3501,.T.);
#3734=ORIENTED_EDGE('',*,*,#3733,.T.);
#3735=ORIENTED_EDGE('',*,*,#3568,.F.);
#3737=ORIENTED_EDGE('',*,*,#3736,.F.);
#3738=EDGE_LOOP('',(#3732,#3734,#3735,#3737));
#3739=FACE_OUTER_BOUND('',#3738,.F.);
#3740=ADVANCED_FACE('',(#3739),#3731,.F.);
#3741=CARTESIAN_POINT('',(-8.E1,1.513793103448E2,-3.172413793103E1));
#3742=DIRECTION('',(0.E0,-1.E0,0.E0));
#3743=DIRECTION('',(1.E0,0.E0,0.E0));
#3744=AXIS2_PLACEMENT_3D('',#3741,#3742,#3743);
#3745=CYLINDRICAL_SURFACE('',#3744,1.E1);
#3746=ORIENTED_EDGE('',*,*,#3503,.T.);
#3747=ORIENTED_EDGE('',*,*,#3736,.T.);
#3748=ORIENTED_EDGE('',*,*,#3570,.F.);
#3749=ORIENTED_EDGE('',*,*,#3733,.F.);
#3750=EDGE_LOOP('',(#3746,#3747,#3748,#3749));
#3751=FACE_OUTER_BOUND('',#3750,.F.);
#3752=ADVANCED_FACE('',(#3751),#3745,.F.);
#3753=CARTESIAN_POINT('',(-8.E1,1.513793103448E2,-1.917241379310E2));
#3754=DIRECTION('',(0.E0,-1.E0,0.E0));
#3755=DIRECTION('',(1.E0,0.E0,0.E0));
#3756=AXIS2_PLACEMENT_3D('',#3753,#3754,#3755);
#3757=CYLINDRICAL_SURFACE('',#3756,1.E1);
#3758=ORIENTED_EDGE('',*,*,#3507,.T.);
#3760=ORIENTED_EDGE('',*,*,#3759,.T.);
#3761=ORIENTED_EDGE('',*,*,#3574,.F.);
#3763=ORIENTED_EDGE('',*,*,#3762,.F.);
#3764=EDGE_LOOP('',(#3758,#3760,#3761,#3763));
#3765=FACE_OUTER_BOUND('',#3764,.F.);
#3766=ADVANCED_FACE('',(#3765),#3757,.F.);
#3767=CARTESIAN_POINT('',(-8.E1,1.513793103448E2,-1.917241379310E2));
#3768=DIRECTION('',(0.E0,-1.E0,0.E0));
#3769=DIRECTION('',(1.E0,0.E0,0.E0));
#3770=AXIS2_PLACEMENT_3D('',#3767,#3768,#3769);
#3771=CYLINDRICAL_SURFACE('',#3770,1.E1);
#3772=ORIENTED_EDGE('',*,*,#3509,.T.);
#3773=ORIENTED_EDGE('',*,*,#3762,.T.);
#3774=ORIENTED_EDGE('',*,*,#3576,.F.);
#3775=ORIENTED_EDGE('',*,*,#3759,.F.);
#3776=EDGE_LOOP('',(#3772,#3773,#3774,#3775));
#3777=FACE_OUTER_BOUND('',#3776,.F.);
#3778=ADVANCED_FACE('',(#3777),#3771,.F.);
#3779=CARTESIAN_POINT('',(0.E0,1.503793103224E2,-1.117241379310E2));
#3780=DIRECTION('',(0.E0,1.E0,0.E0));
#3781=DIRECTION('',(0.E0,0.E0,-1.E0));
#3782=AXIS2_PLACEMENT_3D('',#3779,#3780,#3781);
#3783=CONICAL_SURFACE('',#3782,4.099999997754E1,4.5E1);
#3784=ORIENTED_EDGE('',*,*,#3514,.T.);
#3785=ORIENTED_EDGE('',*,*,#3461,.T.);
#3786=ORIENTED_EDGE('',*,*,#2448,.F.);
#3787=ORIENTED_EDGE('',*,*,#3458,.F.);
#3788=EDGE_LOOP('',(#3784,#3785,#3786,#3787));
#3789=FACE_OUTER_BOUND('',#3788,.F.);
#3790=ADVANCED_FACE('',(#3789),#3783,.F.);
#3794=DIMENSIONAL_EXPONENTS(0.E0,0.E0,0.E0,0.E0,0.E0,0.E0,0.E0);
#3796=PLANE_ANGLE_MEASURE_WITH_UNIT(PLANE_ANGLE_MEASURE(1.745329251994E-2),
#3795);
#3797=(CONVERSION_BASED_UNIT('DEGREE',#3796)NAMED_UNIT(*)PLANE_ANGLE_UNIT());
#3799=UNCERTAINTY_MEASURE_WITH_UNIT(LENGTH_MEASURE(5.917614930502E-2),#3793,
'closure',
'Maximum model space distance between geometric entities at asserted connectivities');
#3800=(GEOMETRIC_REPRESENTATION_CONTEXT(3)GLOBAL_UNCERTAINTY_ASSIGNED_CONTEXT((
#3799))GLOBAL_UNIT_ASSIGNED_CONTEXT((#3793,#3797,#3798))REPRESENTATION_CONTEXT(
'ID1','3'));
#3802=APPLICATION_CONTEXT(
'CONFIGURATION CONTROLLED 3D DESIGNS OF MECHANICAL PARTS AND ASSEMBLIES');
#3803=APPLICATION_PROTOCOL_DEFINITION('international standard',
'config_control_design',1994,#3802);
#3804=DESIGN_CONTEXT('',#3802,'design');
#3805=MECHANICAL_CONTEXT('',#3802,'mechanical');
#3806=PRODUCT('MODERN_PART08','MODERN_PART08','NOT SPECIFIED',(#3805));
#3807=PRODUCT_DEFINITION_FORMATION_WITH_SPECIFIED_SOURCE('1','LAST_VERSION',
#3806,.MADE.);
#3811=PRODUCT_CATEGORY('part','');
#3812=PRODUCT_RELATED_PRODUCT_CATEGORY('detail','',(#3806));
#3813=PRODUCT_CATEGORY_RELATIONSHIP('','',#3811,#3812);
#3814=SECURITY_CLASSIFICATION_LEVEL('unclassified');
#3815=SECURITY_CLASSIFICATION('','',#3814);
#3816=CC_DESIGN_SECURITY_CLASSIFICATION(#3815,(#3807));
#3817=APPROVAL_STATUS('approved');
#3818=APPROVAL(#3817,'');
#3819=CC_DESIGN_APPROVAL(#3818,(#3815,#3807,#3808));
#3820=CALENDAR_DATE(126,9,9);
#3821=COORDINATED_UNIVERSAL_TIME_OFFSET(5,30,.AHEAD.);
#3822=LOCAL_TIME(0,13,4.4E1,#3821);
#3823=DATE_AND_TIME(#3820,#3822);
#3824=APPROVAL_DATE_TIME(#3823,#3818);
#3825=DATE_TIME_ROLE('creation_date');
#3826=CC_DESIGN_DATE_AND_TIME_ASSIGNMENT(#3823,#3825,(#3808));
#3827=DATE_TIME_ROLE('classification_date');
#3828=CC_DESIGN_DATE_AND_TIME_ASSIGNMENT(#3823,#3827,(#3815));
#3829=PERSON('UNSPECIFIED','UNSPECIFIED',$,$,$,$);
#3830=ORGANIZATION('UNSPECIFIED','UNSPECIFIED','UNSPECIFIED');
#3831=PERSON_AND_ORGANIZATION(#3829,#3830);
#3832=APPROVAL_ROLE('approver');
#3833=APPROVAL_PERSON_ORGANIZATION(#3831,#3818,#3832);
#3834=PERSON_AND_ORGANIZATION_ROLE('creator');
#3835=CC_DESIGN_PERSON_AND_ORGANIZATION_ASSIGNMENT(#3831,#3834,(#3807,#3808));
#3836=PERSON_AND_ORGANIZATION_ROLE('design_supplier');
#3837=CC_DESIGN_PERSON_AND_ORGANIZATION_ASSIGNMENT(#3831,#3836,(#3807));
#3838=PERSON_AND_ORGANIZATION_ROLE('classification_officer');
#3839=CC_DESIGN_PERSON_AND_ORGANIZATION_ASSIGNMENT(#3831,#3838,(#3815));
#3840=PERSON_AND_ORGANIZATION_ROLE('design_owner');
#3841=CC_DESIGN_PERSON_AND_ORGANIZATION_ASSIGNMENT(#3831,#3840,(#3806));
#6=CIRCLE('',#5,1.15E2);
#11=CIRCLE('',#10,1.15E2);
#16=CIRCLE('',#15,1.E1);
#21=CIRCLE('',#20,1.E1);
#26=CIRCLE('',#25,1.E1);
#31=CIRCLE('',#30,1.E1);
#36=CIRCLE('',#35,1.E1);
#41=CIRCLE('',#40,1.E1);
#46=CIRCLE('',#45,1.E1);
#51=CIRCLE('',#50,1.E1);
#56=CIRCLE('',#55,4.2E1);
#61=CIRCLE('',#60,4.2E1);
#74=CIRCLE('',#73,1.15E2);
#79=CIRCLE('',#78,1.15E2);
#84=CIRCLE('',#83,1.E1);
#89=CIRCLE('',#88,1.E1);
#94=CIRCLE('',#93,1.E1);
#99=CIRCLE('',#98,1.E1);
#104=CIRCLE('',#103,1.E1);
#109=CIRCLE('',#108,1.E1);
#114=CIRCLE('',#113,1.E1);
#119=CIRCLE('',#118,1.E1);
#124=CIRCLE('',#123,5.5E1);
#129=CIRCLE('',#128,5.5E1);
#166=CIRCLE('',#165,5.E0);
#171=CIRCLE('',#170,5.E1);
#202=B_SPLINE_CURVE_WITH_KNOTS('',3,(#176,#177,#178,#179,#180,#181,#182,#183,
#184,#185,#186,#187,#188,#189,#190,#191,#192,#193,#194,#195,#196,#197,#198,#199,
#200,#201),.UNSPECIFIED.,.F.,.F.,(4,1,1,1,1,1,1,1,1,1,1,1,1,1,1,1,1,1,1,1,1,1,1,
4),(0.E0,4.347826086957E-2,8.695652173913E-2,1.304347826087E-1,
1.739130434783E-1,2.173913043478E-1,2.608695652174E-1,3.043478260870E-1,
3.478260869565E-1,3.913043478261E-1,4.347826086957E-1,4.782608695652E-1,
5.217391304348E-1,5.652173913043E-1,6.086956521739E-1,6.521739130435E-1,
6.956521739130E-1,7.391304347826E-1,7.826086956522E-1,8.260869565217E-1,
8.695652173913E-1,9.130434782609E-1,9.565217391304E-1,1.E0),.UNSPECIFIED.);
#211=CIRCLE('',#210,5.E1);
#237=B_SPLINE_CURVE_WITH_KNOTS('',3,(#216,#217,#218,#219,#220,#221,#222,#223,
#224,#225,#226,#227,#228,#229,#230,#231,#232,#233,#234,#235,#236),.UNSPECIFIED.,
.F.,.F.,(4,1,1,1,1,1,1,1,1,1,1,1,1,1,1,1,1,1,4),(0.E0,5.555555555556E-2,
1.111111111111E-1,1.666666666667E-1,2.222222222222E-1,2.777777777778E-1,
3.333333333333E-1,3.888888888889E-1,4.444444444444E-1,5.E-1,5.555555555556E-1,
6.111111111111E-1,6.666666666667E-1,7.222222222222E-1,7.777777777778E-1,
8.333333333333E-1,8.888888888889E-1,9.444444444444E-1,1.E0),.UNSPECIFIED.);
#242=CIRCLE('',#241,5.E0);
#247=CIRCLE('',#246,5.E1);
#252=CIRCLE('',#251,1.25E2);
#257=CIRCLE('',#256,5.E1);
#262=CIRCLE('',#261,2.5E1);
#267=CIRCLE('',#266,5.E1);
#281=B_SPLINE_CURVE_WITH_KNOTS('',3,(#268,#269,#270,#271,#272,#273,#274,#275,
#276,#277,#278,#279,#280),.UNSPECIFIED.,.F.,.F.,(4,1,1,1,1,1,1,1,1,1,4),(0.E0,
1.E-1,2.E-1,3.E-1,4.E-1,5.E-1,6.E-1,7.E-1,8.E-1,9.E-1,1.E0),.UNSPECIFIED.);
#298=B_SPLINE_CURVE_WITH_KNOTS('',3,(#282,#283,#284,#285,#286,#287,#288,#289,
#290,#291,#292,#293,#294,#295,#296,#297),.UNSPECIFIED.,.F.,.F.,(4,1,1,1,1,1,1,1,
1,1,1,1,1,4),(0.E0,7.692307692308E-2,1.538461538462E-1,2.307692307692E-1,
3.076923076923E-1,3.846153846154E-1,4.615384615385E-1,5.384615384615E-1,
6.153846153846E-1,6.923076923077E-1,7.692307692308E-1,8.461538461538E-1,
9.230769230769E-1,1.E0),.UNSPECIFIED.);
#303=CIRCLE('',#302,5.E1);
#312=CIRCLE('',#311,5.E0);
#317=CIRCLE('',#316,5.E0);
#322=CIRCLE('',#321,5.E1);
#327=CIRCLE('',#326,5.E1);
#345=B_SPLINE_CURVE_WITH_KNOTS('',3,(#332,#333,#334,#335,#336,#337,#338,#339,
#340,#341,#342,#343,#344),.UNSPECIFIED.,.F.,.F.,(4,1,1,1,1,1,1,1,1,1,4),(0.E0,
1.E-1,2.E-1,3.E-1,4.E-1,5.E-1,6.E-1,7.E-1,8.E-1,9.E-1,1.E0),.UNSPECIFIED.);
#362=B_SPLINE_CURVE_WITH_KNOTS('',3,(#346,#347,#348,#349,#350,#351,#352,#353,
#354,#355,#356,#357,#358,#359,#360,#361),.UNSPECIFIED.,.F.,.F.,(4,1,1,1,1,1,1,1,
1,1,1,1,1,4),(0.E0,7.692307692308E-2,1.538461538462E-1,2.307692307692E-1,
3.076923076923E-1,3.846153846154E-1,4.615384615385E-1,5.384615384615E-1,
6.153846153846E-1,6.923076923077E-1,7.692307692308E-1,8.461538461538E-1,
9.230769230769E-1,1.E0),.UNSPECIFIED.);
#371=CIRCLE('',#370,4.999999999993E0);
#376=CIRCLE('',#375,5.000000000004E0);
#381=CIRCLE('',#380,4.999999999994E0);
#386=CIRCLE('',#385,5.000000000004E0);
#403=B_SPLINE_CURVE_WITH_KNOTS('',3,(#387,#388,#389,#390,#391,#392,#393,#394,
#395,#396,#397,#398,#399,#400,#401,#402),.UNSPECIFIED.,.F.,.F.,(4,1,1,1,1,1,1,1,
1,1,1,1,1,4),(0.E0,7.692307692308E-2,1.538461538462E-1,2.307692307692E-1,
3.076923076923E-1,3.846153846154E-1,4.615384615385E-1,5.384615384615E-1,
6.153846153846E-1,6.923076923077E-1,7.692307692308E-1,8.461538461538E-1,
9.230769230769E-1,1.E0),.UNSPECIFIED.);
#421=B_SPLINE_CURVE_WITH_KNOTS('',3,(#408,#409,#410,#411,#412,#413,#414,#415,
#416,#417,#418,#419,#420),.UNSPECIFIED.,.F.,.F.,(4,1,1,1,1,1,1,1,1,1,4),(0.E0,
1.E-1,2.E-1,3.E-1,4.E-1,5.E-1,6.E-1,7.E-1,8.E-1,9.E-1,1.E0),.UNSPECIFIED.);
#435=B_SPLINE_CURVE_WITH_KNOTS('',3,(#422,#423,#424,#425,#426,#427,#428,#429,
#430,#431,#432,#433,#434),.UNSPECIFIED.,.F.,.F.,(4,1,1,1,1,1,1,1,1,1,4),(0.E0,
1.E-1,2.E-1,3.E-1,4.E-1,5.E-1,6.E-1,7.E-1,8.E-1,9.E-1,1.E0),.UNSPECIFIED.);
#452=B_SPLINE_CURVE_WITH_KNOTS('',3,(#436,#437,#438,#439,#440,#441,#442,#443,
#444,#445,#446,#447,#448,#449,#450,#451),.UNSPECIFIED.,.F.,.F.,(4,1,1,1,1,1,1,1,
1,1,1,1,1,4),(0.E0,7.692307692308E-2,1.538461538462E-1,2.307692307692E-1,
3.076923076923E-1,3.846153846154E-1,4.615384615385E-1,5.384615384615E-1,
6.153846153846E-1,6.923076923077E-1,7.692307692308E-1,8.461538461538E-1,
9.230769230769E-1,1.E0),.UNSPECIFIED.);
#461=CIRCLE('',#460,4.E1);
#466=CIRCLE('',#465,4.E1);
#471=CIRCLE('',#470,3.2E1);
#476=CIRCLE('',#475,3.2E1);
#499=B_SPLINE_CURVE_WITH_KNOTS('',3,(#485,#486,#487,#488,#489,#490,#491,#492,
#493,#494,#495,#496,#497,#498),.UNSPECIFIED.,.F.,.F.,(4,1,1,1,1,1,1,1,1,1,1,4),(
0.E0,9.090909090909E-2,1.818181818182E-1,2.727272727273E-1,3.636363636364E-1,
4.545454545455E-1,5.454545454545E-1,6.363636363636E-1,7.272727272727E-1,
8.181818181818E-1,9.090909090909E-1,1.E0),.UNSPECIFIED.);
#514=B_SPLINE_CURVE_WITH_KNOTS('',3,(#500,#501,#502,#503,#504,#505,#506,#507,
#508,#509,#510,#511,#512,#513),.UNSPECIFIED.,.F.,.F.,(4,1,1,1,1,1,1,1,1,1,1,4),(
0.E0,9.090909090909E-2,1.818181818182E-1,2.727272727273E-1,3.636363636364E-1,
4.545454545455E-1,5.454545454545E-1,6.363636363636E-1,7.272727272727E-1,
8.181818181818E-1,9.090909090909E-1,1.E0),.UNSPECIFIED.);
#523=CIRCLE('',#522,3.E1);
#532=CIRCLE('',#531,1.500000000003E1);
#547=B_SPLINE_CURVE_WITH_KNOTS('',3,(#533,#534,#535,#536,#537,#538,#539,#540,
#541,#542,#543,#544,#545,#546),.UNSPECIFIED.,.F.,.F.,(4,1,1,1,1,1,1,1,1,1,1,4),(
0.E0,9.090909090909E-2,1.818181818182E-1,2.727272727273E-1,3.636363636364E-1,
4.545454545455E-1,5.454545454545E-1,6.363636363636E-1,7.272727272727E-1,
8.181818181818E-1,9.090909090909E-1,1.E0),.UNSPECIFIED.);
#552=CIRCLE('',#551,4.E1);
#561=CIRCLE('',#560,4.E1);
#576=B_SPLINE_CURVE_WITH_KNOTS('',3,(#562,#563,#564,#565,#566,#567,#568,#569,
#570,#571,#572,#573,#574,#575),.UNSPECIFIED.,.F.,.F.,(4,1,1,1,1,1,1,1,1,1,1,4),(
0.E0,9.090909090909E-2,1.818181818182E-1,2.727272727273E-1,3.636363636364E-1,
4.545454545455E-1,5.454545454545E-1,6.363636363636E-1,7.272727272727E-1,
8.181818181818E-1,9.090909090909E-1,1.E0),.UNSPECIFIED.);
#581=CIRCLE('',#580,1.499999999993E1);
#596=B_SPLINE_CURVE_WITH_KNOTS('',3,(#582,#583,#584,#585,#586,#587,#588,#589,
#590,#591,#592,#593,#594,#595),.UNSPECIFIED.,.F.,.F.,(4,1,1,1,1,1,1,1,1,1,1,4),(
0.E0,9.090909090909E-2,1.818181818182E-1,2.727272727273E-1,3.636363636364E-1,
4.545454545455E-1,5.454545454545E-1,6.363636363636E-1,7.272727272727E-1,
8.181818181818E-1,9.090909090909E-1,1.E0),.UNSPECIFIED.);
#611=B_SPLINE_CURVE_WITH_KNOTS('',3,(#597,#598,#599,#600,#601,#602,#603,#604,
#605,#606,#607,#608,#609,#610),.UNSPECIFIED.,.F.,.F.,(4,1,1,1,1,1,1,1,1,1,1,4),(
0.E0,9.090909090909E-2,1.818181818182E-1,2.727272727273E-1,3.636363636364E-1,
4.545454545455E-1,5.454545454545E-1,6.363636363636E-1,7.272727272727E-1,
8.181818181818E-1,9.090909090909E-1,1.E0),.UNSPECIFIED.);
#616=CIRCLE('',#615,3.E1);
#621=CIRCLE('',#620,1.500000000003E1);
#636=B_SPLINE_CURVE_WITH_KNOTS('',3,(#622,#623,#624,#625,#626,#627,#628,#629,
#630,#631,#632,#633,#634,#635),.UNSPECIFIED.,.F.,.F.,(4,1,1,1,1,1,1,1,1,1,1,4),(
0.E0,9.090909090909E-2,1.818181818182E-1,2.727272727273E-1,3.636363636364E-1,
4.545454545455E-1,5.454545454545E-1,6.363636363636E-1,7.272727272727E-1,
8.181818181818E-1,9.090909090909E-1,1.E0),.UNSPECIFIED.);
#651=B_SPLINE_CURVE_WITH_KNOTS('',3,(#637,#638,#639,#640,#641,#642,#643,#644,
#645,#646,#647,#648,#649,#650),.UNSPECIFIED.,.F.,.F.,(4,1,1,1,1,1,1,1,1,1,1,4),(
0.E0,9.090909090909E-2,1.818181818182E-1,2.727272727273E-1,3.636363636364E-1,
4.545454545455E-1,5.454545454545E-1,6.363636363636E-1,7.272727272727E-1,
8.181818181818E-1,9.090909090909E-1,1.E0),.UNSPECIFIED.);
#660=CIRCLE('',#659,4.E1);
#665=CIRCLE('',#664,4.E1);
#674=CIRCLE('',#673,1.499999999993E1);
#679=CIRCLE('',#678,4.E1);
#684=CIRCLE('',#683,1.15E2);
#699=B_SPLINE_CURVE_WITH_KNOTS('',3,(#685,#686,#687,#688,#689,#690,#691,#692,
#693,#694,#695,#696,#697,#698),.UNSPECIFIED.,.F.,.F.,(4,1,1,1,1,1,1,1,1,1,1,4),(
0.E0,9.090909090909E-2,1.818181818182E-1,2.727272727273E-1,3.636363636364E-1,
4.545454545455E-1,5.454545454545E-1,6.363636363636E-1,7.272727272727E-1,
8.181818181818E-1,9.090909090909E-1,1.E0),.UNSPECIFIED.);
#708=CIRCLE('',#707,4.E1);
#723=B_SPLINE_CURVE_WITH_KNOTS('',3,(#709,#710,#711,#712,#713,#714,#715,#716,
#717,#718,#719,#720,#721,#722),.UNSPECIFIED.,.F.,.F.,(4,1,1,1,1,1,1,1,1,1,1,4),(
0.E0,9.090909090909E-2,1.818181818182E-1,2.727272727273E-1,3.636363636364E-1,
4.545454545455E-1,5.454545454545E-1,6.363636363636E-1,7.272727272727E-1,
8.181818181818E-1,9.090909090909E-1,1.E0),.UNSPECIFIED.);
#728=CIRCLE('',#727,1.499999999993E1);
#733=CIRCLE('',#732,1.499999999997E1);
#738=CIRCLE('',#737,1.499999999993E1);
#753=B_SPLINE_CURVE_WITH_KNOTS('',3,(#739,#740,#741,#742,#743,#744,#745,#746,
#747,#748,#749,#750,#751,#752),.UNSPECIFIED.,.F.,.F.,(4,1,1,1,1,1,1,1,1,1,1,4),(
0.E0,9.090909090909E-2,1.818181818182E-1,2.727272727273E-1,3.636363636364E-1,
4.545454545455E-1,5.454545454545E-1,6.363636363636E-1,7.272727272727E-1,
8.181818181818E-1,9.090909090909E-1,1.E0),.UNSPECIFIED.);
#762=CIRCLE('',#761,4.E1);
#781=B_SPLINE_CURVE_WITH_KNOTS('',3,(#767,#768,#769,#770,#771,#772,#773,#774,
#775,#776,#777,#778,#779,#780),.UNSPECIFIED.,.F.,.F.,(4,1,1,1,1,1,1,1,1,1,1,4),(
0.E0,9.090909090909E-2,1.818181818182E-1,2.727272727273E-1,3.636363636364E-1,
4.545454545455E-1,5.454545454545E-1,6.363636363636E-1,7.272727272727E-1,
8.181818181818E-1,9.090909090909E-1,1.E0),.UNSPECIFIED.);
#794=CIRCLE('',#793,4.E1);
#799=CIRCLE('',#798,3.5E1);
#804=CIRCLE('',#803,1.499999999997E1);
#819=B_SPLINE_CURVE_WITH_KNOTS('',3,(#805,#806,#807,#808,#809,#810,#811,#812,
#813,#814,#815,#816,#817,#818),.UNSPECIFIED.,.F.,.F.,(4,1,1,1,1,1,1,1,1,1,1,4),(
0.E0,9.090909090909E-2,1.818181818182E-1,2.727272727273E-1,3.636363636364E-1,
4.545454545455E-1,5.454545454545E-1,6.363636363636E-1,7.272727272727E-1,
8.181818181818E-1,9.090909090909E-1,1.E0),.UNSPECIFIED.);
#834=B_SPLINE_CURVE_WITH_KNOTS('',3,(#820,#821,#822,#823,#824,#825,#826,#827,
#828,#829,#830,#831,#832,#833),.UNSPECIFIED.,.F.,.F.,(4,1,1,1,1,1,1,1,1,1,1,4),(
0.E0,9.090909090909E-2,1.818181818182E-1,2.727272727273E-1,3.636363636364E-1,
4.545454545455E-1,5.454545454545E-1,6.363636363636E-1,7.272727272727E-1,
8.181818181818E-1,9.090909090909E-1,1.E0),.UNSPECIFIED.);
#843=CIRCLE('',#842,3.E1);
#858=B_SPLINE_CURVE_WITH_KNOTS('',3,(#844,#845,#846,#847,#848,#849,#850,#851,
#852,#853,#854,#855,#856,#857),.UNSPECIFIED.,.F.,.F.,(4,1,1,1,1,1,1,1,1,1,1,4),(
0.E0,9.090909090909E-2,1.818181818182E-1,2.727272727273E-1,3.636363636364E-1,
4.545454545455E-1,5.454545454545E-1,6.363636363636E-1,7.272727272727E-1,
8.181818181818E-1,9.090909090909E-1,1.E0),.UNSPECIFIED.);
#867=CIRCLE('',#866,3.E1);
#882=B_SPLINE_CURVE_WITH_KNOTS('',3,(#868,#869,#870,#871,#872,#873,#874,#875,
#876,#877,#878,#879,#880,#881),.UNSPECIFIED.,.F.,.F.,(4,1,1,1,1,1,1,1,1,1,1,4),(
0.E0,9.090909090909E-2,1.818181818182E-1,2.727272727273E-1,3.636363636364E-1,
4.545454545455E-1,5.454545454545E-1,6.363636363636E-1,7.272727272727E-1,
8.181818181818E-1,9.090909090909E-1,1.E0),.UNSPECIFIED.);
#891=CIRCLE('',#890,5.E1);
#900=CIRCLE('',#899,2.E1);
#909=CIRCLE('',#908,5.E1);
#918=CIRCLE('',#917,2.E1);
#927=CIRCLE('',#926,1.E1);
#932=CIRCLE('',#931,1.E1);
#937=CIRCLE('',#936,1.E1);
#942=CIRCLE('',#941,1.E1);
#947=CIRCLE('',#946,3.2E1);
#952=CIRCLE('',#951,3.2E1);
#989=CIRCLE('',#988,1.E1);
#994=CIRCLE('',#993,1.E1);
#999=CIRCLE('',#998,1.E1);
#1004=CIRCLE('',#1003,1.E1);
#1009=CIRCLE('',#1008,5.E1);
#1018=CIRCLE('',#1017,2.E1);
#1027=CIRCLE('',#1026,5.E1);
#1036=CIRCLE('',#1035,2.E1);
#1045=CIRCLE('',#1044,4.5E1);
#1050=CIRCLE('',#1049,4.5E1);
#1071=CIRCLE('',#1070,5.E0);
#1076=CIRCLE('',#1075,4.E1);
#1085=CIRCLE('',#1084,4.E1);
#1094=CIRCLE('',#1093,5.E0);
#1107=CIRCLE('',#1106,2.E1);
#1116=CIRCLE('',#1115,2.E1);
#1125=CIRCLE('',#1124,2.E1);
#1134=CIRCLE('',#1133,2.E1);
#1143=CIRCLE('',#1142,1.E1);
#1148=CIRCLE('',#1147,1.E1);
#1153=CIRCLE('',#1152,1.E1);
#1158=CIRCLE('',#1157,1.E1);
#1163=CIRCLE('',#1162,1.E1);
#1168=CIRCLE('',#1167,1.E1);
#1173=CIRCLE('',#1172,1.E1);
#1178=CIRCLE('',#1177,1.E1);
#1183=CIRCLE('',#1182,4.2E1);
#1188=CIRCLE('',#1187,4.2E1);
#1193=CIRCLE('',#1192,2.E1);
#1202=CIRCLE('',#1201,2.E1);
#1211=CIRCLE('',#1210,2.E1);
#1220=CIRCLE('',#1219,2.E1);
#1229=CIRCLE('',#1228,1.E1);
#1234=CIRCLE('',#1233,1.E1);
#1239=CIRCLE('',#1238,1.E1);
#1244=CIRCLE('',#1243,1.E1);
#1249=CIRCLE('',#1248,1.E1);
#1254=CIRCLE('',#1253,1.E1);
#1259=CIRCLE('',#1258,1.E1);
#1264=CIRCLE('',#1263,1.E1);
#1269=CIRCLE('',#1268,5.5E1);
#1274=CIRCLE('',#1273,5.5E1);
#1602=EDGE_CURVE('',#1353,#1354,#6,.T.);
#1604=EDGE_CURVE('',#1354,#1353,#11,.T.);
#1608=EDGE_CURVE('',#1487,#1488,#16,.T.);
#1610=EDGE_CURVE('',#1488,#1487,#21,.T.);
#1614=EDGE_CURVE('',#1495,#1496,#26,.T.);
#1616=EDGE_CURVE('',#1496,#1495,#31,.T.);
#1620=EDGE_CURVE('',#1503,#1504,#36,.T.);
#1622=EDGE_CURVE('',#1504,#1503,#41,.T.);
#1626=EDGE_CURVE('',#1511,#1512,#46,.T.);
#1628=EDGE_CURVE('',#1512,#1511,#51,.T.);
#1632=EDGE_CURVE('',#1575,#1576,#56,.T.);
#1634=EDGE_CURVE('',#1576,#1575,#61,.T.);
#1645=EDGE_CURVE('',#1354,#1358,#69,.T.);
#1647=EDGE_CURVE('',#1357,#1358,#74,.T.);
#1649=EDGE_CURVE('',#1353,#1357,#65,.T.);
#1661=EDGE_CURVE('',#1358,#1357,#79,.T.);
#1676=EDGE_CURVE('',#1491,#1492,#84,.T.);
#1678=EDGE_CURVE('',#1492,#1491,#89,.T.);
#1682=EDGE_CURVE('',#1499,#1500,#94,.T.);
#1684=EDGE_CURVE('',#1500,#1499,#99,.T.);
#1688=EDGE_CURVE('',#1507,#1508,#104,.T.);
#1690=EDGE_CURVE('',#1508,#1507,#109,.T.);
#1694=EDGE_CURVE('',#1515,#1516,#114,.T.);
#1696=EDGE_CURVE('',#1516,#1515,#119,.T.);
#1700=EDGE_CURVE('',#1531,#1532,#124,.T.);
#1702=EDGE_CURVE('',#1532,#1531,#129,.T.);
#1713=EDGE_CURVE('',#1488,#1492,#137,.T.);
#1716=EDGE_CURVE('',#1487,#1491,#133,.T.);
#1739=EDGE_CURVE('',#1496,#1500,#145,.T.);
#1742=EDGE_CURVE('',#1495,#1499,#141,.T.);
#1765=EDGE_CURVE('',#1504,#1508,#153,.T.);
#1768=EDGE_CURVE('',#1503,#1507,#149,.T.);
#1791=EDGE_CURVE('',#1512,#1516,#161,.T.);
#1794=EDGE_CURVE('',#1511,#1515,#157,.T.);
#1816=EDGE_CURVE('',#1527,#1528,#171,.T.);
#1818=EDGE_CURVE('',#1527,#1531,#166,.T.);
#1821=EDGE_CURVE('',#1528,#1532,#242,.T.);
#1832=EDGE_CURVE('',#1528,#1391,#175,.T.);
#1834=EDGE_CURVE('',#1391,#1392,#202,.T.);
#1836=EDGE_CURVE('',#1392,#1345,#206,.T.);
#1838=EDGE_CURVE('',#1345,#1346,#257,.T.);
#1840=EDGE_CURVE('',#1527,#1346,#215,.T.);
#1850=EDGE_CURVE('',#1528,#1527,#211,.T.);
#1853=EDGE_CURVE('',#1346,#1345,#247,.T.);
#1856=EDGE_CURVE('',#1392,#1391,#237,.T.);
#1880=EDGE_CURVE('',#1346,#1350,#252,.T.);
#1882=EDGE_CURVE('',#1350,#1349,#327,.T.);
#1884=EDGE_CURVE('',#1345,#1349,#262,.T.);
#1896=EDGE_CURVE('',#1349,#1350,#303,.T.);
#1907=EDGE_CURVE('',#1536,#1535,#267,.T.);
#1909=EDGE_CURVE('',#1545,#1535,#366,.T.);
#1911=EDGE_CURVE('',#1545,#1547,#281,.T.);
#1913=EDGE_CURVE('',#1547,#1541,#298,.T.);
#1915=EDGE_CURVE('',#1350,#1541,#331,.T.);
#1918=EDGE_CURVE('',#1349,#1536,#307,.T.);
#1929=EDGE_CURVE('',#1536,#1540,#312,.T.);
#1931=EDGE_CURVE('',#1540,#1539,#1274,.T.);
#1933=EDGE_CURVE('',#1535,#1539,#317,.T.);
#1943=EDGE_CURVE('',#1535,#1536,#322,.T.);
#1946=EDGE_CURVE('',#1539,#1540,#1269,.T.);
#1961=EDGE_CURVE('',#1541,#1542,#345,.T.);
#1963=EDGE_CURVE('',#1542,#1545,#362,.T.);
#2031=EDGE_CURVE('',#1541,#1543,#371,.T.);
#2033=EDGE_CURVE('',#1543,#1544,#435,.T.);
#2035=EDGE_CURVE('',#1542,#1544,#386,.T.);
#2114=EDGE_CURVE('',#1547,#1548,#376,.T.);
#2116=EDGE_CURVE('',#1548,#1543,#452,.T.);
#2184=EDGE_CURVE('',#1545,#1546,#381,.T.);
#2186=EDGE_CURVE('',#1546,#1548,#421,.T.);
#2267=EDGE_CURVE('',#1544,#1546,#403,.T.);
#2279=EDGE_CURVE('',#1544,#1443,#407,.T.);
#2281=EDGE_CURVE('',#1443,#1444,#461,.T.);
#2283=EDGE_CURVE('',#1548,#1444,#456,.T.);
#2297=EDGE_CURVE('',#1444,#1443,#466,.T.);
#2312=EDGE_CURVE('',#1551,#1552,#471,.T.);
#2314=EDGE_CURVE('',#1552,#1551,#476,.T.);
#2325=EDGE_CURVE('',#1552,#1556,#484,.T.);
#2327=EDGE_CURVE('',#1555,#1556,#616,.T.);
#2329=EDGE_CURVE('',#1551,#1555,#480,.T.);
#2341=EDGE_CURVE('',#1556,#1555,#523,.T.);
#2352=EDGE_CURVE('',#1594,#1596,#499,.T.);
#2354=EDGE_CURVE('',#1596,#1591,#514,.T.);
#2356=EDGE_CURVE('',#1591,#1556,#518,.T.);
#2359=EDGE_CURVE('',#1555,#1594,#527,.T.);
#2429=EDGE_CURVE('',#1593,#1595,#576,.T.);
#2431=EDGE_CURVE('',#1595,#1596,#674,.T.);
#2434=EDGE_CURVE('',#1593,#1594,#532,.T.);
#2444=EDGE_CURVE('',#1590,#1593,#547,.T.);
#2446=EDGE_CURVE('',#1590,#1564,#669,.T.);
#2448=EDGE_CURVE('',#1564,#1563,#552,.T.);
#2450=EDGE_CURVE('',#1451,#1563,#556,.T.);
#2452=EDGE_CURVE('',#1451,#1452,#561,.T.);
#2454=EDGE_CURVE('',#1452,#1595,#655,.T.);
#2527=EDGE_CURVE('',#1592,#1594,#611,.T.);
#2529=EDGE_CURVE('',#1590,#1592,#581,.T.);
#2539=EDGE_CURVE('',#1591,#1592,#596,.T.);
#2613=EDGE_CURVE('',#1589,#1590,#636,.T.);
#2617=EDGE_CURVE('',#1589,#1591,#621,.T.);
#2628=EDGE_CURVE('',#1595,#1589,#651,.T.);
#2631=EDGE_CURVE('',#1452,#1451,#660,.T.);
#2634=EDGE_CURVE('',#1563,#1564,#665,.T.);
#2717=EDGE_CURVE('',#1448,#1447,#679,.T.);
#2719=EDGE_CURVE('',#1447,#1451,#799,.T.);
#2722=EDGE_CURVE('',#1448,#1452,#684,.T.);
#2732=EDGE_CURVE('',#1585,#1587,#699,.T.);
#2734=EDGE_CURVE('',#1585,#1447,#766,.T.);
#2737=EDGE_CURVE('',#1579,#1448,#703,.T.);
#2739=EDGE_CURVE('',#1579,#1580,#708,.T.);
#2741=EDGE_CURVE('',#1580,#1581,#757,.T.);
#2743=EDGE_CURVE('',#1587,#1581,#723,.T.);
#2814=EDGE_CURVE('',#1587,#1588,#733,.T.);
#2816=EDGE_CURVE('',#1586,#1588,#834,.T.);
#2818=EDGE_CURVE('',#1585,#1586,#728,.T.);
#2889=EDGE_CURVE('',#1581,#1583,#738,.T.);
#2891=EDGE_CURVE('',#1588,#1583,#882,.T.);
#2962=EDGE_CURVE('',#1581,#1582,#753,.T.);
#2964=EDGE_CURVE('',#1582,#1584,#804,.T.);
#2966=EDGE_CURVE('',#1583,#1584,#858,.T.);
#2979=EDGE_CURVE('',#1580,#1579,#762,.T.);
#2982=EDGE_CURVE('',#1447,#1448,#794,.T.);
#2985=EDGE_CURVE('',#1582,#1585,#781,.T.);
#2996=EDGE_CURVE('',#1575,#1579,#789,.T.);
#2999=EDGE_CURVE('',#1576,#1580,#785,.T.);
#3095=EDGE_CURVE('',#1584,#1586,#819,.T.);
#3108=EDGE_CURVE('',#1571,#1588,#838,.T.);
#3110=EDGE_CURVE('',#1571,#1572,#843,.T.);
#3112=EDGE_CURVE('',#1572,#1584,#862,.T.);
#3124=EDGE_CURVE('',#1572,#1571,#867,.T.);
#3136=EDGE_CURVE('',#1568,#1567,#952,.T.);
#3138=EDGE_CURVE('',#1567,#1571,#1098,.T.);
#3141=EDGE_CURVE('',#1568,#1572,#886,.T.);
#3151=EDGE_CURVE('',#1403,#1404,#891,.T.);
#3153=EDGE_CURVE('',#1416,#1403,#895,.T.);
#3155=EDGE_CURVE('',#1414,#1416,#900,.T.);
#3157=EDGE_CURVE('',#1412,#1414,#904,.T.);
#3159=EDGE_CURVE('',#1410,#1412,#909,.T.);
#3161=EDGE_CURVE('',#1408,#1410,#913,.T.);
#3163=EDGE_CURVE('',#1406,#1408,#918,.T.);
#3165=EDGE_CURVE('',#1404,#1406,#922,.T.);
#3169=EDGE_CURVE('',#1399,#1400,#927,.T.);
#3171=EDGE_CURVE('',#1400,#1399,#932,.T.);
#3175=EDGE_CURVE('',#1395,#1396,#937,.T.);
#3177=EDGE_CURVE('',#1396,#1395,#942,.T.);
#3181=EDGE_CURVE('',#1567,#1568,#947,.T.);
#3193=EDGE_CURVE('',#1404,#1428,#960,.T.);
#3195=EDGE_CURVE('',#1427,#1428,#1009,.T.);
#3197=EDGE_CURVE('',#1403,#1427,#956,.T.);
#3208=EDGE_CURVE('',#1406,#1430,#964,.T.);
#3210=EDGE_CURVE('',#1428,#1430,#1013,.T.);
#3222=EDGE_CURVE('',#1408,#1432,#968,.T.);
#3224=EDGE_CURVE('',#1430,#1432,#1018,.T.);
#3236=EDGE_CURVE('',#1410,#1434,#972,.T.);
#3238=EDGE_CURVE('',#1432,#1434,#1022,.T.);
#3250=EDGE_CURVE('',#1412,#1436,#976,.T.);
#3252=EDGE_CURVE('',#1434,#1436,#1027,.T.);
#3264=EDGE_CURVE('',#1414,#1438,#980,.T.);
#3266=EDGE_CURVE('',#1436,#1438,#1031,.T.);
#3278=EDGE_CURVE('',#1416,#1440,#984,.T.);
#3280=EDGE_CURVE('',#1438,#1440,#1036,.T.);
#3293=EDGE_CURVE('',#1440,#1427,#1040,.T.);
#3314=EDGE_CURVE('',#1423,#1424,#999,.T.);
#3316=EDGE_CURVE('',#1424,#1423,#1004,.T.);
#3320=EDGE_CURVE('',#1419,#1420,#989,.T.);
#3322=EDGE_CURVE('',#1420,#1419,#994,.T.);
#3326=EDGE_CURVE('',#1523,#1524,#1045,.T.);
#3328=EDGE_CURVE('',#1524,#1523,#1050,.T.);
#3339=EDGE_CURVE('',#1396,#1420,#1058,.T.);
#3342=EDGE_CURVE('',#1395,#1419,#1054,.T.);
#3365=EDGE_CURVE('',#1400,#1424,#1066,.T.);
#3368=EDGE_CURVE('',#1399,#1423,#1062,.T.);
#3390=EDGE_CURVE('',#1519,#1520,#1076,.T.);
#3392=EDGE_CURVE('',#1519,#1523,#1071,.T.);
#3395=EDGE_CURVE('',#1520,#1524,#1094,.T.);
#3406=EDGE_CURVE('',#1391,#1520,#1089,.T.);
#3409=EDGE_CURVE('',#1392,#1519,#1080,.T.);
#3419=EDGE_CURVE('',#1520,#1519,#1085,.T.);
#3456=EDGE_CURVE('',#1559,#1560,#1183,.T.);
#3458=EDGE_CURVE('',#1560,#1564,#1342,.T.);
#3461=EDGE_CURVE('',#1559,#1563,#1102,.T.);
#3471=EDGE_CURVE('',#1364,#1366,#1107,.T.);
#3473=EDGE_CURVE('',#1390,#1364,#1111,.T.);
#3475=EDGE_CURVE('',#1388,#1390,#1116,.T.);
#3477=EDGE_CURVE('',#1382,#1388,#1120,.T.);
#3479=EDGE_CURVE('',#1380,#1382,#1125,.T.);
#3481=EDGE_CURVE('',#1374,#1380,#1129,.T.);
#3483=EDGE_CURVE('',#1372,#1374,#1134,.T.);
#3485=EDGE_CURVE('',#1366,#1372,#1138,.T.);
#3489=EDGE_CURVE('',#1455,#1456,#1143,.T.);
#3491=EDGE_CURVE('',#1456,#1455,#1148,.T.);
#3495=EDGE_CURVE('',#1463,#1464,#1153,.T.);
#3497=EDGE_CURVE('',#1464,#1463,#1158,.T.);
#3501=EDGE_CURVE('',#1471,#1472,#1163,.T.);
#3503=EDGE_CURVE('',#1472,#1471,#1168,.T.);
#3507=EDGE_CURVE('',#1479,#1480,#1173,.T.);
#3509=EDGE_CURVE('',#1480,#1479,#1178,.T.);
#3514=EDGE_CURVE('',#1560,#1559,#1188,.T.);
#3524=EDGE_CURVE('',#1361,#1362,#1193,.T.);
#3526=EDGE_CURVE('',#1364,#1362,#1302,.T.);
#3529=EDGE_CURVE('',#1366,#1361,#1278,.T.);
#3540=EDGE_CURVE('',#1361,#1370,#1197,.T.);
#3542=EDGE_CURVE('',#1369,#1370,#1202,.T.);
#3544=EDGE_CURVE('',#1369,#1378,#1206,.T.);
#3546=EDGE_CURVE('',#1377,#1378,#1211,.T.);
#3548=EDGE_CURVE('',#1377,#1386,#1215,.T.);
#3550=EDGE_CURVE('',#1385,#1386,#1220,.T.);
#3552=EDGE_CURVE('',#1385,#1362,#1224,.T.);
#3556=EDGE_CURVE('',#1459,#1460,#1229,.T.);
#3558=EDGE_CURVE('',#1460,#1459,#1234,.T.);
#3562=EDGE_CURVE('',#1467,#1468,#1239,.T.);
#3564=EDGE_CURVE('',#1468,#1467,#1244,.T.);
#3568=EDGE_CURVE('',#1475,#1476,#1249,.T.);
#3570=EDGE_CURVE('',#1476,#1475,#1254,.T.);
#3574=EDGE_CURVE('',#1483,#1484,#1259,.T.);
#3576=EDGE_CURVE('',#1484,#1483,#1264,.T.);
#3592=EDGE_CURVE('',#1372,#1370,#1282,.T.);
#3606=EDGE_CURVE('',#1374,#1369,#1286,.T.);
#3618=EDGE_CURVE('',#1380,#1378,#1290,.T.);
#3632=EDGE_CURVE('',#1382,#1377,#1294,.T.);
#3644=EDGE_CURVE('',#1388,#1386,#1298,.T.);
#3658=EDGE_CURVE('',#1390,#1385,#1306,.T.);
#3681=EDGE_CURVE('',#1456,#1460,#1314,.T.);
#3684=EDGE_CURVE('',#1455,#1459,#1310,.T.);
#3707=EDGE_CURVE('',#1464,#1468,#1322,.T.);
#3710=EDGE_CURVE('',#1463,#1467,#1318,.T.);
#3733=EDGE_CURVE('',#1472,#1476,#1330,.T.);
#3736=EDGE_CURVE('',#1471,#1475,#1326,.T.);
#3759=EDGE_CURVE('',#1480,#1484,#1338,.T.);
#3762=EDGE_CURVE('',#1479,#1483,#1334,.T.);
#3791=CLOSED_SHELL('',(#1638,#1653,#1666,#1706,#1720,#1732,#1746,#1758,#1772,
#1784,#1798,#1810,#1825,#1844,#1861,#1873,#1888,#1901,#1922,#1937,#1951,#1968,
#2039,#2121,#2191,#2272,#2288,#2302,#2318,#2333,#2346,#2363,#2438,#2459,#2533,
#2547,#2621,#2639,#2711,#2726,#2747,#2822,#2896,#2971,#2989,#3003,#3015,#3027,
#3100,#3116,#3130,#3145,#3186,#3201,#3215,#3229,#3243,#3257,#3271,#3285,#3298,
#3332,#3346,#3358,#3372,#3384,#3399,#3413,#3426,#3438,#3450,#3465,#3518,#3533,
#3584,#3597,#3610,#3623,#3636,#3649,#3662,#3674,#3688,#3700,#3714,#3726,#3740,
#3752,#3766,#3778,#3790));
#3792=MANIFOLD_SOLID_BREP('',#3791);
#3793=(LENGTH_UNIT()NAMED_UNIT(*)SI_UNIT(.MILLI.,.METRE.));
#3795=(NAMED_UNIT(*)PLANE_ANGLE_UNIT()SI_UNIT($,.RADIAN.));
#3798=(NAMED_UNIT(*)SI_UNIT($,.STERADIAN.)SOLID_ANGLE_UNIT());
#3801=ADVANCED_BREP_SHAPE_REPRESENTATION('',(#3792),#3800);
#3808=PRODUCT_DEFINITION('design','',#3807,#3804);
#3809=PRODUCT_DEFINITION_SHAPE('','SHAPE FOR MODERN_PART08.',#3808);
#3810=SHAPE_DEFINITION_REPRESENTATION(#3809,#3801);
ENDSEC;
END-ISO-10303-21;
